$MeshFormat
2.2 0 8
$EndMeshFormat
$PhysicalNames
5
1 1 "in"
1 2 "out"
1 3 "bottom"
1 4 "upper"
2 1 "domain"
$EndPhysicalNames
$Nodes
2401
1 0 0 0
2 1 0 0
3 1 1 0
4 0 1 0
5 0.02083333333329403 0 0
6 0.04166666666658461 0 0
7 0.06249999999987292 0 0
8 0.08333333333317298 0 0
9 0.1041666666664744 0 0
10 0.1249999999997731 0 0
11 0.1458333333330483 0 0
12 0.1666666666663209 0 0
13 0.1874999999995934 0 0
14 0.2083333333328659 0 0
15 0.2291666666661384 0 0
16 0.2499999999994109 0 0
17 0.2708333333326834 0 0
18 0.291666666665956 0 0
19 0.3124999999992285 0 0
20 0.333333333332501 0 0
21 0.3541666666657735 0 0
22 0.374999999999046 0 0
23 0.3958333333323186 0 0
24 0.4166666666655911 0 0
25 0.4374999999988636 0 0
26 0.4583333333321362 0 0
27 0.4791666666654086 0 0
28 0.499999999998692 0 0
29 0.5208333333320695 0 0
30 0.5416666666654577 0 0
31 0.562499999998846 0 0
32 0.5833333333322344 0 0
33 0.6041666666656226 0 0
34 0.6249999999990109 0 0
35 0.6458333333323991 0 0
36 0.6666666666657874 0 0
37 0.6874999999991758 0 0
38 0.708333333332564 0 0
39 0.7291666666659523 0 0
40 0.7499999999993405 0 0
41 0.7708333333327289 0 0
42 0.7916666666661172 0 0
43 0.8124999999995054 0 0
44 0.8333333333328937 0 0
45 0.8541666666662819 0 0
46 0.8749999999996703 0 0
47 0.8958333333330586 0 0
48 0.9166666666664468 0 0
49 0.9374999999998351 0 0
50 0.9583333333332233 0 0
51 0.9791666666666117 0 0
52 1 0.02083333333329403 0
53 1 0.04166666666658461 0
54 1 0.06249999999987292 0
55 1 0.08333333333317298 0
56 1 0.1041666666664744 0
57 1 0.1249999999997731 0
58 1 0.1458333333330483 0
59 1 0.1666666666663209 0
60 1 0.1874999999995934 0
61 1 0.2083333333328659 0
62 1 0.2291666666661384 0
63 1 0.2499999999994109 0
64 1 0.2708333333326834 0
65 1 0.291666666665956 0
66 1 0.3124999999992285 0
67 1 0.333333333332501 0
68 1 0.3541666666657735 0
69 1 0.374999999999046 0
70 1 0.3958333333323186 0
71 1 0.4166666666655911 0
72 1 0.4374999999988636 0
73 1 0.4583333333321362 0
74 1 0.4791666666654086 0
75 1 0.499999999998692 0
76 1 0.5208333333320695 0
77 1 0.5416666666654577 0
78 1 0.562499999998846 0
79 1 0.5833333333322344 0
80 1 0.6041666666656226 0
81 1 0.6249999999990109 0
82 1 0.6458333333323991 0
83 1 0.6666666666657874 0
84 1 0.6874999999991758 0
85 1 0.708333333332564 0
86 1 0.7291666666659523 0
87 1 0.7499999999993405 0
88 1 0.7708333333327289 0
89 1 0.7916666666661172 0
90 1 0.8124999999995054 0
91 1 0.8333333333328937 0
92 1 0.8541666666662819 0
93 1 0.8749999999996703 0
94 1 0.8958333333330586 0
95 1 0.9166666666664468 0
96 1 0.9374999999998351 0
97 1 0.9583333333332233 0
98 1 0.9791666666666117 0
99 0.9791666666665799 1 0
100 0.9583333333331598 1 0
101 0.9374999999997398 1 0
102 0.9166666666663197 1 0
103 0.8958333333328996 1 0
104 0.8749999999995012 1 0
105 0.8541666666662908 1 0
106 0.833333333333102 1 0
107 0.8124999999999132 1 0
108 0.7916666666667245 1 0
109 0.7708333333335358 1 0
110 0.7500000000003471 1 0
111 0.7291666666671581 1 0
112 0.7083333333339694 1 0
113 0.6875000000007805 1 0
114 0.6666666666675918 1 0
115 0.6458333333344028 1 0
116 0.625000000001214 1 0
117 0.6041666666680252 1 0
118 0.5833333333348364 1 0
119 0.5625000000016476 1 0
120 0.5416666666684589 1 0
121 0.5208333333352699 1 0
122 0.5000000000020595 1 0
123 0.4791666666686611 1 0
124 0.458333333335241 1 0
125 0.437500000001821 1 0
126 0.416666666668401 1 0
127 0.3958333333349808 1 0
128 0.3750000000015609 1 0
129 0.3541666666681408 1 0
130 0.3333333333347207 1 0
131 0.3125000000013007 1 0
132 0.2916666666678807 1 0
133 0.2708333333344606 1 0
134 0.2500000000010405 1 0
135 0.2291666666676205 1 0
136 0.2083333333342005 1 0
137 0.1875000000007804 1 0
138 0.1666666666673604 1 0
139 0.1458333333339403 1 0
140 0.1250000000005203 1 0
141 0.1041666666671003 1 0
142 0.0833333333336802 1 0
143 0.06250000000026013 1 0
144 0.04166666666684016 1 0
145 0.02083333333341997 1 0
146 0 0.9791666666665799 0
147 0 0.9583333333331598 0
148 0 0.9374999999997398 0
149 0 0.9166666666663197 0
150 0 0.8958333333328996 0
151 0 0.8749999999995012 0
152 0 0.8541666666662908 0
153 0 0.833333333333102 0
154 0 0.8124999999999132 0
155 0 0.7916666666667245 0
156 0 0.7708333333335358 0
157 0 0.7500000000003471 0
158 0 0.7291666666671581 0
159 0 0.7083333333339694 0
160 0 0.6875000000007805 0
161 0 0.6666666666675918 0
162 0 0.6458333333344028 0
163 0 0.625000000001214 0
164 0 0.6041666666680252 0
165 0 0.5833333333348364 0
166 0 0.5625000000016476 0
167 0 0.5416666666684589 0
168 0 0.5208333333352699 0
169 0 0.5000000000020595 0
170 0 0.4791666666686611 0
171 0 0.458333333335241 0
172 0 0.437500000001821 0
173 0 0.416666666668401 0
174 0 0.3958333333349808 0
175 0 0.3750000000015609 0
176 0 0.3541666666681408 0
177 0 0.3333333333347207 0
178 0 0.3125000000013007 0
179 0 0.2916666666678807 0
180 0 0.2708333333344606 0
181 0 0.2500000000010405 0
182 0 0.2291666666676205 0
183 0 0.2083333333342005 0
184 0 0.1875000000007804 0
185 0 0.1666666666673604 0
186 0 0.1458333333339403 0
187 0 0.1250000000005203 0
188 0 0.1041666666671003 0
189 0 0.0833333333336802 0
190 0 0.06250000000026013 0
191 0 0.04166666666684016 0
192 0 0.02083333333341997 0
193 0.02083333333329665 0.02083333333341734 0
194 0.02083333333329928 0.04166666666683482 0
195 0.0208333333333019 0.06250000000025206 0
196 0.02083333333330452 0.08333333333366964 0
197 0.02083333333330715 0.1041666666670873 0
198 0.02083333333330977 0.1250000000005047 0
199 0.0208333333333124 0.1458333333339217 0
200 0.02083333333331502 0.1666666666673387 0
201 0.02083333333331764 0.1875000000007556 0
202 0.02083333333332027 0.2083333333341726 0
203 0.02083333333332289 0.2291666666675897 0
204 0.02083333333332551 0.2500000000010065 0
205 0.02083333333332814 0.2708333333344235 0
206 0.02083333333333076 0.2916666666678405 0
207 0.02083333333333339 0.3125000000012575 0
208 0.020833333333336 0.3333333333346744 0
209 0.02083333333333864 0.3541666666680914 0
210 0.02083333333334125 0.3750000000015085 0
211 0.02083333333334388 0.3958333333349253 0
212 0.02083333333334651 0.4166666666683425 0
213 0.02083333333334913 0.4375000000017594 0
214 0.02083333333335175 0.4583333333351762 0
215 0.02083333333335437 0.4791666666685935 0
216 0.020833333333357 0.5000000000019894 0
217 0.02083333333335962 0.5208333333352032 0
218 0.02083333333336225 0.5416666666683964 0
219 0.02083333333336487 0.5625000000015892 0
220 0.02083333333336749 0.5833333333347822 0
221 0.02083333333337012 0.604166666667975 0
222 0.02083333333337275 0.6250000000011681 0
223 0.02083333333337536 0.6458333333343611 0
224 0.02083333333337798 0.6666666666675543 0
225 0.02083333333338061 0.6875000000007471 0
226 0.02083333333338324 0.7083333333339402 0
227 0.02083333333338586 0.729166666667133 0
228 0.02083333333338848 0.7500000000003261 0
229 0.02083333333339112 0.7708333333335191 0
230 0.02083333333339373 0.7916666666667117 0
231 0.02083333333339636 0.8124999999999045 0
232 0.02083333333339898 0.8333333333330977 0
233 0.0208333333334016 0.8541666666662905 0
234 0.02083333333340423 0.8749999999995048 0
235 0.02083333333340685 0.8958333333329029 0
236 0.02083333333340947 0.9166666666663223 0
237 0.0208333333334121 0.9374999999997419 0
238 0.02083333333341472 0.9583333333331612 0
239 0.02083333333341734 0.9791666666665805 0
240 0.04166666666658993 0.02083333333341471 0
241 0.04166666666659526 0.04166666666682952 0
242 0.04166666666660059 0.06250000000024401 0
243 0.04166666666660591 0.08333333333365907 0
244 0.04166666666661124 0.1041666666670742 0
245 0.04166666666661655 0.1250000000004891 0
246 0.04166666666662189 0.1458333333339032 0
247 0.04166666666662721 0.1666666666673171 0
248 0.04166666666663252 0.1875000000007309 0
249 0.04166666666663785 0.2083333333341448 0
250 0.04166666666664317 0.2291666666675588 0
251 0.0416666666666485 0.2500000000009726 0
252 0.04166666666665381 0.2708333333343865 0
253 0.04166666666665914 0.2916666666678006 0
254 0.04166666666666446 0.3125000000012145 0
255 0.0416666666666698 0.3333333333346282 0
256 0.0416666666666751 0.3541666666680421 0
257 0.04166666666668044 0.3750000000014561 0
258 0.04166666666668577 0.3958333333348699 0
259 0.04166666666669109 0.4166666666682839 0
260 0.04166666666669642 0.4375000000016978 0
261 0.04166666666670173 0.4583333333351116 0
262 0.04166666666670706 0.4791666666685257 0
263 0.04166666666671238 0.5000000000019192 0
264 0.04166666666671771 0.5208333333351366 0
265 0.04166666666672304 0.541666666668334 0
266 0.04166666666672835 0.5625000000015308 0
267 0.04166666666673368 0.583333333334728 0
268 0.04166666666673901 0.6041666666679251 0
269 0.04166666666674432 0.6250000000011221 0
270 0.04166666666674965 0.6458333333343194 0
271 0.04166666666675497 0.6666666666675165 0
272 0.0416666666667603 0.6875000000007134 0
273 0.04166666666676563 0.7083333333339109 0
274 0.04166666666677096 0.7291666666671077 0
275 0.04166666666677627 0.750000000000305 0
276 0.0416666666667816 0.7708333333335021 0
277 0.04166666666678692 0.7916666666666992 0
278 0.04166666666679224 0.8124999999998961 0
279 0.04166666666679757 0.8333333333330932 0
280 0.04166666666680289 0.8541666666662905 0
281 0.04166666666680822 0.8749999999995082 0
282 0.04166666666681354 0.8958333333329063 0
283 0.04166666666681886 0.916666666666325 0
284 0.04166666666682419 0.9374999999997436 0
285 0.0416666666668295 0.9583333333331625 0
286 0.04166666666683484 0.9791666666665814 0
287 0.06249999999988098 0.0208333333334121 0
288 0.06249999999988906 0.04166666666682418 0
289 0.06249999999989712 0.06250000000023591 0
290 0.06249999999990519 0.08333333333364849 0
291 0.06249999999991326 0.1041666666670612 0
292 0.06249999999992133 0.1250000000004736 0
293 0.06249999999992939 0.1458333333338846 0
294 0.06249999999993745 0.1666666666672954 0
295 0.06249999999994553 0.1875000000007062 0
296 0.06249999999995358 0.208333333334117 0
297 0.06249999999996166 0.2291666666675279 0
298 0.06249999999996973 0.2500000000009386 0
299 0.06249999999997778 0.2708333333343496 0
300 0.06249999999998586 0.2916666666677604 0
301 0.06249999999999394 0.3125000000011712 0
302 0.06250000000000198 0.333333333334582 0
303 0.06250000000001006 0.3541666666679928 0
304 0.06250000000001814 0.3750000000014037 0
305 0.06250000000002619 0.3958333333348145 0
306 0.06250000000003426 0.4166666666682254 0
307 0.06250000000004231 0.4375000000016361 0
308 0.06250000000005039 0.458333333335047 0
309 0.06250000000005844 0.4791666666684579 0
310 0.06250000000006652 0.5000000000018491 0
311 0.06250000000007459 0.5208333333350698 0
312 0.06250000000008267 0.5416666666682713 0
313 0.06250000000009072 0.5625000000014726 0
314 0.0625000000000988 0.5833333333346739 0
315 0.06250000000010685 0.6041666666678751 0
316 0.06250000000011492 0.6250000000010764 0
317 0.062500000000123 0.6458333333342776 0
318 0.06250000000013105 0.6666666666674792 0
319 0.06250000000013912 0.6875000000006801 0
320 0.0625000000001472 0.7083333333338815 0
321 0.06250000000015525 0.7291666666670829 0
322 0.06250000000016333 0.7500000000002841 0
323 0.0625000000001714 0.7708333333334855 0
324 0.06250000000017945 0.7916666666666865 0
325 0.06250000000018753 0.8124999999998876 0
326 0.06250000000019561 0.8333333333330888 0
327 0.06250000000020366 0.8541666666662905 0
328 0.06250000000021171 0.8749999999995119 0
329 0.06250000000021978 0.8958333333329096 0
330 0.06250000000022786 0.9166666666663277 0
331 0.06250000000023591 0.9374999999997459 0
332 0.06250000000024399 0.9583333333331638 0
333 0.06250000000025206 0.9791666666665818 0
334 0.08333333333318356 0.02083333333340947 0
335 0.08333333333319411 0.04166666666681886 0
336 0.08333333333320465 0.06250000000022786 0
337 0.08333333333321523 0.08333333333363795 0
338 0.0833333333332258 0.1041666666670481 0
339 0.08333333333323636 0.125000000000458 0
340 0.08333333333324695 0.145833333333866 0
341 0.08333333333325753 0.1666666666672738 0
342 0.08333333333326808 0.1875000000006815 0
343 0.08333333333327868 0.2083333333340893 0
344 0.08333333333328921 0.229166666667497 0
345 0.08333333333329977 0.2500000000009048 0
346 0.08333333333331035 0.2708333333343125 0
347 0.08333333333332092 0.2916666666677203 0
348 0.0833333333333315 0.312500000001128 0
349 0.08333333333334207 0.3333333333345357 0
350 0.08333333333335263 0.3541666666679436 0
351 0.08333333333336318 0.3750000000013514 0
352 0.08333333333337377 0.395833333334759 0
353 0.08333333333338432 0.4166666666681669 0
354 0.08333333333339489 0.4375000000015745 0
355 0.08333333333340544 0.4583333333349822 0
356 0.08333333333341604 0.4791666666683901 0
357 0.08333333333342659 0.5000000000017789 0
358 0.08333333333343716 0.5208333333350031 0
359 0.08333333333344774 0.5416666666682087 0
360 0.08333333333345828 0.562500000001414 0
361 0.08333333333346886 0.5833333333346197 0
362 0.08333333333347943 0.6041666666678249 0
363 0.08333333333349001 0.6250000000010304 0
364 0.08333333333350056 0.6458333333342359 0
365 0.08333333333351113 0.6666666666674415 0
366 0.08333333333352171 0.6875000000006468 0
367 0.08333333333353225 0.7083333333338523 0
368 0.08333333333354283 0.7291666666670577 0
369 0.0833333333335534 0.7500000000002632 0
370 0.08333333333356396 0.7708333333334686 0
371 0.08333333333357452 0.7916666666666738 0
372 0.08333333333358511 0.8124999999998792 0
373 0.08333333333359567 0.8333333333330847 0
374 0.08333333333360625 0.85416666666629 0
375 0.0833333333336168 0.8749999999995154 0
376 0.08333333333362737 0.8958333333329129 0
377 0.08333333333363795 0.9166666666663303 0
378 0.08333333333364849 0.9374999999997476 0
379 0.0833333333336591 0.9583333333331649 0
380 0.08333333333366964 0.9791666666665826 0
381 0.1041666666664875 0.02083333333340685 0
382 0.1041666666665005 0.04166666666681353 0
383 0.1041666666665135 0.06250000000021981 0
384 0.1041666666665266 0.08333333333362737 0
385 0.1041666666665396 0.1041666666670351 0
386 0.1041666666665526 0.1250000000004424 0
387 0.1041666666665657 0.1458333333338474 0
388 0.1041666666665788 0.1666666666672521 0
389 0.1041666666665918 0.1875000000006567 0
390 0.1041666666666048 0.2083333333340614 0
391 0.1041666666666178 0.2291666666674662 0
392 0.1041666666666309 0.2500000000008708 0
393 0.1041666666666439 0.2708333333342754 0
394 0.104166666666657 0.2916666666676802 0
395 0.10416666666667 0.3125000000010849 0
396 0.104166666666683 0.3333333333344894 0
397 0.1041666666666961 0.3541666666678943 0
398 0.1041666666667091 0.3750000000012988 0
399 0.1041666666667221 0.3958333333347035 0
400 0.1041666666667352 0.4166666666681082 0
401 0.1041666666667482 0.4375000000015129 0
402 0.1041666666667612 0.4583333333349175 0
403 0.1041666666667743 0.4791666666683223 0
404 0.1041666666667873 0.5000000000017087 0
405 0.1041666666668004 0.5208333333349365 0
406 0.1041666666668134 0.5416666666681461 0
407 0.1041666666668265 0.5625000000013558 0
408 0.1041666666668395 0.5833333333345653 0
409 0.1041666666668526 0.604166666667775 0
410 0.1041666666668656 0.6250000000009844 0
411 0.1041666666668786 0.6458333333341941 0
412 0.1041666666668916 0.6666666666674037 0
413 0.1041666666669047 0.6875000000006134 0
414 0.1041666666669177 0.7083333333338229 0
415 0.1041666666669308 0.7291666666670326 0
416 0.1041666666669438 0.750000000000242 0
417 0.1041666666669569 0.7708333333334516 0
418 0.1041666666669699 0.7916666666666613 0
419 0.1041666666669829 0.8124999999998708 0
420 0.1041666666669959 0.8333333333330802 0
421 0.104166666667009 0.85416666666629 0
422 0.104166666667022 0.8749999999995188 0
423 0.1041666666670351 0.895833333332916 0
424 0.1041666666670481 0.916666666666333 0
425 0.1041666666670612 0.9374999999997495 0
426 0.1041666666670742 0.9583333333331665 0
427 0.1041666666670873 0.979166666666583 0
428 0.1249999999997887 0.02083333333340423 0
429 0.1249999999998043 0.0416666666668082 0
430 0.1249999999998198 0.06250000000021171 0
431 0.1249999999998354 0.08333333333361678 0
432 0.124999999999851 0.104166666667022 0
433 0.1249999999998665 0.1250000000004269 0
434 0.1249999999998821 0.1458333333338288 0
435 0.1249999999998977 0.1666666666672305 0
436 0.1249999999999132 0.187500000000632 0
437 0.1249999999999288 0.2083333333340336 0
438 0.1249999999999444 0.2291666666674353 0
439 0.1249999999999599 0.2500000000008368 0
440 0.1249999999999755 0.2708333333342384 0
441 0.124999999999991 0.29166666666764 0
442 0.1250000000000066 0.3125000000010417 0
443 0.1250000000000222 0.3333333333344433 0
444 0.1250000000000377 0.354166666667845 0
445 0.1250000000000533 0.3750000000012465 0
446 0.1250000000000689 0.3958333333346481 0
447 0.1250000000000845 0.4166666666680497 0
448 0.1250000000001 0.4375000000014514 0
449 0.1250000000001155 0.4583333333348529 0
450 0.1250000000001311 0.4791666666682545 0
451 0.1250000000001467 0.5000000000016386 0
452 0.1250000000001623 0.5208333333348699 0
453 0.1250000000001778 0.5416666666680837 0
454 0.1250000000001934 0.5625000000012974 0
455 0.125000000000209 0.5833333333345112 0
456 0.1250000000002245 0.604166666667725 0
457 0.1250000000002401 0.6250000000009387 0
458 0.1250000000002557 0.6458333333341524 0
459 0.1250000000002712 0.6666666666673664 0
460 0.1250000000002867 0.6875000000005799 0
461 0.1250000000003023 0.7083333333337937 0
462 0.1250000000003179 0.7291666666670072 0
463 0.1250000000003335 0.750000000000221 0
464 0.125000000000349 0.7708333333334348 0
465 0.1250000000003646 0.7916666666666485 0
466 0.1250000000003802 0.8124999999998623 0
467 0.1250000000003958 0.8333333333330759 0
468 0.1250000000004113 0.8541666666662896 0
469 0.1250000000004269 0.8749999999995223 0
470 0.1250000000004425 0.8958333333329196 0
471 0.125000000000458 0.9166666666663356 0
472 0.1250000000004736 0.9374999999997516 0
473 0.1250000000004891 0.9583333333331678 0
474 0.1250000000005047 0.9791666666665839 0
475 0.1458333333330669 0.02083333333340161 0
476 0.1458333333330855 0.0416666666668029 0
477 0.1458333333331041 0.06250000000020366 0
478 0.1458333333331227 0.08333333333360625 0
479 0.1458333333331412 0.104166666667009 0
480 0.1458333333331599 0.1250000000004113 0
481 0.1458333333331785 0.1458333333338102 0
482 0.145833333333197 0.1666666666672088 0
483 0.1458333333332156 0.1875000000006073 0
484 0.1458333333332341 0.2083333333340058 0
485 0.1458333333332528 0.2291666666674044 0
486 0.1458333333332713 0.2500000000008029 0
487 0.1458333333332899 0.2708333333342015 0
488 0.1458333333333085 0.2916666666676 0
489 0.1458333333333271 0.3125000000009985 0
490 0.1458333333333457 0.333333333334397 0
491 0.1458333333333643 0.3541666666677954 0
492 0.1458333333333828 0.3750000000011942 0
493 0.1458333333334015 0.3958333333345926 0
494 0.14583333333342 0.4166666666679912 0
495 0.1458333333334386 0.4375000000013897 0
496 0.1458333333334572 0.4583333333347881 0
497 0.1458333333334757 0.4791666666681869 0
498 0.1458333333334943 0.5000000000015684 0
499 0.1458333333335129 0.5208333333348033 0
500 0.1458333333335315 0.5416666666680213 0
501 0.1458333333335501 0.562500000001239 0
502 0.1458333333335687 0.5833333333344569 0
503 0.1458333333335873 0.6041666666676748 0
504 0.1458333333336058 0.6250000000008927 0
505 0.1458333333336244 0.6458333333341106 0
506 0.145833333333643 0.6666666666673287 0
507 0.1458333333336616 0.6875000000005465 0
508 0.1458333333336801 0.7083333333337644 0
509 0.1458333333336988 0.7291666666669823 0
510 0.1458333333337173 0.7500000000002003 0
511 0.1458333333337359 0.770833333333418 0
512 0.1458333333337545 0.791666666666636 0
513 0.145833333333773 0.8124999999998537 0
514 0.1458333333337917 0.8333333333330715 0
515 0.1458333333338102 0.8541666666662896 0
516 0.1458333333338288 0.8749999999995257 0
517 0.1458333333338474 0.8958333333329228 0
518 0.145833333333866 0.9166666666663383 0
519 0.1458333333338846 0.9374999999997536 0
520 0.1458333333339032 0.9583333333331692 0
521 0.1458333333339217 0.9791666666665845 0
522 0.1666666666663425 0.02083333333339898 0
523 0.1666666666663641 0.04166666666679757 0
524 0.1666666666663858 0.06250000000019561 0
525 0.1666666666664075 0.08333333333359565 0
526 0.1666666666664292 0.104166666666996 0
527 0.1666666666664508 0.1250000000003958 0
528 0.1666666666664725 0.1458333333337917 0
529 0.1666666666664941 0.1666666666671872 0
530 0.1666666666665158 0.1875000000005825 0
531 0.1666666666665375 0.208333333333978 0
532 0.1666666666665591 0.2291666666673735 0
533 0.1666666666665808 0.2500000000007689 0
534 0.1666666666666024 0.2708333333341644 0
535 0.1666666666666241 0.2916666666675599 0
536 0.1666666666666457 0.3125000000009553 0
537 0.1666666666666674 0.3333333333343508 0
538 0.1666666666666891 0.3541666666677463 0
539 0.1666666666667107 0.3750000000011417 0
540 0.1666666666667324 0.3958333333345372 0
541 0.166666666666754 0.4166666666679327 0
542 0.1666666666667757 0.4375000000013282 0
543 0.1666666666667973 0.4583333333347234 0
544 0.166666666666819 0.4791666666681191 0
545 0.1666666666668406 0.5000000000014982 0
546 0.1666666666668623 0.5208333333347367 0
547 0.166666666666884 0.5416666666679587 0
548 0.1666666666669056 0.5625000000011806 0
549 0.1666666666669273 0.5833333333344027 0
550 0.1666666666669489 0.6041666666676249 0
551 0.1666666666669706 0.6250000000008467 0
552 0.1666666666669922 0.6458333333340689 0
553 0.1666666666670139 0.6666666666672908 0
554 0.1666666666670355 0.687500000000513 0
555 0.1666666666670572 0.7083333333337353 0
556 0.1666666666670789 0.7291666666669572 0
557 0.1666666666671005 0.7500000000001792 0
558 0.1666666666671222 0.7708333333334011 0
559 0.1666666666671438 0.7916666666666232 0
560 0.1666666666671655 0.8124999999998452 0
561 0.1666666666671872 0.8333333333330672 0
562 0.1666666666672088 0.8541666666662892 0
563 0.1666666666672305 0.8749999999995292 0
564 0.1666666666672521 0.8958333333329261 0
565 0.1666666666672738 0.9166666666663409 0
566 0.1666666666672954 0.9374999999997556 0
567 0.1666666666673171 0.9583333333331705 0
568 0.1666666666673387 0.9791666666665854 0
569 0.1874999999996181 0.02083333333339636 0
570 0.1874999999996428 0.04166666666679224 0
571 0.1874999999996675 0.0625000000001875 0
572 0.1874999999996922 0.0833333333335851 0
573 0.187499999999717 0.1041666666669829 0
574 0.1874999999997418 0.1250000000003802 0
575 0.1874999999997665 0.145833333333773 0
576 0.1874999999997912 0.1666666666671655 0
577 0.187499999999816 0.1875000000005578 0
578 0.1874999999998407 0.2083333333339503 0
579 0.1874999999998654 0.2291666666673426 0
580 0.1874999999998901 0.2500000000007349 0
581 0.1874999999999148 0.2708333333341274 0
582 0.1874999999999396 0.2916666666675198 0
583 0.1874999999999643 0.3125000000009123 0
584 0.1874999999999891 0.3333333333343045 0
585 0.1875000000000138 0.3541666666676969 0
586 0.1875000000000385 0.3750000000010893 0
587 0.1875000000000632 0.3958333333344817 0
588 0.1875000000000879 0.4166666666678741 0
589 0.1875000000001127 0.4375000000012664 0
590 0.1875000000001374 0.4583333333346589 0
591 0.1875000000001621 0.4791666666680513 0
592 0.1875000000001869 0.5000000000014281 0
593 0.1875000000002116 0.5208333333346699 0
594 0.1875000000002363 0.5416666666678961 0
595 0.1875000000002611 0.5625000000011222 0
596 0.1875000000002858 0.5833333333343486 0
597 0.1875000000003105 0.6041666666675747 0
598 0.1875000000003352 0.625000000000801 0
599 0.18750000000036 0.6458333333340271 0
600 0.1875000000003847 0.6666666666672536 0
601 0.1875000000004095 0.6875000000004797 0
602 0.1875000000004342 0.708333333333706 0
603 0.1875000000004589 0.7291666666669321 0
604 0.1875000000004836 0.7500000000001583 0
605 0.1875000000005084 0.7708333333333848 0
606 0.1875000000005331 0.7916666666666106 0
607 0.1875000000005578 0.8124999999998366 0
608 0.1875000000005825 0.833333333333063 0
609 0.1875000000006073 0.8541666666662892 0
610 0.187500000000632 0.8749999999995328 0
611 0.1875000000006567 0.8958333333329294 0
612 0.1875000000006815 0.9166666666663434 0
613 0.1875000000007062 0.9374999999997576 0
614 0.1875000000007309 0.9583333333331716 0
615 0.1875000000007556 0.9791666666665858 0
616 0.2083333333328937 0.02083333333339374 0
617 0.2083333333329215 0.04166666666678691 0
618 0.2083333333329493 0.06250000000017945 0
619 0.2083333333329771 0.08333333333357455 0
620 0.208333333333005 0.1041666666669699 0
621 0.2083333333330328 0.1250000000003646 0
622 0.2083333333330605 0.1458333333337545 0
623 0.2083333333330883 0.1666666666671439 0
624 0.2083333333331162 0.1875000000005331 0
625 0.2083333333331439 0.2083333333339224 0
626 0.2083333333331718 0.2291666666673118 0
627 0.2083333333331995 0.2500000000007009 0
628 0.2083333333332273 0.2708333333340903 0
629 0.2083333333332551 0.2916666666674796 0
630 0.208333333333283 0.312500000000869 0
631 0.2083333333333108 0.3333333333342582 0
632 0.2083333333333385 0.3541666666676476 0
633 0.2083333333333664 0.3750000000010369 0
634 0.2083333333333942 0.3958333333344262 0
635 0.208333333333422 0.4166666666678156 0
636 0.2083333333334498 0.4375000000012049 0
637 0.2083333333334776 0.4583333333345941 0
638 0.2083333333335054 0.4791666666679834 0
639 0.2083333333335332 0.5000000000013578 0
640 0.208333333333561 0.5208333333346029 0
641 0.2083333333335888 0.5416666666678334 0
642 0.2083333333336166 0.562500000001064 0
643 0.2083333333336444 0.5833333333342943 0
644 0.2083333333336723 0.6041666666675247 0
645 0.2083333333337 0.6250000000007551 0
646 0.2083333333337278 0.6458333333339854 0
647 0.2083333333337556 0.6666666666672159 0
648 0.2083333333337834 0.6875000000004461 0
649 0.2083333333338112 0.7083333333336769 0
650 0.208333333333839 0.729166666666907 0
651 0.2083333333338668 0.7500000000001372 0
652 0.2083333333338946 0.7708333333333677 0
653 0.2083333333339225 0.7916666666665979 0
654 0.2083333333339503 0.8124999999998281 0
655 0.208333333333978 0.8333333333330585 0
656 0.2083333333340058 0.8541666666662892 0
657 0.2083333333340336 0.8749999999995363 0
658 0.2083333333340614 0.8958333333329328 0
659 0.2083333333340893 0.9166666666663463 0
660 0.208333333334117 0.9374999999997595 0
661 0.2083333333341448 0.9583333333331728 0
662 0.2083333333341726 0.9791666666665867 0
663 0.2291666666661693 0.02083333333339112 0
664 0.2291666666662002 0.0416666666667816 0
665 0.229166666666231 0.0625000000001714 0
666 0.2291666666662619 0.08333333333356396 0
667 0.2291666666662928 0.1041666666669569 0
668 0.2291666666663237 0.125000000000349 0
669 0.2291666666663545 0.1458333333337359 0
670 0.2291666666663854 0.1666666666671222 0
671 0.2291666666664163 0.1875000000005084 0
672 0.2291666666664472 0.2083333333338946 0
673 0.2291666666664781 0.2291666666672809 0
674 0.229166666666509 0.2500000000006671 0
675 0.2291666666665398 0.2708333333340533 0
676 0.2291666666665707 0.2916666666674395 0
677 0.2291666666666016 0.3125000000008259 0
678 0.2291666666666324 0.3333333333342121 0
679 0.2291666666666634 0.3541666666675983 0
680 0.2291666666666942 0.3750000000009845 0
681 0.2291666666667251 0.3958333333343708 0
682 0.229166666666756 0.4166666666677571 0
683 0.2291666666667869 0.4375000000011433 0
684 0.2291666666668177 0.4583333333345294 0
685 0.2291666666668486 0.4791666666679157 0
686 0.2291666666668795 0.5000000000012877 0
687 0.2291666666669103 0.5208333333345364 0
688 0.2291666666669412 0.5416666666677711 0
689 0.2291666666669721 0.5625000000010054 0
690 0.229166666667003 0.58333333333424 0
691 0.2291666666670339 0.6041666666674745 0
692 0.2291666666670648 0.6250000000007091 0
693 0.2291666666670956 0.6458333333339437 0
694 0.2291666666671265 0.6666666666671783 0
695 0.2291666666671573 0.6875000000004127 0
696 0.2291666666671882 0.7083333333336473 0
697 0.2291666666672191 0.7291666666668817 0
698 0.2291666666672501 0.7500000000001162 0
699 0.2291666666672809 0.7708333333333509 0
700 0.2291666666673117 0.7916666666665855 0
701 0.2291666666673426 0.8124999999998197 0
702 0.2291666666673735 0.8333333333330541 0
703 0.2291666666674044 0.8541666666662887 0
704 0.2291666666674352 0.8749999999995399 0
705 0.2291666666674662 0.895833333332936 0
706 0.229166666667497 0.9166666666663488 0
707 0.2291666666675279 0.9374999999997614 0
708 0.2291666666675588 0.9583333333331745 0
709 0.2291666666675897 0.9791666666665871 0
710 0.2499999999994448 0.02083333333338848 0
711 0.2499999999994788 0.04166666666677627 0
712 0.2499999999995128 0.06250000000016333 0
713 0.2499999999995467 0.0833333333335534 0
714 0.2499999999995807 0.1041666666669438 0
715 0.2499999999996146 0.1250000000003335 0
716 0.2499999999996486 0.1458333333337173 0
717 0.2499999999996825 0.1666666666671005 0
718 0.2499999999997165 0.1875000000004836 0
719 0.2499999999997504 0.2083333333338668 0
720 0.2499999999997843 0.22916666666725 0
721 0.2499999999998183 0.2500000000006331 0
722 0.2499999999998523 0.2708333333340163 0
723 0.2499999999998861 0.2916666666673995 0
724 0.2499999999999202 0.3125000000007827 0
725 0.2499999999999542 0.3333333333341658 0
726 0.2499999999999881 0.3541666666675489 0
727 0.250000000000022 0.375000000000932 0
728 0.250000000000056 0.3958333333343153 0
729 0.2500000000000899 0.4166666666676985 0
730 0.2500000000001238 0.4375000000010817 0
731 0.2500000000001578 0.4583333333344648 0
732 0.2500000000001918 0.479166666667848 0
733 0.2500000000002257 0.5000000000012176 0
734 0.2500000000002597 0.5208333333344698 0
735 0.2500000000002936 0.5416666666677087 0
736 0.2500000000003276 0.5625000000009472 0
737 0.2500000000003615 0.5833333333341857 0
738 0.2500000000003955 0.6041666666674246 0
739 0.2500000000004294 0.6250000000006634 0
740 0.2500000000004634 0.6458333333339019 0
741 0.2500000000004973 0.6666666666671408 0
742 0.2500000000005313 0.6875000000003794 0
743 0.2500000000005652 0.7083333333336181 0
744 0.2500000000005991 0.7291666666668568 0
745 0.2500000000006331 0.7500000000000953 0
746 0.2500000000006671 0.7708333333333339 0
747 0.2500000000007009 0.7916666666665726 0
748 0.2500000000007349 0.8124999999998113 0
749 0.2500000000007689 0.8333333333330498 0
750 0.2500000000008029 0.8541666666662886 0
751 0.2500000000008368 0.8749999999995435 0
752 0.2500000000008708 0.8958333333329395 0
753 0.2500000000009048 0.9166666666663514 0
754 0.2500000000009386 0.9374999999997635 0
755 0.2500000000009726 0.9583333333331758 0
756 0.2500000000010065 0.9791666666665879 0
757 0.2708333333327205 0.02083333333338586 0
758 0.2708333333327575 0.04166666666677096 0
759 0.2708333333327946 0.06250000000015525 0
760 0.2708333333328315 0.08333333333354283 0
761 0.2708333333328686 0.1041666666669308 0
762 0.2708333333329056 0.1250000000003179 0
763 0.2708333333329426 0.1458333333336988 0
764 0.2708333333329797 0.1666666666670788 0
765 0.2708333333330167 0.1875000000004589 0
766 0.2708333333330537 0.208333333333839 0
767 0.2708333333330907 0.2291666666672191 0
768 0.2708333333331278 0.2500000000005992 0
769 0.2708333333331647 0.2708333333339793 0
770 0.2708333333332018 0.2916666666673594 0
771 0.2708333333332388 0.3125000000007395 0
772 0.2708333333332759 0.3333333333341195 0
773 0.2708333333333128 0.3541666666674996 0
774 0.2708333333333499 0.3750000000008798 0
775 0.2708333333333869 0.3958333333342599 0
776 0.270833333333424 0.41666666666764 0
777 0.2708333333334609 0.4375000000010201 0
778 0.2708333333334979 0.4583333333344001 0
779 0.270833333333535 0.4791666666677803 0
780 0.2708333333335721 0.5000000000011474 0
781 0.270833333333609 0.5208333333344032 0
782 0.270833333333646 0.5416666666676461 0
783 0.2708333333336831 0.5625000000008888 0
784 0.2708333333337201 0.5833333333341316 0
785 0.2708333333337571 0.6041666666673746 0
786 0.2708333333337941 0.6250000000006174 0
787 0.2708333333338311 0.6458333333338602 0
788 0.2708333333338683 0.6666666666671031 0
789 0.2708333333339052 0.6875000000003458 0
790 0.2708333333339423 0.7083333333335889 0
791 0.2708333333339793 0.7291666666668315 0
792 0.2708333333340163 0.7500000000000745 0
793 0.2708333333340533 0.7708333333333172 0
794 0.2708333333340903 0.7916666666665599 0
795 0.2708333333341274 0.8124999999998028 0
796 0.2708333333341644 0.8333333333330457 0
797 0.2708333333342015 0.8541666666662883 0
798 0.2708333333342384 0.874999999999547 0
799 0.2708333333342754 0.8958333333329427 0
800 0.2708333333343125 0.9166666666663541 0
801 0.2708333333343496 0.9374999999997655 0
802 0.2708333333343865 0.9583333333331769 0
803 0.2708333333344235 0.9791666666665885 0
804 0.291666666665996 0.02083333333338323 0
805 0.2916666666660363 0.04166666666676563 0
806 0.2916666666660764 0.0625000000001472 0
807 0.2916666666661163 0.08333333333353225 0
808 0.2916666666661564 0.1041666666669177 0
809 0.2916666666661966 0.1250000000003023 0
810 0.2916666666662367 0.1458333333336802 0
811 0.2916666666662768 0.1666666666670572 0
812 0.2916666666663169 0.1875000000004342 0
813 0.2916666666663569 0.2083333333338112 0
814 0.291666666666397 0.2291666666671882 0
815 0.2916666666664371 0.2500000000005653 0
816 0.2916666666664772 0.2708333333339422 0
817 0.2916666666665174 0.2916666666673193 0
818 0.2916666666665574 0.3125000000006963 0
819 0.2916666666665975 0.3333333333340733 0
820 0.2916666666666376 0.3541666666674504 0
821 0.2916666666666777 0.3750000000008273 0
822 0.2916666666667179 0.3958333333342043 0
823 0.2916666666667579 0.4166666666675815 0
824 0.291666666666798 0.4375000000009585 0
825 0.2916666666668381 0.4583333333343354 0
826 0.2916666666668782 0.4791666666677125 0
827 0.2916666666669183 0.5000000000010774 0
828 0.2916666666669583 0.5208333333343366 0
829 0.2916666666669985 0.5416666666675835 0
830 0.2916666666670386 0.5625000000008304 0
831 0.2916666666670787 0.5833333333340774 0
832 0.2916666666671189 0.6041666666673244 0
833 0.2916666666671588 0.6250000000005714 0
834 0.291666666667199 0.6458333333338184 0
835 0.2916666666672391 0.6666666666670655 0
836 0.2916666666672792 0.6875000000003123 0
837 0.2916666666673193 0.7083333333335595 0
838 0.2916666666673594 0.7291666666668065 0
839 0.2916666666673995 0.7500000000000535 0
840 0.2916666666674396 0.7708333333333003 0
841 0.2916666666674797 0.7916666666665473 0
842 0.2916666666675198 0.8124999999997942 0
843 0.2916666666675599 0.8333333333330413 0
844 0.2916666666676 0.8541666666662884 0
845 0.29166666666764 0.8749999999995504 0
846 0.2916666666676802 0.895833333332946 0
847 0.2916666666677203 0.9166666666663569 0
848 0.2916666666677604 0.9374999999997676 0
849 0.2916666666678004 0.9583333333331783 0
850 0.2916666666678405 0.9791666666665895 0
851 0.3124999999992717 0.02083333333338061 0
852 0.3124999999993149 0.0416666666667603 0
853 0.312499999999358 0.06250000000013912 0
854 0.3124999999994011 0.08333333333352171 0
855 0.3124999999994444 0.1041666666669047 0
856 0.3124999999994875 0.1250000000002867 0
857 0.3124999999995307 0.1458333333336616 0
858 0.3124999999995739 0.1666666666670355 0
859 0.3124999999996171 0.1875000000004095 0
860 0.3124999999996603 0.2083333333337834 0
861 0.3124999999997035 0.2291666666671573 0
862 0.3124999999997465 0.2500000000005313 0
863 0.3124999999997897 0.2708333333339052 0
864 0.3124999999998329 0.2916666666672792 0
865 0.3124999999998761 0.3125000000006531 0
866 0.3124999999999193 0.333333333334027 0
867 0.3124999999999625 0.354166666667401 0
868 0.3125000000000056 0.375000000000775 0
869 0.3125000000000487 0.3958333333341488 0
870 0.312500000000092 0.4166666666675229 0
871 0.3125000000001351 0.4375000000008968 0
872 0.3125000000001783 0.4583333333342707 0
873 0.3125000000002215 0.4791666666676447 0
874 0.3125000000002647 0.5000000000010071 0
875 0.3125000000003079 0.52083333333427 0
876 0.3125000000003509 0.5416666666675208 0
877 0.3125000000003941 0.562500000000772 0
878 0.3125000000004373 0.5833333333340233 0
879 0.3125000000004805 0.6041666666672743 0
880 0.3125000000005237 0.6250000000005257 0
881 0.3125000000005668 0.6458333333337767 0
882 0.3125000000006101 0.666666666667028 0
883 0.3125000000006531 0.687500000000279 0
884 0.3125000000006963 0.7083333333335303 0
885 0.3125000000007395 0.7291666666667813 0
886 0.3125000000007827 0.7500000000000326 0
887 0.3125000000008259 0.7708333333332836 0
888 0.312500000000869 0.7916666666665346 0
889 0.3125000000009123 0.8124999999997857 0
890 0.3125000000009553 0.8333333333330368 0
891 0.3125000000009985 0.8541666666662879 0
892 0.3125000000010417 0.8749999999995541 0
893 0.3125000000010849 0.8958333333329493 0
894 0.3125000000011281 0.9166666666663594 0
895 0.3125000000011712 0.9374999999997695 0
896 0.3125000000012144 0.9583333333331796 0
897 0.3125000000012575 0.9791666666665899 0
898 0.3333333333325473 0.02083333333337798 0
899 0.3333333333325934 0.04166666666675497 0
900 0.3333333333326397 0.06250000000013105 0
901 0.3333333333326861 0.08333333333351113 0
902 0.3333333333327323 0.1041666666668916 0
903 0.3333333333327786 0.1250000000002712 0
904 0.3333333333328247 0.145833333333643 0
905 0.3333333333328711 0.1666666666670139 0
906 0.3333333333329171 0.1875000000003847 0
907 0.3333333333329635 0.2083333333337556 0
908 0.3333333333330096 0.2291666666671265 0
909 0.3333333333330559 0.2500000000004973 0
910 0.3333333333331022 0.2708333333338682 0
911 0.3333333333331484 0.291666666667239 0
912 0.3333333333331947 0.31250000000061 0
913 0.3333333333332409 0.3333333333339809 0
914 0.3333333333332872 0.3541666666673517 0
915 0.3333333333333334 0.3750000000007226 0
916 0.3333333333333797 0.3958333333340934 0
917 0.3333333333334259 0.4166666666674643 0
918 0.3333333333334723 0.4375000000008352 0
919 0.3333333333335184 0.458333333334206 0
920 0.3333333333335646 0.4791666666675769 0
921 0.3333333333336109 0.5000000000009369 0
922 0.3333333333336571 0.5208333333342031 0
923 0.3333333333337034 0.5416666666674584 0
924 0.3333333333337496 0.5625000000007137 0
925 0.3333333333337958 0.5833333333339691 0
926 0.3333333333338421 0.6041666666672243 0
927 0.3333333333338884 0.6250000000004795 0
928 0.3333333333339346 0.6458333333337349 0
929 0.3333333333339809 0.6666666666669903 0
930 0.333333333334027 0.6875000000002457 0
931 0.3333333333340733 0.708333333333501 0
932 0.3333333333341195 0.7291666666667562 0
933 0.3333333333341657 0.7500000000000114 0
934 0.3333333333342121 0.7708333333332668 0
935 0.3333333333342583 0.791666666666522 0
936 0.3333333333343045 0.8124999999997773 0
937 0.3333333333343508 0.8333333333330326 0
938 0.3333333333343971 0.8541666666662878 0
939 0.3333333333344433 0.8749999999995575 0
940 0.3333333333344894 0.8958333333329527 0
941 0.3333333333345357 0.9166666666663621 0
942 0.333333333334582 0.9374999999997716 0
943 0.3333333333346282 0.9583333333331809 0
944 0.3333333333346744 0.9791666666665907 0
945 0.3541666666658228 0.02083333333337536 0
946 0.3541666666658721 0.04166666666674964 0
947 0.3541666666659215 0.062500000000123 0
948 0.3541666666659707 0.08333333333350057 0
949 0.3541666666660202 0.1041666666668786 0
950 0.3541666666660694 0.1250000000002557 0
951 0.3541666666661188 0.1458333333336244 0
952 0.3541666666661681 0.1666666666669923 0
953 0.3541666666662174 0.1875000000003599 0
954 0.3541666666662668 0.2083333333337278 0
955 0.354166666666316 0.2291666666670956 0
956 0.3541666666663653 0.2500000000004634 0
957 0.3541666666664146 0.2708333333338312 0
958 0.354166666666464 0.291666666667199 0
959 0.3541666666665133 0.3125000000005668 0
960 0.3541666666665627 0.3333333333339346 0
961 0.354166666666612 0.3541666666673023 0
962 0.3541666666666612 0.3750000000006702 0
963 0.3541666666667105 0.3958333333340379 0
964 0.3541666666667598 0.4166666666674058 0
965 0.3541666666668091 0.4375000000007736 0
966 0.3541666666668585 0.4583333333341413 0
967 0.3541666666669077 0.4791666666675092 0
968 0.3541666666669571 0.5000000000008669 0
969 0.3541666666670065 0.5208333333341364 0
970 0.3541666666670558 0.5416666666673962 0
971 0.3541666666671051 0.5625000000006555 0
972 0.3541666666671544 0.5833333333339149 0
973 0.3541666666672037 0.6041666666671743 0
974 0.3541666666672531 0.6250000000004338 0
975 0.3541666666673023 0.6458333333336932 0
976 0.3541666666673517 0.6666666666669527 0
977 0.354166666667401 0.6875000000002121 0
978 0.3541666666674504 0.7083333333334718 0
979 0.3541666666674997 0.7291666666667311 0
980 0.3541666666675489 0.7499999999999906 0
981 0.3541666666675983 0.7708333333332502 0
982 0.3541666666676475 0.7916666666665093 0
983 0.3541666666676969 0.8124999999997686 0
984 0.3541666666677462 0.8333333333330282 0
985 0.3541666666677956 0.8541666666662877 0
986 0.354166666667845 0.874999999999561 0
987 0.3541666666678943 0.895833333332956 0
988 0.3541666666679436 0.9166666666663645 0
989 0.3541666666679928 0.9374999999997735 0
990 0.3541666666680421 0.9583333333331824 0
991 0.3541666666680914 0.9791666666665911 0
992 0.3749999999990984 0.02083333333337273 0
993 0.3749999999991508 0.04166666666674433 0
994 0.3749999999992031 0.06250000000011492 0
995 0.3749999999992557 0.08333333333349 0
996 0.374999999999308 0.1041666666668656 0
997 0.3749999999993603 0.1250000000002401 0
998 0.3749999999994128 0.1458333333336058 0
999 0.3749999999994652 0.1666666666669706 0
1000 0.3749999999995176 0.1875000000003353 0
1001 0.37499999999957 0.2083333333337 0
1002 0.3749999999996224 0.2291666666670647 0
1003 0.3749999999996747 0.2500000000004294 0
1004 0.3749999999997272 0.2708333333337942 0
1005 0.3749999999997795 0.2916666666671588 0
1006 0.374999999999832 0.3125000000005237 0
1007 0.3749999999998843 0.3333333333338884 0
1008 0.3749999999999367 0.354166666667253 0
1009 0.3749999999999891 0.3750000000006178 0
1010 0.3750000000000415 0.3958333333339825 0
1011 0.3750000000000939 0.4166666666673473 0
1012 0.3750000000001463 0.437500000000712 0
1013 0.3750000000001987 0.4583333333340767 0
1014 0.3750000000002511 0.4791666666674415 0
1015 0.3750000000003035 0.5000000000007966 0
1016 0.3750000000003559 0.5208333333340697 0
1017 0.3750000000004083 0.5416666666673333 0
1018 0.3750000000004606 0.5625000000005969 0
1019 0.3750000000005131 0.5833333333338607 0
1020 0.3750000000005654 0.6041666666671242 0
1021 0.3750000000006178 0.625000000000388 0
1022 0.3750000000006702 0.6458333333336514 0
1023 0.3750000000007226 0.6666666666669152 0
1024 0.3750000000007749 0.6875000000001786 0
1025 0.3750000000008273 0.7083333333334424 0
1026 0.3750000000008797 0.729166666666706 0
1027 0.3750000000009321 0.7499999999999697 0
1028 0.3750000000009846 0.7708333333332331 0
1029 0.3750000000010369 0.7916666666664967 0
1030 0.3750000000010893 0.8124999999997604 0
1031 0.3750000000011417 0.833333333333024 0
1032 0.3750000000011941 0.8541666666662874 0
1033 0.3750000000012465 0.8749999999995646 0
1034 0.3750000000012989 0.8958333333329593 0
1035 0.3750000000013513 0.9166666666663674 0
1036 0.3750000000014037 0.9374999999997755 0
1037 0.3750000000014561 0.9583333333331835 0
1038 0.3750000000015085 0.979166666666592 0
1039 0.395833333332374 0.02083333333337012 0
1040 0.3958333333324295 0.04166666666673901 0
1041 0.3958333333324849 0.06250000000010685 0
1042 0.3958333333325404 0.08333333333347943 0
1043 0.3958333333325958 0.1041666666668525 0
1044 0.3958333333326514 0.1250000000002245 0
1045 0.3958333333327069 0.1458333333335873 0
1046 0.3958333333327624 0.1666666666669489 0
1047 0.3958333333328178 0.1875000000003105 0
1048 0.3958333333328732 0.2083333333336722 0
1049 0.3958333333329287 0.2291666666670339 0
1050 0.3958333333329842 0.2500000000003954 0
1051 0.3958333333330396 0.2708333333337571 0
1052 0.3958333333330951 0.2916666666671189 0
1053 0.3958333333331505 0.3125000000004805 0
1054 0.395833333333206 0.3333333333338421 0
1055 0.3958333333332614 0.3541666666672037 0
1056 0.3958333333333169 0.3750000000005655 0
1057 0.3958333333333725 0.395833333333927 0
1058 0.3958333333334279 0.4166666666672888 0
1059 0.3958333333334833 0.4375000000006504 0
1060 0.3958333333335388 0.4583333333340119 0
1061 0.3958333333335943 0.4791666666673737 0
1062 0.3958333333336498 0.5000000000007264 0
1063 0.3958333333337052 0.5208333333340031 0
1064 0.3958333333337606 0.5416666666672708 0
1065 0.3958333333338162 0.5625000000005387 0
1066 0.3958333333338716 0.5833333333338065 0
1067 0.395833333333927 0.6041666666670742 0
1068 0.3958333333339825 0.6250000000003418 0
1069 0.395833333334038 0.6458333333336097 0
1070 0.3958333333340934 0.6666666666668775 0
1071 0.3958333333341488 0.6875000000001453 0
1072 0.3958333333342043 0.7083333333334131 0
1073 0.3958333333342599 0.729166666666681 0
1074 0.3958333333343153 0.7499999999999486 0
1075 0.3958333333343708 0.7708333333332164 0
1076 0.3958333333344262 0.7916666666664842 0
1077 0.3958333333344817 0.8124999999997518 0
1078 0.3958333333345371 0.8333333333330195 0
1079 0.3958333333345926 0.8541666666662874 0
1080 0.395833333334648 0.8749999999995681 0
1081 0.3958333333347035 0.8958333333329627 0
1082 0.395833333334759 0.9166666666663699 0
1083 0.3958333333348145 0.9374999999997774 0
1084 0.3958333333348699 0.9583333333331849 0
1085 0.3958333333349253 0.9791666666665925 0
1086 0.4166666666656496 0.02083333333336749 0
1087 0.4166666666657082 0.04166666666673368 0
1088 0.4166666666657667 0.0625000000000988 0
1089 0.4166666666658253 0.08333333333346886 0
1090 0.4166666666658838 0.1041666666668395 0
1091 0.4166666666659424 0.1250000000002089 0
1092 0.4166666666660009 0.1458333333335687 0
1093 0.4166666666660594 0.1666666666669273 0
1094 0.4166666666661178 0.1875000000002858 0
1095 0.4166666666661765 0.2083333333336444 0
1096 0.4166666666662351 0.229166666667003 0
1097 0.4166666666662937 0.2500000000003614 0
1098 0.4166666666663521 0.2708333333337201 0
1099 0.4166666666664107 0.2916666666670787 0
1100 0.4166666666664692 0.3125000000004373 0
1101 0.4166666666665277 0.3333333333337958 0
1102 0.4166666666665862 0.3541666666671544 0
1103 0.4166666666666449 0.3750000000005131 0
1104 0.4166666666667034 0.3958333333338716 0
1105 0.4166666666667619 0.4166666666672302 0
1106 0.4166666666668204 0.4375000000005888 0
1107 0.416666666666879 0.4583333333339473 0
1108 0.4166666666669375 0.479166666667306 0
1109 0.416666666666996 0.5000000000006563 0
1110 0.4166666666670545 0.5208333333339364 0
1111 0.4166666666671132 0.5416666666672082 0
1112 0.4166666666671717 0.5625000000004803 0
1113 0.4166666666672302 0.5833333333337524 0
1114 0.4166666666672888 0.6041666666670242 0
1115 0.4166666666673473 0.6250000000002961 0
1116 0.4166666666674058 0.645833333333568 0
1117 0.4166666666674643 0.6666666666668399 0
1118 0.4166666666675229 0.687500000000112 0
1119 0.4166666666675815 0.7083333333333838 0
1120 0.41666666666764 0.7291666666666556 0
1121 0.4166666666676986 0.7499999999999275 0
1122 0.416666666667757 0.7708333333331995 0
1123 0.4166666666678156 0.7916666666664713 0
1124 0.4166666666678742 0.8124999999997433 0
1125 0.4166666666679326 0.8333333333330153 0
1126 0.4166666666679912 0.8541666666662869 0
1127 0.4166666666680497 0.8749999999995717 0
1128 0.4166666666681083 0.8958333333329658 0
1129 0.4166666666681669 0.9166666666663728 0
1130 0.4166666666682255 0.9374999999997795 0
1131 0.4166666666682839 0.9583333333331863 0
1132 0.4166666666683425 0.979166666666593 0
1133 0.4374999999989252 0.02083333333336487 0
1134 0.4374999999989868 0.04166666666672835 0
1135 0.4374999999990484 0.06250000000009072 0
1136 0.43749999999911 0.08333333333345831 0
1137 0.4374999999991717 0.1041666666668265 0
1138 0.4374999999992333 0.1250000000001934 0
1139 0.437499999999295 0.1458333333335501 0
1140 0.4374999999993564 0.1666666666669056 0
1141 0.4374999999994181 0.1875000000002611 0
1142 0.4374999999994797 0.2083333333336166 0
1143 0.4374999999995415 0.2291666666669721 0
1144 0.4374999999996031 0.2500000000003276 0
1145 0.4374999999996645 0.2708333333336831 0
1146 0.4374999999997262 0.2916666666670386 0
1147 0.4374999999997878 0.3125000000003941 0
1148 0.4374999999998493 0.3333333333337496 0
1149 0.437499999999911 0.3541666666671051 0
1150 0.4374999999999726 0.3750000000004607 0
1151 0.4375000000000343 0.3958333333338161 0
1152 0.4375000000000958 0.4166666666671717 0
1153 0.4375000000001575 0.4375000000005271 0
1154 0.437500000000219 0.4583333333338826 0
1155 0.4375000000002808 0.4791666666672382 0
1156 0.4375000000003423 0.5000000000005861 0
1157 0.4375000000004039 0.5208333333338698 0
1158 0.4375000000004655 0.541666666667146 0
1159 0.4375000000005271 0.5625000000004219 0
1160 0.4375000000005888 0.5833333333336982 0
1161 0.4375000000006503 0.6041666666669741 0
1162 0.437500000000712 0.6250000000002501 0
1163 0.4375000000007736 0.6458333333335262 0
1164 0.4375000000008352 0.6666666666668024 0
1165 0.4375000000008967 0.6875000000000783 0
1166 0.4375000000009585 0.7083333333333545 0
1167 0.43750000000102 0.7291666666666305 0
1168 0.4375000000010817 0.7499999999999066 0
1169 0.4375000000011432 0.7708333333331826 0
1170 0.4375000000012048 0.7916666666664587 0
1171 0.4375000000012664 0.8124999999997349 0
1172 0.4375000000013282 0.8333333333330109 0
1173 0.4375000000013897 0.8541666666662869 0
1174 0.4375000000014514 0.874999999999575 0
1175 0.4375000000015129 0.8958333333329693 0
1176 0.4375000000015746 0.9166666666663752 0
1177 0.4375000000016361 0.9374999999997813 0
1178 0.4375000000016978 0.9583333333331876 0
1179 0.4375000000017594 0.9791666666665938 0
1180 0.4583333333322008 0.02083333333336225 0
1181 0.4583333333322656 0.04166666666672302 0
1182 0.4583333333323302 0.06250000000008264 0
1183 0.4583333333323948 0.08333333333344771 0
1184 0.4583333333324596 0.1041666666668134 0
1185 0.4583333333325242 0.1250000000001778 0
1186 0.4583333333325889 0.1458333333335315 0
1187 0.4583333333326535 0.166666666666884 0
1188 0.4583333333327183 0.1875000000002364 0
1189 0.458333333332783 0.2083333333335888 0
1190 0.4583333333328476 0.2291666666669412 0
1191 0.4583333333329125 0.2500000000002936 0
1192 0.458333333332977 0.2708333333336461 0
1193 0.4583333333330418 0.2916666666669985 0
1194 0.4583333333331064 0.3125000000003509 0
1195 0.4583333333331712 0.3333333333337034 0
1196 0.4583333333332358 0.3541666666670558 0
1197 0.4583333333333005 0.3750000000004083 0
1198 0.4583333333333651 0.3958333333337607 0
1199 0.4583333333334298 0.4166666666671132 0
1200 0.4583333333334946 0.4375000000004655 0
1201 0.4583333333335592 0.458333333333818 0
1202 0.4583333333336238 0.4791666666671704 0
1203 0.4583333333336885 0.5000000000005159 0
1204 0.4583333333337533 0.5208333333338032 0
1205 0.458333333333818 0.5416666666670834 0
1206 0.4583333333338826 0.5625000000003635 0
1207 0.4583333333339473 0.5833333333336438 0
1208 0.458333333334012 0.6041666666669239 0
1209 0.4583333333340767 0.6250000000002042 0
1210 0.4583333333341413 0.6458333333334845 0
1211 0.4583333333342061 0.6666666666667647 0
1212 0.4583333333342707 0.687500000000045 0
1213 0.4583333333343355 0.7083333333333252 0
1214 0.4583333333344002 0.7291666666666055 0
1215 0.4583333333344648 0.7499999999998858 0
1216 0.4583333333345294 0.7708333333331657 0
1217 0.458333333334594 0.791666666666446 0
1218 0.4583333333346589 0.8124999999997262 0
1219 0.4583333333347235 0.8333333333330066 0
1220 0.4583333333347882 0.8541666666662869 0
1221 0.4583333333348529 0.8749999999995786 0
1222 0.4583333333349175 0.8958333333329724 0
1223 0.4583333333349822 0.9166666666663779 0
1224 0.4583333333350469 0.9374999999997837 0
1225 0.4583333333351116 0.9583333333331889 0
1226 0.4583333333351762 0.9791666666665945 0
1227 0.4791666666654765 0.02083333333335962 0
1228 0.4791666666655442 0.04166666666671771 0
1229 0.4791666666656119 0.06250000000007459 0
1230 0.4791666666656797 0.08333333333343716 0
1231 0.4791666666657475 0.1041666666668004 0
1232 0.4791666666658151 0.1250000000001623 0
1233 0.4791666666658829 0.1458333333335129 0
1234 0.4791666666659506 0.1666666666668623 0
1235 0.4791666666660185 0.1875000000002116 0
1236 0.4791666666660863 0.208333333333561 0
1237 0.479166666666154 0.2291666666669104 0
1238 0.4791666666662217 0.2500000000002597 0
1239 0.4791666666662895 0.270833333333609 0
1240 0.4791666666663572 0.2916666666669583 0
1241 0.4791666666664249 0.3125000000003079 0
1242 0.4791666666664928 0.3333333333336571 0
1243 0.4791666666665606 0.3541666666670065 0
1244 0.4791666666666283 0.3750000000003559 0
1245 0.4791666666666962 0.3958333333337052 0
1246 0.4791666666667639 0.4166666666670547 0
1247 0.4791666666668316 0.4375000000004039 0
1248 0.4791666666668992 0.4583333333337533 0
1249 0.4791666666669672 0.4791666666671026 0
1250 0.4791666666670349 0.5000000000004458 0
1251 0.4791666666671026 0.5208333333337364 0
1252 0.4791666666671703 0.5416666666670208 0
1253 0.4791666666672382 0.5625000000003051 0
1254 0.4791666666673059 0.5833333333335894 0
1255 0.4791666666673737 0.6041666666668739 0
1256 0.4791666666674415 0.6250000000001584 0
1257 0.4791666666675092 0.6458333333334427 0
1258 0.4791666666675769 0.6666666666667271 0
1259 0.4791666666676447 0.6875000000000117 0
1260 0.4791666666677123 0.7083333333332958 0
1261 0.4791666666677803 0.7291666666665804 0
1262 0.479166666667848 0.7499999999998649 0
1263 0.4791666666679157 0.7708333333331493 0
1264 0.4791666666679835 0.7916666666664336 0
1265 0.4791666666680513 0.8124999999997178 0
1266 0.479166666668119 0.8333333333330022 0
1267 0.4791666666681869 0.8541666666662865 0
1268 0.4791666666682546 0.8749999999995821 0
1269 0.4791666666683223 0.8958333333329758 0
1270 0.47916666666839 0.9166666666663805 0
1271 0.479166666668458 0.9374999999997854 0
1272 0.4791666666685257 0.9583333333331903 0
1273 0.4791666666685934 0.9791666666665952 0
1274 0.4999999999987622 0.020833333333357 0
1275 0.4999999999988323 0.04166666666671239 0
1276 0.4999999999989025 0.06250000000006654 0
1277 0.4999999999989726 0.08333333333342662 0
1278 0.4999999999990428 0.1041666666667873 0
1279 0.4999999999991129 0.1250000000001467 0
1280 0.4999999999991832 0.1458333333334944 0
1281 0.4999999999992534 0.1666666666668407 0
1282 0.4999999999993235 0.1875000000001869 0
1283 0.4999999999993936 0.2083333333335332 0
1284 0.4999999999994638 0.2291666666668795 0
1285 0.499999999999534 0.2500000000002258 0
1286 0.499999999999604 0.270833333333572 0
1287 0.4999999999996743 0.2916666666669184 0
1288 0.4999999999997443 0.3125000000002646 0
1289 0.4999999999998145 0.3333333333336108 0
1290 0.4999999999998848 0.3541666666669572 0
1291 0.4999999999999548 0.3750000000003035 0
1292 0.500000000000025 0.3958333333336497 0
1293 0.5000000000000951 0.416666666666996 0
1294 0.5000000000001653 0.4375000000003423 0
1295 0.5000000000002353 0.4583333333336885 0
1296 0.5000000000003056 0.4791666666670349 0
1297 0.5000000000003758 0.5000000000003756 0
1298 0.500000000000446 0.5208333333336695 0
1299 0.5000000000005161 0.5416666666669582 0
1300 0.5000000000005863 0.5625000000002469 0
1301 0.5000000000006565 0.5833333333335352 0
1302 0.5000000000007266 0.6041666666668239 0
1303 0.5000000000007968 0.6250000000001125 0
1304 0.5000000000008668 0.645833333333401 0
1305 0.5000000000009369 0.6666666666666896 0
1306 0.5000000000010071 0.6874999999999781 0
1307 0.5000000000010772 0.7083333333332665 0
1308 0.5000000000011474 0.7291666666665553 0
1309 0.5000000000012176 0.7499999999998436 0
1310 0.5000000000012877 0.7708333333331324 0
1311 0.5000000000013579 0.7916666666664207 0
1312 0.5000000000014281 0.8124999999997093 0
1313 0.5000000000014982 0.8333333333329977 0
1314 0.5000000000015684 0.8541666666662865 0
1315 0.5000000000016386 0.8749999999995857 0
1316 0.5000000000017087 0.8958333333329791 0
1317 0.5000000000017789 0.9166666666663832 0
1318 0.5000000000018491 0.9374999999997876 0
1319 0.5000000000019192 0.9583333333331916 0
1320 0.5000000000019894 0.9791666666665958 0
1321 0.5208333333321361 0.02083333333335438 0
1322 0.5208333333322029 0.04166666666670706 0
1323 0.5208333333322693 0.06250000000005844 0
1324 0.5208333333323362 0.08333333333341601 0
1325 0.5208333333324028 0.1041666666667743 0
1326 0.5208333333324696 0.1250000000001311 0
1327 0.5208333333325362 0.1458333333334757 0
1328 0.5208333333326031 0.166666666666819 0
1329 0.5208333333326697 0.1875000000001621 0
1330 0.5208333333327362 0.2083333333335054 0
1331 0.5208333333328029 0.2291666666668486 0
1332 0.5208333333328697 0.2500000000001918 0
1333 0.5208333333329361 0.270833333333535 0
1334 0.520833333333003 0.2916666666668782 0
1335 0.5208333333330696 0.3125000000002215 0
1336 0.5208333333331364 0.3333333333335646 0
1337 0.5208333333332031 0.3541666666669078 0
1338 0.5208333333332696 0.3750000000002511 0
1339 0.5208333333333365 0.3958333333335943 0
1340 0.5208333333334031 0.4166666666669375 0
1341 0.5208333333334697 0.4375000000002807 0
1342 0.5208333333335363 0.4583333333336239 0
1343 0.5208333333336029 0.4791666666669672 0
1344 0.5208333333336698 0.5000000000003054 0
1345 0.5208333333337364 0.5208333333336029 0
1346 0.5208333333338032 0.5416666666668956 0
1347 0.5208333333338698 0.5625000000001885 0
1348 0.5208333333339364 0.583333333333481 0
1349 0.5208333333340031 0.6041666666667738 0
1350 0.5208333333340697 0.6250000000000665 0
1351 0.5208333333341365 0.6458333333333592 0
1352 0.5208333333342031 0.6666666666666519 0
1353 0.52083333333427 0.6874999999999446 0
1354 0.5208333333343366 0.7083333333332374 0
1355 0.5208333333344032 0.72916666666653 0
1356 0.5208333333344698 0.7499999999998227 0
1357 0.5208333333345364 0.7708333333331155 0
1358 0.5208333333346032 0.7916666666664083 0
1359 0.5208333333346699 0.8124999999997007 0
1360 0.5208333333347365 0.8333333333329935 0
1361 0.5208333333348033 0.854166666666286 0
1362 0.5208333333348699 0.8749999999995892 0
1363 0.5208333333349365 0.8958333333329824 0
1364 0.5208333333350031 0.9166666666663859 0
1365 0.52083333333507 0.9374999999997894 0
1366 0.5208333333351366 0.9583333333331929 0
1367 0.5208333333352034 0.9791666666665965 0
1368 0.54166666666552 0.02083333333335175 0
1369 0.5416666666655828 0.04166666666670173 0
1370 0.5416666666656452 0.06250000000005039 0
1371 0.5416666666657076 0.08333333333340547 0
1372 0.5416666666657705 0.1041666666667613 0
1373 0.5416666666658329 0.1250000000001155 0
1374 0.5416666666658955 0.1458333333334572 0
1375 0.5416666666659579 0.1666666666667973 0
1376 0.5416666666660205 0.1875000000001374 0
1377 0.541666666666083 0.2083333333334776 0
1378 0.5416666666661455 0.2291666666668177 0
1379 0.5416666666662081 0.2500000000001578 0
1380 0.5416666666662705 0.270833333333498 0
1381 0.5416666666663331 0.2916666666668381 0
1382 0.5416666666663955 0.3125000000001783 0
1383 0.5416666666664581 0.3333333333335184 0
1384 0.5416666666665209 0.3541666666668585 0
1385 0.541666666666583 0.3750000000001987 0
1386 0.5416666666666458 0.3958333333335388 0
1387 0.5416666666667082 0.416666666666879 0
1388 0.5416666666667708 0.437500000000219 0
1389 0.5416666666668332 0.4583333333335592 0
1390 0.5416666666668956 0.4791666666668994 0
1391 0.5416666666669584 0.5000000000002353 0
1392 0.5416666666670208 0.5208333333335363 0
1393 0.5416666666670834 0.5416666666668334 0
1394 0.541666666667146 0.5625000000001301 0
1395 0.5416666666672084 0.5833333333334269 0
1396 0.5416666666672708 0.6041666666667238 0
1397 0.5416666666673334 0.6250000000000208 0
1398 0.541666666667396 0.6458333333333175 0
1399 0.5416666666674584 0.6666666666666143 0
1400 0.5416666666675211 0.6874999999999113 0
1401 0.5416666666675835 0.7083333333332081 0
1402 0.5416666666676461 0.7291666666665051 0
1403 0.5416666666677087 0.7499999999998018 0
1404 0.5416666666677711 0.7708333333330987 0
1405 0.5416666666678337 0.7916666666663954 0
1406 0.5416666666678961 0.8124999999996922 0
1407 0.5416666666679587 0.8333333333329893 0
1408 0.5416666666680213 0.854166666666286 0
1409 0.5416666666680837 0.8749999999995928 0
1410 0.5416666666681461 0.8958333333329858 0
1411 0.5416666666682087 0.9166666666663885 0
1412 0.5416666666682713 0.9374999999997914 0
1413 0.541666666668334 0.9583333333331943 0
1414 0.5416666666683964 0.9791666666665972 0
1415 0.5624999999989047 0.02083333333334913 0
1416 0.5624999999989628 0.0416666666666964 0
1417 0.5624999999990212 0.06250000000004234 0
1418 0.5624999999990796 0.08333333333339492 0
1419 0.5624999999991378 0.1041666666667482 0
1420 0.5624999999991962 0.1250000000001 0
1421 0.5624999999992546 0.1458333333334386 0
1422 0.5624999999993128 0.1666666666667757 0
1423 0.5624999999993714 0.1875000000001127 0
1424 0.5624999999994298 0.2083333333334498 0
1425 0.562499999999488 0.2291666666667869 0
1426 0.5624999999995466 0.2500000000001238 0
1427 0.5624999999996048 0.2708333333334609 0
1428 0.5624999999996629 0.291666666666798 0
1429 0.5624999999997216 0.3125000000001351 0
1430 0.56249999999978 0.3333333333334721 0
1431 0.5624999999998384 0.3541666666668091 0
1432 0.5624999999998965 0.3750000000001463 0
1433 0.5624999999999551 0.3958333333334834 0
1434 0.5625000000000133 0.4166666666668204 0
1435 0.5625000000000717 0.4375000000001574 0
1436 0.5625000000001301 0.4583333333334945 0
1437 0.5625000000001885 0.4791666666668316 0
1438 0.5625000000002469 0.5000000000001651 0
1439 0.5625000000003051 0.5208333333334697 0
1440 0.5625000000003635 0.5416666666667708 0
1441 0.5625000000004219 0.5625000000000717 0
1442 0.5625000000004803 0.5833333333333727 0
1443 0.5625000000005387 0.6041666666666736 0
1444 0.5625000000005969 0.6249999999999746 0
1445 0.5625000000006555 0.6458333333332757 0
1446 0.5625000000007137 0.6666666666665768 0
1447 0.562500000000772 0.687499999999878 0
1448 0.5625000000008304 0.708333333333179 0
1449 0.5625000000008888 0.7291666666664798 0
1450 0.5625000000009472 0.749999999999781 0
1451 0.5625000000010054 0.7708333333330818 0
1452 0.562500000001064 0.791666666666383 0
1453 0.5625000000011222 0.8124999999996838 0
1454 0.5625000000011806 0.8333333333329849 0
1455 0.562500000001239 0.8541666666662858 0
1456 0.5625000000012974 0.8749999999995963 0
1457 0.5625000000013558 0.8958333333329889 0
1458 0.562500000001414 0.9166666666663912 0
1459 0.5625000000014726 0.9374999999997934 0
1460 0.5625000000015308 0.9583333333331956 0
1461 0.5625000000015894 0.9791666666665977 0
1462 0.5833333333322887 0.02083333333334651 0
1463 0.5833333333323428 0.04166666666669109 0
1464 0.583333333332397 0.06250000000003424 0
1465 0.5833333333324512 0.08333333333338432 0
1466 0.5833333333325054 0.1041666666667352 0
1467 0.5833333333325594 0.1250000000000845 0
1468 0.5833333333326137 0.14583333333342 0
1469 0.5833333333326681 0.166666666666754 0
1470 0.5833333333327223 0.1875000000000879 0
1471 0.5833333333327764 0.208333333333422 0
1472 0.5833333333328307 0.229166666666756 0
1473 0.583333333332885 0.2500000000000899 0
1474 0.583333333332939 0.2708333333334239 0
1475 0.5833333333329934 0.2916666666667579 0
1476 0.5833333333330476 0.3125000000000919 0
1477 0.5833333333331018 0.3333333333334259 0
1478 0.583333333333156 0.3541666666667598 0
1479 0.5833333333332101 0.3750000000000939 0
1480 0.5833333333332643 0.3958333333334279 0
1481 0.5833333333333185 0.4166666666667619 0
1482 0.5833333333333727 0.4375000000000958 0
1483 0.5833333333334269 0.4583333333334298 0
1484 0.5833333333334813 0.4791666666667638 0
1485 0.5833333333335352 0.5000000000000951 0
1486 0.5833333333335894 0.5208333333334031 0
1487 0.5833333333336438 0.5416666666667082 0
1488 0.583333333333698 0.5625000000000133 0
1489 0.5833333333337521 0.5833333333333185 0
1490 0.5833333333338063 0.6041666666666237 0
1491 0.5833333333338607 0.6249999999999288 0
1492 0.5833333333339149 0.645833333333234 0
1493 0.5833333333339691 0.6666666666665393 0
1494 0.5833333333340233 0.6874999999998442 0
1495 0.5833333333340774 0.7083333333331497 0
1496 0.5833333333341316 0.7291666666664547 0
1497 0.5833333333341858 0.7499999999997599 0
1498 0.58333333333424 0.7708333333330649 0
1499 0.5833333333342944 0.7916666666663703 0
1500 0.5833333333343483 0.8124999999996754 0
1501 0.5833333333344027 0.8333333333329804 0
1502 0.5833333333344569 0.8541666666662856 0
1503 0.5833333333345111 0.8749999999995999 0
1504 0.5833333333345655 0.8958333333329924 0
1505 0.5833333333346197 0.9166666666663938 0
1506 0.583333333334674 0.9374999999997955 0
1507 0.583333333334728 0.9583333333331969 0
1508 0.5833333333347822 0.9791666666665982 0
1509 0.6041666666656726 0.02083333333334388 0
1510 0.6041666666657228 0.04166666666668577 0
1511 0.6041666666657728 0.06250000000002619 0
1512 0.6041666666658227 0.08333333333337377 0
1513 0.6041666666658727 0.1041666666667222 0
1514 0.6041666666659229 0.1250000000000689 0
1515 0.6041666666659731 0.1458333333334015 0
1516 0.604166666666023 0.1666666666667323 0
1517 0.6041666666660732 0.1875000000000632 0
1518 0.6041666666661232 0.2083333333333942 0
1519 0.6041666666661731 0.2291666666667251 0
1520 0.6041666666662231 0.2500000000000559 0
1521 0.6041666666662733 0.2708333333333869 0
1522 0.6041666666663235 0.2916666666667179 0
1523 0.6041666666663734 0.3125000000000487 0
1524 0.6041666666664236 0.3333333333333797 0
1525 0.6041666666664733 0.3541666666667105 0
1526 0.6041666666665235 0.3750000000000415 0
1527 0.6041666666665735 0.3958333333333725 0
1528 0.6041666666666237 0.4166666666667034 0
1529 0.6041666666666738 0.4375000000000342 0
1530 0.6041666666667238 0.4583333333333651 0
1531 0.6041666666667738 0.4791666666666961 0
1532 0.6041666666668239 0.500000000000025 0
1533 0.6041666666668739 0.5208333333333365 0
1534 0.6041666666669239 0.5416666666666455 0
1535 0.6041666666669741 0.5624999999999549 0
1536 0.6041666666670242 0.5833333333332643 0
1537 0.6041666666670742 0.6041666666665735 0
1538 0.6041666666671242 0.6249999999998831 0
1539 0.6041666666671743 0.6458333333331923 0
1540 0.6041666666672243 0.6666666666665018 0
1541 0.6041666666672745 0.6874999999998109 0
1542 0.6041666666673244 0.7083333333331204 0
1543 0.6041666666673744 0.7291666666664296 0
1544 0.6041666666674246 0.7499999999997388 0
1545 0.6041666666674745 0.7708333333330483 0
1546 0.6041666666675247 0.7916666666663577 0
1547 0.6041666666675747 0.8124999999996669 0
1548 0.6041666666676246 0.833333333332976 0
1549 0.6041666666676748 0.8541666666662856 0
1550 0.604166666667725 0.8749999999996034 0
1551 0.604166666667775 0.8958333333329955 0
1552 0.6041666666678249 0.9166666666663965 0
1553 0.6041666666678751 0.9374999999997974 0
1554 0.6041666666679251 0.9583333333331983 0
1555 0.6041666666679752 0.9791666666665991 0
1556 0.6249999999990569 0.02083333333334126 0
1557 0.6249999999991026 0.04166666666668044 0
1558 0.6249999999991486 0.06250000000001814 0
1559 0.6249999999991945 0.08333333333336317 0
1560 0.6249999999992405 0.1041666666667091 0
1561 0.6249999999992862 0.1250000000000533 0
1562 0.6249999999993322 0.1458333333333828 0
1563 0.6249999999993781 0.1666666666667107 0
1564 0.6249999999994241 0.1875000000000385 0
1565 0.6249999999994699 0.2083333333333663 0
1566 0.6249999999995158 0.2291666666666942 0
1567 0.6249999999995618 0.2500000000000219 0
1568 0.6249999999996078 0.2708333333333499 0
1569 0.6249999999996535 0.2916666666666777 0
1570 0.6249999999996992 0.3125000000000057 0
1571 0.6249999999997452 0.3333333333333335 0
1572 0.6249999999997912 0.3541666666666612 0
1573 0.6249999999998371 0.3749999999999891 0
1574 0.6249999999998831 0.3958333333333169 0
1575 0.6249999999999288 0.4166666666666448 0
1576 0.6249999999999748 0.4374999999999726 0
1577 0.6250000000000208 0.4583333333333004 0
1578 0.6250000000000665 0.4791666666666283 0
1579 0.6250000000001125 0.4999999999999548 0
1580 0.6250000000001584 0.5208333333332696 0
1581 0.6250000000002042 0.5416666666665831 0
1582 0.6250000000002504 0.5624999999998965 0
1583 0.6250000000002961 0.5833333333332101 0
1584 0.6250000000003421 0.6041666666665235 0
1585 0.6250000000003878 0.6249999999998369 0
1586 0.6250000000004338 0.6458333333331505 0
1587 0.6250000000004797 0.666666666666464 0
1588 0.6250000000005255 0.6874999999997776 0
1589 0.6250000000005714 0.7083333333330911 0
1590 0.6250000000006174 0.7291666666664045 0
1591 0.6250000000006634 0.7499999999997179 0
1592 0.6250000000007091 0.7708333333330316 0
1593 0.6250000000007551 0.791666666666345 0
1594 0.6250000000008009 0.8124999999996583 0
1595 0.6250000000008468 0.8333333333329718 0
1596 0.6250000000008927 0.8541666666662852 0
1597 0.6250000000009387 0.874999999999607 0
1598 0.6250000000009844 0.8958333333329989 0
1599 0.6250000000010304 0.9166666666663992 0
1600 0.6250000000010764 0.9374999999997996 0
1601 0.6250000000011221 0.9583333333331996 0
1602 0.6250000000011683 0.9791666666665999 0
1603 0.6458333333324409 0.02083333333333863 0
1604 0.6458333333324826 0.04166666666667512 0
1605 0.6458333333325244 0.06250000000001003 0
1606 0.6458333333325661 0.08333333333335262 0
1607 0.6458333333326078 0.1041666666666961 0
1608 0.6458333333326494 0.1250000000000377 0
1609 0.6458333333326913 0.1458333333333643 0
1610 0.6458333333327331 0.166666666666689 0
1611 0.645833333332775 0.1875000000000138 0
1612 0.6458333333328166 0.2083333333333386 0
1613 0.6458333333328583 0.2291666666666634 0
1614 0.6458333333329001 0.2499999999999881 0
1615 0.6458333333329418 0.2708333333333128 0
1616 0.6458333333329835 0.2916666666666377 0
1617 0.6458333333330251 0.3124999999999624 0
1618 0.645833333333067 0.3333333333332872 0
1619 0.6458333333331088 0.354166666666612 0
1620 0.6458333333331507 0.3749999999999367 0
1621 0.6458333333331923 0.3958333333332615 0
1622 0.645833333333234 0.4166666666665864 0
1623 0.6458333333332757 0.4374999999999111 0
1624 0.6458333333333175 0.4583333333332358 0
1625 0.6458333333333592 0.4791666666665606 0
1626 0.645833333333401 0.4999999999998846 0
1627 0.6458333333334427 0.520833333333203 0
1628 0.6458333333334845 0.5416666666665207 0
1629 0.6458333333335262 0.5624999999998384 0
1630 0.645833333333568 0.583333333333156 0
1631 0.6458333333336097 0.6041666666664736 0
1632 0.6458333333336514 0.6249999999997912 0
1633 0.6458333333336932 0.6458333333331088 0
1634 0.6458333333337349 0.6666666666664265 0
1635 0.6458333333337767 0.6874999999997441 0
1636 0.6458333333338184 0.7083333333330618 0
1637 0.6458333333338602 0.7291666666663794 0
1638 0.6458333333339019 0.749999999999697 0
1639 0.6458333333339437 0.7708333333330147 0
1640 0.6458333333339854 0.7916666666663323 0
1641 0.6458333333340271 0.8124999999996498 0
1642 0.6458333333340689 0.8333333333329676 0
1643 0.6458333333341106 0.8541666666662853 0
1644 0.6458333333341524 0.8749999999996103 0
1645 0.6458333333341941 0.8958333333330024 0
1646 0.6458333333342359 0.9166666666664018 0
1647 0.6458333333342776 0.9374999999998015 0
1648 0.6458333333343194 0.9583333333332009 0
1649 0.6458333333343611 0.9791666666666006 0
1650 0.666666666665825 0.02083333333333601 0
1651 0.6666666666658625 0.04166666666666979 0
1652 0.6666666666659002 0.06250000000000198 0
1653 0.6666666666659378 0.08333333333334207 0
1654 0.6666666666659753 0.104166666666683 0
1655 0.666666666666013 0.1250000000000222 0
1656 0.6666666666660506 0.1458333333333457 0
1657 0.6666666666660882 0.1666666666666674 0
1658 0.6666666666661256 0.1874999999999891 0
1659 0.6666666666661634 0.2083333333333108 0
1660 0.6666666666662009 0.2291666666666324 0
1661 0.6666666666662386 0.2499999999999541 0
1662 0.6666666666662762 0.2708333333332757 0
1663 0.6666666666663137 0.2916666666665975 0
1664 0.6666666666663514 0.3124999999999193 0
1665 0.666666666666389 0.3333333333332409 0
1666 0.6666666666664265 0.3541666666665627 0
1667 0.666666666666464 0.3749999999998843 0
1668 0.6666666666665015 0.395833333333206 0
1669 0.6666666666665393 0.4166666666665277 0
1670 0.6666666666665768 0.4374999999998493 0
1671 0.6666666666666143 0.4583333333331711 0
1672 0.6666666666666521 0.4791666666664928 0
1673 0.6666666666666896 0.4999999999998145 0
1674 0.6666666666667274 0.5208333333331362 0
1675 0.6666666666667647 0.5416666666664581 0
1676 0.6666666666668024 0.56249999999978 0
1677 0.6666666666668399 0.5833333333331018 0
1678 0.6666666666668777 0.6041666666664234 0
1679 0.6666666666669152 0.6249999999997454 0
1680 0.6666666666669527 0.645833333333067 0
1681 0.6666666666669903 0.666666666666389 0
1682 0.666666666667028 0.6874999999997106 0
1683 0.6666666666670655 0.7083333333330325 0
1684 0.6666666666671031 0.7291666666663541 0
1685 0.6666666666671408 0.7499999999996761 0
1686 0.6666666666671783 0.7708333333329979 0
1687 0.6666666666672159 0.7916666666663197 0
1688 0.6666666666672536 0.8124999999996412 0
1689 0.6666666666672911 0.8333333333329631 0
1690 0.6666666666673287 0.8541666666662848 0
1691 0.6666666666673664 0.8749999999996139 0
1692 0.6666666666674037 0.8958333333330055 0
1693 0.6666666666674415 0.9166666666664045 0
1694 0.666666666667479 0.9374999999998034 0
1695 0.6666666666675165 0.9583333333332023 0
1696 0.6666666666675543 0.9791666666666008 0
1697 0.6874999999992092 0.02083333333333338 0
1698 0.6874999999992426 0.04166666666666447 0
1699 0.6874999999992761 0.06249999999999394 0
1700 0.6874999999993097 0.08333333333333147 0
1701 0.6874999999993431 0.10416666666667 0
1702 0.6874999999993766 0.1250000000000066 0
1703 0.68749999999941 0.1458333333333271 0
1704 0.6874999999994432 0.1666666666666457 0
1705 0.6874999999994768 0.1874999999999643 0
1706 0.6874999999995102 0.208333333333283 0
1707 0.6874999999995436 0.2291666666666016 0
1708 0.6874999999995769 0.2499999999999202 0
1709 0.6874999999996106 0.2708333333332388 0
1710 0.687499999999644 0.2916666666665574 0
1711 0.6874999999996773 0.3124999999998761 0
1712 0.6874999999997106 0.3333333333331947 0
1713 0.687499999999744 0.3541666666665134 0
1714 0.6874999999997776 0.374999999999832 0
1715 0.6874999999998109 0.3958333333331505 0
1716 0.6874999999998445 0.4166666666664691 0
1717 0.687499999999878 0.4374999999997878 0
1718 0.6874999999999113 0.4583333333331063 0
1719 0.6874999999999448 0.479166666666425 0
1720 0.6874999999999781 0.4999999999997443 0
1721 0.6875000000000114 0.5208333333330696 0
1722 0.687500000000045 0.5416666666663955 0
1723 0.6875000000000785 0.5624999999997216 0
1724 0.6875000000001118 0.5833333333330476 0
1725 0.6875000000001453 0.6041666666663734 0
1726 0.6875000000001786 0.6249999999996992 0
1727 0.6875000000002122 0.6458333333330253 0
1728 0.6875000000002457 0.6666666666663512 0
1729 0.687500000000279 0.6874999999996773 0
1730 0.6875000000003123 0.7083333333330032 0
1731 0.6875000000003461 0.7291666666663292 0
1732 0.6875000000003794 0.7499999999996553 0
1733 0.6875000000004127 0.770833333332981 0
1734 0.6875000000004462 0.791666666666307 0
1735 0.6875000000004797 0.8124999999996327 0
1736 0.687500000000513 0.8333333333329589 0
1737 0.6875000000005463 0.8541666666662847 0
1738 0.6875000000005799 0.8749999999996174 0
1739 0.6875000000006134 0.8958333333330089 0
1740 0.6875000000006467 0.9166666666664072 0
1741 0.6875000000006802 0.9374999999998054 0
1742 0.6875000000007138 0.9583333333332036 0
1743 0.6875000000007471 0.9791666666666018 0
1744 0.7083333333325933 0.02083333333333076 0
1745 0.7083333333326224 0.04166666666665916 0
1746 0.7083333333326518 0.06249999999998586 0
1747 0.708333333332681 0.08333333333332092 0
1748 0.7083333333327102 0.104166666666657 0
1749 0.7083333333327396 0.124999999999991 0
1750 0.7083333333327689 0.1458333333333085 0
1751 0.7083333333327982 0.1666666666666241 0
1752 0.7083333333328276 0.1874999999999396 0
1753 0.7083333333328569 0.2083333333332552 0
1754 0.708333333332886 0.2291666666665707 0
1755 0.7083333333329151 0.2499999999998863 0
1756 0.7083333333329446 0.2708333333332018 0
1757 0.708333333332974 0.2916666666665174 0
1758 0.7083333333330032 0.3124999999998329 0
1759 0.7083333333330325 0.3333333333331484 0
1760 0.7083333333330619 0.354166666666464 0
1761 0.7083333333330911 0.3749999999997796 0
1762 0.7083333333331202 0.3958333333330951 0
1763 0.7083333333331497 0.4166666666664107 0
1764 0.708333333333179 0.4374999999997261 0
1765 0.7083333333332079 0.4583333333330417 0
1766 0.7083333333332374 0.4791666666663573 0
1767 0.7083333333332668 0.4999999999996741 0
1768 0.7083333333332961 0.520833333333003 0
1769 0.7083333333333252 0.5416666666663329 0
1770 0.7083333333333545 0.5624999999996632 0
1771 0.7083333333333838 0.5833333333329934 0
1772 0.7083333333334131 0.6041666666663235 0
1773 0.7083333333334424 0.6249999999996535 0
1774 0.7083333333334717 0.6458333333329835 0
1775 0.708333333333501 0.6666666666663137 0
1776 0.7083333333335301 0.687499999999644 0
1777 0.7083333333335596 0.7083333333329739 0
1778 0.7083333333335889 0.7291666666663039 0
1779 0.708333333333618 0.749999999999634 0
1780 0.7083333333336473 0.7708333333329641 0
1781 0.7083333333336765 0.7916666666662944 0
1782 0.7083333333337059 0.8124999999996243 0
1783 0.708333333333735 0.8333333333329545 0
1784 0.7083333333337644 0.8541666666662845 0
1785 0.7083333333337937 0.874999999999621 0
1786 0.708333333333823 0.8958333333330122 0
1787 0.7083333333338524 0.9166666666664096 0
1788 0.7083333333338816 0.9374999999998073 0
1789 0.7083333333339109 0.9583333333332049 0
1790 0.7083333333339402 0.9791666666666022 0
1791 0.7291666666659773 0.02083333333332813 0
1792 0.7291666666660026 0.04166666666665383 0
1793 0.7291666666660275 0.06249999999997778 0
1794 0.7291666666660529 0.08333333333331037 0
1795 0.729166666666078 0.1041666666666439 0
1796 0.7291666666661031 0.1249999999999755 0
1797 0.7291666666661281 0.1458333333332899 0
1798 0.7291666666661534 0.1666666666666024 0
1799 0.7291666666661785 0.1874999999999148 0
1800 0.7291666666662036 0.2083333333332273 0
1801 0.7291666666662286 0.2291666666665398 0
1802 0.729166666666254 0.2499999999998523 0
1803 0.7291666666662788 0.2708333333331647 0
1804 0.729166666666304 0.2916666666664772 0
1805 0.7291666666663292 0.3124999999997897 0
1806 0.7291666666663543 0.3333333333331022 0
1807 0.7291666666663794 0.3541666666664147 0
1808 0.7291666666664045 0.3749999999997272 0
1809 0.7291666666664296 0.3958333333330396 0
1810 0.7291666666664547 0.4166666666663521 0
1811 0.7291666666664798 0.4374999999996646 0
1812 0.7291666666665049 0.4583333333329771 0
1813 0.72916666666653 0.4791666666662895 0
1814 0.7291666666665553 0.499999999999604 0
1815 0.7291666666665801 0.5208333333329364 0
1816 0.7291666666666055 0.5416666666662707 0
1817 0.7291666666666305 0.5624999999996048 0
1818 0.7291666666666556 0.5833333333329392 0
1819 0.7291666666666807 0.6041666666662733 0
1820 0.7291666666667058 0.6249999999996075 0
1821 0.7291666666667311 0.6458333333329418 0
1822 0.7291666666667562 0.6666666666662762 0
1823 0.7291666666667813 0.6874999999996104 0
1824 0.7291666666668064 0.7083333333329446 0
1825 0.7291666666668315 0.7291666666662791 0
1826 0.7291666666668568 0.749999999999613 0
1827 0.7291666666668817 0.7708333333329475 0
1828 0.729166666666907 0.7916666666662817 0
1829 0.7291666666669321 0.8124999999996159 0
1830 0.7291666666669572 0.8333333333329502 0
1831 0.7291666666669823 0.8541666666662843 0
1832 0.7291666666670074 0.8749999999996245 0
1833 0.7291666666670327 0.8958333333330155 0
1834 0.7291666666670575 0.9166666666664125 0
1835 0.7291666666670829 0.9374999999998094 0
1836 0.7291666666671077 0.9583333333332062 0
1837 0.729166666667133 0.9791666666666032 0
1838 0.7499999999993613 0.02083333333332551 0
1839 0.7499999999993826 0.0416666666666485 0
1840 0.7499999999994035 0.06249999999996973 0
1841 0.7499999999994243 0.08333333333329977 0
1842 0.7499999999994451 0.1041666666666309 0
1843 0.7499999999994663 0.1249999999999599 0
1844 0.7499999999994875 0.1458333333332713 0
1845 0.7499999999995082 0.1666666666665808 0
1846 0.749999999999529 0.1874999999998901 0
1847 0.7499999999995501 0.2083333333331995 0
1848 0.7499999999995711 0.229166666666509 0
1849 0.7499999999995921 0.2499999999998183 0
1850 0.7499999999996131 0.2708333333331278 0
1851 0.7499999999996343 0.2916666666664372 0
1852 0.7499999999996552 0.3124999999997465 0
1853 0.7499999999996759 0.3333333333330559 0
1854 0.749999999999697 0.3541666666663652 0
1855 0.7499999999997181 0.3749999999996748 0
1856 0.749999999999739 0.3958333333329842 0
1857 0.7499999999997601 0.4166666666662936 0
1858 0.749999999999781 0.437499999999603 0
1859 0.7499999999998018 0.4583333333329124 0
1860 0.7499999999998229 0.4791666666662218 0
1861 0.7499999999998438 0.4999999999995339 0
1862 0.7499999999998649 0.5208333333328697 0
1863 0.7499999999998858 0.5416666666662081 0
1864 0.7499999999999066 0.5624999999995464 0
1865 0.7499999999999275 0.5833333333328851 0
1866 0.7499999999999488 0.6041666666662231 0
1867 0.7499999999999697 0.6249999999995616 0
1868 0.7499999999999906 0.6458333333329001 0
1869 0.7500000000000114 0.6666666666662384 0
1870 0.7500000000000323 0.6874999999995769 0
1871 0.7500000000000534 0.7083333333329153 0
1872 0.7500000000000744 0.7291666666662537 0
1873 0.7500000000000953 0.7499999999995921 0
1874 0.7500000000001162 0.7708333333329306 0
1875 0.7500000000001373 0.7916666666662691 0
1876 0.7500000000001584 0.8124999999996074 0
1877 0.7500000000001792 0.8333333333329458 0
1878 0.7500000000002003 0.8541666666662844 0
1879 0.7500000000002213 0.8749999999996279 0
1880 0.7500000000002421 0.8958333333330188 0
1881 0.7500000000002632 0.9166666666664152 0
1882 0.7500000000002841 0.9374999999998112 0
1883 0.750000000000305 0.9583333333332076 0
1884 0.7500000000003261 0.9791666666666037 0
1885 0.7708333333327457 0.02083333333332289 0
1886 0.7708333333327625 0.04166666666664317 0
1887 0.7708333333327791 0.06249999999996166 0
1888 0.7708333333327962 0.08333333333328924 0
1889 0.7708333333328128 0.1041666666666179 0
1890 0.7708333333328298 0.1249999999999444 0
1891 0.7708333333328466 0.1458333333332528 0
1892 0.7708333333328633 0.1666666666665591 0
1893 0.7708333333328803 0.1874999999998654 0
1894 0.7708333333328969 0.2083333333331717 0
1895 0.7708333333329139 0.2291666666664781 0
1896 0.7708333333329305 0.2499999999997843 0
1897 0.7708333333329475 0.2708333333330908 0
1898 0.7708333333329641 0.291666666666397 0
1899 0.770833333332981 0.3124999999997035 0
1900 0.7708333333329979 0.3333333333330097 0
1901 0.7708333333330146 0.354166666666316 0
1902 0.7708333333330313 0.3749999999996222 0
1903 0.7708333333330485 0.3958333333329287 0
1904 0.7708333333330649 0.4166666666662351 0
1905 0.7708333333330818 0.4374999999995414 0
1906 0.7708333333330989 0.4583333333328476 0
1907 0.7708333333331153 0.479166666666154 0
1908 0.7708333333331322 0.4999999999994638 0
1909 0.7708333333331491 0.5208333333328029 0
1910 0.7708333333331659 0.5416666666661455 0
1911 0.7708333333331828 0.562499999999488 0
1912 0.7708333333331995 0.5833333333328307 0
1913 0.7708333333332164 0.6041666666661731 0
1914 0.7708333333332332 0.6249999999995158 0
1915 0.7708333333332501 0.6458333333328583 0
1916 0.770833333333267 0.6666666666662009 0
1917 0.7708333333332834 0.6874999999995436 0
1918 0.7708333333333005 0.708333333332886 0
1919 0.7708333333333172 0.7291666666662286 0
1920 0.770833333333334 0.7499999999995713 0
1921 0.7708333333333509 0.7708333333329137 0
1922 0.7708333333333678 0.7916666666662564 0
1923 0.7708333333333847 0.812499999999599 0
1924 0.7708333333334013 0.8333333333329414 0
1925 0.770833333333418 0.8541666666662838 0
1926 0.7708333333334348 0.8749999999996314 0
1927 0.7708333333334517 0.8958333333330222 0
1928 0.7708333333334686 0.9166666666664178 0
1929 0.7708333333334855 0.9374999999998135 0
1930 0.7708333333335021 0.9583333333332089 0
1931 0.7708333333335188 0.9791666666666045 0
1932 0.7916666666661299 0.02083333333332027 0
1933 0.7916666666661427 0.04166666666663784 0
1934 0.7916666666661551 0.06249999999995358 0
1935 0.7916666666661678 0.08333333333327868 0
1936 0.7916666666661804 0.1041666666666048 0
1937 0.7916666666661931 0.1249999999999288 0
1938 0.7916666666662059 0.1458333333332341 0
1939 0.7916666666662184 0.1666666666665375 0
1940 0.7916666666662311 0.1874999999998407 0
1941 0.791666666666244 0.2083333333331439 0
1942 0.7916666666662564 0.2291666666664472 0
1943 0.7916666666662688 0.2499999999997504 0
1944 0.7916666666662817 0.2708333333330537 0
1945 0.7916666666662941 0.2916666666663569 0
1946 0.791666666666307 0.3124999999996602 0
1947 0.7916666666663195 0.3333333333329634 0
1948 0.7916666666663321 0.3541666666662666 0
1949 0.791666666666345 0.3749999999995701 0
1950 0.7916666666663577 0.3958333333328733 0
1951 0.7916666666663701 0.4166666666661765 0
1952 0.791666666666383 0.4374999999994797 0
1953 0.7916666666663954 0.458333333332783 0
1954 0.7916666666664083 0.4791666666660862 0
1955 0.7916666666664207 0.4999999999993936 0
1956 0.7916666666664334 0.5208333333327363 0
1957 0.791666666666446 0.5416666666660829 0
1958 0.7916666666664589 0.5624999999994298 0
1959 0.7916666666664713 0.5833333333327765 0
1960 0.7916666666664842 0.6041666666661232 0
1961 0.7916666666664967 0.6249999999994701 0
1962 0.7916666666665093 0.6458333333328166 0
1963 0.791666666666522 0.6666666666661634 0
1964 0.7916666666665348 0.6874999999995101 0
1965 0.7916666666665473 0.7083333333328565 0
1966 0.7916666666665602 0.7291666666662036 0
1967 0.7916666666665726 0.7499999999995502 0
1968 0.7916666666665855 0.7708333333328971 0
1969 0.7916666666665979 0.7916666666662437 0
1970 0.7916666666666106 0.8124999999995905 0
1971 0.7916666666666232 0.8333333333329371 0
1972 0.7916666666666359 0.8541666666662838 0
1973 0.7916666666666485 0.874999999999635 0
1974 0.7916666666666612 0.8958333333330255 0
1975 0.7916666666666738 0.9166666666664205 0
1976 0.7916666666666865 0.9374999999998151 0
1977 0.7916666666666992 0.95833333333321 0
1978 0.7916666666667118 0.9791666666666049 0
1979 0.8124999999995139 0.02083333333331764 0
1980 0.8124999999995226 0.04166666666663254 0
1981 0.8124999999995308 0.06249999999994553 0
1982 0.8124999999995395 0.08333333333326809 0
1983 0.8124999999995479 0.1041666666665918 0
1984 0.8124999999995564 0.1249999999999132 0
1985 0.8124999999995648 0.1458333333332156 0
1986 0.8124999999995732 0.1666666666665158 0
1987 0.8124999999995817 0.1874999999998159 0
1988 0.8124999999995903 0.2083333333331162 0
1989 0.812499999999599 0.2291666666664163 0
1990 0.8124999999996074 0.2499999999997165 0
1991 0.8124999999996161 0.2708333333330166 0
1992 0.8124999999996241 0.2916666666663169 0
1993 0.8124999999996327 0.3124999999996171 0
1994 0.8124999999996412 0.3333333333329173 0
1995 0.8124999999996498 0.3541666666662174 0
1996 0.8124999999996585 0.3749999999995176 0
1997 0.8124999999996667 0.3958333333328178 0
1998 0.8124999999996754 0.416666666666118 0
1999 0.8124999999996838 0.4374999999994181 0
2000 0.8124999999996922 0.4583333333327183 0
2001 0.8124999999997009 0.4791666666660185 0
2002 0.8124999999997093 0.4999999999993234 0
2003 0.8124999999997178 0.5208333333326695 0
2004 0.8124999999997262 0.5416666666660203 0
2005 0.8124999999997349 0.5624999999993712 0
2006 0.8124999999997433 0.5833333333327221 0
2007 0.8124999999997518 0.604166666666073 0
2008 0.8124999999997602 0.6249999999994238 0
2009 0.8124999999997686 0.6458333333327748 0
2010 0.8124999999997773 0.6666666666661256 0
2011 0.8124999999997857 0.6874999999994765 0
2012 0.8124999999997944 0.7083333333328272 0
2013 0.8124999999998028 0.7291666666661785 0
2014 0.8124999999998113 0.7499999999995292 0
2015 0.8124999999998197 0.7708333333328802 0
2016 0.8124999999998281 0.7916666666662311 0
2017 0.8124999999998368 0.8124999999995819 0
2018 0.8124999999998452 0.8333333333329329 0
2019 0.8124999999998537 0.8541666666662835 0
2020 0.8124999999998623 0.8749999999996385 0
2021 0.8124999999998708 0.8958333333330288 0
2022 0.8124999999998792 0.9166666666664232 0
2023 0.8124999999998876 0.9374999999998174 0
2024 0.8124999999998961 0.9583333333332116 0
2025 0.8124999999999045 0.9791666666666058 0
2026 0.8333333333328981 0.02083333333331502 0
2027 0.8333333333329025 0.04166666666662721 0
2028 0.8333333333329067 0.06249999999993745 0
2029 0.833333333332911 0.08333333333325753 0
2030 0.8333333333329153 0.1041666666665787 0
2031 0.8333333333329198 0.1249999999998977 0
2032 0.8333333333329243 0.145833333333197 0
2033 0.8333333333329285 0.1666666666664942 0
2034 0.8333333333329329 0.1874999999997912 0
2035 0.833333333332937 0.2083333333330883 0
2036 0.8333333333329414 0.2291666666663855 0
2037 0.8333333333329457 0.2499999999996825 0
2038 0.8333333333329502 0.2708333333329797 0
2039 0.8333333333329545 0.2916666666662768 0
2040 0.8333333333329587 0.3124999999995739 0
2041 0.8333333333329631 0.333333333332871 0
2042 0.8333333333329673 0.3541666666661681 0
2043 0.833333333332972 0.3749999999994652 0
2044 0.833333333332976 0.3958333333327623 0
2045 0.8333333333329804 0.4166666666660594 0
2046 0.8333333333329849 0.4374999999993565 0
2047 0.8333333333329893 0.4583333333326536 0
2048 0.8333333333329933 0.4791666666659506 0
2049 0.8333333333329977 0.4999999999992533 0
2050 0.8333333333330022 0.5208333333326028 0
2051 0.8333333333330066 0.5416666666659579 0
2052 0.8333333333330109 0.562499999999313 0
2053 0.8333333333330151 0.5833333333326679 0
2054 0.8333333333330195 0.604166666666023 0
2055 0.833333333333024 0.6249999999993782 0
2056 0.8333333333330282 0.6458333333327331 0
2057 0.8333333333330324 0.6666666666660881 0
2058 0.8333333333330368 0.6874999999994432 0
2059 0.8333333333330413 0.7083333333327982 0
2060 0.8333333333330457 0.7291666666661534 0
2061 0.8333333333330502 0.7499999999995082 0
2062 0.8333333333330544 0.7708333333328633 0
2063 0.8333333333330586 0.7916666666662184 0
2064 0.833333333333063 0.8124999999995732 0
2065 0.8333333333330675 0.8333333333329285 0
2066 0.8333333333330717 0.8541666666662834 0
2067 0.8333333333330759 0.8749999999996421 0
2068 0.8333333333330804 0.8958333333330322 0
2069 0.8333333333330848 0.9166666666664256 0
2070 0.833333333333089 0.9374999999998193 0
2071 0.8333333333330932 0.9583333333332127 0
2072 0.8333333333330977 0.9791666666666066 0
2073 0.854166666666282 0.0208333333333124 0
2074 0.8541666666662825 0.04166666666662188 0
2075 0.8541666666662827 0.06249999999992939 0
2076 0.8541666666662827 0.08333333333324695 0
2077 0.8541666666662829 0.1041666666665657 0
2078 0.8541666666662829 0.1249999999998821 0
2079 0.8541666666662832 0.1458333333331784 0
2080 0.8541666666662836 0.1666666666664725 0
2081 0.8541666666662836 0.1874999999997665 0
2082 0.8541666666662838 0.2083333333330605 0
2083 0.854166666666284 0.2291666666663546 0
2084 0.8541666666662842 0.2499999999996486 0
2085 0.8541666666662843 0.2708333333329427 0
2086 0.8541666666662846 0.2916666666662367 0
2087 0.8541666666662846 0.3124999999995307 0
2088 0.8541666666662849 0.3333333333328248 0
2089 0.8541666666662853 0.3541666666661188 0
2090 0.8541666666662852 0.3749999999994127 0
2091 0.8541666666662854 0.3958333333327069 0
2092 0.8541666666662856 0.4166666666660008 0
2093 0.8541666666662858 0.4374999999992949 0
2094 0.854166666666286 0.458333333332589 0
2095 0.854166666666286 0.4791666666658829 0
2096 0.8541666666662865 0.4999999999991831 0
2097 0.8541666666662865 0.5208333333325362 0
2098 0.8541666666662867 0.5416666666658955 0
2099 0.8541666666662869 0.5624999999992546 0
2100 0.8541666666662869 0.5833333333326137 0
2101 0.8541666666662874 0.6041666666659731 0
2102 0.8541666666662874 0.6249999999993322 0
2103 0.8541666666662879 0.6458333333326913 0
2104 0.8541666666662877 0.6666666666660506 0
2105 0.8541666666662883 0.6874999999994099 0
2106 0.8541666666662883 0.7083333333327689 0
2107 0.8541666666662885 0.7291666666661281 0
2108 0.8541666666662888 0.7499999999994875 0
2109 0.8541666666662887 0.7708333333328464 0
2110 0.8541666666662892 0.7916666666662058 0
2111 0.854166666666289 0.8124999999995648 0
2112 0.8541666666662894 0.833333333332924 0
2113 0.8541666666662896 0.8541666666662834 0
2114 0.8541666666662896 0.8749999999996456 0
2115 0.85416666666629 0.8958333333330355 0
2116 0.85416666666629 0.9166666666664283 0
2117 0.8541666666662905 0.9374999999998211 0
2118 0.8541666666662905 0.9583333333332142 0
2119 0.8541666666662905 0.9791666666666071 0
2120 0.8749999999996667 0.02083333333330977 0
2121 0.8749999999996634 0.04166666666661655 0
2122 0.8749999999996598 0.06249999999992133 0
2123 0.8749999999996562 0.08333333333323638 0
2124 0.8749999999996527 0.1041666666665526 0
2125 0.8749999999996488 0.1249999999998665 0
2126 0.8749999999996456 0.1458333333331599 0
2127 0.874999999999642 0.1666666666664508 0
2128 0.8749999999996385 0.1874999999997418 0
2129 0.8749999999996348 0.2083333333330327 0
2130 0.8749999999996316 0.2291666666663237 0
2131 0.8749999999996283 0.2499999999996146 0
2132 0.8749999999996245 0.2708333333329056 0
2133 0.8749999999996207 0.2916666666661965 0
2134 0.8749999999996172 0.3124999999994875 0
2135 0.8749999999996139 0.3333333333327786 0
2136 0.8749999999996103 0.3541666666660694 0
2137 0.8749999999996068 0.3749999999993605 0
2138 0.8749999999996034 0.3958333333326514 0
2139 0.8749999999995997 0.4166666666659424 0
2140 0.8749999999995963 0.4374999999992333 0
2141 0.8749999999995928 0.4583333333325242 0
2142 0.8749999999995892 0.4791666666658152 0
2143 0.8749999999995857 0.4999999999991129 0
2144 0.8749999999995821 0.5208333333324696 0
2145 0.8749999999995786 0.5416666666658329 0
2146 0.874999999999575 0.5624999999991962 0
2147 0.8749999999995715 0.5833333333325595 0
2148 0.8749999999995681 0.6041666666659229 0
2149 0.8749999999995646 0.6249999999992862 0
2150 0.8749999999995612 0.6458333333326496 0
2151 0.8749999999995575 0.6666666666660128 0
2152 0.8749999999995541 0.6874999999993762 0
2153 0.8749999999995504 0.7083333333327396 0
2154 0.874999999999547 0.729166666666103 0
2155 0.8749999999995435 0.7499999999994665 0
2156 0.8749999999995399 0.7708333333328298 0
2157 0.8749999999995364 0.7916666666661931 0
2158 0.8749999999995328 0.8124999999995564 0
2159 0.8749999999995293 0.8333333333329198 0
2160 0.8749999999995257 0.8541666666662829 0
2161 0.8749999999995222 0.8749999999996492 0
2162 0.8749999999995188 0.8958333333330386 0
2163 0.8749999999995153 0.9166666666664309 0
2164 0.8749999999995117 0.9374999999998231 0
2165 0.8749999999995082 0.9583333333332154 0
2166 0.8749999999995048 0.9791666666666076 0
2167 0.8958333333330553 0.02083333333330715 0
2168 0.8958333333330519 0.04166666666661123 0
2169 0.8958333333330488 0.06249999999991325 0
2170 0.8958333333330453 0.08333333333322583 0
2171 0.8958333333330419 0.1041666666665396 0
2172 0.8958333333330386 0.124999999999851 0
2173 0.8958333333330354 0.1458333333331413 0
2174 0.8958333333330321 0.1666666666664291 0
2175 0.8958333333330288 0.187499999999717 0
2176 0.8958333333330252 0.2083333333330049 0
2177 0.8958333333330222 0.2291666666662928 0
2178 0.8958333333330187 0.2499999999995807 0
2179 0.8958333333330155 0.2708333333328685 0
2180 0.8958333333330122 0.2916666666661565 0
2181 0.8958333333330089 0.3124999999994443 0
2182 0.8958333333330055 0.3333333333327322 0
2183 0.8958333333330024 0.3541666666660201 0
2184 0.8958333333329991 0.3749999999993081 0
2185 0.8958333333329955 0.3958333333325958 0
2186 0.8958333333329922 0.4166666666658838 0
2187 0.8958333333329891 0.4374999999991717 0
2188 0.8958333333329858 0.4583333333324595 0
2189 0.8958333333329824 0.4791666666657475 0
2190 0.8958333333329791 0.4999999999990429 0
2191 0.8958333333329758 0.520833333332403 0
2192 0.8958333333329724 0.5416666666657702 0
2193 0.8958333333329693 0.562499999999138 0
2194 0.8958333333329658 0.5833333333325054 0
2195 0.8958333333329627 0.6041666666658727 0
2196 0.8958333333329591 0.6249999999992405 0
2197 0.895833333332956 0.6458333333326078 0
2198 0.8958333333329527 0.6666666666659755 0
2199 0.8958333333329493 0.6874999999993429 0
2200 0.8958333333329458 0.7083333333327105 0
2201 0.8958333333329427 0.7291666666660779 0
2202 0.8958333333329394 0.7499999999994454 0
2203 0.895833333332936 0.7708333333328129 0
2204 0.8958333333329329 0.7916666666661805 0
2205 0.8958333333329294 0.8124999999995479 0
2206 0.8958333333329263 0.8333333333329156 0
2207 0.8958333333329227 0.8541666666662829 0
2208 0.8958333333329196 0.8749999999996527 0
2209 0.8958333333329163 0.8958333333330419 0
2210 0.8958333333329129 0.9166666666664336 0
2211 0.8958333333329096 0.9374999999998251 0
2212 0.8958333333329063 0.9583333333332167 0
2213 0.8958333333329027 0.9791666666666085 0
2214 0.9166666666664443 0.02083333333330453 0
2215 0.9166666666664416 0.04166666666660591 0
2216 0.9166666666664389 0.06249999999990519 0
2217 0.9166666666664363 0.08333333333321526 0
2218 0.9166666666664336 0.1041666666665266 0
2219 0.916666666666431 0.1249999999998354 0
2220 0.9166666666664285 0.1458333333331227 0
2221 0.9166666666664255 0.1666666666664075 0
2222 0.9166666666664229 0.1874999999996923 0
2223 0.9166666666664203 0.2083333333329771 0
2224 0.9166666666664178 0.229166666666262 0
2225 0.9166666666664152 0.2499999999995468 0
2226 0.9166666666664125 0.2708333333328315 0
2227 0.9166666666664097 0.2916666666661163 0
2228 0.9166666666664069 0.3124999999994013 0
2229 0.9166666666664045 0.333333333332686 0
2230 0.9166666666664018 0.3541666666659707 0
2231 0.9166666666663992 0.3749999999992557 0
2232 0.9166666666663965 0.3958333333325406 0
2233 0.9166666666663938 0.4166666666658253 0
2234 0.9166666666663912 0.43749999999911 0
2235 0.9166666666663885 0.4583333333323949 0
2236 0.9166666666663859 0.4791666666656798 0
2237 0.9166666666663832 0.4999999999989727 0
2238 0.9166666666663805 0.5208333333323362 0
2239 0.9166666666663779 0.5416666666657078 0
2240 0.9166666666663752 0.5624999999990794 0
2241 0.9166666666663725 0.5833333333324512 0
2242 0.9166666666663699 0.6041666666658227 0
2243 0.9166666666663672 0.6249999999991945 0
2244 0.9166666666663645 0.6458333333325661 0
2245 0.9166666666663619 0.6666666666659378 0
2246 0.9166666666663592 0.6874999999993096 0
2247 0.9166666666663568 0.7083333333326813 0
2248 0.9166666666663541 0.7291666666660528 0
2249 0.9166666666663514 0.7499999999994243 0
2250 0.9166666666663486 0.7708333333327962 0
2251 0.9166666666663463 0.7916666666661678 0
2252 0.9166666666663434 0.8124999999995395 0
2253 0.916666666666341 0.8333333333329112 0
2254 0.9166666666663383 0.8541666666662827 0
2255 0.9166666666663357 0.8749999999996563 0
2256 0.916666666666333 0.8958333333330453 0
2257 0.9166666666663303 0.9166666666664363 0
2258 0.9166666666663277 0.9374999999998271 0
2259 0.916666666666325 0.958333333333218 0
2260 0.9166666666663223 0.9791666666666089 0
2261 0.9374999999998331 0.02083333333330191 0
2262 0.9374999999998311 0.04166666666660059 0
2263 0.9374999999998294 0.06249999999989712 0
2264 0.9374999999998271 0.08333333333320468 0
2265 0.937499999999825 0.1041666666665135 0
2266 0.9374999999998234 0.1249999999998198 0
2267 0.9374999999998211 0.1458333333331041 0
2268 0.9374999999998194 0.1666666666663858 0
2269 0.9374999999998171 0.1874999999996675 0
2270 0.9374999999998155 0.2083333333329493 0
2271 0.9374999999998134 0.2291666666662311 0
2272 0.9374999999998113 0.2499999999995128 0
2273 0.9374999999998093 0.2708333333327946 0
2274 0.9374999999998072 0.2916666666660763 0
2275 0.9374999999998055 0.312499999999358 0
2276 0.9374999999998034 0.3333333333326398 0
2277 0.9374999999998013 0.3541666666659214 0
2278 0.9374999999997993 0.3749999999992032 0
2279 0.9374999999997974 0.395833333332485 0
2280 0.9374999999997953 0.4166666666657667 0
2281 0.9374999999997933 0.4374999999990484 0
2282 0.9374999999997913 0.4583333333323303 0
2283 0.9374999999997894 0.4791666666656119 0
2284 0.9374999999997874 0.4999999999989025 0
2285 0.9374999999997854 0.5208333333322696 0
2286 0.9374999999997834 0.5416666666656454 0
2287 0.9374999999997814 0.5624999999990212 0
2288 0.9374999999997797 0.5833333333323971 0
2289 0.9374999999997774 0.6041666666657728 0
2290 0.9374999999997756 0.6249999999991486 0
2291 0.9374999999997735 0.6458333333325244 0
2292 0.9374999999997716 0.6666666666659002 0
2293 0.9374999999997696 0.687499999999276 0
2294 0.9374999999997677 0.7083333333326519 0
2295 0.9374999999997656 0.7291666666660277 0
2296 0.9374999999997636 0.7499999999994035 0
2297 0.937499999999762 0.7708333333327794 0
2298 0.9374999999997596 0.7916666666661551 0
2299 0.9374999999997574 0.812499999999531 0
2300 0.9374999999997558 0.8333333333329067 0
2301 0.9374999999997536 0.8541666666662825 0
2302 0.9374999999997516 0.8749999999996598 0
2303 0.9374999999997499 0.8958333333330486 0
2304 0.9374999999997479 0.9166666666664387 0
2305 0.9374999999997459 0.9374999999998294 0
2306 0.9374999999997436 0.9583333333332194 0
2307 0.9374999999997417 0.9791666666666098 0
2308 0.9583333333332218 0.02083333333329928 0
2309 0.9583333333332209 0.04166666666659526 0
2310 0.9583333333332196 0.06249999999988905 0
2311 0.958333333333218 0.08333333333319411 0
2312 0.9583333333332169 0.1041666666665005 0
2313 0.9583333333332156 0.1249999999998042 0
2314 0.958333333333214 0.1458333333330855 0
2315 0.9583333333332129 0.1666666666663642 0
2316 0.9583333333332116 0.1874999999996428 0
2317 0.9583333333332101 0.2083333333329215 0
2318 0.9583333333332087 0.2291666666662002 0
2319 0.9583333333332076 0.2499999999994788 0
2320 0.9583333333332062 0.2708333333327575 0
2321 0.9583333333332047 0.2916666666660362 0
2322 0.9583333333332036 0.3124999999993149 0
2323 0.9583333333332023 0.3333333333325935 0
2324 0.958333333333201 0.3541666666658721 0
2325 0.9583333333331995 0.3749999999991508 0
2326 0.9583333333331983 0.3958333333324295 0
2327 0.9583333333331969 0.4166666666657082 0
2328 0.9583333333331956 0.4374999999989869 0
2329 0.9583333333331943 0.4583333333322654 0
2330 0.9583333333331929 0.4791666666655441 0
2331 0.9583333333331916 0.4999999999988324 0
2332 0.9583333333331903 0.5208333333322027 0
2333 0.9583333333331889 0.5416666666655828 0
2334 0.9583333333331876 0.5624999999989626 0
2335 0.9583333333331863 0.5833333333323428 0
2336 0.9583333333331849 0.6041666666657226 0
2337 0.9583333333331836 0.6249999999991028 0
2338 0.9583333333331823 0.6458333333324826 0
2339 0.9583333333331809 0.6666666666658627 0
2340 0.9583333333331796 0.6874999999992425 0
2341 0.9583333333331783 0.7083333333326226 0
2342 0.9583333333331772 0.7291666666660026 0
2343 0.9583333333331758 0.7499999999993826 0
2344 0.9583333333331743 0.7708333333327625 0
2345 0.9583333333331732 0.7916666666661425 0
2346 0.9583333333331718 0.8124999999995224 0
2347 0.9583333333331703 0.8333333333329023 0
2348 0.9583333333331692 0.8541666666662823 0
2349 0.9583333333331678 0.8749999999996634 0
2350 0.9583333333331663 0.8958333333330519 0
2351 0.9583333333331652 0.9166666666664414 0
2352 0.9583333333331638 0.9374999999998311 0
2353 0.9583333333331625 0.9583333333332207 0
2354 0.9583333333331612 0.9791666666666102 0
2355 0.9791666666666109 0.02083333333329665 0
2356 0.9791666666666105 0.04166666666658993 0
2357 0.9791666666666098 0.062499999999881 0
2358 0.979166666666609 0.08333333333318356 0
2359 0.9791666666666083 0.1041666666664875 0
2360 0.9791666666666077 0.1249999999997887 0
2361 0.9791666666666069 0.1458333333330669 0
2362 0.9791666666666065 0.1666666666663425 0
2363 0.9791666666666058 0.1874999999996181 0
2364 0.9791666666666051 0.2083333333328937 0
2365 0.9791666666666045 0.2291666666661693 0
2366 0.9791666666666037 0.2499999999994448 0
2367 0.9791666666666031 0.2708333333327204 0
2368 0.9791666666666023 0.291666666665996 0
2369 0.9791666666666019 0.3124999999992717 0
2370 0.9791666666666011 0.3333333333325472 0
2371 0.9791666666666005 0.3541666666658228 0
2372 0.9791666666665998 0.3749999999990984 0
2373 0.9791666666665989 0.395833333332374 0
2374 0.9791666666665986 0.4166666666656496 0
2375 0.9791666666665978 0.4374999999989252 0
2376 0.9791666666665971 0.4583333333322008 0
2377 0.9791666666665966 0.4791666666654764 0
2378 0.9791666666665958 0.4999999999987622 0
2379 0.9791666666665951 0.5208333333321361 0
2380 0.9791666666665946 0.5416666666655202 0
2381 0.9791666666665937 0.5624999999989044 0
2382 0.9791666666665931 0.5833333333322887 0
2383 0.9791666666665925 0.6041666666656724 0
2384 0.9791666666665921 0.6249999999990566 0
2385 0.9791666666665912 0.6458333333324409 0
2386 0.9791666666665904 0.666666666665825 0
2387 0.9791666666665898 0.6874999999992092 0
2388 0.9791666666665891 0.7083333333325933 0
2389 0.9791666666665886 0.7291666666659775 0
2390 0.9791666666665877 0.7499999999993615 0
2391 0.9791666666665874 0.7708333333327456 0
2392 0.9791666666665865 0.7916666666661298 0
2393 0.9791666666665858 0.8124999999995139 0
2394 0.9791666666665853 0.8333333333328981 0
2395 0.9791666666665845 0.854166666666282 0
2396 0.979166666666584 0.8749999999996667 0
2397 0.9791666666665831 0.8958333333330553 0
2398 0.9791666666665825 0.916666666666444 0
2399 0.9791666666665818 0.9374999999998334 0
2400 0.9791666666665814 0.958333333333222 0
2401 0.9791666666665806 0.9791666666666112 0
$EndNodes
$Elements
4800
1 1 2 3 1 1 5
2 1 2 3 1 5 6
3 1 2 3 1 6 7
4 1 2 3 1 7 8
5 1 2 3 1 8 9
6 1 2 3 1 9 10
7 1 2 3 1 10 11
8 1 2 3 1 11 12
9 1 2 3 1 12 13
10 1 2 3 1 13 14
11 1 2 3 1 14 15
12 1 2 3 1 15 16
13 1 2 3 1 16 17
14 1 2 3 1 17 18
15 1 2 3 1 18 19
16 1 2 3 1 19 20
17 1 2 3 1 20 21
18 1 2 3 1 21 22
19 1 2 3 1 22 23
20 1 2 3 1 23 24
21 1 2 3 1 24 25
22 1 2 3 1 25 26
23 1 2 3 1 26 27
24 1 2 3 1 27 28
25 1 2 3 1 28 29
26 1 2 3 1 29 30
27 1 2 3 1 30 31
28 1 2 3 1 31 32
29 1 2 3 1 32 33
30 1 2 3 1 33 34
31 1 2 3 1 34 35
32 1 2 3 1 35 36
33 1 2 3 1 36 37
34 1 2 3 1 37 38
35 1 2 3 1 38 39
36 1 2 3 1 39 40
37 1 2 3 1 40 41
38 1 2 3 1 41 42
39 1 2 3 1 42 43
40 1 2 3 1 43 44
41 1 2 3 1 44 45
42 1 2 3 1 45 46
43 1 2 3 1 46 47
44 1 2 3 1 47 48
45 1 2 3 1 48 49
46 1 2 3 1 49 50
47 1 2 3 1 50 51
48 1 2 3 1 51 2
49 1 2 2 2 2 52
50 1 2 2 2 52 53
51 1 2 2 2 53 54
52 1 2 2 2 54 55
53 1 2 2 2 55 56
54 1 2 2 2 56 57
55 1 2 2 2 57 58
56 1 2 2 2 58 59
57 1 2 2 2 59 60
58 1 2 2 2 60 61
59 1 2 2 2 61 62
60 1 2 2 2 62 63
61 1 2 2 2 63 64
62 1 2 2 2 64 65
63 1 2 2 2 65 66
64 1 2 2 2 66 67
65 1 2 2 2 67 68
66 1 2 2 2 68 69
67 1 2 2 2 69 70
68 1 2 2 2 70 71
69 1 2 2 2 71 72
70 1 2 2 2 72 73
71 1 2 2 2 73 74
72 1 2 2 2 74 75
73 1 2 2 2 75 76
74 1 2 2 2 76 77
75 1 2 2 2 77 78
76 1 2 2 2 78 79
77 1 2 2 2 79 80
78 1 2 2 2 80 81
79 1 2 2 2 81 82
80 1 2 2 2 82 83
81 1 2 2 2 83 84
82 1 2 2 2 84 85
83 1 2 2 2 85 86
84 1 2 2 2 86 87
85 1 2 2 2 87 88
86 1 2 2 2 88 89
87 1 2 2 2 89 90
88 1 2 2 2 90 91
89 1 2 2 2 91 92
90 1 2 2 2 92 93
91 1 2 2 2 93 94
92 1 2 2 2 94 95
93 1 2 2 2 95 96
94 1 2 2 2 96 97
95 1 2 2 2 97 98
96 1 2 2 2 98 3
97 1 2 4 3 3 99
98 1 2 4 3 99 100
99 1 2 4 3 100 101
100 1 2 4 3 101 102
101 1 2 4 3 102 103
102 1 2 4 3 103 104
103 1 2 4 3 104 105
104 1 2 4 3 105 106
105 1 2 4 3 106 107
106 1 2 4 3 107 108
107 1 2 4 3 108 109
108 1 2 4 3 109 110
109 1 2 4 3 110 111
110 1 2 4 3 111 112
111 1 2 4 3 112 113
112 1 2 4 3 113 114
113 1 2 4 3 114 115
114 1 2 4 3 115 116
115 1 2 4 3 116 117
116 1 2 4 3 117 118
117 1 2 4 3 118 119
118 1 2 4 3 119 120
119 1 2 4 3 120 121
120 1 2 4 3 121 122
121 1 2 4 3 122 123
122 1 2 4 3 123 124
123 1 2 4 3 124 125
124 1 2 4 3 125 126
125 1 2 4 3 126 127
126 1 2 4 3 127 128
127 1 2 4 3 128 129
128 1 2 4 3 129 130
129 1 2 4 3 130 131
130 1 2 4 3 131 132
131 1 2 4 3 132 133
132 1 2 4 3 133 134
133 1 2 4 3 134 135
134 1 2 4 3 135 136
135 1 2 4 3 136 137
136 1 2 4 3 137 138
137 1 2 4 3 138 139
138 1 2 4 3 139 140
139 1 2 4 3 140 141
140 1 2 4 3 141 142
141 1 2 4 3 142 143
142 1 2 4 3 143 144
143 1 2 4 3 144 145
144 1 2 4 3 145 4
145 1 2 1 4 4 146
146 1 2 1 4 146 147
147 1 2 1 4 147 148
148 1 2 1 4 148 149
149 1 2 1 4 149 150
150 1 2 1 4 150 151
151 1 2 1 4 151 152
152 1 2 1 4 152 153
153 1 2 1 4 153 154
154 1 2 1 4 154 155
155 1 2 1 4 155 156
156 1 2 1 4 156 157
157 1 2 1 4 157 158
158 1 2 1 4 158 159
159 1 2 1 4 159 160
160 1 2 1 4 160 161
161 1 2 1 4 161 162
162 1 2 1 4 162 163
163 1 2 1 4 163 164
164 1 2 1 4 164 165
165 1 2 1 4 165 166
166 1 2 1 4 166 167
167 1 2 1 4 167 168
168 1 2 1 4 168 169
169 1 2 1 4 169 170
170 1 2 1 4 170 171
171 1 2 1 4 171 172
172 1 2 1 4 172 173
173 1 2 1 4 173 174
174 1 2 1 4 174 175
175 1 2 1 4 175 176
176 1 2 1 4 176 177
177 1 2 1 4 177 178
178 1 2 1 4 178 179
179 1 2 1 4 179 180
180 1 2 1 4 180 181
181 1 2 1 4 181 182
182 1 2 1 4 182 183
183 1 2 1 4 183 184
184 1 2 1 4 184 185
185 1 2 1 4 185 186
186 1 2 1 4 186 187
187 1 2 1 4 187 188
188 1 2 1 4 188 189
189 1 2 1 4 189 190
190 1 2 1 4 190 191
191 1 2 1 4 191 192
192 1 2 1 4 192 1
193 2 2 1 1 1 5 192
194 2 2 1 1 192 5 193
195 2 2 1 1 192 193 191
196 2 2 1 1 191 193 194
197 2 2 1 1 191 194 190
198 2 2 1 1 190 194 195
199 2 2 1 1 190 195 189
200 2 2 1 1 189 195 196
201 2 2 1 1 189 196 188
202 2 2 1 1 188 196 197
203 2 2 1 1 188 197 187
204 2 2 1 1 187 197 198
205 2 2 1 1 187 198 186
206 2 2 1 1 186 198 199
207 2 2 1 1 186 199 185
208 2 2 1 1 185 199 200
209 2 2 1 1 185 200 184
210 2 2 1 1 184 200 201
211 2 2 1 1 184 201 183
212 2 2 1 1 183 201 202
213 2 2 1 1 183 202 182
214 2 2 1 1 182 202 203
215 2 2 1 1 182 203 181
216 2 2 1 1 181 203 204
217 2 2 1 1 181 204 180
218 2 2 1 1 180 204 205
219 2 2 1 1 180 205 179
220 2 2 1 1 179 205 206
221 2 2 1 1 179 206 178
222 2 2 1 1 178 206 207
223 2 2 1 1 178 207 177
224 2 2 1 1 177 207 208
225 2 2 1 1 177 208 176
226 2 2 1 1 176 208 209
227 2 2 1 1 176 209 175
228 2 2 1 1 175 209 210
229 2 2 1 1 175 210 174
230 2 2 1 1 174 210 211
231 2 2 1 1 174 211 173
232 2 2 1 1 173 211 212
233 2 2 1 1 173 212 172
234 2 2 1 1 172 212 213
235 2 2 1 1 172 213 171
236 2 2 1 1 171 213 214
237 2 2 1 1 171 214 170
238 2 2 1 1 170 214 215
239 2 2 1 1 170 215 169
240 2 2 1 1 169 215 216
241 2 2 1 1 169 216 168
242 2 2 1 1 168 216 217
243 2 2 1 1 168 217 167
244 2 2 1 1 167 217 218
245 2 2 1 1 167 218 166
246 2 2 1 1 166 218 219
247 2 2 1 1 166 219 165
248 2 2 1 1 165 219 220
249 2 2 1 1 165 220 164
250 2 2 1 1 164 220 221
251 2 2 1 1 164 221 163
252 2 2 1 1 163 221 222
253 2 2 1 1 163 222 162
254 2 2 1 1 162 222 223
255 2 2 1 1 162 223 161
256 2 2 1 1 161 223 224
257 2 2 1 1 161 224 160
258 2 2 1 1 160 224 225
259 2 2 1 1 160 225 159
260 2 2 1 1 159 225 226
261 2 2 1 1 159 226 158
262 2 2 1 1 158 226 227
263 2 2 1 1 158 227 157
264 2 2 1 1 157 227 228
265 2 2 1 1 157 228 156
266 2 2 1 1 156 228 229
267 2 2 1 1 156 229 155
268 2 2 1 1 155 229 230
269 2 2 1 1 155 230 154
270 2 2 1 1 154 230 231
271 2 2 1 1 154 231 153
272 2 2 1 1 153 231 232
273 2 2 1 1 153 232 152
274 2 2 1 1 152 232 233
275 2 2 1 1 152 233 151
276 2 2 1 1 151 233 234
277 2 2 1 1 151 234 150
278 2 2 1 1 150 234 235
279 2 2 1 1 150 235 149
280 2 2 1 1 149 235 236
281 2 2 1 1 149 236 148
282 2 2 1 1 148 236 237
283 2 2 1 1 148 237 147
284 2 2 1 1 147 237 238
285 2 2 1 1 147 238 146
286 2 2 1 1 146 238 239
287 2 2 1 1 146 239 4
288 2 2 1 1 4 239 145
289 2 2 1 1 5 6 193
290 2 2 1 1 193 6 240
291 2 2 1 1 193 240 194
292 2 2 1 1 194 240 241
293 2 2 1 1 194 241 195
294 2 2 1 1 195 241 242
295 2 2 1 1 195 242 196
296 2 2 1 1 196 242 243
297 2 2 1 1 196 243 197
298 2 2 1 1 197 243 244
299 2 2 1 1 197 244 198
300 2 2 1 1 198 244 245
301 2 2 1 1 198 245 199
302 2 2 1 1 199 245 246
303 2 2 1 1 199 246 200
304 2 2 1 1 200 246 247
305 2 2 1 1 200 247 201
306 2 2 1 1 201 247 248
307 2 2 1 1 201 248 202
308 2 2 1 1 202 248 249
309 2 2 1 1 202 249 203
310 2 2 1 1 203 249 250
311 2 2 1 1 203 250 204
312 2 2 1 1 204 250 251
313 2 2 1 1 204 251 205
314 2 2 1 1 205 251 252
315 2 2 1 1 205 252 206
316 2 2 1 1 206 252 253
317 2 2 1 1 206 253 207
318 2 2 1 1 207 253 254
319 2 2 1 1 207 254 208
320 2 2 1 1 208 254 255
321 2 2 1 1 208 255 209
322 2 2 1 1 209 255 256
323 2 2 1 1 209 256 210
324 2 2 1 1 210 256 257
325 2 2 1 1 210 257 211
326 2 2 1 1 211 257 258
327 2 2 1 1 211 258 212
328 2 2 1 1 212 258 259
329 2 2 1 1 212 259 213
330 2 2 1 1 213 259 260
331 2 2 1 1 213 260 214
332 2 2 1 1 214 260 261
333 2 2 1 1 214 261 215
334 2 2 1 1 215 261 262
335 2 2 1 1 215 262 216
336 2 2 1 1 216 262 263
337 2 2 1 1 216 263 217
338 2 2 1 1 217 263 264
339 2 2 1 1 217 264 218
340 2 2 1 1 218 264 265
341 2 2 1 1 218 265 219
342 2 2 1 1 219 265 266
343 2 2 1 1 219 266 220
344 2 2 1 1 220 266 267
345 2 2 1 1 220 267 221
346 2 2 1 1 221 267 268
347 2 2 1 1 221 268 222
348 2 2 1 1 222 268 269
349 2 2 1 1 222 269 223
350 2 2 1 1 223 269 270
351 2 2 1 1 223 270 224
352 2 2 1 1 224 270 271
353 2 2 1 1 224 271 225
354 2 2 1 1 225 271 272
355 2 2 1 1 225 272 226
356 2 2 1 1 226 272 273
357 2 2 1 1 226 273 227
358 2 2 1 1 227 273 274
359 2 2 1 1 227 274 228
360 2 2 1 1 228 274 275
361 2 2 1 1 228 275 229
362 2 2 1 1 229 275 276
363 2 2 1 1 229 276 230
364 2 2 1 1 230 276 277
365 2 2 1 1 230 277 231
366 2 2 1 1 231 277 278
367 2 2 1 1 231 278 232
368 2 2 1 1 232 278 279
369 2 2 1 1 232 279 233
370 2 2 1 1 233 279 280
371 2 2 1 1 233 280 234
372 2 2 1 1 234 280 281
373 2 2 1 1 234 281 235
374 2 2 1 1 235 281 282
375 2 2 1 1 235 282 236
376 2 2 1 1 236 282 283
377 2 2 1 1 236 283 237
378 2 2 1 1 237 283 284
379 2 2 1 1 237 284 238
380 2 2 1 1 238 284 285
381 2 2 1 1 238 285 239
382 2 2 1 1 239 285 286
383 2 2 1 1 239 286 145
384 2 2 1 1 145 286 144
385 2 2 1 1 6 7 240
386 2 2 1 1 240 7 287
387 2 2 1 1 240 287 241
388 2 2 1 1 241 287 288
389 2 2 1 1 241 288 242
390 2 2 1 1 242 288 289
391 2 2 1 1 242 289 243
392 2 2 1 1 243 289 290
393 2 2 1 1 243 290 244
394 2 2 1 1 244 290 291
395 2 2 1 1 244 291 245
396 2 2 1 1 245 291 292
397 2 2 1 1 245 292 246
398 2 2 1 1 246 292 293
399 2 2 1 1 246 293 247
400 2 2 1 1 247 293 294
401 2 2 1 1 247 294 248
402 2 2 1 1 248 294 295
403 2 2 1 1 248 295 249
404 2 2 1 1 249 295 296
405 2 2 1 1 249 296 250
406 2 2 1 1 250 296 297
407 2 2 1 1 250 297 251
408 2 2 1 1 251 297 298
409 2 2 1 1 251 298 252
410 2 2 1 1 252 298 299
411 2 2 1 1 252 299 253
412 2 2 1 1 253 299 300
413 2 2 1 1 253 300 254
414 2 2 1 1 254 300 301
415 2 2 1 1 254 301 255
416 2 2 1 1 255 301 302
417 2 2 1 1 255 302 256
418 2 2 1 1 256 302 303
419 2 2 1 1 256 303 257
420 2 2 1 1 257 303 304
421 2 2 1 1 257 304 258
422 2 2 1 1 258 304 305
423 2 2 1 1 258 305 259
424 2 2 1 1 259 305 306
425 2 2 1 1 259 306 260
426 2 2 1 1 260 306 307
427 2 2 1 1 260 307 261
428 2 2 1 1 261 307 308
429 2 2 1 1 261 308 262
430 2 2 1 1 262 308 309
431 2 2 1 1 262 309 263
432 2 2 1 1 263 309 310
433 2 2 1 1 263 310 264
434 2 2 1 1 264 310 311
435 2 2 1 1 264 311 265
436 2 2 1 1 265 311 312
437 2 2 1 1 265 312 266
438 2 2 1 1 266 312 313
439 2 2 1 1 266 313 267
440 2 2 1 1 267 313 314
441 2 2 1 1 267 314 268
442 2 2 1 1 268 314 315
443 2 2 1 1 268 315 269
444 2 2 1 1 269 315 316
445 2 2 1 1 269 316 270
446 2 2 1 1 270 316 317
447 2 2 1 1 270 317 271
448 2 2 1 1 271 317 318
449 2 2 1 1 271 318 272
450 2 2 1 1 272 318 319
451 2 2 1 1 272 319 273
452 2 2 1 1 273 319 320
453 2 2 1 1 273 320 274
454 2 2 1 1 274 320 321
455 2 2 1 1 274 321 275
456 2 2 1 1 275 321 322
457 2 2 1 1 275 322 276
458 2 2 1 1 276 322 323
459 2 2 1 1 276 323 277
460 2 2 1 1 277 323 324
461 2 2 1 1 277 324 278
462 2 2 1 1 278 324 325
463 2 2 1 1 278 325 279
464 2 2 1 1 279 325 326
465 2 2 1 1 279 326 280
466 2 2 1 1 280 326 327
467 2 2 1 1 280 327 281
468 2 2 1 1 281 327 328
469 2 2 1 1 281 328 282
470 2 2 1 1 282 328 329
471 2 2 1 1 282 329 283
472 2 2 1 1 283 329 330
473 2 2 1 1 283 330 284
474 2 2 1 1 284 330 331
475 2 2 1 1 284 331 285
476 2 2 1 1 285 331 332
477 2 2 1 1 285 332 286
478 2 2 1 1 286 332 333
479 2 2 1 1 286 333 144
480 2 2 1 1 144 333 143
481 2 2 1 1 7 8 287
482 2 2 1 1 287 8 334
483 2 2 1 1 287 334 288
484 2 2 1 1 288 334 335
485 2 2 1 1 288 335 289
486 2 2 1 1 289 335 336
487 2 2 1 1 289 336 290
488 2 2 1 1 290 336 337
489 2 2 1 1 290 337 291
490 2 2 1 1 291 337 338
491 2 2 1 1 291 338 292
492 2 2 1 1 292 338 339
493 2 2 1 1 292 339 293
494 2 2 1 1 293 339 340
495 2 2 1 1 293 340 294
496 2 2 1 1 294 340 341
497 2 2 1 1 294 341 295
498 2 2 1 1 295 341 342
499 2 2 1 1 295 342 296
500 2 2 1 1 296 342 343
501 2 2 1 1 296 343 297
502 2 2 1 1 297 343 344
503 2 2 1 1 297 344 298
504 2 2 1 1 298 344 345
505 2 2 1 1 298 345 299
506 2 2 1 1 299 345 346
507 2 2 1 1 299 346 300
508 2 2 1 1 300 346 347
509 2 2 1 1 300 347 301
510 2 2 1 1 301 347 348
511 2 2 1 1 301 348 302
512 2 2 1 1 302 348 349
513 2 2 1 1 302 349 303
514 2 2 1 1 303 349 350
515 2 2 1 1 303 350 304
516 2 2 1 1 304 350 351
517 2 2 1 1 304 351 305
518 2 2 1 1 305 351 352
519 2 2 1 1 305 352 306
520 2 2 1 1 306 352 353
521 2 2 1 1 306 353 307
522 2 2 1 1 307 353 354
523 2 2 1 1 307 354 308
524 2 2 1 1 308 354 355
525 2 2 1 1 308 355 309
526 2 2 1 1 309 355 356
527 2 2 1 1 309 356 310
528 2 2 1 1 310 356 357
529 2 2 1 1 310 357 311
530 2 2 1 1 311 357 358
531 2 2 1 1 311 358 312
532 2 2 1 1 312 358 359
533 2 2 1 1 312 359 313
534 2 2 1 1 313 359 360
535 2 2 1 1 313 360 314
536 2 2 1 1 314 360 361
537 2 2 1 1 314 361 315
538 2 2 1 1 315 361 362
539 2 2 1 1 315 362 316
540 2 2 1 1 316 362 363
541 2 2 1 1 316 363 317
542 2 2 1 1 317 363 364
543 2 2 1 1 317 364 318
544 2 2 1 1 318 364 365
545 2 2 1 1 318 365 319
546 2 2 1 1 319 365 366
547 2 2 1 1 319 366 320
548 2 2 1 1 320 366 367
549 2 2 1 1 320 367 321
550 2 2 1 1 321 367 368
551 2 2 1 1 321 368 322
552 2 2 1 1 322 368 369
553 2 2 1 1 322 369 323
554 2 2 1 1 323 369 370
555 2 2 1 1 323 370 324
556 2 2 1 1 324 370 371
557 2 2 1 1 324 371 325
558 2 2 1 1 325 371 372
559 2 2 1 1 325 372 326
560 2 2 1 1 326 372 373
561 2 2 1 1 326 373 327
562 2 2 1 1 327 373 374
563 2 2 1 1 327 374 328
564 2 2 1 1 328 374 375
565 2 2 1 1 328 375 329
566 2 2 1 1 329 375 376
567 2 2 1 1 329 376 330
568 2 2 1 1 330 376 377
569 2 2 1 1 330 377 331
570 2 2 1 1 331 377 378
571 2 2 1 1 331 378 332
572 2 2 1 1 332 378 379
573 2 2 1 1 332 379 333
574 2 2 1 1 333 379 380
575 2 2 1 1 333 380 143
576 2 2 1 1 143 380 142
577 2 2 1 1 8 9 334
578 2 2 1 1 334 9 381
579 2 2 1 1 334 381 335
580 2 2 1 1 335 381 382
581 2 2 1 1 335 382 336
582 2 2 1 1 336 382 383
583 2 2 1 1 336 383 337
584 2 2 1 1 337 383 384
585 2 2 1 1 337 384 338
586 2 2 1 1 338 384 385
587 2 2 1 1 338 385 339
588 2 2 1 1 339 385 386
589 2 2 1 1 339 386 340
590 2 2 1 1 340 386 387
591 2 2 1 1 340 387 341
592 2 2 1 1 341 387 388
593 2 2 1 1 341 388 342
594 2 2 1 1 342 388 389
595 2 2 1 1 342 389 343
596 2 2 1 1 343 389 390
597 2 2 1 1 343 390 344
598 2 2 1 1 344 390 391
599 2 2 1 1 344 391 345
600 2 2 1 1 345 391 392
601 2 2 1 1 345 392 346
602 2 2 1 1 346 392 393
603 2 2 1 1 346 393 347
604 2 2 1 1 347 393 394
605 2 2 1 1 347 394 348
606 2 2 1 1 348 394 395
607 2 2 1 1 348 395 349
608 2 2 1 1 349 395 396
609 2 2 1 1 349 396 350
610 2 2 1 1 350 396 397
611 2 2 1 1 350 397 351
612 2 2 1 1 351 397 398
613 2 2 1 1 351 398 352
614 2 2 1 1 352 398 399
615 2 2 1 1 352 399 353
616 2 2 1 1 353 399 400
617 2 2 1 1 353 400 354
618 2 2 1 1 354 400 401
619 2 2 1 1 354 401 355
620 2 2 1 1 355 401 402
621 2 2 1 1 355 402 356
622 2 2 1 1 356 402 403
623 2 2 1 1 356 403 357
624 2 2 1 1 357 403 404
625 2 2 1 1 357 404 358
626 2 2 1 1 358 404 405
627 2 2 1 1 358 405 359
628 2 2 1 1 359 405 406
629 2 2 1 1 359 406 360
630 2 2 1 1 360 406 407
631 2 2 1 1 360 407 361
632 2 2 1 1 361 407 408
633 2 2 1 1 361 408 362
634 2 2 1 1 362 408 409
635 2 2 1 1 362 409 363
636 2 2 1 1 363 409 410
637 2 2 1 1 363 410 364
638 2 2 1 1 364 410 411
639 2 2 1 1 364 411 365
640 2 2 1 1 365 411 412
641 2 2 1 1 365 412 366
642 2 2 1 1 366 412 413
643 2 2 1 1 366 413 367
644 2 2 1 1 367 413 414
645 2 2 1 1 367 414 368
646 2 2 1 1 368 414 415
647 2 2 1 1 368 415 369
648 2 2 1 1 369 415 416
649 2 2 1 1 369 416 370
650 2 2 1 1 370 416 417
651 2 2 1 1 370 417 371
652 2 2 1 1 371 417 418
653 2 2 1 1 371 418 372
654 2 2 1 1 372 418 419
655 2 2 1 1 372 419 373
656 2 2 1 1 373 419 420
657 2 2 1 1 373 420 374
658 2 2 1 1 374 420 421
659 2 2 1 1 374 421 375
660 2 2 1 1 375 421 422
661 2 2 1 1 375 422 376
662 2 2 1 1 376 422 423
663 2 2 1 1 376 423 377
664 2 2 1 1 377 423 424
665 2 2 1 1 377 424 378
666 2 2 1 1 378 424 425
667 2 2 1 1 378 425 379
668 2 2 1 1 379 425 426
669 2 2 1 1 379 426 380
670 2 2 1 1 380 426 427
671 2 2 1 1 380 427 142
672 2 2 1 1 142 427 141
673 2 2 1 1 9 10 381
674 2 2 1 1 381 10 428
675 2 2 1 1 381 428 382
676 2 2 1 1 382 428 429
677 2 2 1 1 382 429 383
678 2 2 1 1 383 429 430
679 2 2 1 1 383 430 384
680 2 2 1 1 384 430 431
681 2 2 1 1 384 431 385
682 2 2 1 1 385 431 432
683 2 2 1 1 385 432 386
684 2 2 1 1 386 432 433
685 2 2 1 1 386 433 387
686 2 2 1 1 387 433 434
687 2 2 1 1 387 434 388
688 2 2 1 1 388 434 435
689 2 2 1 1 388 435 389
690 2 2 1 1 389 435 436
691 2 2 1 1 389 436 390
692 2 2 1 1 390 436 437
693 2 2 1 1 390 437 391
694 2 2 1 1 391 437 438
695 2 2 1 1 391 438 392
696 2 2 1 1 392 438 439
697 2 2 1 1 392 439 393
698 2 2 1 1 393 439 440
699 2 2 1 1 393 440 394
700 2 2 1 1 394 440 441
701 2 2 1 1 394 441 395
702 2 2 1 1 395 441 442
703 2 2 1 1 395 442 396
704 2 2 1 1 396 442 443
705 2 2 1 1 396 443 397
706 2 2 1 1 397 443 444
707 2 2 1 1 397 444 398
708 2 2 1 1 398 444 445
709 2 2 1 1 398 445 399
710 2 2 1 1 399 445 446
711 2 2 1 1 399 446 400
712 2 2 1 1 400 446 447
713 2 2 1 1 400 447 401
714 2 2 1 1 401 447 448
715 2 2 1 1 401 448 402
716 2 2 1 1 402 448 449
717 2 2 1 1 402 449 403
718 2 2 1 1 403 449 450
719 2 2 1 1 403 450 404
720 2 2 1 1 404 450 451
721 2 2 1 1 404 451 405
722 2 2 1 1 405 451 452
723 2 2 1 1 405 452 406
724 2 2 1 1 406 452 453
725 2 2 1 1 406 453 407
726 2 2 1 1 407 453 454
727 2 2 1 1 407 454 408
728 2 2 1 1 408 454 455
729 2 2 1 1 408 455 409
730 2 2 1 1 409 455 456
731 2 2 1 1 409 456 410
732 2 2 1 1 410 456 457
733 2 2 1 1 410 457 411
734 2 2 1 1 411 457 458
735 2 2 1 1 411 458 412
736 2 2 1 1 412 458 459
737 2 2 1 1 412 459 413
738 2 2 1 1 413 459 460
739 2 2 1 1 413 460 414
740 2 2 1 1 414 460 461
741 2 2 1 1 414 461 415
742 2 2 1 1 415 461 462
743 2 2 1 1 415 462 416
744 2 2 1 1 416 462 463
745 2 2 1 1 416 463 417
746 2 2 1 1 417 463 464
747 2 2 1 1 417 464 418
748 2 2 1 1 418 464 465
749 2 2 1 1 418 465 419
750 2 2 1 1 419 465 466
751 2 2 1 1 419 466 420
752 2 2 1 1 420 466 467
753 2 2 1 1 420 467 421
754 2 2 1 1 421 467 468
755 2 2 1 1 421 468 422
756 2 2 1 1 422 468 469
757 2 2 1 1 422 469 423
758 2 2 1 1 423 469 470
759 2 2 1 1 423 470 424
760 2 2 1 1 424 470 471
761 2 2 1 1 424 471 425
762 2 2 1 1 425 471 472
763 2 2 1 1 425 472 426
764 2 2 1 1 426 472 473
765 2 2 1 1 426 473 427
766 2 2 1 1 427 473 474
767 2 2 1 1 427 474 141
768 2 2 1 1 141 474 140
769 2 2 1 1 10 11 428
770 2 2 1 1 428 11 475
771 2 2 1 1 428 475 429
772 2 2 1 1 429 475 476
773 2 2 1 1 429 476 430
774 2 2 1 1 430 476 477
775 2 2 1 1 430 477 431
776 2 2 1 1 431 477 478
777 2 2 1 1 431 478 432
778 2 2 1 1 432 478 479
779 2 2 1 1 432 479 433
780 2 2 1 1 433 479 480
781 2 2 1 1 433 480 434
782 2 2 1 1 434 480 481
783 2 2 1 1 434 481 435
784 2 2 1 1 435 481 482
785 2 2 1 1 435 482 436
786 2 2 1 1 436 482 483
787 2 2 1 1 436 483 437
788 2 2 1 1 437 483 484
789 2 2 1 1 437 484 438
790 2 2 1 1 438 484 485
791 2 2 1 1 438 485 439
792 2 2 1 1 439 485 486
793 2 2 1 1 439 486 440
794 2 2 1 1 440 486 487
795 2 2 1 1 440 487 441
796 2 2 1 1 441 487 488
797 2 2 1 1 441 488 442
798 2 2 1 1 442 488 489
799 2 2 1 1 442 489 443
800 2 2 1 1 443 489 490
801 2 2 1 1 443 490 444
802 2 2 1 1 444 490 491
803 2 2 1 1 444 491 445
804 2 2 1 1 445 491 492
805 2 2 1 1 445 492 446
806 2 2 1 1 446 492 493
807 2 2 1 1 446 493 447
808 2 2 1 1 447 493 494
809 2 2 1 1 447 494 448
810 2 2 1 1 448 494 495
811 2 2 1 1 448 495 449
812 2 2 1 1 449 495 496
813 2 2 1 1 449 496 450
814 2 2 1 1 450 496 497
815 2 2 1 1 450 497 451
816 2 2 1 1 451 497 498
817 2 2 1 1 451 498 452
818 2 2 1 1 452 498 499
819 2 2 1 1 452 499 453
820 2 2 1 1 453 499 500
821 2 2 1 1 453 500 454
822 2 2 1 1 454 500 501
823 2 2 1 1 454 501 455
824 2 2 1 1 455 501 502
825 2 2 1 1 455 502 456
826 2 2 1 1 456 502 503
827 2 2 1 1 456 503 457
828 2 2 1 1 457 503 504
829 2 2 1 1 457 504 458
830 2 2 1 1 458 504 505
831 2 2 1 1 458 505 459
832 2 2 1 1 459 505 506
833 2 2 1 1 459 506 460
834 2 2 1 1 460 506 507
835 2 2 1 1 460 507 461
836 2 2 1 1 461 507 508
837 2 2 1 1 461 508 462
838 2 2 1 1 462 508 509
839 2 2 1 1 462 509 463
840 2 2 1 1 463 509 510
841 2 2 1 1 463 510 464
842 2 2 1 1 464 510 511
843 2 2 1 1 464 511 465
844 2 2 1 1 465 511 512
845 2 2 1 1 465 512 466
846 2 2 1 1 466 512 513
847 2 2 1 1 466 513 467
848 2 2 1 1 467 513 514
849 2 2 1 1 467 514 468
850 2 2 1 1 468 514 515
851 2 2 1 1 468 515 469
852 2 2 1 1 469 515 516
853 2 2 1 1 469 516 470
854 2 2 1 1 470 516 517
855 2 2 1 1 470 517 471
856 2 2 1 1 471 517 518
857 2 2 1 1 471 518 472
858 2 2 1 1 472 518 519
859 2 2 1 1 472 519 473
860 2 2 1 1 473 519 520
861 2 2 1 1 473 520 474
862 2 2 1 1 474 520 521
863 2 2 1 1 474 521 140
864 2 2 1 1 140 521 139
865 2 2 1 1 11 12 475
866 2 2 1 1 475 12 522
867 2 2 1 1 475 522 476
868 2 2 1 1 476 522 523
869 2 2 1 1 476 523 477
870 2 2 1 1 477 523 524
871 2 2 1 1 477 524 478
872 2 2 1 1 478 524 525
873 2 2 1 1 478 525 479
874 2 2 1 1 479 525 526
875 2 2 1 1 479 526 480
876 2 2 1 1 480 526 527
877 2 2 1 1 480 527 481
878 2 2 1 1 481 527 528
879 2 2 1 1 481 528 482
880 2 2 1 1 482 528 529
881 2 2 1 1 482 529 483
882 2 2 1 1 483 529 530
883 2 2 1 1 483 530 484
884 2 2 1 1 484 530 531
885 2 2 1 1 484 531 485
886 2 2 1 1 485 531 532
887 2 2 1 1 485 532 486
888 2 2 1 1 486 532 533
889 2 2 1 1 486 533 487
890 2 2 1 1 487 533 534
891 2 2 1 1 487 534 488
892 2 2 1 1 488 534 535
893 2 2 1 1 488 535 489
894 2 2 1 1 489 535 536
895 2 2 1 1 489 536 490
896 2 2 1 1 490 536 537
897 2 2 1 1 490 537 491
898 2 2 1 1 491 537 538
899 2 2 1 1 491 538 492
900 2 2 1 1 492 538 539
901 2 2 1 1 492 539 493
902 2 2 1 1 493 539 540
903 2 2 1 1 493 540 494
904 2 2 1 1 494 540 541
905 2 2 1 1 494 541 495
906 2 2 1 1 495 541 542
907 2 2 1 1 495 542 496
908 2 2 1 1 496 542 543
909 2 2 1 1 496 543 497
910 2 2 1 1 497 543 544
911 2 2 1 1 497 544 498
912 2 2 1 1 498 544 545
913 2 2 1 1 498 545 499
914 2 2 1 1 499 545 546
915 2 2 1 1 499 546 500
916 2 2 1 1 500 546 547
917 2 2 1 1 500 547 501
918 2 2 1 1 501 547 548
919 2 2 1 1 501 548 502
920 2 2 1 1 502 548 549
921 2 2 1 1 502 549 503
922 2 2 1 1 503 549 550
923 2 2 1 1 503 550 504
924 2 2 1 1 504 550 551
925 2 2 1 1 504 551 505
926 2 2 1 1 505 551 552
927 2 2 1 1 505 552 506
928 2 2 1 1 506 552 553
929 2 2 1 1 506 553 507
930 2 2 1 1 507 553 554
931 2 2 1 1 507 554 508
932 2 2 1 1 508 554 555
933 2 2 1 1 508 555 509
934 2 2 1 1 509 555 556
935 2 2 1 1 509 556 510
936 2 2 1 1 510 556 557
937 2 2 1 1 510 557 511
938 2 2 1 1 511 557 558
939 2 2 1 1 511 558 512
940 2 2 1 1 512 558 559
941 2 2 1 1 512 559 513
942 2 2 1 1 513 559 560
943 2 2 1 1 513 560 514
944 2 2 1 1 514 560 561
945 2 2 1 1 514 561 515
946 2 2 1 1 515 561 562
947 2 2 1 1 515 562 516
948 2 2 1 1 516 562 563
949 2 2 1 1 516 563 517
950 2 2 1 1 517 563 564
951 2 2 1 1 517 564 518
952 2 2 1 1 518 564 565
953 2 2 1 1 518 565 519
954 2 2 1 1 519 565 566
955 2 2 1 1 519 566 520
956 2 2 1 1 520 566 567
957 2 2 1 1 520 567 521
958 2 2 1 1 521 567 568
959 2 2 1 1 521 568 139
960 2 2 1 1 139 568 138
961 2 2 1 1 12 13 522
962 2 2 1 1 522 13 569
963 2 2 1 1 522 569 523
964 2 2 1 1 523 569 570
965 2 2 1 1 523 570 524
966 2 2 1 1 524 570 571
967 2 2 1 1 524 571 525
968 2 2 1 1 525 571 572
969 2 2 1 1 525 572 526
970 2 2 1 1 526 572 573
971 2 2 1 1 526 573 527
972 2 2 1 1 527 573 574
973 2 2 1 1 527 574 528
974 2 2 1 1 528 574 575
975 2 2 1 1 528 575 529
976 2 2 1 1 529 575 576
977 2 2 1 1 529 576 530
978 2 2 1 1 530 576 577
979 2 2 1 1 530 577 531
980 2 2 1 1 531 577 578
981 2 2 1 1 531 578 532
982 2 2 1 1 532 578 579
983 2 2 1 1 532 579 533
984 2 2 1 1 533 579 580
985 2 2 1 1 533 580 534
986 2 2 1 1 534 580 581
987 2 2 1 1 534 581 535
988 2 2 1 1 535 581 582
989 2 2 1 1 535 582 536
990 2 2 1 1 536 582 583
991 2 2 1 1 536 583 537
992 2 2 1 1 537 583 584
993 2 2 1 1 537 584 538
994 2 2 1 1 538 584 585
995 2 2 1 1 538 585 539
996 2 2 1 1 539 585 586
997 2 2 1 1 539 586 540
998 2 2 1 1 540 586 587
999 2 2 1 1 540 587 541
1000 2 2 1 1 541 587 588
1001 2 2 1 1 541 588 542
1002 2 2 1 1 542 588 589
1003 2 2 1 1 542 589 543
1004 2 2 1 1 543 589 590
1005 2 2 1 1 543 590 544
1006 2 2 1 1 544 590 591
1007 2 2 1 1 544 591 545
1008 2 2 1 1 545 591 592
1009 2 2 1 1 545 592 546
1010 2 2 1 1 546 592 593
1011 2 2 1 1 546 593 547
1012 2 2 1 1 547 593 594
1013 2 2 1 1 547 594 548
1014 2 2 1 1 548 594 595
1015 2 2 1 1 548 595 549
1016 2 2 1 1 549 595 596
1017 2 2 1 1 549 596 550
1018 2 2 1 1 550 596 597
1019 2 2 1 1 550 597 551
1020 2 2 1 1 551 597 598
1021 2 2 1 1 551 598 552
1022 2 2 1 1 552 598 599
1023 2 2 1 1 552 599 553
1024 2 2 1 1 553 599 600
1025 2 2 1 1 553 600 554
1026 2 2 1 1 554 600 601
1027 2 2 1 1 554 601 555
1028 2 2 1 1 555 601 602
1029 2 2 1 1 555 602 556
1030 2 2 1 1 556 602 603
1031 2 2 1 1 556 603 557
1032 2 2 1 1 557 603 604
1033 2 2 1 1 557 604 558
1034 2 2 1 1 558 604 605
1035 2 2 1 1 558 605 559
1036 2 2 1 1 559 605 606
1037 2 2 1 1 559 606 560
1038 2 2 1 1 560 606 607
1039 2 2 1 1 560 607 561
1040 2 2 1 1 561 607 608
1041 2 2 1 1 561 608 562
1042 2 2 1 1 562 608 609
1043 2 2 1 1 562 609 563
1044 2 2 1 1 563 609 610
1045 2 2 1 1 563 610 564
1046 2 2 1 1 564 610 611
1047 2 2 1 1 564 611 565
1048 2 2 1 1 565 611 612
1049 2 2 1 1 565 612 566
1050 2 2 1 1 566 612 613
1051 2 2 1 1 566 613 567
1052 2 2 1 1 567 613 614
1053 2 2 1 1 567 614 568
1054 2 2 1 1 568 614 615
1055 2 2 1 1 568 615 138
1056 2 2 1 1 138 615 137
1057 2 2 1 1 13 14 569
1058 2 2 1 1 569 14 616
1059 2 2 1 1 569 616 570
1060 2 2 1 1 570 616 617
1061 2 2 1 1 570 617 571
1062 2 2 1 1 571 617 618
1063 2 2 1 1 571 618 572
1064 2 2 1 1 572 618 619
1065 2 2 1 1 572 619 573
1066 2 2 1 1 573 619 620
1067 2 2 1 1 573 620 574
1068 2 2 1 1 574 620 621
1069 2 2 1 1 574 621 575
1070 2 2 1 1 575 621 622
1071 2 2 1 1 575 622 576
1072 2 2 1 1 576 622 623
1073 2 2 1 1 576 623 577
1074 2 2 1 1 577 623 624
1075 2 2 1 1 577 624 578
1076 2 2 1 1 578 624 625
1077 2 2 1 1 578 625 579
1078 2 2 1 1 579 625 626
1079 2 2 1 1 579 626 580
1080 2 2 1 1 580 626 627
1081 2 2 1 1 580 627 581
1082 2 2 1 1 581 627 628
1083 2 2 1 1 581 628 582
1084 2 2 1 1 582 628 629
1085 2 2 1 1 582 629 583
1086 2 2 1 1 583 629 630
1087 2 2 1 1 583 630 584
1088 2 2 1 1 584 630 631
1089 2 2 1 1 584 631 585
1090 2 2 1 1 585 631 632
1091 2 2 1 1 585 632 586
1092 2 2 1 1 586 632 633
1093 2 2 1 1 586 633 587
1094 2 2 1 1 587 633 634
1095 2 2 1 1 587 634 588
1096 2 2 1 1 588 634 635
1097 2 2 1 1 588 635 589
1098 2 2 1 1 589 635 636
1099 2 2 1 1 589 636 590
1100 2 2 1 1 590 636 637
1101 2 2 1 1 590 637 591
1102 2 2 1 1 591 637 638
1103 2 2 1 1 591 638 592
1104 2 2 1 1 592 638 639
1105 2 2 1 1 592 639 593
1106 2 2 1 1 593 639 640
1107 2 2 1 1 593 640 594
1108 2 2 1 1 594 640 641
1109 2 2 1 1 594 641 595
1110 2 2 1 1 595 641 642
1111 2 2 1 1 595 642 596
1112 2 2 1 1 596 642 643
1113 2 2 1 1 596 643 597
1114 2 2 1 1 597 643 644
1115 2 2 1 1 597 644 598
1116 2 2 1 1 598 644 645
1117 2 2 1 1 598 645 599
1118 2 2 1 1 599 645 646
1119 2 2 1 1 599 646 600
1120 2 2 1 1 600 646 647
1121 2 2 1 1 600 647 601
1122 2 2 1 1 601 647 648
1123 2 2 1 1 601 648 602
1124 2 2 1 1 602 648 649
1125 2 2 1 1 602 649 603
1126 2 2 1 1 603 649 650
1127 2 2 1 1 603 650 604
1128 2 2 1 1 604 650 651
1129 2 2 1 1 604 651 605
1130 2 2 1 1 605 651 652
1131 2 2 1 1 605 652 606
1132 2 2 1 1 606 652 653
1133 2 2 1 1 606 653 607
1134 2 2 1 1 607 653 654
1135 2 2 1 1 607 654 608
1136 2 2 1 1 608 654 655
1137 2 2 1 1 608 655 609
1138 2 2 1 1 609 655 656
1139 2 2 1 1 609 656 610
1140 2 2 1 1 610 656 657
1141 2 2 1 1 610 657 611
1142 2 2 1 1 611 657 658
1143 2 2 1 1 611 658 612
1144 2 2 1 1 612 658 659
1145 2 2 1 1 612 659 613
1146 2 2 1 1 613 659 660
1147 2 2 1 1 613 660 614
1148 2 2 1 1 614 660 661
1149 2 2 1 1 614 661 615
1150 2 2 1 1 615 661 662
1151 2 2 1 1 615 662 137
1152 2 2 1 1 137 662 136
1153 2 2 1 1 14 15 616
1154 2 2 1 1 616 15 663
1155 2 2 1 1 616 663 617
1156 2 2 1 1 617 663 664
1157 2 2 1 1 617 664 618
1158 2 2 1 1 618 664 665
1159 2 2 1 1 618 665 619
1160 2 2 1 1 619 665 666
1161 2 2 1 1 619 666 620
1162 2 2 1 1 620 666 667
1163 2 2 1 1 620 667 621
1164 2 2 1 1 621 667 668
1165 2 2 1 1 621 668 622
1166 2 2 1 1 622 668 669
1167 2 2 1 1 622 669 623
1168 2 2 1 1 623 669 670
1169 2 2 1 1 623 670 624
1170 2 2 1 1 624 670 671
1171 2 2 1 1 624 671 625
1172 2 2 1 1 625 671 672
1173 2 2 1 1 625 672 626
1174 2 2 1 1 626 672 673
1175 2 2 1 1 626 673 627
1176 2 2 1 1 627 673 674
1177 2 2 1 1 627 674 628
1178 2 2 1 1 628 674 675
1179 2 2 1 1 628 675 629
1180 2 2 1 1 629 675 676
1181 2 2 1 1 629 676 630
1182 2 2 1 1 630 676 677
1183 2 2 1 1 630 677 631
1184 2 2 1 1 631 677 678
1185 2 2 1 1 631 678 632
1186 2 2 1 1 632 678 679
1187 2 2 1 1 632 679 633
1188 2 2 1 1 633 679 680
1189 2 2 1 1 633 680 634
1190 2 2 1 1 634 680 681
1191 2 2 1 1 634 681 635
1192 2 2 1 1 635 681 682
1193 2 2 1 1 635 682 636
1194 2 2 1 1 636 682 683
1195 2 2 1 1 636 683 637
1196 2 2 1 1 637 683 684
1197 2 2 1 1 637 684 638
1198 2 2 1 1 638 684 685
1199 2 2 1 1 638 685 639
1200 2 2 1 1 639 685 686
1201 2 2 1 1 639 686 640
1202 2 2 1 1 640 686 687
1203 2 2 1 1 640 687 641
1204 2 2 1 1 641 687 688
1205 2 2 1 1 641 688 642
1206 2 2 1 1 642 688 689
1207 2 2 1 1 642 689 643
1208 2 2 1 1 643 689 690
1209 2 2 1 1 643 690 644
1210 2 2 1 1 644 690 691
1211 2 2 1 1 644 691 645
1212 2 2 1 1 645 691 692
1213 2 2 1 1 645 692 646
1214 2 2 1 1 646 692 693
1215 2 2 1 1 646 693 647
1216 2 2 1 1 647 693 694
1217 2 2 1 1 647 694 648
1218 2 2 1 1 648 694 695
1219 2 2 1 1 648 695 649
1220 2 2 1 1 649 695 696
1221 2 2 1 1 649 696 650
1222 2 2 1 1 650 696 697
1223 2 2 1 1 650 697 651
1224 2 2 1 1 651 697 698
1225 2 2 1 1 651 698 652
1226 2 2 1 1 652 698 699
1227 2 2 1 1 652 699 653
1228 2 2 1 1 653 699 700
1229 2 2 1 1 653 700 654
1230 2 2 1 1 654 700 701
1231 2 2 1 1 654 701 655
1232 2 2 1 1 655 701 702
1233 2 2 1 1 655 702 656
1234 2 2 1 1 656 702 703
1235 2 2 1 1 656 703 657
1236 2 2 1 1 657 703 704
1237 2 2 1 1 657 704 658
1238 2 2 1 1 658 704 705
1239 2 2 1 1 658 705 659
1240 2 2 1 1 659 705 706
1241 2 2 1 1 659 706 660
1242 2 2 1 1 660 706 707
1243 2 2 1 1 660 707 661
1244 2 2 1 1 661 707 708
1245 2 2 1 1 661 708 662
1246 2 2 1 1 662 708 709
1247 2 2 1 1 662 709 136
1248 2 2 1 1 136 709 135
1249 2 2 1 1 15 16 663
1250 2 2 1 1 663 16 710
1251 2 2 1 1 663 710 664
1252 2 2 1 1 664 710 711
1253 2 2 1 1 664 711 665
1254 2 2 1 1 665 711 712
1255 2 2 1 1 665 712 666
1256 2 2 1 1 666 712 713
1257 2 2 1 1 666 713 667
1258 2 2 1 1 667 713 714
1259 2 2 1 1 667 714 668
1260 2 2 1 1 668 714 715
1261 2 2 1 1 668 715 669
1262 2 2 1 1 669 715 716
1263 2 2 1 1 669 716 670
1264 2 2 1 1 670 716 717
1265 2 2 1 1 670 717 671
1266 2 2 1 1 671 717 718
1267 2 2 1 1 671 718 672
1268 2 2 1 1 672 718 719
1269 2 2 1 1 672 719 673
1270 2 2 1 1 673 719 720
1271 2 2 1 1 673 720 674
1272 2 2 1 1 674 720 721
1273 2 2 1 1 674 721 675
1274 2 2 1 1 675 721 722
1275 2 2 1 1 675 722 676
1276 2 2 1 1 676 722 723
1277 2 2 1 1 676 723 677
1278 2 2 1 1 677 723 724
1279 2 2 1 1 677 724 678
1280 2 2 1 1 678 724 725
1281 2 2 1 1 678 725 679
1282 2 2 1 1 679 725 726
1283 2 2 1 1 679 726 680
1284 2 2 1 1 680 726 727
1285 2 2 1 1 680 727 681
1286 2 2 1 1 681 727 728
1287 2 2 1 1 681 728 682
1288 2 2 1 1 682 728 729
1289 2 2 1 1 682 729 683
1290 2 2 1 1 683 729 730
1291 2 2 1 1 683 730 684
1292 2 2 1 1 684 730 731
1293 2 2 1 1 684 731 685
1294 2 2 1 1 685 731 732
1295 2 2 1 1 685 732 686
1296 2 2 1 1 686 732 733
1297 2 2 1 1 686 733 687
1298 2 2 1 1 687 733 734
1299 2 2 1 1 687 734 688
1300 2 2 1 1 688 734 735
1301 2 2 1 1 688 735 689
1302 2 2 1 1 689 735 736
1303 2 2 1 1 689 736 690
1304 2 2 1 1 690 736 737
1305 2 2 1 1 690 737 691
1306 2 2 1 1 691 737 738
1307 2 2 1 1 691 738 692
1308 2 2 1 1 692 738 739
1309 2 2 1 1 692 739 693
1310 2 2 1 1 693 739 740
1311 2 2 1 1 693 740 694
1312 2 2 1 1 694 740 741
1313 2 2 1 1 694 741 695
1314 2 2 1 1 695 741 742
1315 2 2 1 1 695 742 696
1316 2 2 1 1 696 742 743
1317 2 2 1 1 696 743 697
1318 2 2 1 1 697 743 744
1319 2 2 1 1 697 744 698
1320 2 2 1 1 698 744 745
1321 2 2 1 1 698 745 699
1322 2 2 1 1 699 745 746
1323 2 2 1 1 699 746 700
1324 2 2 1 1 700 746 747
1325 2 2 1 1 700 747 701
1326 2 2 1 1 701 747 748
1327 2 2 1 1 701 748 702
1328 2 2 1 1 702 748 749
1329 2 2 1 1 702 749 703
1330 2 2 1 1 703 749 750
1331 2 2 1 1 703 750 704
1332 2 2 1 1 704 750 751
1333 2 2 1 1 704 751 705
1334 2 2 1 1 705 751 752
1335 2 2 1 1 705 752 706
1336 2 2 1 1 706 752 753
1337 2 2 1 1 706 753 707
1338 2 2 1 1 707 753 754
1339 2 2 1 1 707 754 708
1340 2 2 1 1 708 754 755
1341 2 2 1 1 708 755 709
1342 2 2 1 1 709 755 756
1343 2 2 1 1 709 756 135
1344 2 2 1 1 135 756 134
1345 2 2 1 1 16 17 710
1346 2 2 1 1 710 17 757
1347 2 2 1 1 710 757 711
1348 2 2 1 1 711 757 758
1349 2 2 1 1 711 758 712
1350 2 2 1 1 712 758 759
1351 2 2 1 1 712 759 713
1352 2 2 1 1 713 759 760
1353 2 2 1 1 713 760 714
1354 2 2 1 1 714 760 761
1355 2 2 1 1 714 761 715
1356 2 2 1 1 715 761 762
1357 2 2 1 1 715 762 716
1358 2 2 1 1 716 762 763
1359 2 2 1 1 716 763 717
1360 2 2 1 1 717 763 764
1361 2 2 1 1 717 764 718
1362 2 2 1 1 718 764 765
1363 2 2 1 1 718 765 719
1364 2 2 1 1 719 765 766
1365 2 2 1 1 719 766 720
1366 2 2 1 1 720 766 767
1367 2 2 1 1 720 767 721
1368 2 2 1 1 721 767 768
1369 2 2 1 1 721 768 722
1370 2 2 1 1 722 768 769
1371 2 2 1 1 722 769 723
1372 2 2 1 1 723 769 770
1373 2 2 1 1 723 770 724
1374 2 2 1 1 724 770 771
1375 2 2 1 1 724 771 725
1376 2 2 1 1 725 771 772
1377 2 2 1 1 725 772 726
1378 2 2 1 1 726 772 773
1379 2 2 1 1 726 773 727
1380 2 2 1 1 727 773 774
1381 2 2 1 1 727 774 728
1382 2 2 1 1 728 774 775
1383 2 2 1 1 728 775 729
1384 2 2 1 1 729 775 776
1385 2 2 1 1 729 776 730
1386 2 2 1 1 730 776 777
1387 2 2 1 1 730 777 731
1388 2 2 1 1 731 777 778
1389 2 2 1 1 731 778 732
1390 2 2 1 1 732 778 779
1391 2 2 1 1 732 779 733
1392 2 2 1 1 733 779 780
1393 2 2 1 1 733 780 734
1394 2 2 1 1 734 780 781
1395 2 2 1 1 734 781 735
1396 2 2 1 1 735 781 782
1397 2 2 1 1 735 782 736
1398 2 2 1 1 736 782 783
1399 2 2 1 1 736 783 737
1400 2 2 1 1 737 783 784
1401 2 2 1 1 737 784 738
1402 2 2 1 1 738 784 785
1403 2 2 1 1 738 785 739
1404 2 2 1 1 739 785 786
1405 2 2 1 1 739 786 740
1406 2 2 1 1 740 786 787
1407 2 2 1 1 740 787 741
1408 2 2 1 1 741 787 788
1409 2 2 1 1 741 788 742
1410 2 2 1 1 742 788 789
1411 2 2 1 1 742 789 743
1412 2 2 1 1 743 789 790
1413 2 2 1 1 743 790 744
1414 2 2 1 1 744 790 791
1415 2 2 1 1 744 791 745
1416 2 2 1 1 745 791 792
1417 2 2 1 1 745 792 746
1418 2 2 1 1 746 792 793
1419 2 2 1 1 746 793 747
1420 2 2 1 1 747 793 794
1421 2 2 1 1 747 794 748
1422 2 2 1 1 748 794 795
1423 2 2 1 1 748 795 749
1424 2 2 1 1 749 795 796
1425 2 2 1 1 749 796 750
1426 2 2 1 1 750 796 797
1427 2 2 1 1 750 797 751
1428 2 2 1 1 751 797 798
1429 2 2 1 1 751 798 752
1430 2 2 1 1 752 798 799
1431 2 2 1 1 752 799 753
1432 2 2 1 1 753 799 800
1433 2 2 1 1 753 800 754
1434 2 2 1 1 754 800 801
1435 2 2 1 1 754 801 755
1436 2 2 1 1 755 801 802
1437 2 2 1 1 755 802 756
1438 2 2 1 1 756 802 803
1439 2 2 1 1 756 803 134
1440 2 2 1 1 134 803 133
1441 2 2 1 1 17 18 757
1442 2 2 1 1 757 18 804
1443 2 2 1 1 757 804 758
1444 2 2 1 1 758 804 805
1445 2 2 1 1 758 805 759
1446 2 2 1 1 759 805 806
1447 2 2 1 1 759 806 760
1448 2 2 1 1 760 806 807
1449 2 2 1 1 760 807 761
1450 2 2 1 1 761 807 808
1451 2 2 1 1 761 808 762
1452 2 2 1 1 762 808 809
1453 2 2 1 1 762 809 763
1454 2 2 1 1 763 809 810
1455 2 2 1 1 763 810 764
1456 2 2 1 1 764 810 811
1457 2 2 1 1 764 811 765
1458 2 2 1 1 765 811 812
1459 2 2 1 1 765 812 766
1460 2 2 1 1 766 812 813
1461 2 2 1 1 766 813 767
1462 2 2 1 1 767 813 814
1463 2 2 1 1 767 814 768
1464 2 2 1 1 768 814 815
1465 2 2 1 1 768 815 769
1466 2 2 1 1 769 815 816
1467 2 2 1 1 769 816 770
1468 2 2 1 1 770 816 817
1469 2 2 1 1 770 817 771
1470 2 2 1 1 771 817 818
1471 2 2 1 1 771 818 772
1472 2 2 1 1 772 818 819
1473 2 2 1 1 772 819 773
1474 2 2 1 1 773 819 820
1475 2 2 1 1 773 820 774
1476 2 2 1 1 774 820 821
1477 2 2 1 1 774 821 775
1478 2 2 1 1 775 821 822
1479 2 2 1 1 775 822 776
1480 2 2 1 1 776 822 823
1481 2 2 1 1 776 823 777
1482 2 2 1 1 777 823 824
1483 2 2 1 1 777 824 778
1484 2 2 1 1 778 824 825
1485 2 2 1 1 778 825 779
1486 2 2 1 1 779 825 826
1487 2 2 1 1 779 826 780
1488 2 2 1 1 780 826 827
1489 2 2 1 1 780 827 781
1490 2 2 1 1 781 827 828
1491 2 2 1 1 781 828 782
1492 2 2 1 1 782 828 829
1493 2 2 1 1 782 829 783
1494 2 2 1 1 783 829 830
1495 2 2 1 1 783 830 784
1496 2 2 1 1 784 830 831
1497 2 2 1 1 784 831 785
1498 2 2 1 1 785 831 832
1499 2 2 1 1 785 832 786
1500 2 2 1 1 786 832 833
1501 2 2 1 1 786 833 787
1502 2 2 1 1 787 833 834
1503 2 2 1 1 787 834 788
1504 2 2 1 1 788 834 835
1505 2 2 1 1 788 835 789
1506 2 2 1 1 789 835 836
1507 2 2 1 1 789 836 790
1508 2 2 1 1 790 836 837
1509 2 2 1 1 790 837 791
1510 2 2 1 1 791 837 838
1511 2 2 1 1 791 838 792
1512 2 2 1 1 792 838 839
1513 2 2 1 1 792 839 793
1514 2 2 1 1 793 839 840
1515 2 2 1 1 793 840 794
1516 2 2 1 1 794 840 841
1517 2 2 1 1 794 841 795
1518 2 2 1 1 795 841 842
1519 2 2 1 1 795 842 796
1520 2 2 1 1 796 842 843
1521 2 2 1 1 796 843 797
1522 2 2 1 1 797 843 844
1523 2 2 1 1 797 844 798
1524 2 2 1 1 798 844 845
1525 2 2 1 1 798 845 799
1526 2 2 1 1 799 845 846
1527 2 2 1 1 799 846 800
1528 2 2 1 1 800 846 847
1529 2 2 1 1 800 847 801
1530 2 2 1 1 801 847 848
1531 2 2 1 1 801 848 802
1532 2 2 1 1 802 848 849
1533 2 2 1 1 802 849 803
1534 2 2 1 1 803 849 850
1535 2 2 1 1 803 850 133
1536 2 2 1 1 133 850 132
1537 2 2 1 1 18 19 804
1538 2 2 1 1 804 19 851
1539 2 2 1 1 804 851 805
1540 2 2 1 1 805 851 852
1541 2 2 1 1 805 852 806
1542 2 2 1 1 806 852 853
1543 2 2 1 1 806 853 807
1544 2 2 1 1 807 853 854
1545 2 2 1 1 807 854 808
1546 2 2 1 1 808 854 855
1547 2 2 1 1 808 855 809
1548 2 2 1 1 809 855 856
1549 2 2 1 1 809 856 810
1550 2 2 1 1 810 856 857
1551 2 2 1 1 810 857 811
1552 2 2 1 1 811 857 858
1553 2 2 1 1 811 858 812
1554 2 2 1 1 812 858 859
1555 2 2 1 1 812 859 813
1556 2 2 1 1 813 859 860
1557 2 2 1 1 813 860 814
1558 2 2 1 1 814 860 861
1559 2 2 1 1 814 861 815
1560 2 2 1 1 815 861 862
1561 2 2 1 1 815 862 816
1562 2 2 1 1 816 862 863
1563 2 2 1 1 816 863 817
1564 2 2 1 1 817 863 864
1565 2 2 1 1 817 864 818
1566 2 2 1 1 818 864 865
1567 2 2 1 1 818 865 819
1568 2 2 1 1 819 865 866
1569 2 2 1 1 819 866 820
1570 2 2 1 1 820 866 867
1571 2 2 1 1 820 867 821
1572 2 2 1 1 821 867 868
1573 2 2 1 1 821 868 822
1574 2 2 1 1 822 868 869
1575 2 2 1 1 822 869 823
1576 2 2 1 1 823 869 870
1577 2 2 1 1 823 870 824
1578 2 2 1 1 824 870 871
1579 2 2 1 1 824 871 825
1580 2 2 1 1 825 871 872
1581 2 2 1 1 825 872 826
1582 2 2 1 1 826 872 873
1583 2 2 1 1 826 873 827
1584 2 2 1 1 827 873 874
1585 2 2 1 1 827 874 828
1586 2 2 1 1 828 874 875
1587 2 2 1 1 828 875 829
1588 2 2 1 1 829 875 876
1589 2 2 1 1 829 876 830
1590 2 2 1 1 830 876 877
1591 2 2 1 1 830 877 831
1592 2 2 1 1 831 877 878
1593 2 2 1 1 831 878 832
1594 2 2 1 1 832 878 879
1595 2 2 1 1 832 879 833
1596 2 2 1 1 833 879 880
1597 2 2 1 1 833 880 834
1598 2 2 1 1 834 880 881
1599 2 2 1 1 834 881 835
1600 2 2 1 1 835 881 882
1601 2 2 1 1 835 882 836
1602 2 2 1 1 836 882 883
1603 2 2 1 1 836 883 837
1604 2 2 1 1 837 883 884
1605 2 2 1 1 837 884 838
1606 2 2 1 1 838 884 885
1607 2 2 1 1 838 885 839
1608 2 2 1 1 839 885 886
1609 2 2 1 1 839 886 840
1610 2 2 1 1 840 886 887
1611 2 2 1 1 840 887 841
1612 2 2 1 1 841 887 888
1613 2 2 1 1 841 888 842
1614 2 2 1 1 842 888 889
1615 2 2 1 1 842 889 843
1616 2 2 1 1 843 889 890
1617 2 2 1 1 843 890 844
1618 2 2 1 1 844 890 891
1619 2 2 1 1 844 891 845
1620 2 2 1 1 845 891 892
1621 2 2 1 1 845 892 846
1622 2 2 1 1 846 892 893
1623 2 2 1 1 846 893 847
1624 2 2 1 1 847 893 894
1625 2 2 1 1 847 894 848
1626 2 2 1 1 848 894 895
1627 2 2 1 1 848 895 849
1628 2 2 1 1 849 895 896
1629 2 2 1 1 849 896 850
1630 2 2 1 1 850 896 897
1631 2 2 1 1 850 897 132
1632 2 2 1 1 132 897 131
1633 2 2 1 1 19 20 851
1634 2 2 1 1 851 20 898
1635 2 2 1 1 851 898 852
1636 2 2 1 1 852 898 899
1637 2 2 1 1 852 899 853
1638 2 2 1 1 853 899 900
1639 2 2 1 1 853 900 854
1640 2 2 1 1 854 900 901
1641 2 2 1 1 854 901 855
1642 2 2 1 1 855 901 902
1643 2 2 1 1 855 902 856
1644 2 2 1 1 856 902 903
1645 2 2 1 1 856 903 857
1646 2 2 1 1 857 903 904
1647 2 2 1 1 857 904 858
1648 2 2 1 1 858 904 905
1649 2 2 1 1 858 905 859
1650 2 2 1 1 859 905 906
1651 2 2 1 1 859 906 860
1652 2 2 1 1 860 906 907
1653 2 2 1 1 860 907 861
1654 2 2 1 1 861 907 908
1655 2 2 1 1 861 908 862
1656 2 2 1 1 862 908 909
1657 2 2 1 1 862 909 863
1658 2 2 1 1 863 909 910
1659 2 2 1 1 863 910 864
1660 2 2 1 1 864 910 911
1661 2 2 1 1 864 911 865
1662 2 2 1 1 865 911 912
1663 2 2 1 1 865 912 866
1664 2 2 1 1 866 912 913
1665 2 2 1 1 866 913 867
1666 2 2 1 1 867 913 914
1667 2 2 1 1 867 914 868
1668 2 2 1 1 868 914 915
1669 2 2 1 1 868 915 869
1670 2 2 1 1 869 915 916
1671 2 2 1 1 869 916 870
1672 2 2 1 1 870 916 917
1673 2 2 1 1 870 917 871
1674 2 2 1 1 871 917 918
1675 2 2 1 1 871 918 872
1676 2 2 1 1 872 918 919
1677 2 2 1 1 872 919 873
1678 2 2 1 1 873 919 920
1679 2 2 1 1 873 920 874
1680 2 2 1 1 874 920 921
1681 2 2 1 1 874 921 875
1682 2 2 1 1 875 921 922
1683 2 2 1 1 875 922 876
1684 2 2 1 1 876 922 923
1685 2 2 1 1 876 923 877
1686 2 2 1 1 877 923 924
1687 2 2 1 1 877 924 878
1688 2 2 1 1 878 924 925
1689 2 2 1 1 878 925 879
1690 2 2 1 1 879 925 926
1691 2 2 1 1 879 926 880
1692 2 2 1 1 880 926 927
1693 2 2 1 1 880 927 881
1694 2 2 1 1 881 927 928
1695 2 2 1 1 881 928 882
1696 2 2 1 1 882 928 929
1697 2 2 1 1 882 929 883
1698 2 2 1 1 883 929 930
1699 2 2 1 1 883 930 884
1700 2 2 1 1 884 930 931
1701 2 2 1 1 884 931 885
1702 2 2 1 1 885 931 932
1703 2 2 1 1 885 932 886
1704 2 2 1 1 886 932 933
1705 2 2 1 1 886 933 887
1706 2 2 1 1 887 933 934
1707 2 2 1 1 887 934 888
1708 2 2 1 1 888 934 935
1709 2 2 1 1 888 935 889
1710 2 2 1 1 889 935 936
1711 2 2 1 1 889 936 890
1712 2 2 1 1 890 936 937
1713 2 2 1 1 890 937 891
1714 2 2 1 1 891 937 938
1715 2 2 1 1 891 938 892
1716 2 2 1 1 892 938 939
1717 2 2 1 1 892 939 893
1718 2 2 1 1 893 939 940
1719 2 2 1 1 893 940 894
1720 2 2 1 1 894 940 941
1721 2 2 1 1 894 941 895
1722 2 2 1 1 895 941 942
1723 2 2 1 1 895 942 896
1724 2 2 1 1 896 942 943
1725 2 2 1 1 896 943 897
1726 2 2 1 1 897 943 944
1727 2 2 1 1 897 944 131
1728 2 2 1 1 131 944 130
1729 2 2 1 1 20 21 898
1730 2 2 1 1 898 21 945
1731 2 2 1 1 898 945 899
1732 2 2 1 1 899 945 946
1733 2 2 1 1 899 946 900
1734 2 2 1 1 900 946 947
1735 2 2 1 1 900 947 901
1736 2 2 1 1 901 947 948
1737 2 2 1 1 901 948 902
1738 2 2 1 1 902 948 949
1739 2 2 1 1 902 949 903
1740 2 2 1 1 903 949 950
1741 2 2 1 1 903 950 904
1742 2 2 1 1 904 950 951
1743 2 2 1 1 904 951 905
1744 2 2 1 1 905 951 952
1745 2 2 1 1 905 952 906
1746 2 2 1 1 906 952 953
1747 2 2 1 1 906 953 907
1748 2 2 1 1 907 953 954
1749 2 2 1 1 907 954 908
1750 2 2 1 1 908 954 955
1751 2 2 1 1 908 955 909
1752 2 2 1 1 909 955 956
1753 2 2 1 1 909 956 910
1754 2 2 1 1 910 956 957
1755 2 2 1 1 910 957 911
1756 2 2 1 1 911 957 958
1757 2 2 1 1 911 958 912
1758 2 2 1 1 912 958 959
1759 2 2 1 1 912 959 913
1760 2 2 1 1 913 959 960
1761 2 2 1 1 913 960 914
1762 2 2 1 1 914 960 961
1763 2 2 1 1 914 961 915
1764 2 2 1 1 915 961 962
1765 2 2 1 1 915 962 916
1766 2 2 1 1 916 962 963
1767 2 2 1 1 916 963 917
1768 2 2 1 1 917 963 964
1769 2 2 1 1 917 964 918
1770 2 2 1 1 918 964 965
1771 2 2 1 1 918 965 919
1772 2 2 1 1 919 965 966
1773 2 2 1 1 919 966 920
1774 2 2 1 1 920 966 967
1775 2 2 1 1 920 967 921
1776 2 2 1 1 921 967 968
1777 2 2 1 1 921 968 922
1778 2 2 1 1 922 968 969
1779 2 2 1 1 922 969 923
1780 2 2 1 1 923 969 970
1781 2 2 1 1 923 970 924
1782 2 2 1 1 924 970 971
1783 2 2 1 1 924 971 925
1784 2 2 1 1 925 971 972
1785 2 2 1 1 925 972 926
1786 2 2 1 1 926 972 973
1787 2 2 1 1 926 973 927
1788 2 2 1 1 927 973 974
1789 2 2 1 1 927 974 928
1790 2 2 1 1 928 974 975
1791 2 2 1 1 928 975 929
1792 2 2 1 1 929 975 976
1793 2 2 1 1 929 976 930
1794 2 2 1 1 930 976 977
1795 2 2 1 1 930 977 931
1796 2 2 1 1 931 977 978
1797 2 2 1 1 931 978 932
1798 2 2 1 1 932 978 979
1799 2 2 1 1 932 979 933
1800 2 2 1 1 933 979 980
1801 2 2 1 1 933 980 934
1802 2 2 1 1 934 980 981
1803 2 2 1 1 934 981 935
1804 2 2 1 1 935 981 982
1805 2 2 1 1 935 982 936
1806 2 2 1 1 936 982 983
1807 2 2 1 1 936 983 937
1808 2 2 1 1 937 983 984
1809 2 2 1 1 937 984 938
1810 2 2 1 1 938 984 985
1811 2 2 1 1 938 985 939
1812 2 2 1 1 939 985 986
1813 2 2 1 1 939 986 940
1814 2 2 1 1 940 986 987
1815 2 2 1 1 940 987 941
1816 2 2 1 1 941 987 988
1817 2 2 1 1 941 988 942
1818 2 2 1 1 942 988 989
1819 2 2 1 1 942 989 943
1820 2 2 1 1 943 989 990
1821 2 2 1 1 943 990 944
1822 2 2 1 1 944 990 991
1823 2 2 1 1 944 991 130
1824 2 2 1 1 130 991 129
1825 2 2 1 1 21 22 945
1826 2 2 1 1 945 22 992
1827 2 2 1 1 945 992 946
1828 2 2 1 1 946 992 993
1829 2 2 1 1 946 993 947
1830 2 2 1 1 947 993 994
1831 2 2 1 1 947 994 948
1832 2 2 1 1 948 994 995
1833 2 2 1 1 948 995 949
1834 2 2 1 1 949 995 996
1835 2 2 1 1 949 996 950
1836 2 2 1 1 950 996 997
1837 2 2 1 1 950 997 951
1838 2 2 1 1 951 997 998
1839 2 2 1 1 951 998 952
1840 2 2 1 1 952 998 999
1841 2 2 1 1 952 999 953
1842 2 2 1 1 953 999 1000
1843 2 2 1 1 953 1000 954
1844 2 2 1 1 954 1000 1001
1845 2 2 1 1 954 1001 955
1846 2 2 1 1 955 1001 1002
1847 2 2 1 1 955 1002 956
1848 2 2 1 1 956 1002 1003
1849 2 2 1 1 956 1003 957
1850 2 2 1 1 957 1003 1004
1851 2 2 1 1 957 1004 958
1852 2 2 1 1 958 1004 1005
1853 2 2 1 1 958 1005 959
1854 2 2 1 1 959 1005 1006
1855 2 2 1 1 959 1006 960
1856 2 2 1 1 960 1006 1007
1857 2 2 1 1 960 1007 961
1858 2 2 1 1 961 1007 1008
1859 2 2 1 1 961 1008 962
1860 2 2 1 1 962 1008 1009
1861 2 2 1 1 962 1009 963
1862 2 2 1 1 963 1009 1010
1863 2 2 1 1 963 1010 964
1864 2 2 1 1 964 1010 1011
1865 2 2 1 1 964 1011 965
1866 2 2 1 1 965 1011 1012
1867 2 2 1 1 965 1012 966
1868 2 2 1 1 966 1012 1013
1869 2 2 1 1 966 1013 967
1870 2 2 1 1 967 1013 1014
1871 2 2 1 1 967 1014 968
1872 2 2 1 1 968 1014 1015
1873 2 2 1 1 968 1015 969
1874 2 2 1 1 969 1015 1016
1875 2 2 1 1 969 1016 970
1876 2 2 1 1 970 1016 1017
1877 2 2 1 1 970 1017 971
1878 2 2 1 1 971 1017 1018
1879 2 2 1 1 971 1018 972
1880 2 2 1 1 972 1018 1019
1881 2 2 1 1 972 1019 973
1882 2 2 1 1 973 1019 1020
1883 2 2 1 1 973 1020 974
1884 2 2 1 1 974 1020 1021
1885 2 2 1 1 974 1021 975
1886 2 2 1 1 975 1021 1022
1887 2 2 1 1 975 1022 976
1888 2 2 1 1 976 1022 1023
1889 2 2 1 1 976 1023 977
1890 2 2 1 1 977 1023 1024
1891 2 2 1 1 977 1024 978
1892 2 2 1 1 978 1024 1025
1893 2 2 1 1 978 1025 979
1894 2 2 1 1 979 1025 1026
1895 2 2 1 1 979 1026 980
1896 2 2 1 1 980 1026 1027
1897 2 2 1 1 980 1027 981
1898 2 2 1 1 981 1027 1028
1899 2 2 1 1 981 1028 982
1900 2 2 1 1 982 1028 1029
1901 2 2 1 1 982 1029 983
1902 2 2 1 1 983 1029 1030
1903 2 2 1 1 983 1030 984
1904 2 2 1 1 984 1030 1031
1905 2 2 1 1 984 1031 985
1906 2 2 1 1 985 1031 1032
1907 2 2 1 1 985 1032 986
1908 2 2 1 1 986 1032 1033
1909 2 2 1 1 986 1033 987
1910 2 2 1 1 987 1033 1034
1911 2 2 1 1 987 1034 988
1912 2 2 1 1 988 1034 1035
1913 2 2 1 1 988 1035 989
1914 2 2 1 1 989 1035 1036
1915 2 2 1 1 989 1036 990
1916 2 2 1 1 990 1036 1037
1917 2 2 1 1 990 1037 991
1918 2 2 1 1 991 1037 1038
1919 2 2 1 1 991 1038 129
1920 2 2 1 1 129 1038 128
1921 2 2 1 1 22 23 992
1922 2 2 1 1 992 23 1039
1923 2 2 1 1 992 1039 993
1924 2 2 1 1 993 1039 1040
1925 2 2 1 1 993 1040 994
1926 2 2 1 1 994 1040 1041
1927 2 2 1 1 994 1041 995
1928 2 2 1 1 995 1041 1042
1929 2 2 1 1 995 1042 996
1930 2 2 1 1 996 1042 1043
1931 2 2 1 1 996 1043 997
1932 2 2 1 1 997 1043 1044
1933 2 2 1 1 997 1044 998
1934 2 2 1 1 998 1044 1045
1935 2 2 1 1 998 1045 999
1936 2 2 1 1 999 1045 1046
1937 2 2 1 1 999 1046 1000
1938 2 2 1 1 1000 1046 1047
1939 2 2 1 1 1000 1047 1001
1940 2 2 1 1 1001 1047 1048
1941 2 2 1 1 1001 1048 1002
1942 2 2 1 1 1002 1048 1049
1943 2 2 1 1 1002 1049 1003
1944 2 2 1 1 1003 1049 1050
1945 2 2 1 1 1003 1050 1004
1946 2 2 1 1 1004 1050 1051
1947 2 2 1 1 1004 1051 1005
1948 2 2 1 1 1005 1051 1052
1949 2 2 1 1 1005 1052 1006
1950 2 2 1 1 1006 1052 1053
1951 2 2 1 1 1006 1053 1007
1952 2 2 1 1 1007 1053 1054
1953 2 2 1 1 1007 1054 1008
1954 2 2 1 1 1008 1054 1055
1955 2 2 1 1 1008 1055 1009
1956 2 2 1 1 1009 1055 1056
1957 2 2 1 1 1009 1056 1010
1958 2 2 1 1 1010 1056 1057
1959 2 2 1 1 1010 1057 1011
1960 2 2 1 1 1011 1057 1058
1961 2 2 1 1 1011 1058 1012
1962 2 2 1 1 1012 1058 1059
1963 2 2 1 1 1012 1059 1013
1964 2 2 1 1 1013 1059 1060
1965 2 2 1 1 1013 1060 1014
1966 2 2 1 1 1014 1060 1061
1967 2 2 1 1 1014 1061 1015
1968 2 2 1 1 1015 1061 1062
1969 2 2 1 1 1015 1062 1016
1970 2 2 1 1 1016 1062 1063
1971 2 2 1 1 1016 1063 1017
1972 2 2 1 1 1017 1063 1064
1973 2 2 1 1 1017 1064 1018
1974 2 2 1 1 1018 1064 1065
1975 2 2 1 1 1018 1065 1019
1976 2 2 1 1 1019 1065 1066
1977 2 2 1 1 1019 1066 1020
1978 2 2 1 1 1020 1066 1067
1979 2 2 1 1 1020 1067 1021
1980 2 2 1 1 1021 1067 1068
1981 2 2 1 1 1021 1068 1022
1982 2 2 1 1 1022 1068 1069
1983 2 2 1 1 1022 1069 1023
1984 2 2 1 1 1023 1069 1070
1985 2 2 1 1 1023 1070 1024
1986 2 2 1 1 1024 1070 1071
1987 2 2 1 1 1024 1071 1025
1988 2 2 1 1 1025 1071 1072
1989 2 2 1 1 1025 1072 1026
1990 2 2 1 1 1026 1072 1073
1991 2 2 1 1 1026 1073 1027
1992 2 2 1 1 1027 1073 1074
1993 2 2 1 1 1027 1074 1028
1994 2 2 1 1 1028 1074 1075
1995 2 2 1 1 1028 1075 1029
1996 2 2 1 1 1029 1075 1076
1997 2 2 1 1 1029 1076 1030
1998 2 2 1 1 1030 1076 1077
1999 2 2 1 1 1030 1077 1031
2000 2 2 1 1 1031 1077 1078
2001 2 2 1 1 1031 1078 1032
2002 2 2 1 1 1032 1078 1079
2003 2 2 1 1 1032 1079 1033
2004 2 2 1 1 1033 1079 1080
2005 2 2 1 1 1033 1080 1034
2006 2 2 1 1 1034 1080 1081
2007 2 2 1 1 1034 1081 1035
2008 2 2 1 1 1035 1081 1082
2009 2 2 1 1 1035 1082 1036
2010 2 2 1 1 1036 1082 1083
2011 2 2 1 1 1036 1083 1037
2012 2 2 1 1 1037 1083 1084
2013 2 2 1 1 1037 1084 1038
2014 2 2 1 1 1038 1084 1085
2015 2 2 1 1 1038 1085 128
2016 2 2 1 1 128 1085 127
2017 2 2 1 1 23 24 1039
2018 2 2 1 1 1039 24 1086
2019 2 2 1 1 1039 1086 1040
2020 2 2 1 1 1040 1086 1087
2021 2 2 1 1 1040 1087 1041
2022 2 2 1 1 1041 1087 1088
2023 2 2 1 1 1041 1088 1042
2024 2 2 1 1 1042 1088 1089
2025 2 2 1 1 1042 1089 1043
2026 2 2 1 1 1043 1089 1090
2027 2 2 1 1 1043 1090 1044
2028 2 2 1 1 1044 1090 1091
2029 2 2 1 1 1044 1091 1045
2030 2 2 1 1 1045 1091 1092
2031 2 2 1 1 1045 1092 1046
2032 2 2 1 1 1046 1092 1093
2033 2 2 1 1 1046 1093 1047
2034 2 2 1 1 1047 1093 1094
2035 2 2 1 1 1047 1094 1048
2036 2 2 1 1 1048 1094 1095
2037 2 2 1 1 1048 1095 1049
2038 2 2 1 1 1049 1095 1096
2039 2 2 1 1 1049 1096 1050
2040 2 2 1 1 1050 1096 1097
2041 2 2 1 1 1050 1097 1051
2042 2 2 1 1 1051 1097 1098
2043 2 2 1 1 1051 1098 1052
2044 2 2 1 1 1052 1098 1099
2045 2 2 1 1 1052 1099 1053
2046 2 2 1 1 1053 1099 1100
2047 2 2 1 1 1053 1100 1054
2048 2 2 1 1 1054 1100 1101
2049 2 2 1 1 1054 1101 1055
2050 2 2 1 1 1055 1101 1102
2051 2 2 1 1 1055 1102 1056
2052 2 2 1 1 1056 1102 1103
2053 2 2 1 1 1056 1103 1057
2054 2 2 1 1 1057 1103 1104
2055 2 2 1 1 1057 1104 1058
2056 2 2 1 1 1058 1104 1105
2057 2 2 1 1 1058 1105 1059
2058 2 2 1 1 1059 1105 1106
2059 2 2 1 1 1059 1106 1060
2060 2 2 1 1 1060 1106 1107
2061 2 2 1 1 1060 1107 1061
2062 2 2 1 1 1061 1107 1108
2063 2 2 1 1 1061 1108 1062
2064 2 2 1 1 1062 1108 1109
2065 2 2 1 1 1062 1109 1063
2066 2 2 1 1 1063 1109 1110
2067 2 2 1 1 1063 1110 1064
2068 2 2 1 1 1064 1110 1111
2069 2 2 1 1 1064 1111 1065
2070 2 2 1 1 1065 1111 1112
2071 2 2 1 1 1065 1112 1066
2072 2 2 1 1 1066 1112 1113
2073 2 2 1 1 1066 1113 1067
2074 2 2 1 1 1067 1113 1114
2075 2 2 1 1 1067 1114 1068
2076 2 2 1 1 1068 1114 1115
2077 2 2 1 1 1068 1115 1069
2078 2 2 1 1 1069 1115 1116
2079 2 2 1 1 1069 1116 1070
2080 2 2 1 1 1070 1116 1117
2081 2 2 1 1 1070 1117 1071
2082 2 2 1 1 1071 1117 1118
2083 2 2 1 1 1071 1118 1072
2084 2 2 1 1 1072 1118 1119
2085 2 2 1 1 1072 1119 1073
2086 2 2 1 1 1073 1119 1120
2087 2 2 1 1 1073 1120 1074
2088 2 2 1 1 1074 1120 1121
2089 2 2 1 1 1074 1121 1075
2090 2 2 1 1 1075 1121 1122
2091 2 2 1 1 1075 1122 1076
2092 2 2 1 1 1076 1122 1123
2093 2 2 1 1 1076 1123 1077
2094 2 2 1 1 1077 1123 1124
2095 2 2 1 1 1077 1124 1078
2096 2 2 1 1 1078 1124 1125
2097 2 2 1 1 1078 1125 1079
2098 2 2 1 1 1079 1125 1126
2099 2 2 1 1 1079 1126 1080
2100 2 2 1 1 1080 1126 1127
2101 2 2 1 1 1080 1127 1081
2102 2 2 1 1 1081 1127 1128
2103 2 2 1 1 1081 1128 1082
2104 2 2 1 1 1082 1128 1129
2105 2 2 1 1 1082 1129 1083
2106 2 2 1 1 1083 1129 1130
2107 2 2 1 1 1083 1130 1084
2108 2 2 1 1 1084 1130 1131
2109 2 2 1 1 1084 1131 1085
2110 2 2 1 1 1085 1131 1132
2111 2 2 1 1 1085 1132 127
2112 2 2 1 1 127 1132 126
2113 2 2 1 1 24 25 1086
2114 2 2 1 1 1086 25 1133
2115 2 2 1 1 1086 1133 1087
2116 2 2 1 1 1087 1133 1134
2117 2 2 1 1 1087 1134 1088
2118 2 2 1 1 1088 1134 1135
2119 2 2 1 1 1088 1135 1089
2120 2 2 1 1 1089 1135 1136
2121 2 2 1 1 1089 1136 1090
2122 2 2 1 1 1090 1136 1137
2123 2 2 1 1 1090 1137 1091
2124 2 2 1 1 1091 1137 1138
2125 2 2 1 1 1091 1138 1092
2126 2 2 1 1 1092 1138 1139
2127 2 2 1 1 1092 1139 1093
2128 2 2 1 1 1093 1139 1140
2129 2 2 1 1 1093 1140 1094
2130 2 2 1 1 1094 1140 1141
2131 2 2 1 1 1094 1141 1095
2132 2 2 1 1 1095 1141 1142
2133 2 2 1 1 1095 1142 1096
2134 2 2 1 1 1096 1142 1143
2135 2 2 1 1 1096 1143 1097
2136 2 2 1 1 1097 1143 1144
2137 2 2 1 1 1097 1144 1098
2138 2 2 1 1 1098 1144 1145
2139 2 2 1 1 1098 1145 1099
2140 2 2 1 1 1099 1145 1146
2141 2 2 1 1 1099 1146 1100
2142 2 2 1 1 1100 1146 1147
2143 2 2 1 1 1100 1147 1101
2144 2 2 1 1 1101 1147 1148
2145 2 2 1 1 1101 1148 1102
2146 2 2 1 1 1102 1148 1149
2147 2 2 1 1 1102 1149 1103
2148 2 2 1 1 1103 1149 1150
2149 2 2 1 1 1103 1150 1104
2150 2 2 1 1 1104 1150 1151
2151 2 2 1 1 1104 1151 1105
2152 2 2 1 1 1105 1151 1152
2153 2 2 1 1 1105 1152 1106
2154 2 2 1 1 1106 1152 1153
2155 2 2 1 1 1106 1153 1107
2156 2 2 1 1 1107 1153 1154
2157 2 2 1 1 1107 1154 1108
2158 2 2 1 1 1108 1154 1155
2159 2 2 1 1 1108 1155 1109
2160 2 2 1 1 1109 1155 1156
2161 2 2 1 1 1109 1156 1110
2162 2 2 1 1 1110 1156 1157
2163 2 2 1 1 1110 1157 1111
2164 2 2 1 1 1111 1157 1158
2165 2 2 1 1 1111 1158 1112
2166 2 2 1 1 1112 1158 1159
2167 2 2 1 1 1112 1159 1113
2168 2 2 1 1 1113 1159 1160
2169 2 2 1 1 1113 1160 1114
2170 2 2 1 1 1114 1160 1161
2171 2 2 1 1 1114 1161 1115
2172 2 2 1 1 1115 1161 1162
2173 2 2 1 1 1115 1162 1116
2174 2 2 1 1 1116 1162 1163
2175 2 2 1 1 1116 1163 1117
2176 2 2 1 1 1117 1163 1164
2177 2 2 1 1 1117 1164 1118
2178 2 2 1 1 1118 1164 1165
2179 2 2 1 1 1118 1165 1119
2180 2 2 1 1 1119 1165 1166
2181 2 2 1 1 1119 1166 1120
2182 2 2 1 1 1120 1166 1167
2183 2 2 1 1 1120 1167 1121
2184 2 2 1 1 1121 1167 1168
2185 2 2 1 1 1121 1168 1122
2186 2 2 1 1 1122 1168 1169
2187 2 2 1 1 1122 1169 1123
2188 2 2 1 1 1123 1169 1170
2189 2 2 1 1 1123 1170 1124
2190 2 2 1 1 1124 1170 1171
2191 2 2 1 1 1124 1171 1125
2192 2 2 1 1 1125 1171 1172
2193 2 2 1 1 1125 1172 1126
2194 2 2 1 1 1126 1172 1173
2195 2 2 1 1 1126 1173 1127
2196 2 2 1 1 1127 1173 1174
2197 2 2 1 1 1127 1174 1128
2198 2 2 1 1 1128 1174 1175
2199 2 2 1 1 1128 1175 1129
2200 2 2 1 1 1129 1175 1176
2201 2 2 1 1 1129 1176 1130
2202 2 2 1 1 1130 1176 1177
2203 2 2 1 1 1130 1177 1131
2204 2 2 1 1 1131 1177 1178
2205 2 2 1 1 1131 1178 1132
2206 2 2 1 1 1132 1178 1179
2207 2 2 1 1 1132 1179 126
2208 2 2 1 1 126 1179 125
2209 2 2 1 1 25 26 1133
2210 2 2 1 1 1133 26 1180
2211 2 2 1 1 1133 1180 1134
2212 2 2 1 1 1134 1180 1181
2213 2 2 1 1 1134 1181 1135
2214 2 2 1 1 1135 1181 1182
2215 2 2 1 1 1135 1182 1136
2216 2 2 1 1 1136 1182 1183
2217 2 2 1 1 1136 1183 1137
2218 2 2 1 1 1137 1183 1184
2219 2 2 1 1 1137 1184 1138
2220 2 2 1 1 1138 1184 1185
2221 2 2 1 1 1138 1185 1139
2222 2 2 1 1 1139 1185 1186
2223 2 2 1 1 1139 1186 1140
2224 2 2 1 1 1140 1186 1187
2225 2 2 1 1 1140 1187 1141
2226 2 2 1 1 1141 1187 1188
2227 2 2 1 1 1141 1188 1142
2228 2 2 1 1 1142 1188 1189
2229 2 2 1 1 1142 1189 1143
2230 2 2 1 1 1143 1189 1190
2231 2 2 1 1 1143 1190 1144
2232 2 2 1 1 1144 1190 1191
2233 2 2 1 1 1144 1191 1145
2234 2 2 1 1 1145 1191 1192
2235 2 2 1 1 1145 1192 1146
2236 2 2 1 1 1146 1192 1193
2237 2 2 1 1 1146 1193 1147
2238 2 2 1 1 1147 1193 1194
2239 2 2 1 1 1147 1194 1148
2240 2 2 1 1 1148 1194 1195
2241 2 2 1 1 1148 1195 1149
2242 2 2 1 1 1149 1195 1196
2243 2 2 1 1 1149 1196 1150
2244 2 2 1 1 1150 1196 1197
2245 2 2 1 1 1150 1197 1151
2246 2 2 1 1 1151 1197 1198
2247 2 2 1 1 1151 1198 1152
2248 2 2 1 1 1152 1198 1199
2249 2 2 1 1 1152 1199 1153
2250 2 2 1 1 1153 1199 1200
2251 2 2 1 1 1153 1200 1154
2252 2 2 1 1 1154 1200 1201
2253 2 2 1 1 1154 1201 1155
2254 2 2 1 1 1155 1201 1202
2255 2 2 1 1 1155 1202 1156
2256 2 2 1 1 1156 1202 1203
2257 2 2 1 1 1156 1203 1157
2258 2 2 1 1 1157 1203 1204
2259 2 2 1 1 1157 1204 1158
2260 2 2 1 1 1158 1204 1205
2261 2 2 1 1 1158 1205 1159
2262 2 2 1 1 1159 1205 1206
2263 2 2 1 1 1159 1206 1160
2264 2 2 1 1 1160 1206 1207
2265 2 2 1 1 1160 1207 1161
2266 2 2 1 1 1161 1207 1208
2267 2 2 1 1 1161 1208 1162
2268 2 2 1 1 1162 1208 1209
2269 2 2 1 1 1162 1209 1163
2270 2 2 1 1 1163 1209 1210
2271 2 2 1 1 1163 1210 1164
2272 2 2 1 1 1164 1210 1211
2273 2 2 1 1 1164 1211 1165
2274 2 2 1 1 1165 1211 1212
2275 2 2 1 1 1165 1212 1166
2276 2 2 1 1 1166 1212 1213
2277 2 2 1 1 1166 1213 1167
2278 2 2 1 1 1167 1213 1214
2279 2 2 1 1 1167 1214 1168
2280 2 2 1 1 1168 1214 1215
2281 2 2 1 1 1168 1215 1169
2282 2 2 1 1 1169 1215 1216
2283 2 2 1 1 1169 1216 1170
2284 2 2 1 1 1170 1216 1217
2285 2 2 1 1 1170 1217 1171
2286 2 2 1 1 1171 1217 1218
2287 2 2 1 1 1171 1218 1172
2288 2 2 1 1 1172 1218 1219
2289 2 2 1 1 1172 1219 1173
2290 2 2 1 1 1173 1219 1220
2291 2 2 1 1 1173 1220 1174
2292 2 2 1 1 1174 1220 1221
2293 2 2 1 1 1174 1221 1175
2294 2 2 1 1 1175 1221 1222
2295 2 2 1 1 1175 1222 1176
2296 2 2 1 1 1176 1222 1223
2297 2 2 1 1 1176 1223 1177
2298 2 2 1 1 1177 1223 1224
2299 2 2 1 1 1177 1224 1178
2300 2 2 1 1 1178 1224 1225
2301 2 2 1 1 1178 1225 1179
2302 2 2 1 1 1179 1225 1226
2303 2 2 1 1 1179 1226 125
2304 2 2 1 1 125 1226 124
2305 2 2 1 1 26 27 1180
2306 2 2 1 1 1180 27 1227
2307 2 2 1 1 1180 1227 1181
2308 2 2 1 1 1181 1227 1228
2309 2 2 1 1 1181 1228 1182
2310 2 2 1 1 1182 1228 1229
2311 2 2 1 1 1182 1229 1183
2312 2 2 1 1 1183 1229 1230
2313 2 2 1 1 1183 1230 1184
2314 2 2 1 1 1184 1230 1231
2315 2 2 1 1 1184 1231 1185
2316 2 2 1 1 1185 1231 1232
2317 2 2 1 1 1185 1232 1186
2318 2 2 1 1 1186 1232 1233
2319 2 2 1 1 1186 1233 1187
2320 2 2 1 1 1187 1233 1234
2321 2 2 1 1 1187 1234 1188
2322 2 2 1 1 1188 1234 1235
2323 2 2 1 1 1188 1235 1189
2324 2 2 1 1 1189 1235 1236
2325 2 2 1 1 1189 1236 1190
2326 2 2 1 1 1190 1236 1237
2327 2 2 1 1 1190 1237 1191
2328 2 2 1 1 1191 1237 1238
2329 2 2 1 1 1191 1238 1192
2330 2 2 1 1 1192 1238 1239
2331 2 2 1 1 1192 1239 1193
2332 2 2 1 1 1193 1239 1240
2333 2 2 1 1 1193 1240 1194
2334 2 2 1 1 1194 1240 1241
2335 2 2 1 1 1194 1241 1195
2336 2 2 1 1 1195 1241 1242
2337 2 2 1 1 1195 1242 1196
2338 2 2 1 1 1196 1242 1243
2339 2 2 1 1 1196 1243 1197
2340 2 2 1 1 1197 1243 1244
2341 2 2 1 1 1197 1244 1198
2342 2 2 1 1 1198 1244 1245
2343 2 2 1 1 1198 1245 1199
2344 2 2 1 1 1199 1245 1246
2345 2 2 1 1 1199 1246 1200
2346 2 2 1 1 1200 1246 1247
2347 2 2 1 1 1200 1247 1201
2348 2 2 1 1 1201 1247 1248
2349 2 2 1 1 1201 1248 1202
2350 2 2 1 1 1202 1248 1249
2351 2 2 1 1 1202 1249 1203
2352 2 2 1 1 1203 1249 1250
2353 2 2 1 1 1203 1250 1204
2354 2 2 1 1 1204 1250 1251
2355 2 2 1 1 1204 1251 1205
2356 2 2 1 1 1205 1251 1252
2357 2 2 1 1 1205 1252 1206
2358 2 2 1 1 1206 1252 1253
2359 2 2 1 1 1206 1253 1207
2360 2 2 1 1 1207 1253 1254
2361 2 2 1 1 1207 1254 1208
2362 2 2 1 1 1208 1254 1255
2363 2 2 1 1 1208 1255 1209
2364 2 2 1 1 1209 1255 1256
2365 2 2 1 1 1209 1256 1210
2366 2 2 1 1 1210 1256 1257
2367 2 2 1 1 1210 1257 1211
2368 2 2 1 1 1211 1257 1258
2369 2 2 1 1 1211 1258 1212
2370 2 2 1 1 1212 1258 1259
2371 2 2 1 1 1212 1259 1213
2372 2 2 1 1 1213 1259 1260
2373 2 2 1 1 1213 1260 1214
2374 2 2 1 1 1214 1260 1261
2375 2 2 1 1 1214 1261 1215
2376 2 2 1 1 1215 1261 1262
2377 2 2 1 1 1215 1262 1216
2378 2 2 1 1 1216 1262 1263
2379 2 2 1 1 1216 1263 1217
2380 2 2 1 1 1217 1263 1264
2381 2 2 1 1 1217 1264 1218
2382 2 2 1 1 1218 1264 1265
2383 2 2 1 1 1218 1265 1219
2384 2 2 1 1 1219 1265 1266
2385 2 2 1 1 1219 1266 1220
2386 2 2 1 1 1220 1266 1267
2387 2 2 1 1 1220 1267 1221
2388 2 2 1 1 1221 1267 1268
2389 2 2 1 1 1221 1268 1222
2390 2 2 1 1 1222 1268 1269
2391 2 2 1 1 1222 1269 1223
2392 2 2 1 1 1223 1269 1270
2393 2 2 1 1 1223 1270 1224
2394 2 2 1 1 1224 1270 1271
2395 2 2 1 1 1224 1271 1225
2396 2 2 1 1 1225 1271 1272
2397 2 2 1 1 1225 1272 1226
2398 2 2 1 1 1226 1272 1273
2399 2 2 1 1 1226 1273 124
2400 2 2 1 1 124 1273 123
2401 2 2 1 1 27 28 1227
2402 2 2 1 1 1227 28 1274
2403 2 2 1 1 1227 1274 1228
2404 2 2 1 1 1228 1274 1275
2405 2 2 1 1 1228 1275 1229
2406 2 2 1 1 1229 1275 1276
2407 2 2 1 1 1229 1276 1230
2408 2 2 1 1 1230 1276 1277
2409 2 2 1 1 1230 1277 1231
2410 2 2 1 1 1231 1277 1278
2411 2 2 1 1 1231 1278 1232
2412 2 2 1 1 1232 1278 1279
2413 2 2 1 1 1232 1279 1233
2414 2 2 1 1 1233 1279 1280
2415 2 2 1 1 1233 1280 1234
2416 2 2 1 1 1234 1280 1281
2417 2 2 1 1 1234 1281 1235
2418 2 2 1 1 1235 1281 1282
2419 2 2 1 1 1235 1282 1236
2420 2 2 1 1 1236 1282 1283
2421 2 2 1 1 1236 1283 1237
2422 2 2 1 1 1237 1283 1284
2423 2 2 1 1 1237 1284 1238
2424 2 2 1 1 1238 1284 1285
2425 2 2 1 1 1238 1285 1239
2426 2 2 1 1 1239 1285 1286
2427 2 2 1 1 1239 1286 1240
2428 2 2 1 1 1240 1286 1287
2429 2 2 1 1 1240 1287 1241
2430 2 2 1 1 1241 1287 1288
2431 2 2 1 1 1241 1288 1242
2432 2 2 1 1 1242 1288 1289
2433 2 2 1 1 1242 1289 1243
2434 2 2 1 1 1243 1289 1290
2435 2 2 1 1 1243 1290 1244
2436 2 2 1 1 1244 1290 1291
2437 2 2 1 1 1244 1291 1245
2438 2 2 1 1 1245 1291 1292
2439 2 2 1 1 1245 1292 1246
2440 2 2 1 1 1246 1292 1293
2441 2 2 1 1 1246 1293 1247
2442 2 2 1 1 1247 1293 1294
2443 2 2 1 1 1247 1294 1248
2444 2 2 1 1 1248 1294 1295
2445 2 2 1 1 1248 1295 1249
2446 2 2 1 1 1249 1295 1296
2447 2 2 1 1 1249 1296 1250
2448 2 2 1 1 1250 1296 1297
2449 2 2 1 1 1250 1297 1251
2450 2 2 1 1 1251 1297 1298
2451 2 2 1 1 1251 1298 1252
2452 2 2 1 1 1252 1298 1299
2453 2 2 1 1 1252 1299 1253
2454 2 2 1 1 1253 1299 1300
2455 2 2 1 1 1253 1300 1254
2456 2 2 1 1 1254 1300 1301
2457 2 2 1 1 1254 1301 1255
2458 2 2 1 1 1255 1301 1302
2459 2 2 1 1 1255 1302 1256
2460 2 2 1 1 1256 1302 1303
2461 2 2 1 1 1256 1303 1257
2462 2 2 1 1 1257 1303 1304
2463 2 2 1 1 1257 1304 1258
2464 2 2 1 1 1258 1304 1305
2465 2 2 1 1 1258 1305 1259
2466 2 2 1 1 1259 1305 1306
2467 2 2 1 1 1259 1306 1260
2468 2 2 1 1 1260 1306 1307
2469 2 2 1 1 1260 1307 1261
2470 2 2 1 1 1261 1307 1308
2471 2 2 1 1 1261 1308 1262
2472 2 2 1 1 1262 1308 1309
2473 2 2 1 1 1262 1309 1263
2474 2 2 1 1 1263 1309 1310
2475 2 2 1 1 1263 1310 1264
2476 2 2 1 1 1264 1310 1311
2477 2 2 1 1 1264 1311 1265
2478 2 2 1 1 1265 1311 1312
2479 2 2 1 1 1265 1312 1266
2480 2 2 1 1 1266 1312 1313
2481 2 2 1 1 1266 1313 1267
2482 2 2 1 1 1267 1313 1314
2483 2 2 1 1 1267 1314 1268
2484 2 2 1 1 1268 1314 1315
2485 2 2 1 1 1268 1315 1269
2486 2 2 1 1 1269 1315 1316
2487 2 2 1 1 1269 1316 1270
2488 2 2 1 1 1270 1316 1317
2489 2 2 1 1 1270 1317 1271
2490 2 2 1 1 1271 1317 1318
2491 2 2 1 1 1271 1318 1272
2492 2 2 1 1 1272 1318 1319
2493 2 2 1 1 1272 1319 1273
2494 2 2 1 1 1273 1319 1320
2495 2 2 1 1 1273 1320 123
2496 2 2 1 1 123 1320 122
2497 2 2 1 1 28 29 1274
2498 2 2 1 1 1274 29 1321
2499 2 2 1 1 1274 1321 1275
2500 2 2 1 1 1275 1321 1322
2501 2 2 1 1 1275 1322 1276
2502 2 2 1 1 1276 1322 1323
2503 2 2 1 1 1276 1323 1277
2504 2 2 1 1 1277 1323 1324
2505 2 2 1 1 1277 1324 1278
2506 2 2 1 1 1278 1324 1325
2507 2 2 1 1 1278 1325 1279
2508 2 2 1 1 1279 1325 1326
2509 2 2 1 1 1279 1326 1280
2510 2 2 1 1 1280 1326 1327
2511 2 2 1 1 1280 1327 1281
2512 2 2 1 1 1281 1327 1328
2513 2 2 1 1 1281 1328 1282
2514 2 2 1 1 1282 1328 1329
2515 2 2 1 1 1282 1329 1283
2516 2 2 1 1 1283 1329 1330
2517 2 2 1 1 1283 1330 1284
2518 2 2 1 1 1284 1330 1331
2519 2 2 1 1 1284 1331 1285
2520 2 2 1 1 1285 1331 1332
2521 2 2 1 1 1285 1332 1286
2522 2 2 1 1 1286 1332 1333
2523 2 2 1 1 1286 1333 1287
2524 2 2 1 1 1287 1333 1334
2525 2 2 1 1 1287 1334 1288
2526 2 2 1 1 1288 1334 1335
2527 2 2 1 1 1288 1335 1289
2528 2 2 1 1 1289 1335 1336
2529 2 2 1 1 1289 1336 1290
2530 2 2 1 1 1290 1336 1337
2531 2 2 1 1 1290 1337 1291
2532 2 2 1 1 1291 1337 1338
2533 2 2 1 1 1291 1338 1292
2534 2 2 1 1 1292 1338 1339
2535 2 2 1 1 1292 1339 1293
2536 2 2 1 1 1293 1339 1340
2537 2 2 1 1 1293 1340 1294
2538 2 2 1 1 1294 1340 1341
2539 2 2 1 1 1294 1341 1295
2540 2 2 1 1 1295 1341 1342
2541 2 2 1 1 1295 1342 1296
2542 2 2 1 1 1296 1342 1343
2543 2 2 1 1 1296 1343 1297
2544 2 2 1 1 1297 1343 1344
2545 2 2 1 1 1297 1344 1298
2546 2 2 1 1 1298 1344 1345
2547 2 2 1 1 1298 1345 1299
2548 2 2 1 1 1299 1345 1346
2549 2 2 1 1 1299 1346 1300
2550 2 2 1 1 1300 1346 1347
2551 2 2 1 1 1300 1347 1301
2552 2 2 1 1 1301 1347 1348
2553 2 2 1 1 1301 1348 1302
2554 2 2 1 1 1302 1348 1349
2555 2 2 1 1 1302 1349 1303
2556 2 2 1 1 1303 1349 1350
2557 2 2 1 1 1303 1350 1304
2558 2 2 1 1 1304 1350 1351
2559 2 2 1 1 1304 1351 1305
2560 2 2 1 1 1305 1351 1352
2561 2 2 1 1 1305 1352 1306
2562 2 2 1 1 1306 1352 1353
2563 2 2 1 1 1306 1353 1307
2564 2 2 1 1 1307 1353 1354
2565 2 2 1 1 1307 1354 1308
2566 2 2 1 1 1308 1354 1355
2567 2 2 1 1 1308 1355 1309
2568 2 2 1 1 1309 1355 1356
2569 2 2 1 1 1309 1356 1310
2570 2 2 1 1 1310 1356 1357
2571 2 2 1 1 1310 1357 1311
2572 2 2 1 1 1311 1357 1358
2573 2 2 1 1 1311 1358 1312
2574 2 2 1 1 1312 1358 1359
2575 2 2 1 1 1312 1359 1313
2576 2 2 1 1 1313 1359 1360
2577 2 2 1 1 1313 1360 1314
2578 2 2 1 1 1314 1360 1361
2579 2 2 1 1 1314 1361 1315
2580 2 2 1 1 1315 1361 1362
2581 2 2 1 1 1315 1362 1316
2582 2 2 1 1 1316 1362 1363
2583 2 2 1 1 1316 1363 1317
2584 2 2 1 1 1317 1363 1364
2585 2 2 1 1 1317 1364 1318
2586 2 2 1 1 1318 1364 1365
2587 2 2 1 1 1318 1365 1319
2588 2 2 1 1 1319 1365 1366
2589 2 2 1 1 1319 1366 1320
2590 2 2 1 1 1320 1366 1367
2591 2 2 1 1 1320 1367 122
2592 2 2 1 1 122 1367 121
2593 2 2 1 1 29 30 1321
2594 2 2 1 1 1321 30 1368
2595 2 2 1 1 1321 1368 1322
2596 2 2 1 1 1322 1368 1369
2597 2 2 1 1 1322 1369 1323
2598 2 2 1 1 1323 1369 1370
2599 2 2 1 1 1323 1370 1324
2600 2 2 1 1 1324 1370 1371
2601 2 2 1 1 1324 1371 1325
2602 2 2 1 1 1325 1371 1372
2603 2 2 1 1 1325 1372 1326
2604 2 2 1 1 1326 1372 1373
2605 2 2 1 1 1326 1373 1327
2606 2 2 1 1 1327 1373 1374
2607 2 2 1 1 1327 1374 1328
2608 2 2 1 1 1328 1374 1375
2609 2 2 1 1 1328 1375 1329
2610 2 2 1 1 1329 1375 1376
2611 2 2 1 1 1329 1376 1330
2612 2 2 1 1 1330 1376 1377
2613 2 2 1 1 1330 1377 1331
2614 2 2 1 1 1331 1377 1378
2615 2 2 1 1 1331 1378 1332
2616 2 2 1 1 1332 1378 1379
2617 2 2 1 1 1332 1379 1333
2618 2 2 1 1 1333 1379 1380
2619 2 2 1 1 1333 1380 1334
2620 2 2 1 1 1334 1380 1381
2621 2 2 1 1 1334 1381 1335
2622 2 2 1 1 1335 1381 1382
2623 2 2 1 1 1335 1382 1336
2624 2 2 1 1 1336 1382 1383
2625 2 2 1 1 1336 1383 1337
2626 2 2 1 1 1337 1383 1384
2627 2 2 1 1 1337 1384 1338
2628 2 2 1 1 1338 1384 1385
2629 2 2 1 1 1338 1385 1339
2630 2 2 1 1 1339 1385 1386
2631 2 2 1 1 1339 1386 1340
2632 2 2 1 1 1340 1386 1387
2633 2 2 1 1 1340 1387 1341
2634 2 2 1 1 1341 1387 1388
2635 2 2 1 1 1341 1388 1342
2636 2 2 1 1 1342 1388 1389
2637 2 2 1 1 1342 1389 1343
2638 2 2 1 1 1343 1389 1390
2639 2 2 1 1 1343 1390 1344
2640 2 2 1 1 1344 1390 1391
2641 2 2 1 1 1344 1391 1345
2642 2 2 1 1 1345 1391 1392
2643 2 2 1 1 1345 1392 1346
2644 2 2 1 1 1346 1392 1393
2645 2 2 1 1 1346 1393 1347
2646 2 2 1 1 1347 1393 1394
2647 2 2 1 1 1347 1394 1348
2648 2 2 1 1 1348 1394 1395
2649 2 2 1 1 1348 1395 1349
2650 2 2 1 1 1349 1395 1396
2651 2 2 1 1 1349 1396 1350
2652 2 2 1 1 1350 1396 1397
2653 2 2 1 1 1350 1397 1351
2654 2 2 1 1 1351 1397 1398
2655 2 2 1 1 1351 1398 1352
2656 2 2 1 1 1352 1398 1399
2657 2 2 1 1 1352 1399 1353
2658 2 2 1 1 1353 1399 1400
2659 2 2 1 1 1353 1400 1354
2660 2 2 1 1 1354 1400 1401
2661 2 2 1 1 1354 1401 1355
2662 2 2 1 1 1355 1401 1402
2663 2 2 1 1 1355 1402 1356
2664 2 2 1 1 1356 1402 1403
2665 2 2 1 1 1356 1403 1357
2666 2 2 1 1 1357 1403 1404
2667 2 2 1 1 1357 1404 1358
2668 2 2 1 1 1358 1404 1405
2669 2 2 1 1 1358 1405 1359
2670 2 2 1 1 1359 1405 1406
2671 2 2 1 1 1359 1406 1360
2672 2 2 1 1 1360 1406 1407
2673 2 2 1 1 1360 1407 1361
2674 2 2 1 1 1361 1407 1408
2675 2 2 1 1 1361 1408 1362
2676 2 2 1 1 1362 1408 1409
2677 2 2 1 1 1362 1409 1363
2678 2 2 1 1 1363 1409 1410
2679 2 2 1 1 1363 1410 1364
2680 2 2 1 1 1364 1410 1411
2681 2 2 1 1 1364 1411 1365
2682 2 2 1 1 1365 1411 1412
2683 2 2 1 1 1365 1412 1366
2684 2 2 1 1 1366 1412 1413
2685 2 2 1 1 1366 1413 1367
2686 2 2 1 1 1367 1413 1414
2687 2 2 1 1 1367 1414 121
2688 2 2 1 1 121 1414 120
2689 2 2 1 1 30 31 1368
2690 2 2 1 1 1368 31 1415
2691 2 2 1 1 1368 1415 1369
2692 2 2 1 1 1369 1415 1416
2693 2 2 1 1 1369 1416 1370
2694 2 2 1 1 1370 1416 1417
2695 2 2 1 1 1370 1417 1371
2696 2 2 1 1 1371 1417 1418
2697 2 2 1 1 1371 1418 1372
2698 2 2 1 1 1372 1418 1419
2699 2 2 1 1 1372 1419 1373
2700 2 2 1 1 1373 1419 1420
2701 2 2 1 1 1373 1420 1374
2702 2 2 1 1 1374 1420 1421
2703 2 2 1 1 1374 1421 1375
2704 2 2 1 1 1375 1421 1422
2705 2 2 1 1 1375 1422 1376
2706 2 2 1 1 1376 1422 1423
2707 2 2 1 1 1376 1423 1377
2708 2 2 1 1 1377 1423 1424
2709 2 2 1 1 1377 1424 1378
2710 2 2 1 1 1378 1424 1425
2711 2 2 1 1 1378 1425 1379
2712 2 2 1 1 1379 1425 1426
2713 2 2 1 1 1379 1426 1380
2714 2 2 1 1 1380 1426 1427
2715 2 2 1 1 1380 1427 1381
2716 2 2 1 1 1381 1427 1428
2717 2 2 1 1 1381 1428 1382
2718 2 2 1 1 1382 1428 1429
2719 2 2 1 1 1382 1429 1383
2720 2 2 1 1 1383 1429 1430
2721 2 2 1 1 1383 1430 1384
2722 2 2 1 1 1384 1430 1431
2723 2 2 1 1 1384 1431 1385
2724 2 2 1 1 1385 1431 1432
2725 2 2 1 1 1385 1432 1386
2726 2 2 1 1 1386 1432 1433
2727 2 2 1 1 1386 1433 1387
2728 2 2 1 1 1387 1433 1434
2729 2 2 1 1 1387 1434 1388
2730 2 2 1 1 1388 1434 1435
2731 2 2 1 1 1388 1435 1389
2732 2 2 1 1 1389 1435 1436
2733 2 2 1 1 1389 1436 1390
2734 2 2 1 1 1390 1436 1437
2735 2 2 1 1 1390 1437 1391
2736 2 2 1 1 1391 1437 1438
2737 2 2 1 1 1391 1438 1392
2738 2 2 1 1 1392 1438 1439
2739 2 2 1 1 1392 1439 1393
2740 2 2 1 1 1393 1439 1440
2741 2 2 1 1 1393 1440 1394
2742 2 2 1 1 1394 1440 1441
2743 2 2 1 1 1394 1441 1395
2744 2 2 1 1 1395 1441 1442
2745 2 2 1 1 1395 1442 1396
2746 2 2 1 1 1396 1442 1443
2747 2 2 1 1 1396 1443 1397
2748 2 2 1 1 1397 1443 1444
2749 2 2 1 1 1397 1444 1398
2750 2 2 1 1 1398 1444 1445
2751 2 2 1 1 1398 1445 1399
2752 2 2 1 1 1399 1445 1446
2753 2 2 1 1 1399 1446 1400
2754 2 2 1 1 1400 1446 1447
2755 2 2 1 1 1400 1447 1401
2756 2 2 1 1 1401 1447 1448
2757 2 2 1 1 1401 1448 1402
2758 2 2 1 1 1402 1448 1449
2759 2 2 1 1 1402 1449 1403
2760 2 2 1 1 1403 1449 1450
2761 2 2 1 1 1403 1450 1404
2762 2 2 1 1 1404 1450 1451
2763 2 2 1 1 1404 1451 1405
2764 2 2 1 1 1405 1451 1452
2765 2 2 1 1 1405 1452 1406
2766 2 2 1 1 1406 1452 1453
2767 2 2 1 1 1406 1453 1407
2768 2 2 1 1 1407 1453 1454
2769 2 2 1 1 1407 1454 1408
2770 2 2 1 1 1408 1454 1455
2771 2 2 1 1 1408 1455 1409
2772 2 2 1 1 1409 1455 1456
2773 2 2 1 1 1409 1456 1410
2774 2 2 1 1 1410 1456 1457
2775 2 2 1 1 1410 1457 1411
2776 2 2 1 1 1411 1457 1458
2777 2 2 1 1 1411 1458 1412
2778 2 2 1 1 1412 1458 1459
2779 2 2 1 1 1412 1459 1413
2780 2 2 1 1 1413 1459 1460
2781 2 2 1 1 1413 1460 1414
2782 2 2 1 1 1414 1460 1461
2783 2 2 1 1 1414 1461 120
2784 2 2 1 1 120 1461 119
2785 2 2 1 1 31 32 1415
2786 2 2 1 1 1415 32 1462
2787 2 2 1 1 1415 1462 1416
2788 2 2 1 1 1416 1462 1463
2789 2 2 1 1 1416 1463 1417
2790 2 2 1 1 1417 1463 1464
2791 2 2 1 1 1417 1464 1418
2792 2 2 1 1 1418 1464 1465
2793 2 2 1 1 1418 1465 1419
2794 2 2 1 1 1419 1465 1466
2795 2 2 1 1 1419 1466 1420
2796 2 2 1 1 1420 1466 1467
2797 2 2 1 1 1420 1467 1421
2798 2 2 1 1 1421 1467 1468
2799 2 2 1 1 1421 1468 1422
2800 2 2 1 1 1422 1468 1469
2801 2 2 1 1 1422 1469 1423
2802 2 2 1 1 1423 1469 1470
2803 2 2 1 1 1423 1470 1424
2804 2 2 1 1 1424 1470 1471
2805 2 2 1 1 1424 1471 1425
2806 2 2 1 1 1425 1471 1472
2807 2 2 1 1 1425 1472 1426
2808 2 2 1 1 1426 1472 1473
2809 2 2 1 1 1426 1473 1427
2810 2 2 1 1 1427 1473 1474
2811 2 2 1 1 1427 1474 1428
2812 2 2 1 1 1428 1474 1475
2813 2 2 1 1 1428 1475 1429
2814 2 2 1 1 1429 1475 1476
2815 2 2 1 1 1429 1476 1430
2816 2 2 1 1 1430 1476 1477
2817 2 2 1 1 1430 1477 1431
2818 2 2 1 1 1431 1477 1478
2819 2 2 1 1 1431 1478 1432
2820 2 2 1 1 1432 1478 1479
2821 2 2 1 1 1432 1479 1433
2822 2 2 1 1 1433 1479 1480
2823 2 2 1 1 1433 1480 1434
2824 2 2 1 1 1434 1480 1481
2825 2 2 1 1 1434 1481 1435
2826 2 2 1 1 1435 1481 1482
2827 2 2 1 1 1435 1482 1436
2828 2 2 1 1 1436 1482 1483
2829 2 2 1 1 1436 1483 1437
2830 2 2 1 1 1437 1483 1484
2831 2 2 1 1 1437 1484 1438
2832 2 2 1 1 1438 1484 1485
2833 2 2 1 1 1438 1485 1439
2834 2 2 1 1 1439 1485 1486
2835 2 2 1 1 1439 1486 1440
2836 2 2 1 1 1440 1486 1487
2837 2 2 1 1 1440 1487 1441
2838 2 2 1 1 1441 1487 1488
2839 2 2 1 1 1441 1488 1442
2840 2 2 1 1 1442 1488 1489
2841 2 2 1 1 1442 1489 1443
2842 2 2 1 1 1443 1489 1490
2843 2 2 1 1 1443 1490 1444
2844 2 2 1 1 1444 1490 1491
2845 2 2 1 1 1444 1491 1445
2846 2 2 1 1 1445 1491 1492
2847 2 2 1 1 1445 1492 1446
2848 2 2 1 1 1446 1492 1493
2849 2 2 1 1 1446 1493 1447
2850 2 2 1 1 1447 1493 1494
2851 2 2 1 1 1447 1494 1448
2852 2 2 1 1 1448 1494 1495
2853 2 2 1 1 1448 1495 1449
2854 2 2 1 1 1449 1495 1496
2855 2 2 1 1 1449 1496 1450
2856 2 2 1 1 1450 1496 1497
2857 2 2 1 1 1450 1497 1451
2858 2 2 1 1 1451 1497 1498
2859 2 2 1 1 1451 1498 1452
2860 2 2 1 1 1452 1498 1499
2861 2 2 1 1 1452 1499 1453
2862 2 2 1 1 1453 1499 1500
2863 2 2 1 1 1453 1500 1454
2864 2 2 1 1 1454 1500 1501
2865 2 2 1 1 1454 1501 1455
2866 2 2 1 1 1455 1501 1502
2867 2 2 1 1 1455 1502 1456
2868 2 2 1 1 1456 1502 1503
2869 2 2 1 1 1456 1503 1457
2870 2 2 1 1 1457 1503 1504
2871 2 2 1 1 1457 1504 1458
2872 2 2 1 1 1458 1504 1505
2873 2 2 1 1 1458 1505 1459
2874 2 2 1 1 1459 1505 1506
2875 2 2 1 1 1459 1506 1460
2876 2 2 1 1 1460 1506 1507
2877 2 2 1 1 1460 1507 1461
2878 2 2 1 1 1461 1507 1508
2879 2 2 1 1 1461 1508 119
2880 2 2 1 1 119 1508 118
2881 2 2 1 1 32 33 1462
2882 2 2 1 1 1462 33 1509
2883 2 2 1 1 1462 1509 1463
2884 2 2 1 1 1463 1509 1510
2885 2 2 1 1 1463 1510 1464
2886 2 2 1 1 1464 1510 1511
2887 2 2 1 1 1464 1511 1465
2888 2 2 1 1 1465 1511 1512
2889 2 2 1 1 1465 1512 1466
2890 2 2 1 1 1466 1512 1513
2891 2 2 1 1 1466 1513 1467
2892 2 2 1 1 1467 1513 1514
2893 2 2 1 1 1467 1514 1468
2894 2 2 1 1 1468 1514 1515
2895 2 2 1 1 1468 1515 1469
2896 2 2 1 1 1469 1515 1516
2897 2 2 1 1 1469 1516 1470
2898 2 2 1 1 1470 1516 1517
2899 2 2 1 1 1470 1517 1471
2900 2 2 1 1 1471 1517 1518
2901 2 2 1 1 1471 1518 1472
2902 2 2 1 1 1472 1518 1519
2903 2 2 1 1 1472 1519 1473
2904 2 2 1 1 1473 1519 1520
2905 2 2 1 1 1473 1520 1474
2906 2 2 1 1 1474 1520 1521
2907 2 2 1 1 1474 1521 1475
2908 2 2 1 1 1475 1521 1522
2909 2 2 1 1 1475 1522 1476
2910 2 2 1 1 1476 1522 1523
2911 2 2 1 1 1476 1523 1477
2912 2 2 1 1 1477 1523 1524
2913 2 2 1 1 1477 1524 1478
2914 2 2 1 1 1478 1524 1525
2915 2 2 1 1 1478 1525 1479
2916 2 2 1 1 1479 1525 1526
2917 2 2 1 1 1479 1526 1480
2918 2 2 1 1 1480 1526 1527
2919 2 2 1 1 1480 1527 1481
2920 2 2 1 1 1481 1527 1528
2921 2 2 1 1 1481 1528 1482
2922 2 2 1 1 1482 1528 1529
2923 2 2 1 1 1482 1529 1483
2924 2 2 1 1 1483 1529 1530
2925 2 2 1 1 1483 1530 1484
2926 2 2 1 1 1484 1530 1531
2927 2 2 1 1 1484 1531 1485
2928 2 2 1 1 1485 1531 1532
2929 2 2 1 1 1485 1532 1486
2930 2 2 1 1 1486 1532 1533
2931 2 2 1 1 1486 1533 1487
2932 2 2 1 1 1487 1533 1534
2933 2 2 1 1 1487 1534 1488
2934 2 2 1 1 1488 1534 1535
2935 2 2 1 1 1488 1535 1489
2936 2 2 1 1 1489 1535 1536
2937 2 2 1 1 1489 1536 1490
2938 2 2 1 1 1490 1536 1537
2939 2 2 1 1 1490 1537 1491
2940 2 2 1 1 1491 1537 1538
2941 2 2 1 1 1491 1538 1492
2942 2 2 1 1 1492 1538 1539
2943 2 2 1 1 1492 1539 1493
2944 2 2 1 1 1493 1539 1540
2945 2 2 1 1 1493 1540 1494
2946 2 2 1 1 1494 1540 1541
2947 2 2 1 1 1494 1541 1495
2948 2 2 1 1 1495 1541 1542
2949 2 2 1 1 1495 1542 1496
2950 2 2 1 1 1496 1542 1543
2951 2 2 1 1 1496 1543 1497
2952 2 2 1 1 1497 1543 1544
2953 2 2 1 1 1497 1544 1498
2954 2 2 1 1 1498 1544 1545
2955 2 2 1 1 1498 1545 1499
2956 2 2 1 1 1499 1545 1546
2957 2 2 1 1 1499 1546 1500
2958 2 2 1 1 1500 1546 1547
2959 2 2 1 1 1500 1547 1501
2960 2 2 1 1 1501 1547 1548
2961 2 2 1 1 1501 1548 1502
2962 2 2 1 1 1502 1548 1549
2963 2 2 1 1 1502 1549 1503
2964 2 2 1 1 1503 1549 1550
2965 2 2 1 1 1503 1550 1504
2966 2 2 1 1 1504 1550 1551
2967 2 2 1 1 1504 1551 1505
2968 2 2 1 1 1505 1551 1552
2969 2 2 1 1 1505 1552 1506
2970 2 2 1 1 1506 1552 1553
2971 2 2 1 1 1506 1553 1507
2972 2 2 1 1 1507 1553 1554
2973 2 2 1 1 1507 1554 1508
2974 2 2 1 1 1508 1554 1555
2975 2 2 1 1 1508 1555 118
2976 2 2 1 1 118 1555 117
2977 2 2 1 1 33 34 1509
2978 2 2 1 1 1509 34 1556
2979 2 2 1 1 1509 1556 1510
2980 2 2 1 1 1510 1556 1557
2981 2 2 1 1 1510 1557 1511
2982 2 2 1 1 1511 1557 1558
2983 2 2 1 1 1511 1558 1512
2984 2 2 1 1 1512 1558 1559
2985 2 2 1 1 1512 1559 1513
2986 2 2 1 1 1513 1559 1560
2987 2 2 1 1 1513 1560 1514
2988 2 2 1 1 1514 1560 1561
2989 2 2 1 1 1514 1561 1515
2990 2 2 1 1 1515 1561 1562
2991 2 2 1 1 1515 1562 1516
2992 2 2 1 1 1516 1562 1563
2993 2 2 1 1 1516 1563 1517
2994 2 2 1 1 1517 1563 1564
2995 2 2 1 1 1517 1564 1518
2996 2 2 1 1 1518 1564 1565
2997 2 2 1 1 1518 1565 1519
2998 2 2 1 1 1519 1565 1566
2999 2 2 1 1 1519 1566 1520
3000 2 2 1 1 1520 1566 1567
3001 2 2 1 1 1520 1567 1521
3002 2 2 1 1 1521 1567 1568
3003 2 2 1 1 1521 1568 1522
3004 2 2 1 1 1522 1568 1569
3005 2 2 1 1 1522 1569 1523
3006 2 2 1 1 1523 1569 1570
3007 2 2 1 1 1523 1570 1524
3008 2 2 1 1 1524 1570 1571
3009 2 2 1 1 1524 1571 1525
3010 2 2 1 1 1525 1571 1572
3011 2 2 1 1 1525 1572 1526
3012 2 2 1 1 1526 1572 1573
3013 2 2 1 1 1526 1573 1527
3014 2 2 1 1 1527 1573 1574
3015 2 2 1 1 1527 1574 1528
3016 2 2 1 1 1528 1574 1575
3017 2 2 1 1 1528 1575 1529
3018 2 2 1 1 1529 1575 1576
3019 2 2 1 1 1529 1576 1530
3020 2 2 1 1 1530 1576 1577
3021 2 2 1 1 1530 1577 1531
3022 2 2 1 1 1531 1577 1578
3023 2 2 1 1 1531 1578 1532
3024 2 2 1 1 1532 1578 1579
3025 2 2 1 1 1532 1579 1533
3026 2 2 1 1 1533 1579 1580
3027 2 2 1 1 1533 1580 1534
3028 2 2 1 1 1534 1580 1581
3029 2 2 1 1 1534 1581 1535
3030 2 2 1 1 1535 1581 1582
3031 2 2 1 1 1535 1582 1536
3032 2 2 1 1 1536 1582 1583
3033 2 2 1 1 1536 1583 1537
3034 2 2 1 1 1537 1583 1584
3035 2 2 1 1 1537 1584 1538
3036 2 2 1 1 1538 1584 1585
3037 2 2 1 1 1538 1585 1539
3038 2 2 1 1 1539 1585 1586
3039 2 2 1 1 1539 1586 1540
3040 2 2 1 1 1540 1586 1587
3041 2 2 1 1 1540 1587 1541
3042 2 2 1 1 1541 1587 1588
3043 2 2 1 1 1541 1588 1542
3044 2 2 1 1 1542 1588 1589
3045 2 2 1 1 1542 1589 1543
3046 2 2 1 1 1543 1589 1590
3047 2 2 1 1 1543 1590 1544
3048 2 2 1 1 1544 1590 1591
3049 2 2 1 1 1544 1591 1545
3050 2 2 1 1 1545 1591 1592
3051 2 2 1 1 1545 1592 1546
3052 2 2 1 1 1546 1592 1593
3053 2 2 1 1 1546 1593 1547
3054 2 2 1 1 1547 1593 1594
3055 2 2 1 1 1547 1594 1548
3056 2 2 1 1 1548 1594 1595
3057 2 2 1 1 1548 1595 1549
3058 2 2 1 1 1549 1595 1596
3059 2 2 1 1 1549 1596 1550
3060 2 2 1 1 1550 1596 1597
3061 2 2 1 1 1550 1597 1551
3062 2 2 1 1 1551 1597 1598
3063 2 2 1 1 1551 1598 1552
3064 2 2 1 1 1552 1598 1599
3065 2 2 1 1 1552 1599 1553
3066 2 2 1 1 1553 1599 1600
3067 2 2 1 1 1553 1600 1554
3068 2 2 1 1 1554 1600 1601
3069 2 2 1 1 1554 1601 1555
3070 2 2 1 1 1555 1601 1602
3071 2 2 1 1 1555 1602 117
3072 2 2 1 1 117 1602 116
3073 2 2 1 1 34 35 1556
3074 2 2 1 1 1556 35 1603
3075 2 2 1 1 1556 1603 1557
3076 2 2 1 1 1557 1603 1604
3077 2 2 1 1 1557 1604 1558
3078 2 2 1 1 1558 1604 1605
3079 2 2 1 1 1558 1605 1559
3080 2 2 1 1 1559 1605 1606
3081 2 2 1 1 1559 1606 1560
3082 2 2 1 1 1560 1606 1607
3083 2 2 1 1 1560 1607 1561
3084 2 2 1 1 1561 1607 1608
3085 2 2 1 1 1561 1608 1562
3086 2 2 1 1 1562 1608 1609
3087 2 2 1 1 1562 1609 1563
3088 2 2 1 1 1563 1609 1610
3089 2 2 1 1 1563 1610 1564
3090 2 2 1 1 1564 1610 1611
3091 2 2 1 1 1564 1611 1565
3092 2 2 1 1 1565 1611 1612
3093 2 2 1 1 1565 1612 1566
3094 2 2 1 1 1566 1612 1613
3095 2 2 1 1 1566 1613 1567
3096 2 2 1 1 1567 1613 1614
3097 2 2 1 1 1567 1614 1568
3098 2 2 1 1 1568 1614 1615
3099 2 2 1 1 1568 1615 1569
3100 2 2 1 1 1569 1615 1616
3101 2 2 1 1 1569 1616 1570
3102 2 2 1 1 1570 1616 1617
3103 2 2 1 1 1570 1617 1571
3104 2 2 1 1 1571 1617 1618
3105 2 2 1 1 1571 1618 1572
3106 2 2 1 1 1572 1618 1619
3107 2 2 1 1 1572 1619 1573
3108 2 2 1 1 1573 1619 1620
3109 2 2 1 1 1573 1620 1574
3110 2 2 1 1 1574 1620 1621
3111 2 2 1 1 1574 1621 1575
3112 2 2 1 1 1575 1621 1622
3113 2 2 1 1 1575 1622 1576
3114 2 2 1 1 1576 1622 1623
3115 2 2 1 1 1576 1623 1577
3116 2 2 1 1 1577 1623 1624
3117 2 2 1 1 1577 1624 1578
3118 2 2 1 1 1578 1624 1625
3119 2 2 1 1 1578 1625 1579
3120 2 2 1 1 1579 1625 1626
3121 2 2 1 1 1579 1626 1580
3122 2 2 1 1 1580 1626 1627
3123 2 2 1 1 1580 1627 1581
3124 2 2 1 1 1581 1627 1628
3125 2 2 1 1 1581 1628 1582
3126 2 2 1 1 1582 1628 1629
3127 2 2 1 1 1582 1629 1583
3128 2 2 1 1 1583 1629 1630
3129 2 2 1 1 1583 1630 1584
3130 2 2 1 1 1584 1630 1631
3131 2 2 1 1 1584 1631 1585
3132 2 2 1 1 1585 1631 1632
3133 2 2 1 1 1585 1632 1586
3134 2 2 1 1 1586 1632 1633
3135 2 2 1 1 1586 1633 1587
3136 2 2 1 1 1587 1633 1634
3137 2 2 1 1 1587 1634 1588
3138 2 2 1 1 1588 1634 1635
3139 2 2 1 1 1588 1635 1589
3140 2 2 1 1 1589 1635 1636
3141 2 2 1 1 1589 1636 1590
3142 2 2 1 1 1590 1636 1637
3143 2 2 1 1 1590 1637 1591
3144 2 2 1 1 1591 1637 1638
3145 2 2 1 1 1591 1638 1592
3146 2 2 1 1 1592 1638 1639
3147 2 2 1 1 1592 1639 1593
3148 2 2 1 1 1593 1639 1640
3149 2 2 1 1 1593 1640 1594
3150 2 2 1 1 1594 1640 1641
3151 2 2 1 1 1594 1641 1595
3152 2 2 1 1 1595 1641 1642
3153 2 2 1 1 1595 1642 1596
3154 2 2 1 1 1596 1642 1643
3155 2 2 1 1 1596 1643 1597
3156 2 2 1 1 1597 1643 1644
3157 2 2 1 1 1597 1644 1598
3158 2 2 1 1 1598 1644 1645
3159 2 2 1 1 1598 1645 1599
3160 2 2 1 1 1599 1645 1646
3161 2 2 1 1 1599 1646 1600
3162 2 2 1 1 1600 1646 1647
3163 2 2 1 1 1600 1647 1601
3164 2 2 1 1 1601 1647 1648
3165 2 2 1 1 1601 1648 1602
3166 2 2 1 1 1602 1648 1649
3167 2 2 1 1 1602 1649 116
3168 2 2 1 1 116 1649 115
3169 2 2 1 1 35 36 1603
3170 2 2 1 1 1603 36 1650
3171 2 2 1 1 1603 1650 1604
3172 2 2 1 1 1604 1650 1651
3173 2 2 1 1 1604 1651 1605
3174 2 2 1 1 1605 1651 1652
3175 2 2 1 1 1605 1652 1606
3176 2 2 1 1 1606 1652 1653
3177 2 2 1 1 1606 1653 1607
3178 2 2 1 1 1607 1653 1654
3179 2 2 1 1 1607 1654 1608
3180 2 2 1 1 1608 1654 1655
3181 2 2 1 1 1608 1655 1609
3182 2 2 1 1 1609 1655 1656
3183 2 2 1 1 1609 1656 1610
3184 2 2 1 1 1610 1656 1657
3185 2 2 1 1 1610 1657 1611
3186 2 2 1 1 1611 1657 1658
3187 2 2 1 1 1611 1658 1612
3188 2 2 1 1 1612 1658 1659
3189 2 2 1 1 1612 1659 1613
3190 2 2 1 1 1613 1659 1660
3191 2 2 1 1 1613 1660 1614
3192 2 2 1 1 1614 1660 1661
3193 2 2 1 1 1614 1661 1615
3194 2 2 1 1 1615 1661 1662
3195 2 2 1 1 1615 1662 1616
3196 2 2 1 1 1616 1662 1663
3197 2 2 1 1 1616 1663 1617
3198 2 2 1 1 1617 1663 1664
3199 2 2 1 1 1617 1664 1618
3200 2 2 1 1 1618 1664 1665
3201 2 2 1 1 1618 1665 1619
3202 2 2 1 1 1619 1665 1666
3203 2 2 1 1 1619 1666 1620
3204 2 2 1 1 1620 1666 1667
3205 2 2 1 1 1620 1667 1621
3206 2 2 1 1 1621 1667 1668
3207 2 2 1 1 1621 1668 1622
3208 2 2 1 1 1622 1668 1669
3209 2 2 1 1 1622 1669 1623
3210 2 2 1 1 1623 1669 1670
3211 2 2 1 1 1623 1670 1624
3212 2 2 1 1 1624 1670 1671
3213 2 2 1 1 1624 1671 1625
3214 2 2 1 1 1625 1671 1672
3215 2 2 1 1 1625 1672 1626
3216 2 2 1 1 1626 1672 1673
3217 2 2 1 1 1626 1673 1627
3218 2 2 1 1 1627 1673 1674
3219 2 2 1 1 1627 1674 1628
3220 2 2 1 1 1628 1674 1675
3221 2 2 1 1 1628 1675 1629
3222 2 2 1 1 1629 1675 1676
3223 2 2 1 1 1629 1676 1630
3224 2 2 1 1 1630 1676 1677
3225 2 2 1 1 1630 1677 1631
3226 2 2 1 1 1631 1677 1678
3227 2 2 1 1 1631 1678 1632
3228 2 2 1 1 1632 1678 1679
3229 2 2 1 1 1632 1679 1633
3230 2 2 1 1 1633 1679 1680
3231 2 2 1 1 1633 1680 1634
3232 2 2 1 1 1634 1680 1681
3233 2 2 1 1 1634 1681 1635
3234 2 2 1 1 1635 1681 1682
3235 2 2 1 1 1635 1682 1636
3236 2 2 1 1 1636 1682 1683
3237 2 2 1 1 1636 1683 1637
3238 2 2 1 1 1637 1683 1684
3239 2 2 1 1 1637 1684 1638
3240 2 2 1 1 1638 1684 1685
3241 2 2 1 1 1638 1685 1639
3242 2 2 1 1 1639 1685 1686
3243 2 2 1 1 1639 1686 1640
3244 2 2 1 1 1640 1686 1687
3245 2 2 1 1 1640 1687 1641
3246 2 2 1 1 1641 1687 1688
3247 2 2 1 1 1641 1688 1642
3248 2 2 1 1 1642 1688 1689
3249 2 2 1 1 1642 1689 1643
3250 2 2 1 1 1643 1689 1690
3251 2 2 1 1 1643 1690 1644
3252 2 2 1 1 1644 1690 1691
3253 2 2 1 1 1644 1691 1645
3254 2 2 1 1 1645 1691 1692
3255 2 2 1 1 1645 1692 1646
3256 2 2 1 1 1646 1692 1693
3257 2 2 1 1 1646 1693 1647
3258 2 2 1 1 1647 1693 1694
3259 2 2 1 1 1647 1694 1648
3260 2 2 1 1 1648 1694 1695
3261 2 2 1 1 1648 1695 1649
3262 2 2 1 1 1649 1695 1696
3263 2 2 1 1 1649 1696 115
3264 2 2 1 1 115 1696 114
3265 2 2 1 1 36 37 1650
3266 2 2 1 1 1650 37 1697
3267 2 2 1 1 1650 1697 1651
3268 2 2 1 1 1651 1697 1698
3269 2 2 1 1 1651 1698 1652
3270 2 2 1 1 1652 1698 1699
3271 2 2 1 1 1652 1699 1653
3272 2 2 1 1 1653 1699 1700
3273 2 2 1 1 1653 1700 1654
3274 2 2 1 1 1654 1700 1701
3275 2 2 1 1 1654 1701 1655
3276 2 2 1 1 1655 1701 1702
3277 2 2 1 1 1655 1702 1656
3278 2 2 1 1 1656 1702 1703
3279 2 2 1 1 1656 1703 1657
3280 2 2 1 1 1657 1703 1704
3281 2 2 1 1 1657 1704 1658
3282 2 2 1 1 1658 1704 1705
3283 2 2 1 1 1658 1705 1659
3284 2 2 1 1 1659 1705 1706
3285 2 2 1 1 1659 1706 1660
3286 2 2 1 1 1660 1706 1707
3287 2 2 1 1 1660 1707 1661
3288 2 2 1 1 1661 1707 1708
3289 2 2 1 1 1661 1708 1662
3290 2 2 1 1 1662 1708 1709
3291 2 2 1 1 1662 1709 1663
3292 2 2 1 1 1663 1709 1710
3293 2 2 1 1 1663 1710 1664
3294 2 2 1 1 1664 1710 1711
3295 2 2 1 1 1664 1711 1665
3296 2 2 1 1 1665 1711 1712
3297 2 2 1 1 1665 1712 1666
3298 2 2 1 1 1666 1712 1713
3299 2 2 1 1 1666 1713 1667
3300 2 2 1 1 1667 1713 1714
3301 2 2 1 1 1667 1714 1668
3302 2 2 1 1 1668 1714 1715
3303 2 2 1 1 1668 1715 1669
3304 2 2 1 1 1669 1715 1716
3305 2 2 1 1 1669 1716 1670
3306 2 2 1 1 1670 1716 1717
3307 2 2 1 1 1670 1717 1671
3308 2 2 1 1 1671 1717 1718
3309 2 2 1 1 1671 1718 1672
3310 2 2 1 1 1672 1718 1719
3311 2 2 1 1 1672 1719 1673
3312 2 2 1 1 1673 1719 1720
3313 2 2 1 1 1673 1720 1674
3314 2 2 1 1 1674 1720 1721
3315 2 2 1 1 1674 1721 1675
3316 2 2 1 1 1675 1721 1722
3317 2 2 1 1 1675 1722 1676
3318 2 2 1 1 1676 1722 1723
3319 2 2 1 1 1676 1723 1677
3320 2 2 1 1 1677 1723 1724
3321 2 2 1 1 1677 1724 1678
3322 2 2 1 1 1678 1724 1725
3323 2 2 1 1 1678 1725 1679
3324 2 2 1 1 1679 1725 1726
3325 2 2 1 1 1679 1726 1680
3326 2 2 1 1 1680 1726 1727
3327 2 2 1 1 1680 1727 1681
3328 2 2 1 1 1681 1727 1728
3329 2 2 1 1 1681 1728 1682
3330 2 2 1 1 1682 1728 1729
3331 2 2 1 1 1682 1729 1683
3332 2 2 1 1 1683 1729 1730
3333 2 2 1 1 1683 1730 1684
3334 2 2 1 1 1684 1730 1731
3335 2 2 1 1 1684 1731 1685
3336 2 2 1 1 1685 1731 1732
3337 2 2 1 1 1685 1732 1686
3338 2 2 1 1 1686 1732 1733
3339 2 2 1 1 1686 1733 1687
3340 2 2 1 1 1687 1733 1734
3341 2 2 1 1 1687 1734 1688
3342 2 2 1 1 1688 1734 1735
3343 2 2 1 1 1688 1735 1689
3344 2 2 1 1 1689 1735 1736
3345 2 2 1 1 1689 1736 1690
3346 2 2 1 1 1690 1736 1737
3347 2 2 1 1 1690 1737 1691
3348 2 2 1 1 1691 1737 1738
3349 2 2 1 1 1691 1738 1692
3350 2 2 1 1 1692 1738 1739
3351 2 2 1 1 1692 1739 1693
3352 2 2 1 1 1693 1739 1740
3353 2 2 1 1 1693 1740 1694
3354 2 2 1 1 1694 1740 1741
3355 2 2 1 1 1694 1741 1695
3356 2 2 1 1 1695 1741 1742
3357 2 2 1 1 1695 1742 1696
3358 2 2 1 1 1696 1742 1743
3359 2 2 1 1 1696 1743 114
3360 2 2 1 1 114 1743 113
3361 2 2 1 1 37 38 1697
3362 2 2 1 1 1697 38 1744
3363 2 2 1 1 1697 1744 1698
3364 2 2 1 1 1698 1744 1745
3365 2 2 1 1 1698 1745 1699
3366 2 2 1 1 1699 1745 1746
3367 2 2 1 1 1699 1746 1700
3368 2 2 1 1 1700 1746 1747
3369 2 2 1 1 1700 1747 1701
3370 2 2 1 1 1701 1747 1748
3371 2 2 1 1 1701 1748 1702
3372 2 2 1 1 1702 1748 1749
3373 2 2 1 1 1702 1749 1703
3374 2 2 1 1 1703 1749 1750
3375 2 2 1 1 1703 1750 1704
3376 2 2 1 1 1704 1750 1751
3377 2 2 1 1 1704 1751 1705
3378 2 2 1 1 1705 1751 1752
3379 2 2 1 1 1705 1752 1706
3380 2 2 1 1 1706 1752 1753
3381 2 2 1 1 1706 1753 1707
3382 2 2 1 1 1707 1753 1754
3383 2 2 1 1 1707 1754 1708
3384 2 2 1 1 1708 1754 1755
3385 2 2 1 1 1708 1755 1709
3386 2 2 1 1 1709 1755 1756
3387 2 2 1 1 1709 1756 1710
3388 2 2 1 1 1710 1756 1757
3389 2 2 1 1 1710 1757 1711
3390 2 2 1 1 1711 1757 1758
3391 2 2 1 1 1711 1758 1712
3392 2 2 1 1 1712 1758 1759
3393 2 2 1 1 1712 1759 1713
3394 2 2 1 1 1713 1759 1760
3395 2 2 1 1 1713 1760 1714
3396 2 2 1 1 1714 1760 1761
3397 2 2 1 1 1714 1761 1715
3398 2 2 1 1 1715 1761 1762
3399 2 2 1 1 1715 1762 1716
3400 2 2 1 1 1716 1762 1763
3401 2 2 1 1 1716 1763 1717
3402 2 2 1 1 1717 1763 1764
3403 2 2 1 1 1717 1764 1718
3404 2 2 1 1 1718 1764 1765
3405 2 2 1 1 1718 1765 1719
3406 2 2 1 1 1719 1765 1766
3407 2 2 1 1 1719 1766 1720
3408 2 2 1 1 1720 1766 1767
3409 2 2 1 1 1720 1767 1721
3410 2 2 1 1 1721 1767 1768
3411 2 2 1 1 1721 1768 1722
3412 2 2 1 1 1722 1768 1769
3413 2 2 1 1 1722 1769 1723
3414 2 2 1 1 1723 1769 1770
3415 2 2 1 1 1723 1770 1724
3416 2 2 1 1 1724 1770 1771
3417 2 2 1 1 1724 1771 1725
3418 2 2 1 1 1725 1771 1772
3419 2 2 1 1 1725 1772 1726
3420 2 2 1 1 1726 1772 1773
3421 2 2 1 1 1726 1773 1727
3422 2 2 1 1 1727 1773 1774
3423 2 2 1 1 1727 1774 1728
3424 2 2 1 1 1728 1774 1775
3425 2 2 1 1 1728 1775 1729
3426 2 2 1 1 1729 1775 1776
3427 2 2 1 1 1729 1776 1730
3428 2 2 1 1 1730 1776 1777
3429 2 2 1 1 1730 1777 1731
3430 2 2 1 1 1731 1777 1778
3431 2 2 1 1 1731 1778 1732
3432 2 2 1 1 1732 1778 1779
3433 2 2 1 1 1732 1779 1733
3434 2 2 1 1 1733 1779 1780
3435 2 2 1 1 1733 1780 1734
3436 2 2 1 1 1734 1780 1781
3437 2 2 1 1 1734 1781 1735
3438 2 2 1 1 1735 1781 1782
3439 2 2 1 1 1735 1782 1736
3440 2 2 1 1 1736 1782 1783
3441 2 2 1 1 1736 1783 1737
3442 2 2 1 1 1737 1783 1784
3443 2 2 1 1 1737 1784 1738
3444 2 2 1 1 1738 1784 1785
3445 2 2 1 1 1738 1785 1739
3446 2 2 1 1 1739 1785 1786
3447 2 2 1 1 1739 1786 1740
3448 2 2 1 1 1740 1786 1787
3449 2 2 1 1 1740 1787 1741
3450 2 2 1 1 1741 1787 1788
3451 2 2 1 1 1741 1788 1742
3452 2 2 1 1 1742 1788 1789
3453 2 2 1 1 1742 1789 1743
3454 2 2 1 1 1743 1789 1790
3455 2 2 1 1 1743 1790 113
3456 2 2 1 1 113 1790 112
3457 2 2 1 1 38 39 1744
3458 2 2 1 1 1744 39 1791
3459 2 2 1 1 1744 1791 1745
3460 2 2 1 1 1745 1791 1792
3461 2 2 1 1 1745 1792 1746
3462 2 2 1 1 1746 1792 1793
3463 2 2 1 1 1746 1793 1747
3464 2 2 1 1 1747 1793 1794
3465 2 2 1 1 1747 1794 1748
3466 2 2 1 1 1748 1794 1795
3467 2 2 1 1 1748 1795 1749
3468 2 2 1 1 1749 1795 1796
3469 2 2 1 1 1749 1796 1750
3470 2 2 1 1 1750 1796 1797
3471 2 2 1 1 1750 1797 1751
3472 2 2 1 1 1751 1797 1798
3473 2 2 1 1 1751 1798 1752
3474 2 2 1 1 1752 1798 1799
3475 2 2 1 1 1752 1799 1753
3476 2 2 1 1 1753 1799 1800
3477 2 2 1 1 1753 1800 1754
3478 2 2 1 1 1754 1800 1801
3479 2 2 1 1 1754 1801 1755
3480 2 2 1 1 1755 1801 1802
3481 2 2 1 1 1755 1802 1756
3482 2 2 1 1 1756 1802 1803
3483 2 2 1 1 1756 1803 1757
3484 2 2 1 1 1757 1803 1804
3485 2 2 1 1 1757 1804 1758
3486 2 2 1 1 1758 1804 1805
3487 2 2 1 1 1758 1805 1759
3488 2 2 1 1 1759 1805 1806
3489 2 2 1 1 1759 1806 1760
3490 2 2 1 1 1760 1806 1807
3491 2 2 1 1 1760 1807 1761
3492 2 2 1 1 1761 1807 1808
3493 2 2 1 1 1761 1808 1762
3494 2 2 1 1 1762 1808 1809
3495 2 2 1 1 1762 1809 1763
3496 2 2 1 1 1763 1809 1810
3497 2 2 1 1 1763 1810 1764
3498 2 2 1 1 1764 1810 1811
3499 2 2 1 1 1764 1811 1765
3500 2 2 1 1 1765 1811 1812
3501 2 2 1 1 1765 1812 1766
3502 2 2 1 1 1766 1812 1813
3503 2 2 1 1 1766 1813 1767
3504 2 2 1 1 1767 1813 1814
3505 2 2 1 1 1767 1814 1768
3506 2 2 1 1 1768 1814 1815
3507 2 2 1 1 1768 1815 1769
3508 2 2 1 1 1769 1815 1816
3509 2 2 1 1 1769 1816 1770
3510 2 2 1 1 1770 1816 1817
3511 2 2 1 1 1770 1817 1771
3512 2 2 1 1 1771 1817 1818
3513 2 2 1 1 1771 1818 1772
3514 2 2 1 1 1772 1818 1819
3515 2 2 1 1 1772 1819 1773
3516 2 2 1 1 1773 1819 1820
3517 2 2 1 1 1773 1820 1774
3518 2 2 1 1 1774 1820 1821
3519 2 2 1 1 1774 1821 1775
3520 2 2 1 1 1775 1821 1822
3521 2 2 1 1 1775 1822 1776
3522 2 2 1 1 1776 1822 1823
3523 2 2 1 1 1776 1823 1777
3524 2 2 1 1 1777 1823 1824
3525 2 2 1 1 1777 1824 1778
3526 2 2 1 1 1778 1824 1825
3527 2 2 1 1 1778 1825 1779
3528 2 2 1 1 1779 1825 1826
3529 2 2 1 1 1779 1826 1780
3530 2 2 1 1 1780 1826 1827
3531 2 2 1 1 1780 1827 1781
3532 2 2 1 1 1781 1827 1828
3533 2 2 1 1 1781 1828 1782
3534 2 2 1 1 1782 1828 1829
3535 2 2 1 1 1782 1829 1783
3536 2 2 1 1 1783 1829 1830
3537 2 2 1 1 1783 1830 1784
3538 2 2 1 1 1784 1830 1831
3539 2 2 1 1 1784 1831 1785
3540 2 2 1 1 1785 1831 1832
3541 2 2 1 1 1785 1832 1786
3542 2 2 1 1 1786 1832 1833
3543 2 2 1 1 1786 1833 1787
3544 2 2 1 1 1787 1833 1834
3545 2 2 1 1 1787 1834 1788
3546 2 2 1 1 1788 1834 1835
3547 2 2 1 1 1788 1835 1789
3548 2 2 1 1 1789 1835 1836
3549 2 2 1 1 1789 1836 1790
3550 2 2 1 1 1790 1836 1837
3551 2 2 1 1 1790 1837 112
3552 2 2 1 1 112 1837 111
3553 2 2 1 1 39 40 1791
3554 2 2 1 1 1791 40 1838
3555 2 2 1 1 1791 1838 1792
3556 2 2 1 1 1792 1838 1839
3557 2 2 1 1 1792 1839 1793
3558 2 2 1 1 1793 1839 1840
3559 2 2 1 1 1793 1840 1794
3560 2 2 1 1 1794 1840 1841
3561 2 2 1 1 1794 1841 1795
3562 2 2 1 1 1795 1841 1842
3563 2 2 1 1 1795 1842 1796
3564 2 2 1 1 1796 1842 1843
3565 2 2 1 1 1796 1843 1797
3566 2 2 1 1 1797 1843 1844
3567 2 2 1 1 1797 1844 1798
3568 2 2 1 1 1798 1844 1845
3569 2 2 1 1 1798 1845 1799
3570 2 2 1 1 1799 1845 1846
3571 2 2 1 1 1799 1846 1800
3572 2 2 1 1 1800 1846 1847
3573 2 2 1 1 1800 1847 1801
3574 2 2 1 1 1801 1847 1848
3575 2 2 1 1 1801 1848 1802
3576 2 2 1 1 1802 1848 1849
3577 2 2 1 1 1802 1849 1803
3578 2 2 1 1 1803 1849 1850
3579 2 2 1 1 1803 1850 1804
3580 2 2 1 1 1804 1850 1851
3581 2 2 1 1 1804 1851 1805
3582 2 2 1 1 1805 1851 1852
3583 2 2 1 1 1805 1852 1806
3584 2 2 1 1 1806 1852 1853
3585 2 2 1 1 1806 1853 1807
3586 2 2 1 1 1807 1853 1854
3587 2 2 1 1 1807 1854 1808
3588 2 2 1 1 1808 1854 1855
3589 2 2 1 1 1808 1855 1809
3590 2 2 1 1 1809 1855 1856
3591 2 2 1 1 1809 1856 1810
3592 2 2 1 1 1810 1856 1857
3593 2 2 1 1 1810 1857 1811
3594 2 2 1 1 1811 1857 1858
3595 2 2 1 1 1811 1858 1812
3596 2 2 1 1 1812 1858 1859
3597 2 2 1 1 1812 1859 1813
3598 2 2 1 1 1813 1859 1860
3599 2 2 1 1 1813 1860 1814
3600 2 2 1 1 1814 1860 1861
3601 2 2 1 1 1814 1861 1815
3602 2 2 1 1 1815 1861 1862
3603 2 2 1 1 1815 1862 1816
3604 2 2 1 1 1816 1862 1863
3605 2 2 1 1 1816 1863 1817
3606 2 2 1 1 1817 1863 1864
3607 2 2 1 1 1817 1864 1818
3608 2 2 1 1 1818 1864 1865
3609 2 2 1 1 1818 1865 1819
3610 2 2 1 1 1819 1865 1866
3611 2 2 1 1 1819 1866 1820
3612 2 2 1 1 1820 1866 1867
3613 2 2 1 1 1820 1867 1821
3614 2 2 1 1 1821 1867 1868
3615 2 2 1 1 1821 1868 1822
3616 2 2 1 1 1822 1868 1869
3617 2 2 1 1 1822 1869 1823
3618 2 2 1 1 1823 1869 1870
3619 2 2 1 1 1823 1870 1824
3620 2 2 1 1 1824 1870 1871
3621 2 2 1 1 1824 1871 1825
3622 2 2 1 1 1825 1871 1872
3623 2 2 1 1 1825 1872 1826
3624 2 2 1 1 1826 1872 1873
3625 2 2 1 1 1826 1873 1827
3626 2 2 1 1 1827 1873 1874
3627 2 2 1 1 1827 1874 1828
3628 2 2 1 1 1828 1874 1875
3629 2 2 1 1 1828 1875 1829
3630 2 2 1 1 1829 1875 1876
3631 2 2 1 1 1829 1876 1830
3632 2 2 1 1 1830 1876 1877
3633 2 2 1 1 1830 1877 1831
3634 2 2 1 1 1831 1877 1878
3635 2 2 1 1 1831 1878 1832
3636 2 2 1 1 1832 1878 1879
3637 2 2 1 1 1832 1879 1833
3638 2 2 1 1 1833 1879 1880
3639 2 2 1 1 1833 1880 1834
3640 2 2 1 1 1834 1880 1881
3641 2 2 1 1 1834 1881 1835
3642 2 2 1 1 1835 1881 1882
3643 2 2 1 1 1835 1882 1836
3644 2 2 1 1 1836 1882 1883
3645 2 2 1 1 1836 1883 1837
3646 2 2 1 1 1837 1883 1884
3647 2 2 1 1 1837 1884 111
3648 2 2 1 1 111 1884 110
3649 2 2 1 1 40 41 1838
3650 2 2 1 1 1838 41 1885
3651 2 2 1 1 1838 1885 1839
3652 2 2 1 1 1839 1885 1886
3653 2 2 1 1 1839 1886 1840
3654 2 2 1 1 1840 1886 1887
3655 2 2 1 1 1840 1887 1841
3656 2 2 1 1 1841 1887 1888
3657 2 2 1 1 1841 1888 1842
3658 2 2 1 1 1842 1888 1889
3659 2 2 1 1 1842 1889 1843
3660 2 2 1 1 1843 1889 1890
3661 2 2 1 1 1843 1890 1844
3662 2 2 1 1 1844 1890 1891
3663 2 2 1 1 1844 1891 1845
3664 2 2 1 1 1845 1891 1892
3665 2 2 1 1 1845 1892 1846
3666 2 2 1 1 1846 1892 1893
3667 2 2 1 1 1846 1893 1847
3668 2 2 1 1 1847 1893 1894
3669 2 2 1 1 1847 1894 1848
3670 2 2 1 1 1848 1894 1895
3671 2 2 1 1 1848 1895 1849
3672 2 2 1 1 1849 1895 1896
3673 2 2 1 1 1849 1896 1850
3674 2 2 1 1 1850 1896 1897
3675 2 2 1 1 1850 1897 1851
3676 2 2 1 1 1851 1897 1898
3677 2 2 1 1 1851 1898 1852
3678 2 2 1 1 1852 1898 1899
3679 2 2 1 1 1852 1899 1853
3680 2 2 1 1 1853 1899 1900
3681 2 2 1 1 1853 1900 1854
3682 2 2 1 1 1854 1900 1901
3683 2 2 1 1 1854 1901 1855
3684 2 2 1 1 1855 1901 1902
3685 2 2 1 1 1855 1902 1856
3686 2 2 1 1 1856 1902 1903
3687 2 2 1 1 1856 1903 1857
3688 2 2 1 1 1857 1903 1904
3689 2 2 1 1 1857 1904 1858
3690 2 2 1 1 1858 1904 1905
3691 2 2 1 1 1858 1905 1859
3692 2 2 1 1 1859 1905 1906
3693 2 2 1 1 1859 1906 1860
3694 2 2 1 1 1860 1906 1907
3695 2 2 1 1 1860 1907 1861
3696 2 2 1 1 1861 1907 1908
3697 2 2 1 1 1861 1908 1862
3698 2 2 1 1 1862 1908 1909
3699 2 2 1 1 1862 1909 1863
3700 2 2 1 1 1863 1909 1910
3701 2 2 1 1 1863 1910 1864
3702 2 2 1 1 1864 1910 1911
3703 2 2 1 1 1864 1911 1865
3704 2 2 1 1 1865 1911 1912
3705 2 2 1 1 1865 1912 1866
3706 2 2 1 1 1866 1912 1913
3707 2 2 1 1 1866 1913 1867
3708 2 2 1 1 1867 1913 1914
3709 2 2 1 1 1867 1914 1868
3710 2 2 1 1 1868 1914 1915
3711 2 2 1 1 1868 1915 1869
3712 2 2 1 1 1869 1915 1916
3713 2 2 1 1 1869 1916 1870
3714 2 2 1 1 1870 1916 1917
3715 2 2 1 1 1870 1917 1871
3716 2 2 1 1 1871 1917 1918
3717 2 2 1 1 1871 1918 1872
3718 2 2 1 1 1872 1918 1919
3719 2 2 1 1 1872 1919 1873
3720 2 2 1 1 1873 1919 1920
3721 2 2 1 1 1873 1920 1874
3722 2 2 1 1 1874 1920 1921
3723 2 2 1 1 1874 1921 1875
3724 2 2 1 1 1875 1921 1922
3725 2 2 1 1 1875 1922 1876
3726 2 2 1 1 1876 1922 1923
3727 2 2 1 1 1876 1923 1877
3728 2 2 1 1 1877 1923 1924
3729 2 2 1 1 1877 1924 1878
3730 2 2 1 1 1878 1924 1925
3731 2 2 1 1 1878 1925 1879
3732 2 2 1 1 1879 1925 1926
3733 2 2 1 1 1879 1926 1880
3734 2 2 1 1 1880 1926 1927
3735 2 2 1 1 1880 1927 1881
3736 2 2 1 1 1881 1927 1928
3737 2 2 1 1 1881 1928 1882
3738 2 2 1 1 1882 1928 1929
3739 2 2 1 1 1882 1929 1883
3740 2 2 1 1 1883 1929 1930
3741 2 2 1 1 1883 1930 1884
3742 2 2 1 1 1884 1930 1931
3743 2 2 1 1 1884 1931 110
3744 2 2 1 1 110 1931 109
3745 2 2 1 1 41 42 1885
3746 2 2 1 1 1885 42 1932
3747 2 2 1 1 1885 1932 1886
3748 2 2 1 1 1886 1932 1933
3749 2 2 1 1 1886 1933 1887
3750 2 2 1 1 1887 1933 1934
3751 2 2 1 1 1887 1934 1888
3752 2 2 1 1 1888 1934 1935
3753 2 2 1 1 1888 1935 1889
3754 2 2 1 1 1889 1935 1936
3755 2 2 1 1 1889 1936 1890
3756 2 2 1 1 1890 1936 1937
3757 2 2 1 1 1890 1937 1891
3758 2 2 1 1 1891 1937 1938
3759 2 2 1 1 1891 1938 1892
3760 2 2 1 1 1892 1938 1939
3761 2 2 1 1 1892 1939 1893
3762 2 2 1 1 1893 1939 1940
3763 2 2 1 1 1893 1940 1894
3764 2 2 1 1 1894 1940 1941
3765 2 2 1 1 1894 1941 1895
3766 2 2 1 1 1895 1941 1942
3767 2 2 1 1 1895 1942 1896
3768 2 2 1 1 1896 1942 1943
3769 2 2 1 1 1896 1943 1897
3770 2 2 1 1 1897 1943 1944
3771 2 2 1 1 1897 1944 1898
3772 2 2 1 1 1898 1944 1945
3773 2 2 1 1 1898 1945 1899
3774 2 2 1 1 1899 1945 1946
3775 2 2 1 1 1899 1946 1900
3776 2 2 1 1 1900 1946 1947
3777 2 2 1 1 1900 1947 1901
3778 2 2 1 1 1901 1947 1948
3779 2 2 1 1 1901 1948 1902
3780 2 2 1 1 1902 1948 1949
3781 2 2 1 1 1902 1949 1903
3782 2 2 1 1 1903 1949 1950
3783 2 2 1 1 1903 1950 1904
3784 2 2 1 1 1904 1950 1951
3785 2 2 1 1 1904 1951 1905
3786 2 2 1 1 1905 1951 1952
3787 2 2 1 1 1905 1952 1906
3788 2 2 1 1 1906 1952 1953
3789 2 2 1 1 1906 1953 1907
3790 2 2 1 1 1907 1953 1954
3791 2 2 1 1 1907 1954 1908
3792 2 2 1 1 1908 1954 1955
3793 2 2 1 1 1908 1955 1909
3794 2 2 1 1 1909 1955 1956
3795 2 2 1 1 1909 1956 1910
3796 2 2 1 1 1910 1956 1957
3797 2 2 1 1 1910 1957 1911
3798 2 2 1 1 1911 1957 1958
3799 2 2 1 1 1911 1958 1912
3800 2 2 1 1 1912 1958 1959
3801 2 2 1 1 1912 1959 1913
3802 2 2 1 1 1913 1959 1960
3803 2 2 1 1 1913 1960 1914
3804 2 2 1 1 1914 1960 1961
3805 2 2 1 1 1914 1961 1915
3806 2 2 1 1 1915 1961 1962
3807 2 2 1 1 1915 1962 1916
3808 2 2 1 1 1916 1962 1963
3809 2 2 1 1 1916 1963 1917
3810 2 2 1 1 1917 1963 1964
3811 2 2 1 1 1917 1964 1918
3812 2 2 1 1 1918 1964 1965
3813 2 2 1 1 1918 1965 1919
3814 2 2 1 1 1919 1965 1966
3815 2 2 1 1 1919 1966 1920
3816 2 2 1 1 1920 1966 1967
3817 2 2 1 1 1920 1967 1921
3818 2 2 1 1 1921 1967 1968
3819 2 2 1 1 1921 1968 1922
3820 2 2 1 1 1922 1968 1969
3821 2 2 1 1 1922 1969 1923
3822 2 2 1 1 1923 1969 1970
3823 2 2 1 1 1923 1970 1924
3824 2 2 1 1 1924 1970 1971
3825 2 2 1 1 1924 1971 1925
3826 2 2 1 1 1925 1971 1972
3827 2 2 1 1 1925 1972 1926
3828 2 2 1 1 1926 1972 1973
3829 2 2 1 1 1926 1973 1927
3830 2 2 1 1 1927 1973 1974
3831 2 2 1 1 1927 1974 1928
3832 2 2 1 1 1928 1974 1975
3833 2 2 1 1 1928 1975 1929
3834 2 2 1 1 1929 1975 1976
3835 2 2 1 1 1929 1976 1930
3836 2 2 1 1 1930 1976 1977
3837 2 2 1 1 1930 1977 1931
3838 2 2 1 1 1931 1977 1978
3839 2 2 1 1 1931 1978 109
3840 2 2 1 1 109 1978 108
3841 2 2 1 1 42 43 1932
3842 2 2 1 1 1932 43 1979
3843 2 2 1 1 1932 1979 1933
3844 2 2 1 1 1933 1979 1980
3845 2 2 1 1 1933 1980 1934
3846 2 2 1 1 1934 1980 1981
3847 2 2 1 1 1934 1981 1935
3848 2 2 1 1 1935 1981 1982
3849 2 2 1 1 1935 1982 1936
3850 2 2 1 1 1936 1982 1983
3851 2 2 1 1 1936 1983 1937
3852 2 2 1 1 1937 1983 1984
3853 2 2 1 1 1937 1984 1938
3854 2 2 1 1 1938 1984 1985
3855 2 2 1 1 1938 1985 1939
3856 2 2 1 1 1939 1985 1986
3857 2 2 1 1 1939 1986 1940
3858 2 2 1 1 1940 1986 1987
3859 2 2 1 1 1940 1987 1941
3860 2 2 1 1 1941 1987 1988
3861 2 2 1 1 1941 1988 1942
3862 2 2 1 1 1942 1988 1989
3863 2 2 1 1 1942 1989 1943
3864 2 2 1 1 1943 1989 1990
3865 2 2 1 1 1943 1990 1944
3866 2 2 1 1 1944 1990 1991
3867 2 2 1 1 1944 1991 1945
3868 2 2 1 1 1945 1991 1992
3869 2 2 1 1 1945 1992 1946
3870 2 2 1 1 1946 1992 1993
3871 2 2 1 1 1946 1993 1947
3872 2 2 1 1 1947 1993 1994
3873 2 2 1 1 1947 1994 1948
3874 2 2 1 1 1948 1994 1995
3875 2 2 1 1 1948 1995 1949
3876 2 2 1 1 1949 1995 1996
3877 2 2 1 1 1949 1996 1950
3878 2 2 1 1 1950 1996 1997
3879 2 2 1 1 1950 1997 1951
3880 2 2 1 1 1951 1997 1998
3881 2 2 1 1 1951 1998 1952
3882 2 2 1 1 1952 1998 1999
3883 2 2 1 1 1952 1999 1953
3884 2 2 1 1 1953 1999 2000
3885 2 2 1 1 1953 2000 1954
3886 2 2 1 1 1954 2000 2001
3887 2 2 1 1 1954 2001 1955
3888 2 2 1 1 1955 2001 2002
3889 2 2 1 1 1955 2002 1956
3890 2 2 1 1 1956 2002 2003
3891 2 2 1 1 1956 2003 1957
3892 2 2 1 1 1957 2003 2004
3893 2 2 1 1 1957 2004 1958
3894 2 2 1 1 1958 2004 2005
3895 2 2 1 1 1958 2005 1959
3896 2 2 1 1 1959 2005 2006
3897 2 2 1 1 1959 2006 1960
3898 2 2 1 1 1960 2006 2007
3899 2 2 1 1 1960 2007 1961
3900 2 2 1 1 1961 2007 2008
3901 2 2 1 1 1961 2008 1962
3902 2 2 1 1 1962 2008 2009
3903 2 2 1 1 1962 2009 1963
3904 2 2 1 1 1963 2009 2010
3905 2 2 1 1 1963 2010 1964
3906 2 2 1 1 1964 2010 2011
3907 2 2 1 1 1964 2011 1965
3908 2 2 1 1 1965 2011 2012
3909 2 2 1 1 1965 2012 1966
3910 2 2 1 1 1966 2012 2013
3911 2 2 1 1 1966 2013 1967
3912 2 2 1 1 1967 2013 2014
3913 2 2 1 1 1967 2014 1968
3914 2 2 1 1 1968 2014 2015
3915 2 2 1 1 1968 2015 1969
3916 2 2 1 1 1969 2015 2016
3917 2 2 1 1 1969 2016 1970
3918 2 2 1 1 1970 2016 2017
3919 2 2 1 1 1970 2017 1971
3920 2 2 1 1 1971 2017 2018
3921 2 2 1 1 1971 2018 1972
3922 2 2 1 1 1972 2018 2019
3923 2 2 1 1 1972 2019 1973
3924 2 2 1 1 1973 2019 2020
3925 2 2 1 1 1973 2020 1974
3926 2 2 1 1 1974 2020 2021
3927 2 2 1 1 1974 2021 1975
3928 2 2 1 1 1975 2021 2022
3929 2 2 1 1 1975 2022 1976
3930 2 2 1 1 1976 2022 2023
3931 2 2 1 1 1976 2023 1977
3932 2 2 1 1 1977 2023 2024
3933 2 2 1 1 1977 2024 1978
3934 2 2 1 1 1978 2024 2025
3935 2 2 1 1 1978 2025 108
3936 2 2 1 1 108 2025 107
3937 2 2 1 1 43 44 1979
3938 2 2 1 1 1979 44 2026
3939 2 2 1 1 1979 2026 1980
3940 2 2 1 1 1980 2026 2027
3941 2 2 1 1 1980 2027 1981
3942 2 2 1 1 1981 2027 2028
3943 2 2 1 1 1981 2028 1982
3944 2 2 1 1 1982 2028 2029
3945 2 2 1 1 1982 2029 1983
3946 2 2 1 1 1983 2029 2030
3947 2 2 1 1 1983 2030 1984
3948 2 2 1 1 1984 2030 2031
3949 2 2 1 1 1984 2031 1985
3950 2 2 1 1 1985 2031 2032
3951 2 2 1 1 1985 2032 1986
3952 2 2 1 1 1986 2032 2033
3953 2 2 1 1 1986 2033 1987
3954 2 2 1 1 1987 2033 2034
3955 2 2 1 1 1987 2034 1988
3956 2 2 1 1 1988 2034 2035
3957 2 2 1 1 1988 2035 1989
3958 2 2 1 1 1989 2035 2036
3959 2 2 1 1 1989 2036 1990
3960 2 2 1 1 1990 2036 2037
3961 2 2 1 1 1990 2037 1991
3962 2 2 1 1 1991 2037 2038
3963 2 2 1 1 1991 2038 1992
3964 2 2 1 1 1992 2038 2039
3965 2 2 1 1 1992 2039 1993
3966 2 2 1 1 1993 2039 2040
3967 2 2 1 1 1993 2040 1994
3968 2 2 1 1 1994 2040 2041
3969 2 2 1 1 1994 2041 1995
3970 2 2 1 1 1995 2041 2042
3971 2 2 1 1 1995 2042 1996
3972 2 2 1 1 1996 2042 2043
3973 2 2 1 1 1996 2043 1997
3974 2 2 1 1 1997 2043 2044
3975 2 2 1 1 1997 2044 1998
3976 2 2 1 1 1998 2044 2045
3977 2 2 1 1 1998 2045 1999
3978 2 2 1 1 1999 2045 2046
3979 2 2 1 1 1999 2046 2000
3980 2 2 1 1 2000 2046 2047
3981 2 2 1 1 2000 2047 2001
3982 2 2 1 1 2001 2047 2048
3983 2 2 1 1 2001 2048 2002
3984 2 2 1 1 2002 2048 2049
3985 2 2 1 1 2002 2049 2003
3986 2 2 1 1 2003 2049 2050
3987 2 2 1 1 2003 2050 2004
3988 2 2 1 1 2004 2050 2051
3989 2 2 1 1 2004 2051 2005
3990 2 2 1 1 2005 2051 2052
3991 2 2 1 1 2005 2052 2006
3992 2 2 1 1 2006 2052 2053
3993 2 2 1 1 2006 2053 2007
3994 2 2 1 1 2007 2053 2054
3995 2 2 1 1 2007 2054 2008
3996 2 2 1 1 2008 2054 2055
3997 2 2 1 1 2008 2055 2009
3998 2 2 1 1 2009 2055 2056
3999 2 2 1 1 2009 2056 2010
4000 2 2 1 1 2010 2056 2057
4001 2 2 1 1 2010 2057 2011
4002 2 2 1 1 2011 2057 2058
4003 2 2 1 1 2011 2058 2012
4004 2 2 1 1 2012 2058 2059
4005 2 2 1 1 2012 2059 2013
4006 2 2 1 1 2013 2059 2060
4007 2 2 1 1 2013 2060 2014
4008 2 2 1 1 2014 2060 2061
4009 2 2 1 1 2014 2061 2015
4010 2 2 1 1 2015 2061 2062
4011 2 2 1 1 2015 2062 2016
4012 2 2 1 1 2016 2062 2063
4013 2 2 1 1 2016 2063 2017
4014 2 2 1 1 2017 2063 2064
4015 2 2 1 1 2017 2064 2018
4016 2 2 1 1 2018 2064 2065
4017 2 2 1 1 2018 2065 2019
4018 2 2 1 1 2019 2065 2066
4019 2 2 1 1 2019 2066 2020
4020 2 2 1 1 2020 2066 2067
4021 2 2 1 1 2020 2067 2021
4022 2 2 1 1 2021 2067 2068
4023 2 2 1 1 2021 2068 2022
4024 2 2 1 1 2022 2068 2069
4025 2 2 1 1 2022 2069 2023
4026 2 2 1 1 2023 2069 2070
4027 2 2 1 1 2023 2070 2024
4028 2 2 1 1 2024 2070 2071
4029 2 2 1 1 2024 2071 2025
4030 2 2 1 1 2025 2071 2072
4031 2 2 1 1 2025 2072 107
4032 2 2 1 1 107 2072 106
4033 2 2 1 1 44 45 2026
4034 2 2 1 1 2026 45 2073
4035 2 2 1 1 2026 2073 2027
4036 2 2 1 1 2027 2073 2074
4037 2 2 1 1 2027 2074 2028
4038 2 2 1 1 2028 2074 2075
4039 2 2 1 1 2028 2075 2029
4040 2 2 1 1 2029 2075 2076
4041 2 2 1 1 2029 2076 2030
4042 2 2 1 1 2030 2076 2077
4043 2 2 1 1 2030 2077 2031
4044 2 2 1 1 2031 2077 2078
4045 2 2 1 1 2031 2078 2032
4046 2 2 1 1 2032 2078 2079
4047 2 2 1 1 2032 2079 2033
4048 2 2 1 1 2033 2079 2080
4049 2 2 1 1 2033 2080 2034
4050 2 2 1 1 2034 2080 2081
4051 2 2 1 1 2034 2081 2035
4052 2 2 1 1 2035 2081 2082
4053 2 2 1 1 2035 2082 2036
4054 2 2 1 1 2036 2082 2083
4055 2 2 1 1 2036 2083 2037
4056 2 2 1 1 2037 2083 2084
4057 2 2 1 1 2037 2084 2038
4058 2 2 1 1 2038 2084 2085
4059 2 2 1 1 2038 2085 2039
4060 2 2 1 1 2039 2085 2086
4061 2 2 1 1 2039 2086 2040
4062 2 2 1 1 2040 2086 2087
4063 2 2 1 1 2040 2087 2041
4064 2 2 1 1 2041 2087 2088
4065 2 2 1 1 2041 2088 2042
4066 2 2 1 1 2042 2088 2089
4067 2 2 1 1 2042 2089 2043
4068 2 2 1 1 2043 2089 2090
4069 2 2 1 1 2043 2090 2044
4070 2 2 1 1 2044 2090 2091
4071 2 2 1 1 2044 2091 2045
4072 2 2 1 1 2045 2091 2092
4073 2 2 1 1 2045 2092 2046
4074 2 2 1 1 2046 2092 2093
4075 2 2 1 1 2046 2093 2047
4076 2 2 1 1 2047 2093 2094
4077 2 2 1 1 2047 2094 2048
4078 2 2 1 1 2048 2094 2095
4079 2 2 1 1 2048 2095 2049
4080 2 2 1 1 2049 2095 2096
4081 2 2 1 1 2049 2096 2050
4082 2 2 1 1 2050 2096 2097
4083 2 2 1 1 2050 2097 2051
4084 2 2 1 1 2051 2097 2098
4085 2 2 1 1 2051 2098 2052
4086 2 2 1 1 2052 2098 2099
4087 2 2 1 1 2052 2099 2053
4088 2 2 1 1 2053 2099 2100
4089 2 2 1 1 2053 2100 2054
4090 2 2 1 1 2054 2100 2101
4091 2 2 1 1 2054 2101 2055
4092 2 2 1 1 2055 2101 2102
4093 2 2 1 1 2055 2102 2056
4094 2 2 1 1 2056 2102 2103
4095 2 2 1 1 2056 2103 2057
4096 2 2 1 1 2057 2103 2104
4097 2 2 1 1 2057 2104 2058
4098 2 2 1 1 2058 2104 2105
4099 2 2 1 1 2058 2105 2059
4100 2 2 1 1 2059 2105 2106
4101 2 2 1 1 2059 2106 2060
4102 2 2 1 1 2060 2106 2107
4103 2 2 1 1 2060 2107 2061
4104 2 2 1 1 2061 2107 2108
4105 2 2 1 1 2061 2108 2062
4106 2 2 1 1 2062 2108 2109
4107 2 2 1 1 2062 2109 2063
4108 2 2 1 1 2063 2109 2110
4109 2 2 1 1 2063 2110 2064
4110 2 2 1 1 2064 2110 2111
4111 2 2 1 1 2064 2111 2065
4112 2 2 1 1 2065 2111 2112
4113 2 2 1 1 2065 2112 2066
4114 2 2 1 1 2066 2112 2113
4115 2 2 1 1 2066 2113 2067
4116 2 2 1 1 2067 2113 2114
4117 2 2 1 1 2067 2114 2068
4118 2 2 1 1 2068 2114 2115
4119 2 2 1 1 2068 2115 2069
4120 2 2 1 1 2069 2115 2116
4121 2 2 1 1 2069 2116 2070
4122 2 2 1 1 2070 2116 2117
4123 2 2 1 1 2070 2117 2071
4124 2 2 1 1 2071 2117 2118
4125 2 2 1 1 2071 2118 2072
4126 2 2 1 1 2072 2118 2119
4127 2 2 1 1 2072 2119 106
4128 2 2 1 1 106 2119 105
4129 2 2 1 1 45 46 2073
4130 2 2 1 1 2073 46 2120
4131 2 2 1 1 2073 2120 2074
4132 2 2 1 1 2074 2120 2121
4133 2 2 1 1 2074 2121 2075
4134 2 2 1 1 2075 2121 2122
4135 2 2 1 1 2075 2122 2076
4136 2 2 1 1 2076 2122 2123
4137 2 2 1 1 2076 2123 2077
4138 2 2 1 1 2077 2123 2124
4139 2 2 1 1 2077 2124 2078
4140 2 2 1 1 2078 2124 2125
4141 2 2 1 1 2078 2125 2079
4142 2 2 1 1 2079 2125 2126
4143 2 2 1 1 2079 2126 2080
4144 2 2 1 1 2080 2126 2127
4145 2 2 1 1 2080 2127 2081
4146 2 2 1 1 2081 2127 2128
4147 2 2 1 1 2081 2128 2082
4148 2 2 1 1 2082 2128 2129
4149 2 2 1 1 2082 2129 2083
4150 2 2 1 1 2083 2129 2130
4151 2 2 1 1 2083 2130 2084
4152 2 2 1 1 2084 2130 2131
4153 2 2 1 1 2084 2131 2085
4154 2 2 1 1 2085 2131 2132
4155 2 2 1 1 2085 2132 2086
4156 2 2 1 1 2086 2132 2133
4157 2 2 1 1 2086 2133 2087
4158 2 2 1 1 2087 2133 2134
4159 2 2 1 1 2087 2134 2088
4160 2 2 1 1 2088 2134 2135
4161 2 2 1 1 2088 2135 2089
4162 2 2 1 1 2089 2135 2136
4163 2 2 1 1 2089 2136 2090
4164 2 2 1 1 2090 2136 2137
4165 2 2 1 1 2090 2137 2091
4166 2 2 1 1 2091 2137 2138
4167 2 2 1 1 2091 2138 2092
4168 2 2 1 1 2092 2138 2139
4169 2 2 1 1 2092 2139 2093
4170 2 2 1 1 2093 2139 2140
4171 2 2 1 1 2093 2140 2094
4172 2 2 1 1 2094 2140 2141
4173 2 2 1 1 2094 2141 2095
4174 2 2 1 1 2095 2141 2142
4175 2 2 1 1 2095 2142 2096
4176 2 2 1 1 2096 2142 2143
4177 2 2 1 1 2096 2143 2097
4178 2 2 1 1 2097 2143 2144
4179 2 2 1 1 2097 2144 2098
4180 2 2 1 1 2098 2144 2145
4181 2 2 1 1 2098 2145 2099
4182 2 2 1 1 2099 2145 2146
4183 2 2 1 1 2099 2146 2100
4184 2 2 1 1 2100 2146 2147
4185 2 2 1 1 2100 2147 2101
4186 2 2 1 1 2101 2147 2148
4187 2 2 1 1 2101 2148 2102
4188 2 2 1 1 2102 2148 2149
4189 2 2 1 1 2102 2149 2103
4190 2 2 1 1 2103 2149 2150
4191 2 2 1 1 2103 2150 2104
4192 2 2 1 1 2104 2150 2151
4193 2 2 1 1 2104 2151 2105
4194 2 2 1 1 2105 2151 2152
4195 2 2 1 1 2105 2152 2106
4196 2 2 1 1 2106 2152 2153
4197 2 2 1 1 2106 2153 2107
4198 2 2 1 1 2107 2153 2154
4199 2 2 1 1 2107 2154 2108
4200 2 2 1 1 2108 2154 2155
4201 2 2 1 1 2108 2155 2109
4202 2 2 1 1 2109 2155 2156
4203 2 2 1 1 2109 2156 2110
4204 2 2 1 1 2110 2156 2157
4205 2 2 1 1 2110 2157 2111
4206 2 2 1 1 2111 2157 2158
4207 2 2 1 1 2111 2158 2112
4208 2 2 1 1 2112 2158 2159
4209 2 2 1 1 2112 2159 2113
4210 2 2 1 1 2113 2159 2160
4211 2 2 1 1 2113 2160 2114
4212 2 2 1 1 2114 2160 2161
4213 2 2 1 1 2114 2161 2115
4214 2 2 1 1 2115 2161 2162
4215 2 2 1 1 2115 2162 2116
4216 2 2 1 1 2116 2162 2163
4217 2 2 1 1 2116 2163 2117
4218 2 2 1 1 2117 2163 2164
4219 2 2 1 1 2117 2164 2118
4220 2 2 1 1 2118 2164 2165
4221 2 2 1 1 2118 2165 2119
4222 2 2 1 1 2119 2165 2166
4223 2 2 1 1 2119 2166 105
4224 2 2 1 1 105 2166 104
4225 2 2 1 1 46 47 2120
4226 2 2 1 1 2120 47 2167
4227 2 2 1 1 2120 2167 2121
4228 2 2 1 1 2121 2167 2168
4229 2 2 1 1 2121 2168 2122
4230 2 2 1 1 2122 2168 2169
4231 2 2 1 1 2122 2169 2123
4232 2 2 1 1 2123 2169 2170
4233 2 2 1 1 2123 2170 2124
4234 2 2 1 1 2124 2170 2171
4235 2 2 1 1 2124 2171 2125
4236 2 2 1 1 2125 2171 2172
4237 2 2 1 1 2125 2172 2126
4238 2 2 1 1 2126 2172 2173
4239 2 2 1 1 2126 2173 2127
4240 2 2 1 1 2127 2173 2174
4241 2 2 1 1 2127 2174 2128
4242 2 2 1 1 2128 2174 2175
4243 2 2 1 1 2128 2175 2129
4244 2 2 1 1 2129 2175 2176
4245 2 2 1 1 2129 2176 2130
4246 2 2 1 1 2130 2176 2177
4247 2 2 1 1 2130 2177 2131
4248 2 2 1 1 2131 2177 2178
4249 2 2 1 1 2131 2178 2132
4250 2 2 1 1 2132 2178 2179
4251 2 2 1 1 2132 2179 2133
4252 2 2 1 1 2133 2179 2180
4253 2 2 1 1 2133 2180 2134
4254 2 2 1 1 2134 2180 2181
4255 2 2 1 1 2134 2181 2135
4256 2 2 1 1 2135 2181 2182
4257 2 2 1 1 2135 2182 2136
4258 2 2 1 1 2136 2182 2183
4259 2 2 1 1 2136 2183 2137
4260 2 2 1 1 2137 2183 2184
4261 2 2 1 1 2137 2184 2138
4262 2 2 1 1 2138 2184 2185
4263 2 2 1 1 2138 2185 2139
4264 2 2 1 1 2139 2185 2186
4265 2 2 1 1 2139 2186 2140
4266 2 2 1 1 2140 2186 2187
4267 2 2 1 1 2140 2187 2141
4268 2 2 1 1 2141 2187 2188
4269 2 2 1 1 2141 2188 2142
4270 2 2 1 1 2142 2188 2189
4271 2 2 1 1 2142 2189 2143
4272 2 2 1 1 2143 2189 2190
4273 2 2 1 1 2143 2190 2144
4274 2 2 1 1 2144 2190 2191
4275 2 2 1 1 2144 2191 2145
4276 2 2 1 1 2145 2191 2192
4277 2 2 1 1 2145 2192 2146
4278 2 2 1 1 2146 2192 2193
4279 2 2 1 1 2146 2193 2147
4280 2 2 1 1 2147 2193 2194
4281 2 2 1 1 2147 2194 2148
4282 2 2 1 1 2148 2194 2195
4283 2 2 1 1 2148 2195 2149
4284 2 2 1 1 2149 2195 2196
4285 2 2 1 1 2149 2196 2150
4286 2 2 1 1 2150 2196 2197
4287 2 2 1 1 2150 2197 2151
4288 2 2 1 1 2151 2197 2198
4289 2 2 1 1 2151 2198 2152
4290 2 2 1 1 2152 2198 2199
4291 2 2 1 1 2152 2199 2153
4292 2 2 1 1 2153 2199 2200
4293 2 2 1 1 2153 2200 2154
4294 2 2 1 1 2154 2200 2201
4295 2 2 1 1 2154 2201 2155
4296 2 2 1 1 2155 2201 2202
4297 2 2 1 1 2155 2202 2156
4298 2 2 1 1 2156 2202 2203
4299 2 2 1 1 2156 2203 2157
4300 2 2 1 1 2157 2203 2204
4301 2 2 1 1 2157 2204 2158
4302 2 2 1 1 2158 2204 2205
4303 2 2 1 1 2158 2205 2159
4304 2 2 1 1 2159 2205 2206
4305 2 2 1 1 2159 2206 2160
4306 2 2 1 1 2160 2206 2207
4307 2 2 1 1 2160 2207 2161
4308 2 2 1 1 2161 2207 2208
4309 2 2 1 1 2161 2208 2162
4310 2 2 1 1 2162 2208 2209
4311 2 2 1 1 2162 2209 2163
4312 2 2 1 1 2163 2209 2210
4313 2 2 1 1 2163 2210 2164
4314 2 2 1 1 2164 2210 2211
4315 2 2 1 1 2164 2211 2165
4316 2 2 1 1 2165 2211 2212
4317 2 2 1 1 2165 2212 2166
4318 2 2 1 1 2166 2212 2213
4319 2 2 1 1 2166 2213 104
4320 2 2 1 1 104 2213 103
4321 2 2 1 1 47 48 2167
4322 2 2 1 1 2167 48 2214
4323 2 2 1 1 2167 2214 2168
4324 2 2 1 1 2168 2214 2215
4325 2 2 1 1 2168 2215 2169
4326 2 2 1 1 2169 2215 2216
4327 2 2 1 1 2169 2216 2170
4328 2 2 1 1 2170 2216 2217
4329 2 2 1 1 2170 2217 2171
4330 2 2 1 1 2171 2217 2218
4331 2 2 1 1 2171 2218 2172
4332 2 2 1 1 2172 2218 2219
4333 2 2 1 1 2172 2219 2173
4334 2 2 1 1 2173 2219 2220
4335 2 2 1 1 2173 2220 2174
4336 2 2 1 1 2174 2220 2221
4337 2 2 1 1 2174 2221 2175
4338 2 2 1 1 2175 2221 2222
4339 2 2 1 1 2175 2222 2176
4340 2 2 1 1 2176 2222 2223
4341 2 2 1 1 2176 2223 2177
4342 2 2 1 1 2177 2223 2224
4343 2 2 1 1 2177 2224 2178
4344 2 2 1 1 2178 2224 2225
4345 2 2 1 1 2178 2225 2179
4346 2 2 1 1 2179 2225 2226
4347 2 2 1 1 2179 2226 2180
4348 2 2 1 1 2180 2226 2227
4349 2 2 1 1 2180 2227 2181
4350 2 2 1 1 2181 2227 2228
4351 2 2 1 1 2181 2228 2182
4352 2 2 1 1 2182 2228 2229
4353 2 2 1 1 2182 2229 2183
4354 2 2 1 1 2183 2229 2230
4355 2 2 1 1 2183 2230 2184
4356 2 2 1 1 2184 2230 2231
4357 2 2 1 1 2184 2231 2185
4358 2 2 1 1 2185 2231 2232
4359 2 2 1 1 2185 2232 2186
4360 2 2 1 1 2186 2232 2233
4361 2 2 1 1 2186 2233 2187
4362 2 2 1 1 2187 2233 2234
4363 2 2 1 1 2187 2234 2188
4364 2 2 1 1 2188 2234 2235
4365 2 2 1 1 2188 2235 2189
4366 2 2 1 1 2189 2235 2236
4367 2 2 1 1 2189 2236 2190
4368 2 2 1 1 2190 2236 2237
4369 2 2 1 1 2190 2237 2191
4370 2 2 1 1 2191 2237 2238
4371 2 2 1 1 2191 2238 2192
4372 2 2 1 1 2192 2238 2239
4373 2 2 1 1 2192 2239 2193
4374 2 2 1 1 2193 2239 2240
4375 2 2 1 1 2193 2240 2194
4376 2 2 1 1 2194 2240 2241
4377 2 2 1 1 2194 2241 2195
4378 2 2 1 1 2195 2241 2242
4379 2 2 1 1 2195 2242 2196
4380 2 2 1 1 2196 2242 2243
4381 2 2 1 1 2196 2243 2197
4382 2 2 1 1 2197 2243 2244
4383 2 2 1 1 2197 2244 2198
4384 2 2 1 1 2198 2244 2245
4385 2 2 1 1 2198 2245 2199
4386 2 2 1 1 2199 2245 2246
4387 2 2 1 1 2199 2246 2200
4388 2 2 1 1 2200 2246 2247
4389 2 2 1 1 2200 2247 2201
4390 2 2 1 1 2201 2247 2248
4391 2 2 1 1 2201 2248 2202
4392 2 2 1 1 2202 2248 2249
4393 2 2 1 1 2202 2249 2203
4394 2 2 1 1 2203 2249 2250
4395 2 2 1 1 2203 2250 2204
4396 2 2 1 1 2204 2250 2251
4397 2 2 1 1 2204 2251 2205
4398 2 2 1 1 2205 2251 2252
4399 2 2 1 1 2205 2252 2206
4400 2 2 1 1 2206 2252 2253
4401 2 2 1 1 2206 2253 2207
4402 2 2 1 1 2207 2253 2254
4403 2 2 1 1 2207 2254 2208
4404 2 2 1 1 2208 2254 2255
4405 2 2 1 1 2208 2255 2209
4406 2 2 1 1 2209 2255 2256
4407 2 2 1 1 2209 2256 2210
4408 2 2 1 1 2210 2256 2257
4409 2 2 1 1 2210 2257 2211
4410 2 2 1 1 2211 2257 2258
4411 2 2 1 1 2211 2258 2212
4412 2 2 1 1 2212 2258 2259
4413 2 2 1 1 2212 2259 2213
4414 2 2 1 1 2213 2259 2260
4415 2 2 1 1 2213 2260 103
4416 2 2 1 1 103 2260 102
4417 2 2 1 1 48 49 2214
4418 2 2 1 1 2214 49 2261
4419 2 2 1 1 2214 2261 2215
4420 2 2 1 1 2215 2261 2262
4421 2 2 1 1 2215 2262 2216
4422 2 2 1 1 2216 2262 2263
4423 2 2 1 1 2216 2263 2217
4424 2 2 1 1 2217 2263 2264
4425 2 2 1 1 2217 2264 2218
4426 2 2 1 1 2218 2264 2265
4427 2 2 1 1 2218 2265 2219
4428 2 2 1 1 2219 2265 2266
4429 2 2 1 1 2219 2266 2220
4430 2 2 1 1 2220 2266 2267
4431 2 2 1 1 2220 2267 2221
4432 2 2 1 1 2221 2267 2268
4433 2 2 1 1 2221 2268 2222
4434 2 2 1 1 2222 2268 2269
4435 2 2 1 1 2222 2269 2223
4436 2 2 1 1 2223 2269 2270
4437 2 2 1 1 2223 2270 2224
4438 2 2 1 1 2224 2270 2271
4439 2 2 1 1 2224 2271 2225
4440 2 2 1 1 2225 2271 2272
4441 2 2 1 1 2225 2272 2226
4442 2 2 1 1 2226 2272 2273
4443 2 2 1 1 2226 2273 2227
4444 2 2 1 1 2227 2273 2274
4445 2 2 1 1 2227 2274 2228
4446 2 2 1 1 2228 2274 2275
4447 2 2 1 1 2228 2275 2229
4448 2 2 1 1 2229 2275 2276
4449 2 2 1 1 2229 2276 2230
4450 2 2 1 1 2230 2276 2277
4451 2 2 1 1 2230 2277 2231
4452 2 2 1 1 2231 2277 2278
4453 2 2 1 1 2231 2278 2232
4454 2 2 1 1 2232 2278 2279
4455 2 2 1 1 2232 2279 2233
4456 2 2 1 1 2233 2279 2280
4457 2 2 1 1 2233 2280 2234
4458 2 2 1 1 2234 2280 2281
4459 2 2 1 1 2234 2281 2235
4460 2 2 1 1 2235 2281 2282
4461 2 2 1 1 2235 2282 2236
4462 2 2 1 1 2236 2282 2283
4463 2 2 1 1 2236 2283 2237
4464 2 2 1 1 2237 2283 2284
4465 2 2 1 1 2237 2284 2238
4466 2 2 1 1 2238 2284 2285
4467 2 2 1 1 2238 2285 2239
4468 2 2 1 1 2239 2285 2286
4469 2 2 1 1 2239 2286 2240
4470 2 2 1 1 2240 2286 2287
4471 2 2 1 1 2240 2287 2241
4472 2 2 1 1 2241 2287 2288
4473 2 2 1 1 2241 2288 2242
4474 2 2 1 1 2242 2288 2289
4475 2 2 1 1 2242 2289 2243
4476 2 2 1 1 2243 2289 2290
4477 2 2 1 1 2243 2290 2244
4478 2 2 1 1 2244 2290 2291
4479 2 2 1 1 2244 2291 2245
4480 2 2 1 1 2245 2291 2292
4481 2 2 1 1 2245 2292 2246
4482 2 2 1 1 2246 2292 2293
4483 2 2 1 1 2246 2293 2247
4484 2 2 1 1 2247 2293 2294
4485 2 2 1 1 2247 2294 2248
4486 2 2 1 1 2248 2294 2295
4487 2 2 1 1 2248 2295 2249
4488 2 2 1 1 2249 2295 2296
4489 2 2 1 1 2249 2296 2250
4490 2 2 1 1 2250 2296 2297
4491 2 2 1 1 2250 2297 2251
4492 2 2 1 1 2251 2297 2298
4493 2 2 1 1 2251 2298 2252
4494 2 2 1 1 2252 2298 2299
4495 2 2 1 1 2252 2299 2253
4496 2 2 1 1 2253 2299 2300
4497 2 2 1 1 2253 2300 2254
4498 2 2 1 1 2254 2300 2301
4499 2 2 1 1 2254 2301 2255
4500 2 2 1 1 2255 2301 2302
4501 2 2 1 1 2255 2302 2256
4502 2 2 1 1 2256 2302 2303
4503 2 2 1 1 2256 2303 2257
4504 2 2 1 1 2257 2303 2304
4505 2 2 1 1 2257 2304 2258
4506 2 2 1 1 2258 2304 2305
4507 2 2 1 1 2258 2305 2259
4508 2 2 1 1 2259 2305 2306
4509 2 2 1 1 2259 2306 2260
4510 2 2 1 1 2260 2306 2307
4511 2 2 1 1 2260 2307 102
4512 2 2 1 1 102 2307 101
4513 2 2 1 1 49 50 2261
4514 2 2 1 1 2261 50 2308
4515 2 2 1 1 2261 2308 2262
4516 2 2 1 1 2262 2308 2309
4517 2 2 1 1 2262 2309 2263
4518 2 2 1 1 2263 2309 2310
4519 2 2 1 1 2263 2310 2264
4520 2 2 1 1 2264 2310 2311
4521 2 2 1 1 2264 2311 2265
4522 2 2 1 1 2265 2311 2312
4523 2 2 1 1 2265 2312 2266
4524 2 2 1 1 2266 2312 2313
4525 2 2 1 1 2266 2313 2267
4526 2 2 1 1 2267 2313 2314
4527 2 2 1 1 2267 2314 2268
4528 2 2 1 1 2268 2314 2315
4529 2 2 1 1 2268 2315 2269
4530 2 2 1 1 2269 2315 2316
4531 2 2 1 1 2269 2316 2270
4532 2 2 1 1 2270 2316 2317
4533 2 2 1 1 2270 2317 2271
4534 2 2 1 1 2271 2317 2318
4535 2 2 1 1 2271 2318 2272
4536 2 2 1 1 2272 2318 2319
4537 2 2 1 1 2272 2319 2273
4538 2 2 1 1 2273 2319 2320
4539 2 2 1 1 2273 2320 2274
4540 2 2 1 1 2274 2320 2321
4541 2 2 1 1 2274 2321 2275
4542 2 2 1 1 2275 2321 2322
4543 2 2 1 1 2275 2322 2276
4544 2 2 1 1 2276 2322 2323
4545 2 2 1 1 2276 2323 2277
4546 2 2 1 1 2277 2323 2324
4547 2 2 1 1 2277 2324 2278
4548 2 2 1 1 2278 2324 2325
4549 2 2 1 1 2278 2325 2279
4550 2 2 1 1 2279 2325 2326
4551 2 2 1 1 2279 2326 2280
4552 2 2 1 1 2280 2326 2327
4553 2 2 1 1 2280 2327 2281
4554 2 2 1 1 2281 2327 2328
4555 2 2 1 1 2281 2328 2282
4556 2 2 1 1 2282 2328 2329
4557 2 2 1 1 2282 2329 2283
4558 2 2 1 1 2283 2329 2330
4559 2 2 1 1 2283 2330 2284
4560 2 2 1 1 2284 2330 2331
4561 2 2 1 1 2284 2331 2285
4562 2 2 1 1 2285 2331 2332
4563 2 2 1 1 2285 2332 2286
4564 2 2 1 1 2286 2332 2333
4565 2 2 1 1 2286 2333 2287
4566 2 2 1 1 2287 2333 2334
4567 2 2 1 1 2287 2334 2288
4568 2 2 1 1 2288 2334 2335
4569 2 2 1 1 2288 2335 2289
4570 2 2 1 1 2289 2335 2336
4571 2 2 1 1 2289 2336 2290
4572 2 2 1 1 2290 2336 2337
4573 2 2 1 1 2290 2337 2291
4574 2 2 1 1 2291 2337 2338
4575 2 2 1 1 2291 2338 2292
4576 2 2 1 1 2292 2338 2339
4577 2 2 1 1 2292 2339 2293
4578 2 2 1 1 2293 2339 2340
4579 2 2 1 1 2293 2340 2294
4580 2 2 1 1 2294 2340 2341
4581 2 2 1 1 2294 2341 2295
4582 2 2 1 1 2295 2341 2342
4583 2 2 1 1 2295 2342 2296
4584 2 2 1 1 2296 2342 2343
4585 2 2 1 1 2296 2343 2297
4586 2 2 1 1 2297 2343 2344
4587 2 2 1 1 2297 2344 2298
4588 2 2 1 1 2298 2344 2345
4589 2 2 1 1 2298 2345 2299
4590 2 2 1 1 2299 2345 2346
4591 2 2 1 1 2299 2346 2300
4592 2 2 1 1 2300 2346 2347
4593 2 2 1 1 2300 2347 2301
4594 2 2 1 1 2301 2347 2348
4595 2 2 1 1 2301 2348 2302
4596 2 2 1 1 2302 2348 2349
4597 2 2 1 1 2302 2349 2303
4598 2 2 1 1 2303 2349 2350
4599 2 2 1 1 2303 2350 2304
4600 2 2 1 1 2304 2350 2351
4601 2 2 1 1 2304 2351 2305
4602 2 2 1 1 2305 2351 2352
4603 2 2 1 1 2305 2352 2306
4604 2 2 1 1 2306 2352 2353
4605 2 2 1 1 2306 2353 2307
4606 2 2 1 1 2307 2353 2354
4607 2 2 1 1 2307 2354 101
4608 2 2 1 1 101 2354 100
4609 2 2 1 1 50 51 2308
4610 2 2 1 1 2308 51 2355
4611 2 2 1 1 2308 2355 2309
4612 2 2 1 1 2309 2355 2356
4613 2 2 1 1 2309 2356 2310
4614 2 2 1 1 2310 2356 2357
4615 2 2 1 1 2310 2357 2311
4616 2 2 1 1 2311 2357 2358
4617 2 2 1 1 2311 2358 2312
4618 2 2 1 1 2312 2358 2359
4619 2 2 1 1 2312 2359 2313
4620 2 2 1 1 2313 2359 2360
4621 2 2 1 1 2313 2360 2314
4622 2 2 1 1 2314 2360 2361
4623 2 2 1 1 2314 2361 2315
4624 2 2 1 1 2315 2361 2362
4625 2 2 1 1 2315 2362 2316
4626 2 2 1 1 2316 2362 2363
4627 2 2 1 1 2316 2363 2317
4628 2 2 1 1 2317 2363 2364
4629 2 2 1 1 2317 2364 2318
4630 2 2 1 1 2318 2364 2365
4631 2 2 1 1 2318 2365 2319
4632 2 2 1 1 2319 2365 2366
4633 2 2 1 1 2319 2366 2320
4634 2 2 1 1 2320 2366 2367
4635 2 2 1 1 2320 2367 2321
4636 2 2 1 1 2321 2367 2368
4637 2 2 1 1 2321 2368 2322
4638 2 2 1 1 2322 2368 2369
4639 2 2 1 1 2322 2369 2323
4640 2 2 1 1 2323 2369 2370
4641 2 2 1 1 2323 2370 2324
4642 2 2 1 1 2324 2370 2371
4643 2 2 1 1 2324 2371 2325
4644 2 2 1 1 2325 2371 2372
4645 2 2 1 1 2325 2372 2326
4646 2 2 1 1 2326 2372 2373
4647 2 2 1 1 2326 2373 2327
4648 2 2 1 1 2327 2373 2374
4649 2 2 1 1 2327 2374 2328
4650 2 2 1 1 2328 2374 2375
4651 2 2 1 1 2328 2375 2329
4652 2 2 1 1 2329 2375 2376
4653 2 2 1 1 2329 2376 2330
4654 2 2 1 1 2330 2376 2377
4655 2 2 1 1 2330 2377 2331
4656 2 2 1 1 2331 2377 2378
4657 2 2 1 1 2331 2378 2332
4658 2 2 1 1 2332 2378 2379
4659 2 2 1 1 2332 2379 2333
4660 2 2 1 1 2333 2379 2380
4661 2 2 1 1 2333 2380 2334
4662 2 2 1 1 2334 2380 2381
4663 2 2 1 1 2334 2381 2335
4664 2 2 1 1 2335 2381 2382
4665 2 2 1 1 2335 2382 2336
4666 2 2 1 1 2336 2382 2383
4667 2 2 1 1 2336 2383 2337
4668 2 2 1 1 2337 2383 2384
4669 2 2 1 1 2337 2384 2338
4670 2 2 1 1 2338 2384 2385
4671 2 2 1 1 2338 2385 2339
4672 2 2 1 1 2339 2385 2386
4673 2 2 1 1 2339 2386 2340
4674 2 2 1 1 2340 2386 2387
4675 2 2 1 1 2340 2387 2341
4676 2 2 1 1 2341 2387 2388
4677 2 2 1 1 2341 2388 2342
4678 2 2 1 1 2342 2388 2389
4679 2 2 1 1 2342 2389 2343
4680 2 2 1 1 2343 2389 2390
4681 2 2 1 1 2343 2390 2344
4682 2 2 1 1 2344 2390 2391
4683 2 2 1 1 2344 2391 2345
4684 2 2 1 1 2345 2391 2392
4685 2 2 1 1 2345 2392 2346
4686 2 2 1 1 2346 2392 2393
4687 2 2 1 1 2346 2393 2347
4688 2 2 1 1 2347 2393 2394
4689 2 2 1 1 2347 2394 2348
4690 2 2 1 1 2348 2394 2395
4691 2 2 1 1 2348 2395 2349
4692 2 2 1 1 2349 2395 2396
4693 2 2 1 1 2349 2396 2350
4694 2 2 1 1 2350 2396 2397
4695 2 2 1 1 2350 2397 2351
4696 2 2 1 1 2351 2397 2398
4697 2 2 1 1 2351 2398 2352
4698 2 2 1 1 2352 2398 2399
4699 2 2 1 1 2352 2399 2353
4700 2 2 1 1 2353 2399 2400
4701 2 2 1 1 2353 2400 2354
4702 2 2 1 1 2354 2400 2401
4703 2 2 1 1 2354 2401 100
4704 2 2 1 1 100 2401 99
4705 2 2 1 1 51 2 2355
4706 2 2 1 1 2355 2 52
4707 2 2 1 1 2355 52 2356
4708 2 2 1 1 2356 52 53
4709 2 2 1 1 2356 53 2357
4710 2 2 1 1 2357 53 54
4711 2 2 1 1 2357 54 2358
4712 2 2 1 1 2358 54 55
4713 2 2 1 1 2358 55 2359
4714 2 2 1 1 2359 55 56
4715 2 2 1 1 2359 56 2360
4716 2 2 1 1 2360 56 57
4717 2 2 1 1 2360 57 2361
4718 2 2 1 1 2361 57 58
4719 2 2 1 1 2361 58 2362
4720 2 2 1 1 2362 58 59
4721 2 2 1 1 2362 59 2363
4722 2 2 1 1 2363 59 60
4723 2 2 1 1 2363 60 2364
4724 2 2 1 1 2364 60 61
4725 2 2 1 1 2364 61 2365
4726 2 2 1 1 2365 61 62
4727 2 2 1 1 2365 62 2366
4728 2 2 1 1 2366 62 63
4729 2 2 1 1 2366 63 2367
4730 2 2 1 1 2367 63 64
4731 2 2 1 1 2367 64 2368
4732 2 2 1 1 2368 64 65
4733 2 2 1 1 2368 65 2369
4734 2 2 1 1 2369 65 66
4735 2 2 1 1 2369 66 2370
4736 2 2 1 1 2370 66 67
4737 2 2 1 1 2370 67 2371
4738 2 2 1 1 2371 67 68
4739 2 2 1 1 2371 68 2372
4740 2 2 1 1 2372 68 69
4741 2 2 1 1 2372 69 2373
4742 2 2 1 1 2373 69 70
4743 2 2 1 1 2373 70 2374
4744 2 2 1 1 2374 70 71
4745 2 2 1 1 2374 71 2375
4746 2 2 1 1 2375 71 72
4747 2 2 1 1 2375 72 2376
4748 2 2 1 1 2376 72 73
4749 2 2 1 1 2376 73 2377
4750 2 2 1 1 2377 73 74
4751 2 2 1 1 2377 74 2378
4752 2 2 1 1 2378 74 75
4753 2 2 1 1 2378 75 2379
4754 2 2 1 1 2379 75 76
4755 2 2 1 1 2379 76 2380
4756 2 2 1 1 2380 76 77
4757 2 2 1 1 2380 77 2381
4758 2 2 1 1 2381 77 78
4759 2 2 1 1 2381 78 2382
4760 2 2 1 1 2382 78 79
4761 2 2 1 1 2382 79 2383
4762 2 2 1 1 2383 79 80
4763 2 2 1 1 2383 80 2384
4764 2 2 1 1 2384 80 81
4765 2 2 1 1 2384 81 2385
4766 2 2 1 1 2385 81 82
4767 2 2 1 1 2385 82 2386
4768 2 2 1 1 2386 82 83
4769 2 2 1 1 2386 83 2387
4770 2 2 1 1 2387 83 84
4771 2 2 1 1 2387 84 2388
4772 2 2 1 1 2388 84 85
4773 2 2 1 1 2388 85 2389
4774 2 2 1 1 2389 85 86
4775 2 2 1 1 2389 86 2390
4776 2 2 1 1 2390 86 87
4777 2 2 1 1 2390 87 2391
4778 2 2 1 1 2391 87 88
4779 2 2 1 1 2391 88 2392
4780 2 2 1 1 2392 88 89
4781 2 2 1 1 2392 89 2393
4782 2 2 1 1 2393 89 90
4783 2 2 1 1 2393 90 2394
4784 2 2 1 1 2394 90 91
4785 2 2 1 1 2394 91 2395
4786 2 2 1 1 2395 91 92
4787 2 2 1 1 2395 92 2396
4788 2 2 1 1 2396 92 93
4789 2 2 1 1 2396 93 2397
4790 2 2 1 1 2397 93 94
4791 2 2 1 1 2397 94 2398
4792 2 2 1 1 2398 94 95
4793 2 2 1 1 2398 95 2399
4794 2 2 1 1 2399 95 96
4795 2 2 1 1 2399 96 2400
4796 2 2 1 1 2400 96 97
4797 2 2 1 1 2400 97 2401
4798 2 2 1 1 2401 97 98
4799 2 2 1 1 2401 98 99
4800 2 2 1 1 99 98 3
$EndElements
