$MeshFormat
2.2 0 8
$EndMeshFormat
$PhysicalNames
7
2 1 "in"
2 2 "out"
2 3 "bottom"
2 4 "upper"
2 5 "front"
2 6 "back"
3 1 "domain"
$EndPhysicalNames
$Nodes
729
1 0 0 0
2 1 0 0
3 1 1 0
4 0 1 0
5 0 0 1
6 1 0 1
7 1 1 1
8 0 1 1
9 0.1249999999997731 0 0
10 0.2499999999994109 0 0
11 0.3749999999990461 0 0
12 0.4999999999986921 0 0
13 0.6249999999990109 0 0
14 0.7499999999993406 0 0
15 0.8749999999996703 0 0
16 1 0.1249999999997731 0
17 1 0.2499999999994109 0
18 1 0.3749999999990461 0
19 1 0.4999999999986921 0
20 1 0.6249999999990109 0
21 1 0.7499999999993406 0
22 1 0.8749999999996703 0
23 0.8749999999995012 1 0
24 0.7500000000003471 1 0
25 0.625000000001214 1 0
26 0.5000000000020595 1 0
27 0.3750000000015609 1 0
28 0.2500000000010405 1 0
29 0.1250000000005203 1 0
30 0 0.8749999999995012 0
31 0 0.7500000000003471 0
32 0 0.625000000001214 0
33 0 0.5000000000020595 0
34 0 0.3750000000015609 0
35 0 0.2500000000010405 0
36 0 0.1250000000005203 0
37 0.1249999999997731 0 1
38 0.2499999999994109 0 1
39 0.3749999999990461 0 1
40 0.4999999999986921 0 1
41 0.6249999999990109 0 1
42 0.7499999999993406 0 1
43 0.8749999999996703 0 1
44 1 0.1249999999997731 1
45 1 0.2499999999994109 1
46 1 0.3749999999990461 1
47 1 0.4999999999986921 1
48 1 0.6249999999990109 1
49 1 0.7499999999993406 1
50 1 0.8749999999996703 1
51 0.8749999999995012 1 1
52 0.7500000000003471 1 1
53 0.625000000001214 1 1
54 0.5000000000020595 1 1
55 0.3750000000015609 1 1
56 0.2500000000010405 1 1
57 0.1250000000005203 1 1
58 0 0.8749999999995012 1
59 0 0.7500000000003471 1
60 0 0.625000000001214 1
61 0 0.5000000000020595 1
62 0 0.3750000000015609 1
63 0 0.2500000000010405 1
64 0 0.1250000000005203 1
65 0 0 0.1249999999997731
66 0 0 0.2499999999994109
67 0 0 0.3749999999990461
68 0 0 0.4999999999986921
69 0 0 0.6249999999990109
70 0 0 0.7499999999993406
71 0 0 0.8749999999996703
72 1 0 0.1249999999997731
73 1 0 0.2499999999994109
74 1 0 0.3749999999990461
75 1 0 0.4999999999986921
76 1 0 0.6249999999990109
77 1 0 0.7499999999993406
78 1 0 0.8749999999996703
79 1 1 0.1249999999997731
80 1 1 0.2499999999994109
81 1 1 0.3749999999990461
82 1 1 0.4999999999986921
83 1 1 0.6249999999990109
84 1 1 0.7499999999993406
85 1 1 0.8749999999996703
86 0 1 0.1249999999997731
87 0 1 0.2499999999994109
88 0 1 0.3749999999990461
89 0 1 0.4999999999986921
90 0 1 0.6249999999990109
91 0 1 0.7499999999993406
92 0 1 0.8749999999996703
93 0.1249999999998665 0.1250000000004269 0
94 0.1249999999999599 0.2500000000008368 0
95 0.1250000000000533 0.3750000000012465 0
96 0.1250000000001467 0.5000000000016386 0
97 0.1250000000002401 0.6250000000009387 0
98 0.1250000000003335 0.7500000000002212 0
99 0.1250000000004269 0.8749999999995224 0
100 0.2499999999996146 0.1250000000003335 0
101 0.2499999999998184 0.2500000000006332 0
102 0.250000000000022 0.3750000000009323 0
103 0.2500000000002257 0.5000000000012176 0
104 0.2500000000004294 0.6250000000006634 0
105 0.2500000000006332 0.7500000000000955 0
106 0.2500000000008368 0.8749999999995434 0
107 0.3749999999993605 0.1250000000002401 0
108 0.3749999999996748 0.2500000000004294 0
109 0.3749999999999891 0.3750000000006178 0
110 0.3750000000003035 0.5000000000007966 0
111 0.3750000000006179 0.6250000000003878 0
112 0.3750000000009322 0.7499999999999696 0
113 0.3750000000012465 0.8749999999995648 0
114 0.4999999999991129 0.1250000000001467 0
115 0.4999999999995339 0.2500000000002257 0
116 0.4999999999999548 0.3750000000003034 0
117 0.5000000000003758 0.5000000000003758 0
118 0.5000000000007968 0.6250000000001125 0
119 0.5000000000012176 0.7499999999998439 0
120 0.5000000000016386 0.8749999999995856 0
121 0.6249999999992862 0.1250000000000533 0
122 0.6249999999995616 0.2500000000000221 0
123 0.6249999999998369 0.3749999999999892 0
124 0.6250000000001125 0.4999999999999548 0
125 0.6250000000003878 0.6249999999998369 0
126 0.6250000000006631 0.749999999999718 0
127 0.6250000000009388 0.874999999999607 0
128 0.7499999999994666 0.1249999999999599 0
129 0.7499999999995923 0.2499999999998184 0
130 0.749999999999718 0.3749999999996748 0
131 0.7499999999998439 0.4999999999995339 0
132 0.7499999999999698 0.6249999999995616 0
133 0.7500000000000955 0.7499999999995921 0
134 0.7500000000002214 0.8749999999996279 0
135 0.8749999999996489 0.1249999999998665 0
136 0.8749999999996282 0.2499999999996146 0
137 0.874999999999607 0.3749999999993605 0
138 0.8749999999995858 0.499999999999113 0
139 0.8749999999995646 0.6249999999992863 0
140 0.8749999999995433 0.7499999999994664 0
141 0.8749999999995223 0.8749999999996491 0
142 0.1249999999998665 0.1250000000004269 1
143 0.1249999999999599 0.2500000000008368 1
144 0.1250000000000533 0.3750000000012465 1
145 0.1250000000001467 0.5000000000016386 1
146 0.1250000000002401 0.6250000000009387 1
147 0.1250000000003335 0.7500000000002212 1
148 0.1250000000004269 0.8749999999995224 1
149 0.2499999999996146 0.1250000000003335 1
150 0.2499999999998184 0.2500000000006332 1
151 0.250000000000022 0.3750000000009323 1
152 0.2500000000002257 0.5000000000012176 1
153 0.2500000000004294 0.6250000000006634 1
154 0.2500000000006332 0.7500000000000955 1
155 0.2500000000008368 0.8749999999995434 1
156 0.3749999999993605 0.1250000000002401 1
157 0.3749999999996748 0.2500000000004294 1
158 0.3749999999999891 0.3750000000006178 1
159 0.3750000000003035 0.5000000000007966 1
160 0.3750000000006179 0.6250000000003878 1
161 0.3750000000009322 0.7499999999999696 1
162 0.3750000000012465 0.8749999999995648 1
163 0.4999999999991129 0.1250000000001467 1
164 0.4999999999995339 0.2500000000002257 1
165 0.4999999999999548 0.3750000000003034 1
166 0.5000000000003758 0.5000000000003758 1
167 0.5000000000007968 0.6250000000001125 1
168 0.5000000000012176 0.7499999999998439 1
169 0.5000000000016386 0.8749999999995856 1
170 0.6249999999992862 0.1250000000000533 1
171 0.6249999999995616 0.2500000000000221 1
172 0.6249999999998369 0.3749999999999892 1
173 0.6250000000001125 0.4999999999999548 1
174 0.6250000000003878 0.6249999999998369 1
175 0.6250000000006631 0.749999999999718 1
176 0.6250000000009388 0.874999999999607 1
177 0.7499999999994666 0.1249999999999599 1
178 0.7499999999995923 0.2499999999998184 1
179 0.749999999999718 0.3749999999996748 1
180 0.7499999999998439 0.4999999999995339 1
181 0.7499999999999698 0.6249999999995616 1
182 0.7500000000000955 0.7499999999995921 1
183 0.7500000000002214 0.8749999999996279 1
184 0.8749999999996489 0.1249999999998665 1
185 0.8749999999996282 0.2499999999996146 1
186 0.874999999999607 0.3749999999993605 1
187 0.8749999999995858 0.499999999999113 1
188 0.8749999999995646 0.6249999999992863 1
189 0.8749999999995433 0.7499999999994664 1
190 0.8749999999995223 0.8749999999996491 1
191 0.1249999999997732 0 0.1249999999997731
192 0.1249999999997732 0 0.2499999999994109
193 0.1249999999997731 0 0.3749999999990461
194 0.1249999999997732 0 0.499999999998692
195 0.1249999999997731 0 0.6249999999990108
196 0.1249999999997731 0 0.7499999999993406
197 0.1249999999997732 0 0.8749999999996703
198 0.2499999999994109 0 0.1249999999997732
199 0.2499999999994109 0 0.249999999999411
200 0.2499999999994109 0 0.3749999999990461
201 0.2499999999994109 0 0.4999999999986921
202 0.249999999999411 0 0.6249999999990109
203 0.2499999999994109 0 0.7499999999993406
204 0.2499999999994109 0 0.8749999999996703
205 0.3749999999990461 0 0.1249999999997731
206 0.3749999999990461 0 0.249999999999411
207 0.3749999999990461 0 0.3749999999990461
208 0.3749999999990461 0 0.499999999998692
209 0.3749999999990461 0 0.6249999999990109
210 0.3749999999990461 0 0.7499999999993406
211 0.3749999999990461 0 0.8749999999996703
212 0.4999999999986922 0 0.1249999999997731
213 0.4999999999986921 0 0.2499999999994109
214 0.499999999998692 0 0.3749999999990461
215 0.499999999998692 0 0.499999999998692
216 0.499999999998692 0 0.6249999999990108
217 0.4999999999986922 0 0.7499999999993405
218 0.4999999999986921 0 0.8749999999996703
219 0.624999999999011 0 0.1249999999997731
220 0.6249999999990109 0 0.249999999999411
221 0.6249999999990109 0 0.3749999999990461
222 0.624999999999011 0 0.499999999998692
223 0.6249999999990109 0 0.6249999999990109
224 0.6249999999990109 0 0.7499999999993406
225 0.6249999999990109 0 0.8749999999996703
226 0.7499999999993406 0 0.1249999999997731
227 0.7499999999993406 0 0.2499999999994109
228 0.7499999999993404 0 0.3749999999990461
229 0.7499999999993405 0 0.499999999998692
230 0.7499999999993406 0 0.6249999999990109
231 0.7499999999993405 0 0.7499999999993407
232 0.7499999999993406 0 0.8749999999996703
233 0.8749999999996703 0 0.1249999999997731
234 0.8749999999996703 0 0.2499999999994109
235 0.8749999999996703 0 0.3749999999990461
236 0.8749999999996703 0 0.4999999999986921
237 0.8749999999996703 0 0.6249999999990109
238 0.8749999999996703 0 0.7499999999993406
239 0.8749999999996703 0 0.8749999999996703
240 1 0.1249999999997732 0.1249999999997731
241 1 0.1249999999997732 0.2499999999994109
242 1 0.1249999999997731 0.3749999999990461
243 1 0.1249999999997732 0.499999999998692
244 1 0.1249999999997731 0.6249999999990108
245 1 0.1249999999997731 0.7499999999993406
246 1 0.1249999999997732 0.8749999999996703
247 1 0.2499999999994109 0.1249999999997732
248 1 0.2499999999994109 0.249999999999411
249 1 0.2499999999994109 0.3749999999990461
250 1 0.2499999999994109 0.4999999999986921
251 1 0.249999999999411 0.6249999999990109
252 1 0.2499999999994109 0.7499999999993406
253 1 0.2499999999994109 0.8749999999996703
254 1 0.3749999999990461 0.1249999999997731
255 1 0.3749999999990461 0.249999999999411
256 1 0.3749999999990461 0.3749999999990461
257 1 0.3749999999990461 0.499999999998692
258 1 0.3749999999990461 0.6249999999990109
259 1 0.3749999999990461 0.7499999999993406
260 1 0.3749999999990461 0.8749999999996703
261 1 0.4999999999986922 0.1249999999997731
262 1 0.4999999999986921 0.2499999999994109
263 1 0.499999999998692 0.3749999999990461
264 1 0.499999999998692 0.499999999998692
265 1 0.499999999998692 0.6249999999990108
266 1 0.4999999999986922 0.7499999999993405
267 1 0.4999999999986921 0.8749999999996703
268 1 0.624999999999011 0.1249999999997731
269 1 0.6249999999990109 0.249999999999411
270 1 0.6249999999990109 0.3749999999990461
271 1 0.624999999999011 0.499999999998692
272 1 0.6249999999990109 0.6249999999990109
273 1 0.6249999999990109 0.7499999999993406
274 1 0.6249999999990109 0.8749999999996703
275 1 0.7499999999993406 0.1249999999997731
276 1 0.7499999999993406 0.2499999999994109
277 1 0.7499999999993404 0.3749999999990461
278 1 0.7499999999993405 0.499999999998692
279 1 0.7499999999993406 0.6249999999990109
280 1 0.7499999999993405 0.7499999999993407
281 1 0.7499999999993406 0.8749999999996703
282 1 0.8749999999996703 0.1249999999997731
283 1 0.8749999999996703 0.2499999999994109
284 1 0.8749999999996703 0.3749999999990461
285 1 0.8749999999996703 0.4999999999986921
286 1 0.8749999999996703 0.6249999999990109
287 1 0.8749999999996703 0.7499999999993406
288 1 0.8749999999996703 0.8749999999996703
289 0.8749999999995013 1 0.1249999999997731
290 0.8749999999995012 1 0.2499999999994109
291 0.874999999999501 1 0.3749999999990461
292 0.8749999999995013 1 0.4999999999986921
293 0.8749999999995013 1 0.624999999999011
294 0.8749999999995012 1 0.7499999999993406
295 0.8749999999995012 1 0.8749999999996703
296 0.7500000000003471 1 0.1249999999997731
297 0.7500000000003471 1 0.2499999999994109
298 0.7500000000003471 1 0.3749999999990461
299 0.7500000000003471 1 0.4999999999986921
300 0.7500000000003471 1 0.6249999999990109
301 0.7500000000003471 1 0.7499999999993406
302 0.7500000000003471 1 0.8749999999996703
303 0.625000000001214 1 0.1249999999997731
304 0.625000000001214 1 0.249999999999411
305 0.625000000001214 1 0.3749999999990461
306 0.6250000000012141 1 0.499999999998692
307 0.625000000001214 1 0.6249999999990109
308 0.625000000001214 1 0.7499999999993406
309 0.625000000001214 1 0.8749999999996703
310 0.5000000000020595 1 0.1249999999997731
311 0.5000000000020595 1 0.2499999999994109
312 0.5000000000020595 1 0.3749999999990461
313 0.5000000000020595 1 0.499999999998692
314 0.5000000000020595 1 0.6249999999990109
315 0.5000000000020595 1 0.7499999999993406
316 0.5000000000020595 1 0.8749999999996703
317 0.3750000000015609 1 0.1249999999997731
318 0.3750000000015609 1 0.249999999999411
319 0.3750000000015609 1 0.3749999999990461
320 0.3750000000015609 1 0.499999999998692
321 0.3750000000015609 1 0.6249999999990109
322 0.3750000000015609 1 0.7499999999993406
323 0.3750000000015609 1 0.8749999999996703
324 0.2500000000010405 1 0.1249999999997731
325 0.2500000000010405 1 0.2499999999994109
326 0.2500000000010405 1 0.3749999999990461
327 0.2500000000010405 1 0.499999999998692
328 0.2500000000010405 1 0.6249999999990109
329 0.2500000000010405 1 0.7499999999993406
330 0.2500000000010405 1 0.8749999999996703
331 0.1250000000005203 1 0.1249999999997731
332 0.1250000000005203 1 0.2499999999994109
333 0.1250000000005203 1 0.3749999999990461
334 0.1250000000005203 1 0.4999999999986921
335 0.1250000000005203 1 0.6249999999990109
336 0.1250000000005203 1 0.7499999999993406
337 0.1250000000005203 1 0.8749999999996703
338 0 0.8749999999995013 0.1249999999997731
339 0 0.8749999999995012 0.2499999999994109
340 0 0.874999999999501 0.3749999999990461
341 0 0.8749999999995013 0.4999999999986921
342 0 0.8749999999995013 0.624999999999011
343 0 0.8749999999995012 0.7499999999993406
344 0 0.8749999999995012 0.8749999999996703
345 0 0.7500000000003471 0.1249999999997731
346 0 0.7500000000003471 0.2499999999994109
347 0 0.7500000000003471 0.3749999999990461
348 0 0.7500000000003471 0.4999999999986921
349 0 0.7500000000003471 0.6249999999990109
350 0 0.7500000000003471 0.7499999999993406
351 0 0.7500000000003471 0.8749999999996703
352 0 0.625000000001214 0.1249999999997731
353 0 0.625000000001214 0.249999999999411
354 0 0.625000000001214 0.3749999999990461
355 0 0.6250000000012141 0.499999999998692
356 0 0.625000000001214 0.6249999999990109
357 0 0.625000000001214 0.7499999999993406
358 0 0.625000000001214 0.8749999999996703
359 0 0.5000000000020595 0.1249999999997731
360 0 0.5000000000020595 0.2499999999994109
361 0 0.5000000000020595 0.3749999999990461
362 0 0.5000000000020595 0.499999999998692
363 0 0.5000000000020595 0.6249999999990109
364 0 0.5000000000020595 0.7499999999993406
365 0 0.5000000000020595 0.8749999999996703
366 0 0.3750000000015609 0.1249999999997731
367 0 0.3750000000015609 0.249999999999411
368 0 0.3750000000015609 0.3749999999990461
369 0 0.3750000000015609 0.499999999998692
370 0 0.3750000000015609 0.6249999999990109
371 0 0.3750000000015609 0.7499999999993406
372 0 0.3750000000015609 0.8749999999996703
373 0 0.2500000000010405 0.1249999999997731
374 0 0.2500000000010405 0.2499999999994109
375 0 0.2500000000010405 0.3749999999990461
376 0 0.2500000000010405 0.499999999998692
377 0 0.2500000000010405 0.6249999999990109
378 0 0.2500000000010405 0.7499999999993406
379 0 0.2500000000010405 0.8749999999996703
380 0 0.1250000000005203 0.1249999999997731
381 0 0.1250000000005203 0.2499999999994109
382 0 0.1250000000005203 0.3749999999990461
383 0 0.1250000000005203 0.4999999999986921
384 0 0.1250000000005203 0.6249999999990109
385 0 0.1250000000005203 0.7499999999993406
386 0 0.1250000000005203 0.8749999999996703
387 0.1249999999998665 0.1250000000004269 0.1249999999997731
388 0.1249999999998665 0.1250000000004269 0.249999999999411
389 0.1249999999998665 0.1250000000004269 0.374999999999046
390 0.1249999999998665 0.1250000000004269 0.4999999999986922
391 0.1249999999998665 0.1250000000004269 0.6249999999990109
392 0.1249999999998665 0.1250000000004269 0.7499999999993407
393 0.1249999999998665 0.1250000000004269 0.8749999999996702
394 0.1249999999999599 0.2500000000008368 0.1249999999997731
395 0.1249999999999599 0.2500000000008367 0.249999999999411
396 0.1249999999999599 0.2500000000008368 0.374999999999046
397 0.1249999999999599 0.2500000000008367 0.499999999998692
398 0.1249999999999599 0.2500000000008367 0.6249999999990108
399 0.1249999999999599 0.2500000000008367 0.7499999999993409
400 0.1249999999999599 0.2500000000008367 0.87499999999967
401 0.1250000000000534 0.3750000000012466 0.1249999999997731
402 0.1250000000000533 0.3750000000012466 0.249999999999411
403 0.1250000000000533 0.3750000000012466 0.3749999999990461
404 0.1250000000000533 0.3750000000012466 0.4999999999986922
405 0.1250000000000533 0.3750000000012467 0.6249999999990108
406 0.1250000000000533 0.3750000000012466 0.7499999999993403
407 0.1250000000000533 0.3750000000012466 0.87499999999967
408 0.1250000000001467 0.5000000000016389 0.1249999999997731
409 0.1250000000001467 0.5000000000016384 0.2499999999994109
410 0.1250000000001467 0.5000000000016384 0.374999999999046
411 0.1250000000001467 0.5000000000016384 0.4999999999986923
412 0.1250000000001467 0.5000000000016389 0.6249999999990109
413 0.1250000000001467 0.5000000000016389 0.7499999999993405
414 0.1250000000001468 0.5000000000016382 0.8749999999996702
415 0.1250000000002402 0.6250000000009389 0.1249999999997731
416 0.1250000000002401 0.6250000000009387 0.2499999999994109
417 0.1250000000002401 0.6250000000009385 0.3749999999990461
418 0.1250000000002401 0.6250000000009388 0.4999999999986922
419 0.1250000000002401 0.6250000000009386 0.624999999999011
420 0.1250000000002401 0.6250000000009386 0.7499999999993407
421 0.1250000000002401 0.6250000000009387 0.8749999999996703
422 0.1250000000003335 0.7500000000002212 0.1249999999997731
423 0.1250000000003335 0.7500000000002215 0.249999999999411
424 0.1250000000003335 0.7500000000002216 0.3749999999990461
425 0.1250000000003335 0.7500000000002212 0.4999999999986921
426 0.1250000000003335 0.7500000000002215 0.6249999999990108
427 0.1250000000003335 0.7500000000002214 0.7499999999993407
428 0.1250000000003335 0.750000000000221 0.87499999999967
429 0.1250000000004268 0.8749999999995227 0.1249999999997731
430 0.1250000000004269 0.8749999999995222 0.249999999999411
431 0.1250000000004268 0.8749999999995219 0.3749999999990461
432 0.1250000000004269 0.8749999999995224 0.499999999998692
433 0.1250000000004269 0.8749999999995226 0.624999999999011
434 0.1250000000004269 0.8749999999995223 0.7499999999993409
435 0.1250000000004269 0.8749999999995222 0.8749999999996702
436 0.2499999999996145 0.1250000000003334 0.1249999999997732
437 0.2499999999996146 0.1250000000003334 0.249999999999411
438 0.2499999999996145 0.1250000000003336 0.374999999999046
439 0.2499999999996146 0.1250000000003335 0.499999999998692
440 0.2499999999996146 0.1250000000003335 0.6249999999990108
441 0.2499999999996146 0.1250000000003335 0.7499999999993409
442 0.2499999999996146 0.1250000000003335 0.87499999999967
443 0.2499999999998184 0.2500000000006333 0.1249999999997731
444 0.2499999999998183 0.2500000000006332 0.2499999999994109
445 0.2499999999998183 0.2500000000006332 0.3749999999990461
446 0.2499999999998183 0.2500000000006333 0.499999999998692
447 0.2499999999998184 0.2500000000006332 0.6249999999990108
448 0.2499999999998184 0.2500000000006333 0.7499999999993407
449 0.2499999999998184 0.2500000000006333 0.8749999999996699
450 0.250000000000022 0.3750000000009323 0.1249999999997731
451 0.2500000000000219 0.3750000000009324 0.249999999999411
452 0.2500000000000219 0.3750000000009321 0.3749999999990461
453 0.250000000000022 0.3750000000009321 0.4999999999986921
454 0.2500000000000219 0.3750000000009323 0.6249999999990107
455 0.2500000000000219 0.3750000000009321 0.7499999999993404
456 0.2500000000000219 0.3750000000009321 0.87499999999967
457 0.2500000000002257 0.5000000000012178 0.1249999999997732
458 0.2500000000002257 0.5000000000012175 0.2499999999994109
459 0.2500000000002257 0.5000000000012172 0.3749999999990461
460 0.2500000000002256 0.5000000000012177 0.4999999999986921
461 0.2500000000002257 0.5000000000012175 0.6249999999990108
462 0.2500000000002257 0.5000000000012179 0.7499999999993405
463 0.2500000000002257 0.5000000000012177 0.87499999999967
464 0.2500000000004295 0.6250000000006635 0.1249999999997731
465 0.2500000000004294 0.6250000000006632 0.2499999999994109
466 0.2500000000004294 0.6250000000006632 0.3749999999990461
467 0.2500000000004295 0.6250000000006638 0.499999999998692
468 0.2500000000004294 0.6250000000006632 0.6249999999990108
469 0.2500000000004294 0.6250000000006632 0.7499999999993409
470 0.2500000000004295 0.6250000000006632 0.87499999999967
471 0.2500000000006332 0.7500000000000956 0.1249999999997731
472 0.2500000000006331 0.7500000000000956 0.249999999999411
473 0.2500000000006333 0.7500000000000955 0.3749999999990461
474 0.2500000000006333 0.7500000000000956 0.499999999998692
475 0.2500000000006332 0.7500000000000955 0.6249999999990107
476 0.2500000000006332 0.7500000000000954 0.7499999999993407
477 0.2500000000006332 0.7500000000000955 0.87499999999967
478 0.2500000000008369 0.8749999999995433 0.1249999999997731
479 0.2500000000008368 0.8749999999995431 0.249999999999411
480 0.2500000000008368 0.8749999999995433 0.3749999999990461
481 0.2500000000008369 0.8749999999995439 0.499999999998692
482 0.2500000000008369 0.8749999999995437 0.6249999999990111
483 0.2500000000008369 0.8749999999995433 0.7499999999993409
484 0.2500000000008368 0.8749999999995433 0.87499999999967
485 0.3749999999993603 0.1250000000002402 0.1249999999997732
486 0.3749999999993603 0.1250000000002401 0.249999999999411
487 0.3749999999993603 0.1250000000002401 0.374999999999046
488 0.3749999999993603 0.1250000000002401 0.4999999999986922
489 0.3749999999993603 0.1250000000002401 0.6249999999990108
490 0.3749999999993604 0.1250000000002401 0.7499999999993409
491 0.3749999999993606 0.1250000000002401 0.8749999999996698
492 0.3749999999996748 0.2500000000004295 0.1249999999997731
493 0.3749999999996748 0.2500000000004294 0.2499999999994109
494 0.3749999999996748 0.2500000000004294 0.3749999999990462
495 0.3749999999996748 0.2500000000004294 0.499999999998692
496 0.3749999999996748 0.2500000000004294 0.6249999999990107
497 0.3749999999996748 0.2500000000004294 0.7499999999993409
498 0.3749999999996748 0.2500000000004295 0.87499999999967
499 0.3749999999999891 0.3750000000006178 0.1249999999997732
500 0.3749999999999891 0.3750000000006178 0.2499999999994109
501 0.3749999999999891 0.3750000000006178 0.3749999999990461
502 0.3749999999999891 0.3750000000006179 0.4999999999986921
503 0.3749999999999891 0.3750000000006176 0.6249999999990107
504 0.3749999999999891 0.3750000000006176 0.7499999999993404
505 0.3749999999999891 0.3750000000006176 0.87499999999967
506 0.3750000000003036 0.5000000000007967 0.1249999999997731
507 0.3750000000003036 0.5000000000007966 0.2499999999994109
508 0.3750000000003036 0.5000000000007967 0.3749999999990461
509 0.3750000000003036 0.5000000000007968 0.4999999999986919
510 0.3750000000003036 0.5000000000007967 0.624999999999011
511 0.3750000000003036 0.5000000000007967 0.7499999999993405
512 0.3750000000003036 0.5000000000007967 0.87499999999967
513 0.3750000000006178 0.6250000000003877 0.1249999999997732
514 0.3750000000006178 0.6250000000003879 0.2499999999994109
515 0.3750000000006181 0.6250000000003875 0.3749999999990461
516 0.3750000000006178 0.6250000000003878 0.4999999999986922
517 0.3750000000006178 0.6250000000003875 0.6249999999990107
518 0.3750000000006181 0.6250000000003879 0.7499999999993409
519 0.3750000000006179 0.6250000000003875 0.87499999999967
520 0.3750000000009321 0.7499999999999695 0.1249999999997731
521 0.3750000000009324 0.7499999999999696 0.2499999999994109
522 0.3750000000009321 0.7499999999999695 0.3749999999990461
523 0.3750000000009321 0.7499999999999698 0.4999999999986923
524 0.3750000000009321 0.7499999999999699 0.6249999999990108
525 0.3750000000009321 0.7499999999999695 0.7499999999993407
526 0.3750000000009321 0.7499999999999699 0.87499999999967
527 0.3750000000012466 0.8749999999995645 0.1249999999997731
528 0.3750000000012466 0.8749999999995647 0.2499999999994109
529 0.3750000000012466 0.8749999999995648 0.3749999999990461
530 0.3750000000012466 0.8749999999995648 0.4999999999986922
531 0.3750000000012467 0.8749999999995648 0.6249999999990111
532 0.3750000000012466 0.8749999999995648 0.749999999999341
533 0.3750000000012466 0.8749999999995648 0.8749999999996698
534 0.499999999999113 0.1250000000001467 0.1249999999997731
535 0.499999999999113 0.1250000000001467 0.2499999999994109
536 0.499999999999113 0.1250000000001467 0.374999999999046
537 0.4999999999991128 0.1250000000001467 0.4999999999986922
538 0.4999999999991131 0.1250000000001467 0.6249999999990111
539 0.4999999999991132 0.1250000000001466 0.7499999999993409
540 0.499999999999113 0.1250000000001467 0.8749999999996702
541 0.499999999999534 0.2500000000002257 0.1249999999997731
542 0.4999999999995339 0.2500000000002257 0.2499999999994109
543 0.4999999999995336 0.2500000000002257 0.374999999999046
544 0.4999999999995338 0.2500000000002256 0.499999999998692
545 0.4999999999995337 0.2500000000002257 0.6249999999990108
546 0.499999999999534 0.2500000000002257 0.7499999999993405
547 0.4999999999995339 0.2500000000002257 0.87499999999967
548 0.4999999999999549 0.3750000000003034 0.1249999999997731
549 0.4999999999999548 0.3750000000003033 0.2499999999994109
550 0.499999999999955 0.3750000000003034 0.374999999999046
551 0.4999999999999547 0.3750000000003034 0.4999999999986922
552 0.4999999999999546 0.3750000000003031 0.624999999999011
553 0.4999999999999549 0.3750000000003032 0.7499999999993405
554 0.4999999999999546 0.3750000000003032 0.87499999999967
555 0.5000000000003761 0.500000000000376 0.1249999999997731
556 0.500000000000376 0.500000000000376 0.2499999999994109
557 0.5000000000003761 0.5000000000003761 0.3749999999990461
558 0.5000000000003757 0.5000000000003757 0.499999999998692
559 0.5000000000003757 0.5000000000003757 0.624999999999011
560 0.5000000000003757 0.5000000000003757 0.7499999999993405
561 0.5000000000003757 0.5000000000003756 0.8749999999996702
562 0.5000000000007967 0.6250000000001128 0.1249999999997731
563 0.5000000000007971 0.6250000000001127 0.249999999999411
564 0.5000000000007967 0.6250000000001128 0.374999999999046
565 0.5000000000007967 0.6250000000001126 0.4999999999986921
566 0.5000000000007967 0.6250000000001124 0.624999999999011
567 0.5000000000007967 0.6250000000001128 0.7499999999993404
568 0.5000000000007967 0.6250000000001126 0.8749999999996698
569 0.5000000000012177 0.7499999999998439 0.1249999999997731
570 0.5000000000012178 0.749999999999844 0.2499999999994109
571 0.5000000000012177 0.7499999999998435 0.3749999999990461
572 0.5000000000012178 0.7499999999998436 0.4999999999986922
573 0.5000000000012177 0.749999999999844 0.624999999999011
574 0.5000000000012177 0.7499999999998435 0.7499999999993407
575 0.5000000000012172 0.7499999999998439 0.8749999999996703
576 0.5000000000016386 0.8749999999995853 0.1249999999997731
577 0.5000000000016384 0.8749999999995854 0.2499999999994109
578 0.5000000000016384 0.874999999999585 0.3749999999990461
579 0.5000000000016385 0.8749999999995853 0.4999999999986922
580 0.5000000000016387 0.8749999999995854 0.624999999999011
581 0.5000000000016386 0.8749999999995859 0.7499999999993405
582 0.5000000000016384 0.8749999999995854 0.87499999999967
583 0.6249999999992863 0.1250000000000533 0.1249999999997732
584 0.6249999999992861 0.1250000000000533 0.249999999999411
585 0.6249999999992863 0.1250000000000533 0.374999999999046
586 0.6249999999992861 0.1250000000000533 0.4999999999986921
587 0.6249999999992863 0.1250000000000532 0.6249999999990108
588 0.6249999999992862 0.1250000000000533 0.7499999999993409
589 0.6249999999992862 0.1250000000000533 0.8749999999996699
590 0.6249999999995619 0.2500000000000221 0.1249999999997731
591 0.6249999999995617 0.2500000000000219 0.2499999999994109
592 0.6249999999995618 0.250000000000022 0.3749999999990462
593 0.6249999999995619 0.250000000000022 0.499999999998692
594 0.6249999999995617 0.2500000000000221 0.6249999999990107
595 0.6249999999995618 0.2500000000000222 0.7499999999993409
596 0.6249999999995617 0.2500000000000222 0.87499999999967
597 0.6249999999998371 0.3749999999999893 0.1249999999997732
598 0.6249999999998365 0.3749999999999891 0.2499999999994109
599 0.624999999999837 0.3749999999999891 0.3749999999990461
600 0.6249999999998371 0.3749999999999891 0.4999999999986922
601 0.6249999999998369 0.3749999999999892 0.6249999999990107
602 0.6249999999998366 0.3749999999999891 0.7499999999993404
603 0.6249999999998365 0.3749999999999891 0.87499999999967
604 0.6250000000001128 0.4999999999999551 0.1249999999997731
605 0.6250000000001128 0.4999999999999549 0.2499999999994109
606 0.6250000000001128 0.4999999999999549 0.3749999999990461
607 0.6250000000001126 0.4999999999999546 0.4999999999986919
608 0.6250000000001126 0.4999999999999548 0.624999999999011
609 0.6250000000001128 0.4999999999999551 0.7499999999993405
610 0.6250000000001126 0.4999999999999547 0.8749999999996699
611 0.6250000000003877 0.6249999999998372 0.1249999999997732
612 0.6250000000003879 0.6249999999998368 0.2499999999994109
613 0.6250000000003875 0.624999999999837 0.3749999999990462
614 0.6250000000003877 0.6249999999998371 0.4999999999986921
615 0.6250000000003875 0.6249999999998369 0.6249999999990107
616 0.6250000000003879 0.624999999999837 0.7499999999993407
617 0.6250000000003877 0.624999999999837 0.8749999999996702
618 0.6250000000006635 0.7499999999997184 0.1249999999997731
619 0.6250000000006635 0.7499999999997174 0.249999999999411
620 0.6250000000006632 0.7499999999997179 0.3749999999990461
621 0.6250000000006634 0.7499999999997181 0.4999999999986922
622 0.6250000000006632 0.749999999999718 0.6249999999990107
623 0.6250000000006632 0.7499999999997178 0.7499999999993407
624 0.6250000000006632 0.749999999999718 0.87499999999967
625 0.625000000000939 0.8749999999996066 0.1249999999997731
626 0.625000000000939 0.8749999999996066 0.249999999999411
627 0.6250000000009384 0.8749999999996068 0.3749999999990461
628 0.625000000000939 0.8749999999996064 0.4999999999986922
629 0.625000000000939 0.8749999999996069 0.6249999999990111
630 0.625000000000939 0.874999999999607 0.7499999999993407
631 0.6250000000009389 0.874999999999607 0.87499999999967
632 0.749999999999467 0.1249999999999599 0.1249999999997732
633 0.7499999999994669 0.1249999999999599 0.2499999999994109
634 0.7499999999994668 0.1249999999999599 0.3749999999990461
635 0.7499999999994669 0.1249999999999599 0.4999999999986922
636 0.7499999999994664 0.1249999999999599 0.6249999999990108
637 0.7499999999994668 0.1249999999999599 0.7499999999993407
638 0.7499999999994664 0.1249999999999599 0.87499999999967
639 0.7499999999995924 0.2499999999998184 0.1249999999997732
640 0.7499999999995923 0.2499999999998185 0.249999999999411
641 0.7499999999995924 0.2499999999998184 0.3749999999990462
642 0.749999999999592 0.2499999999998184 0.4999999999986922
643 0.7499999999995924 0.2499999999998184 0.6249999999990107
644 0.7499999999995919 0.2499999999998184 0.7499999999993407
645 0.7499999999995924 0.2499999999998185 0.87499999999967
646 0.7499999999997183 0.3749999999996749 0.1249999999997731
647 0.7499999999997174 0.3749999999996749 0.249999999999411
648 0.7499999999997179 0.3749999999996748 0.3749999999990461
649 0.7499999999997181 0.3749999999996748 0.499999999998692
650 0.749999999999718 0.3749999999996748 0.6249999999990107
651 0.7499999999997178 0.3749999999996749 0.7499999999993407
652 0.749999999999718 0.3749999999996748 0.8749999999996702
653 0.7499999999998439 0.499999999999534 0.1249999999997731
654 0.749999999999844 0.4999999999995341 0.2499999999994109
655 0.749999999999844 0.499999999999534 0.3749999999990461
656 0.7499999999998441 0.4999999999995338 0.4999999999986921
657 0.749999999999844 0.4999999999995341 0.624999999999011
658 0.7499999999998439 0.499999999999534 0.7499999999993403
659 0.7499999999998439 0.4999999999995341 0.8749999999996703
660 0.7499999999999696 0.6249999999995618 0.1249999999997732
661 0.7499999999999698 0.6249999999995617 0.249999999999411
662 0.74999999999997 0.6249999999995617 0.3749999999990461
663 0.7499999999999701 0.6249999999995617 0.4999999999986922
664 0.74999999999997 0.6249999999995617 0.6249999999990107
665 0.7499999999999699 0.6249999999995616 0.7499999999993406
666 0.74999999999997 0.6249999999995617 0.87499999999967
667 0.7500000000000953 0.7499999999995918 0.1249999999997731
668 0.7500000000000953 0.7499999999995921 0.249999999999411
669 0.7500000000000953 0.7499999999995921 0.3749999999990461
670 0.7500000000000954 0.749999999999592 0.4999999999986922
671 0.7500000000000953 0.7499999999995917 0.6249999999990108
672 0.7500000000000953 0.7499999999995917 0.7499999999993405
673 0.7500000000000954 0.7499999999995919 0.8749999999996698
674 0.7500000000002216 0.874999999999628 0.1249999999997731
675 0.7500000000002215 0.8749999999996279 0.249999999999411
676 0.7500000000002214 0.874999999999628 0.3749999999990461
677 0.7500000000002216 0.8749999999996279 0.499999999998692
678 0.7500000000002216 0.874999999999628 0.6249999999990107
679 0.7500000000002215 0.8749999999996279 0.7499999999993406
680 0.7500000000002214 0.8749999999996279 0.87499999999967
681 0.8749999999996491 0.1249999999998666 0.1249999999997731
682 0.8749999999996491 0.1249999999998665 0.249999999999411
683 0.8749999999996491 0.1249999999998665 0.374999999999046
684 0.8749999999996489 0.1249999999998666 0.499999999998692
685 0.8749999999996492 0.1249999999998665 0.6249999999990109
686 0.8749999999996491 0.1249999999998665 0.7499999999993409
687 0.8749999999996492 0.1249999999998665 0.8749999999996702
688 0.874999999999628 0.2499999999996145 0.1249999999997732
689 0.874999999999628 0.2499999999996146 0.249999999999411
690 0.874999999999628 0.2499999999996146 0.374999999999046
691 0.8749999999996281 0.2499999999996146 0.499999999998692
692 0.8749999999996279 0.2499999999996146 0.6249999999990111
693 0.8749999999996279 0.2499999999996146 0.7499999999993409
694 0.8749999999996279 0.2499999999996146 0.8749999999996702
695 0.8749999999996069 0.3749999999993606 0.1249999999997731
696 0.8749999999996069 0.3749999999993606 0.2499999999994109
697 0.8749999999996068 0.3749999999993606 0.3749999999990461
698 0.8749999999996073 0.3749999999993606 0.4999999999986921
699 0.8749999999996074 0.3749999999993606 0.6249999999990107
700 0.874999999999607 0.3749999999993607 0.7499999999993402
701 0.8749999999996069 0.3749999999993606 0.8749999999996699
702 0.8749999999995856 0.4999999999991129 0.1249999999997731
703 0.8749999999995859 0.499999999999113 0.2499999999994109
704 0.8749999999995856 0.4999999999991129 0.374999999999046
705 0.8749999999995859 0.4999999999991131 0.4999999999986921
706 0.8749999999995859 0.4999999999991129 0.6249999999990109
707 0.8749999999995858 0.4999999999991129 0.7499999999993405
708 0.8749999999995859 0.4999999999991128 0.8749999999996699
709 0.8749999999995642 0.6249999999992865 0.1249999999997731
710 0.8749999999995641 0.6249999999992858 0.249999999999411
711 0.8749999999995647 0.6249999999992862 0.374999999999046
712 0.8749999999995646 0.6249999999992865 0.4999999999986922
713 0.8749999999995643 0.6249999999992863 0.6249999999990107
714 0.8749999999995643 0.6249999999992859 0.7499999999993409
715 0.8749999999995643 0.6249999999992859 0.87499999999967
716 0.8749999999995429 0.7499999999994668 0.1249999999997731
717 0.8749999999995433 0.7499999999994669 0.249999999999411
718 0.8749999999995433 0.7499999999994663 0.3749999999990461
719 0.8749999999995431 0.7499999999994664 0.499999999998692
720 0.8749999999995433 0.7499999999994669 0.6249999999990111
721 0.8749999999995433 0.7499999999994663 0.7499999999993407
722 0.8749999999995434 0.7499999999994664 0.87499999999967
723 0.8749999999995229 0.8749999999996491 0.1249999999997732
724 0.8749999999995224 0.8749999999996495 0.249999999999411
725 0.8749999999995224 0.8749999999996491 0.3749999999990462
726 0.8749999999995223 0.8749999999996488 0.499999999998692
727 0.8749999999995224 0.8749999999996491 0.6249999999990112
728 0.8749999999995223 0.8749999999996489 0.7499999999993409
729 0.8749999999995223 0.8749999999996489 0.8749999999996698
$EndNodes
$Elements
3840
1 2 2 5 1 1 9 36
2 2 2 5 1 36 9 93
3 2 2 5 1 36 93 35
4 2 2 5 1 35 93 94
5 2 2 5 1 35 94 34
6 2 2 5 1 34 94 95
7 2 2 5 1 34 95 33
8 2 2 5 1 33 95 96
9 2 2 5 1 33 96 32
10 2 2 5 1 32 96 97
11 2 2 5 1 32 97 31
12 2 2 5 1 31 97 98
13 2 2 5 1 31 98 30
14 2 2 5 1 30 98 99
15 2 2 5 1 30 99 4
16 2 2 5 1 4 99 29
17 2 2 5 1 9 10 93
18 2 2 5 1 93 10 100
19 2 2 5 1 93 100 94
20 2 2 5 1 94 100 101
21 2 2 5 1 94 101 95
22 2 2 5 1 95 101 102
23 2 2 5 1 95 102 96
24 2 2 5 1 96 102 103
25 2 2 5 1 96 103 97
26 2 2 5 1 97 103 104
27 2 2 5 1 97 104 98
28 2 2 5 1 98 104 105
29 2 2 5 1 98 105 99
30 2 2 5 1 99 105 106
31 2 2 5 1 99 106 29
32 2 2 5 1 29 106 28
33 2 2 5 1 10 11 100
34 2 2 5 1 100 11 107
35 2 2 5 1 100 107 101
36 2 2 5 1 101 107 108
37 2 2 5 1 101 108 102
38 2 2 5 1 102 108 109
39 2 2 5 1 102 109 103
40 2 2 5 1 103 109 110
41 2 2 5 1 103 110 104
42 2 2 5 1 104 110 111
43 2 2 5 1 104 111 105
44 2 2 5 1 105 111 112
45 2 2 5 1 105 112 106
46 2 2 5 1 106 112 113
47 2 2 5 1 106 113 28
48 2 2 5 1 28 113 27
49 2 2 5 1 11 12 107
50 2 2 5 1 107 12 114
51 2 2 5 1 107 114 108
52 2 2 5 1 108 114 115
53 2 2 5 1 108 115 109
54 2 2 5 1 109 115 116
55 2 2 5 1 109 116 110
56 2 2 5 1 110 116 117
57 2 2 5 1 110 117 111
58 2 2 5 1 111 117 118
59 2 2 5 1 111 118 112
60 2 2 5 1 112 118 119
61 2 2 5 1 112 119 113
62 2 2 5 1 113 119 120
63 2 2 5 1 113 120 27
64 2 2 5 1 27 120 26
65 2 2 5 1 12 13 114
66 2 2 5 1 114 13 121
67 2 2 5 1 114 121 115
68 2 2 5 1 115 121 122
69 2 2 5 1 115 122 116
70 2 2 5 1 116 122 123
71 2 2 5 1 116 123 117
72 2 2 5 1 117 123 124
73 2 2 5 1 117 124 118
74 2 2 5 1 118 124 125
75 2 2 5 1 118 125 119
76 2 2 5 1 119 125 126
77 2 2 5 1 119 126 120
78 2 2 5 1 120 126 127
79 2 2 5 1 120 127 26
80 2 2 5 1 26 127 25
81 2 2 5 1 13 14 121
82 2 2 5 1 121 14 128
83 2 2 5 1 121 128 122
84 2 2 5 1 122 128 129
85 2 2 5 1 122 129 123
86 2 2 5 1 123 129 130
87 2 2 5 1 123 130 124
88 2 2 5 1 124 130 131
89 2 2 5 1 124 131 125
90 2 2 5 1 125 131 132
91 2 2 5 1 125 132 126
92 2 2 5 1 126 132 133
93 2 2 5 1 126 133 127
94 2 2 5 1 127 133 134
95 2 2 5 1 127 134 25
96 2 2 5 1 25 134 24
97 2 2 5 1 14 15 128
98 2 2 5 1 128 15 135
99 2 2 5 1 128 135 129
100 2 2 5 1 129 135 136
101 2 2 5 1 129 136 130
102 2 2 5 1 130 136 137
103 2 2 5 1 130 137 131
104 2 2 5 1 131 137 138
105 2 2 5 1 131 138 132
106 2 2 5 1 132 138 139
107 2 2 5 1 132 139 133
108 2 2 5 1 133 139 140
109 2 2 5 1 133 140 134
110 2 2 5 1 134 140 141
111 2 2 5 1 134 141 24
112 2 2 5 1 24 141 23
113 2 2 5 1 15 2 135
114 2 2 5 1 135 2 16
115 2 2 5 1 135 16 136
116 2 2 5 1 136 16 17
117 2 2 5 1 136 17 137
118 2 2 5 1 137 17 18
119 2 2 5 1 137 18 138
120 2 2 5 1 138 18 19
121 2 2 5 1 138 19 139
122 2 2 5 1 139 19 20
123 2 2 5 1 139 20 140
124 2 2 5 1 140 20 21
125 2 2 5 1 140 21 141
126 2 2 5 1 141 21 22
127 2 2 5 1 141 22 23
128 2 2 5 1 23 22 3
129 2 2 6 2 5 37 64
130 2 2 6 2 64 37 142
131 2 2 6 2 64 142 63
132 2 2 6 2 63 142 143
133 2 2 6 2 63 143 62
134 2 2 6 2 62 143 144
135 2 2 6 2 62 144 61
136 2 2 6 2 61 144 145
137 2 2 6 2 61 145 60
138 2 2 6 2 60 145 146
139 2 2 6 2 60 146 59
140 2 2 6 2 59 146 147
141 2 2 6 2 59 147 58
142 2 2 6 2 58 147 148
143 2 2 6 2 58 148 8
144 2 2 6 2 8 148 57
145 2 2 6 2 37 38 142
146 2 2 6 2 142 38 149
147 2 2 6 2 142 149 143
148 2 2 6 2 143 149 150
149 2 2 6 2 143 150 144
150 2 2 6 2 144 150 151
151 2 2 6 2 144 151 145
152 2 2 6 2 145 151 152
153 2 2 6 2 145 152 146
154 2 2 6 2 146 152 153
155 2 2 6 2 146 153 147
156 2 2 6 2 147 153 154
157 2 2 6 2 147 154 148
158 2 2 6 2 148 154 155
159 2 2 6 2 148 155 57
160 2 2 6 2 57 155 56
161 2 2 6 2 38 39 149
162 2 2 6 2 149 39 156
163 2 2 6 2 149 156 150
164 2 2 6 2 150 156 157
165 2 2 6 2 150 157 151
166 2 2 6 2 151 157 158
167 2 2 6 2 151 158 152
168 2 2 6 2 152 158 159
169 2 2 6 2 152 159 153
170 2 2 6 2 153 159 160
171 2 2 6 2 153 160 154
172 2 2 6 2 154 160 161
173 2 2 6 2 154 161 155
174 2 2 6 2 155 161 162
175 2 2 6 2 155 162 56
176 2 2 6 2 56 162 55
177 2 2 6 2 39 40 156
178 2 2 6 2 156 40 163
179 2 2 6 2 156 163 157
180 2 2 6 2 157 163 164
181 2 2 6 2 157 164 158
182 2 2 6 2 158 164 165
183 2 2 6 2 158 165 159
184 2 2 6 2 159 165 166
185 2 2 6 2 159 166 160
186 2 2 6 2 160 166 167
187 2 2 6 2 160 167 161
188 2 2 6 2 161 167 168
189 2 2 6 2 161 168 162
190 2 2 6 2 162 168 169
191 2 2 6 2 162 169 55
192 2 2 6 2 55 169 54
193 2 2 6 2 40 41 163
194 2 2 6 2 163 41 170
195 2 2 6 2 163 170 164
196 2 2 6 2 164 170 171
197 2 2 6 2 164 171 165
198 2 2 6 2 165 171 172
199 2 2 6 2 165 172 166
200 2 2 6 2 166 172 173
201 2 2 6 2 166 173 167
202 2 2 6 2 167 173 174
203 2 2 6 2 167 174 168
204 2 2 6 2 168 174 175
205 2 2 6 2 168 175 169
206 2 2 6 2 169 175 176
207 2 2 6 2 169 176 54
208 2 2 6 2 54 176 53
209 2 2 6 2 41 42 170
210 2 2 6 2 170 42 177
211 2 2 6 2 170 177 171
212 2 2 6 2 171 177 178
213 2 2 6 2 171 178 172
214 2 2 6 2 172 178 179
215 2 2 6 2 172 179 173
216 2 2 6 2 173 179 180
217 2 2 6 2 173 180 174
218 2 2 6 2 174 180 181
219 2 2 6 2 174 181 175
220 2 2 6 2 175 181 182
221 2 2 6 2 175 182 176
222 2 2 6 2 176 182 183
223 2 2 6 2 176 183 53
224 2 2 6 2 53 183 52
225 2 2 6 2 42 43 177
226 2 2 6 2 177 43 184
227 2 2 6 2 177 184 178
228 2 2 6 2 178 184 185
229 2 2 6 2 178 185 179
230 2 2 6 2 179 185 186
231 2 2 6 2 179 186 180
232 2 2 6 2 180 186 187
233 2 2 6 2 180 187 181
234 2 2 6 2 181 187 188
235 2 2 6 2 181 188 182
236 2 2 6 2 182 188 189
237 2 2 6 2 182 189 183
238 2 2 6 2 183 189 190
239 2 2 6 2 183 190 52
240 2 2 6 2 52 190 51
241 2 2 6 2 43 6 184
242 2 2 6 2 184 6 44
243 2 2 6 2 184 44 185
244 2 2 6 2 185 44 45
245 2 2 6 2 185 45 186
246 2 2 6 2 186 45 46
247 2 2 6 2 186 46 187
248 2 2 6 2 187 46 47
249 2 2 6 2 187 47 188
250 2 2 6 2 188 47 48
251 2 2 6 2 188 48 189
252 2 2 6 2 189 48 49
253 2 2 6 2 189 49 190
254 2 2 6 2 190 49 50
255 2 2 6 2 190 50 51
256 2 2 6 2 51 50 7
257 2 2 3 3 1 9 65
258 2 2 3 3 65 9 191
259 2 2 3 3 65 191 66
260 2 2 3 3 66 191 192
261 2 2 3 3 66 192 67
262 2 2 3 3 67 192 193
263 2 2 3 3 67 193 68
264 2 2 3 3 68 193 194
265 2 2 3 3 68 194 69
266 2 2 3 3 69 194 195
267 2 2 3 3 69 195 70
268 2 2 3 3 70 195 196
269 2 2 3 3 70 196 71
270 2 2 3 3 71 196 197
271 2 2 3 3 71 197 5
272 2 2 3 3 5 197 37
273 2 2 3 3 9 10 191
274 2 2 3 3 191 10 198
275 2 2 3 3 191 198 192
276 2 2 3 3 192 198 199
277 2 2 3 3 192 199 193
278 2 2 3 3 193 199 200
279 2 2 3 3 193 200 194
280 2 2 3 3 194 200 201
281 2 2 3 3 194 201 195
282 2 2 3 3 195 201 202
283 2 2 3 3 195 202 196
284 2 2 3 3 196 202 203
285 2 2 3 3 196 203 197
286 2 2 3 3 197 203 204
287 2 2 3 3 197 204 37
288 2 2 3 3 37 204 38
289 2 2 3 3 10 11 198
290 2 2 3 3 198 11 205
291 2 2 3 3 198 205 199
292 2 2 3 3 199 205 206
293 2 2 3 3 199 206 200
294 2 2 3 3 200 206 207
295 2 2 3 3 200 207 201
296 2 2 3 3 201 207 208
297 2 2 3 3 201 208 202
298 2 2 3 3 202 208 209
299 2 2 3 3 202 209 203
300 2 2 3 3 203 209 210
301 2 2 3 3 203 210 204
302 2 2 3 3 204 210 211
303 2 2 3 3 204 211 38
304 2 2 3 3 38 211 39
305 2 2 3 3 11 12 205
306 2 2 3 3 205 12 212
307 2 2 3 3 205 212 206
308 2 2 3 3 206 212 213
309 2 2 3 3 206 213 207
310 2 2 3 3 207 213 214
311 2 2 3 3 207 214 208
312 2 2 3 3 208 214 215
313 2 2 3 3 208 215 209
314 2 2 3 3 209 215 216
315 2 2 3 3 209 216 210
316 2 2 3 3 210 216 217
317 2 2 3 3 210 217 211
318 2 2 3 3 211 217 218
319 2 2 3 3 211 218 39
320 2 2 3 3 39 218 40
321 2 2 3 3 12 13 212
322 2 2 3 3 212 13 219
323 2 2 3 3 212 219 213
324 2 2 3 3 213 219 220
325 2 2 3 3 213 220 214
326 2 2 3 3 214 220 221
327 2 2 3 3 214 221 215
328 2 2 3 3 215 221 222
329 2 2 3 3 215 222 216
330 2 2 3 3 216 222 223
331 2 2 3 3 216 223 217
332 2 2 3 3 217 223 224
333 2 2 3 3 217 224 218
334 2 2 3 3 218 224 225
335 2 2 3 3 218 225 40
336 2 2 3 3 40 225 41
337 2 2 3 3 13 14 219
338 2 2 3 3 219 14 226
339 2 2 3 3 219 226 220
340 2 2 3 3 220 226 227
341 2 2 3 3 220 227 221
342 2 2 3 3 221 227 228
343 2 2 3 3 221 228 222
344 2 2 3 3 222 228 229
345 2 2 3 3 222 229 223
346 2 2 3 3 223 229 230
347 2 2 3 3 223 230 224
348 2 2 3 3 224 230 231
349 2 2 3 3 224 231 225
350 2 2 3 3 225 231 232
351 2 2 3 3 225 232 41
352 2 2 3 3 41 232 42
353 2 2 3 3 14 15 226
354 2 2 3 3 226 15 233
355 2 2 3 3 226 233 227
356 2 2 3 3 227 233 234
357 2 2 3 3 227 234 228
358 2 2 3 3 228 234 235
359 2 2 3 3 228 235 229
360 2 2 3 3 229 235 236
361 2 2 3 3 229 236 230
362 2 2 3 3 230 236 237
363 2 2 3 3 230 237 231
364 2 2 3 3 231 237 238
365 2 2 3 3 231 238 232
366 2 2 3 3 232 238 239
367 2 2 3 3 232 239 42
368 2 2 3 3 42 239 43
369 2 2 3 3 15 2 233
370 2 2 3 3 233 2 72
371 2 2 3 3 233 72 234
372 2 2 3 3 234 72 73
373 2 2 3 3 234 73 235
374 2 2 3 3 235 73 74
375 2 2 3 3 235 74 236
376 2 2 3 3 236 74 75
377 2 2 3 3 236 75 237
378 2 2 3 3 237 75 76
379 2 2 3 3 237 76 238
380 2 2 3 3 238 76 77
381 2 2 3 3 238 77 239
382 2 2 3 3 239 77 78
383 2 2 3 3 239 78 43
384 2 2 3 3 43 78 6
385 2 2 2 4 2 16 72
386 2 2 2 4 72 16 240
387 2 2 2 4 72 240 73
388 2 2 2 4 73 240 241
389 2 2 2 4 73 241 74
390 2 2 2 4 74 241 242
391 2 2 2 4 74 242 75
392 2 2 2 4 75 242 243
393 2 2 2 4 75 243 76
394 2 2 2 4 76 243 244
395 2 2 2 4 76 244 77
396 2 2 2 4 77 244 245
397 2 2 2 4 77 245 78
398 2 2 2 4 78 245 246
399 2 2 2 4 78 246 6
400 2 2 2 4 6 246 44
401 2 2 2 4 16 17 240
402 2 2 2 4 240 17 247
403 2 2 2 4 240 247 241
404 2 2 2 4 241 247 248
405 2 2 2 4 241 248 242
406 2 2 2 4 242 248 249
407 2 2 2 4 242 249 243
408 2 2 2 4 243 249 250
409 2 2 2 4 243 250 244
410 2 2 2 4 244 250 251
411 2 2 2 4 244 251 245
412 2 2 2 4 245 251 252
413 2 2 2 4 245 252 246
414 2 2 2 4 246 252 253
415 2 2 2 4 246 253 44
416 2 2 2 4 44 253 45
417 2 2 2 4 17 18 247
418 2 2 2 4 247 18 254
419 2 2 2 4 247 254 248
420 2 2 2 4 248 254 255
421 2 2 2 4 248 255 249
422 2 2 2 4 249 255 256
423 2 2 2 4 249 256 250
424 2 2 2 4 250 256 257
425 2 2 2 4 250 257 251
426 2 2 2 4 251 257 258
427 2 2 2 4 251 258 252
428 2 2 2 4 252 258 259
429 2 2 2 4 252 259 253
430 2 2 2 4 253 259 260
431 2 2 2 4 253 260 45
432 2 2 2 4 45 260 46
433 2 2 2 4 18 19 254
434 2 2 2 4 254 19 261
435 2 2 2 4 254 261 255
436 2 2 2 4 255 261 262
437 2 2 2 4 255 262 256
438 2 2 2 4 256 262 263
439 2 2 2 4 256 263 257
440 2 2 2 4 257 263 264
441 2 2 2 4 257 264 258
442 2 2 2 4 258 264 265
443 2 2 2 4 258 265 259
444 2 2 2 4 259 265 266
445 2 2 2 4 259 266 260
446 2 2 2 4 260 266 267
447 2 2 2 4 260 267 46
448 2 2 2 4 46 267 47
449 2 2 2 4 19 20 261
450 2 2 2 4 261 20 268
451 2 2 2 4 261 268 262
452 2 2 2 4 262 268 269
453 2 2 2 4 262 269 263
454 2 2 2 4 263 269 270
455 2 2 2 4 263 270 264
456 2 2 2 4 264 270 271
457 2 2 2 4 264 271 265
458 2 2 2 4 265 271 272
459 2 2 2 4 265 272 266
460 2 2 2 4 266 272 273
461 2 2 2 4 266 273 267
462 2 2 2 4 267 273 274
463 2 2 2 4 267 274 47
464 2 2 2 4 47 274 48
465 2 2 2 4 20 21 268
466 2 2 2 4 268 21 275
467 2 2 2 4 268 275 269
468 2 2 2 4 269 275 276
469 2 2 2 4 269 276 270
470 2 2 2 4 270 276 277
471 2 2 2 4 270 277 271
472 2 2 2 4 271 277 278
473 2 2 2 4 271 278 272
474 2 2 2 4 272 278 279
475 2 2 2 4 272 279 273
476 2 2 2 4 273 279 280
477 2 2 2 4 273 280 274
478 2 2 2 4 274 280 281
479 2 2 2 4 274 281 48
480 2 2 2 4 48 281 49
481 2 2 2 4 21 22 275
482 2 2 2 4 275 22 282
483 2 2 2 4 275 282 276
484 2 2 2 4 276 282 283
485 2 2 2 4 276 283 277
486 2 2 2 4 277 283 284
487 2 2 2 4 277 284 278
488 2 2 2 4 278 284 285
489 2 2 2 4 278 285 279
490 2 2 2 4 279 285 286
491 2 2 2 4 279 286 280
492 2 2 2 4 280 286 287
493 2 2 2 4 280 287 281
494 2 2 2 4 281 287 288
495 2 2 2 4 281 288 49
496 2 2 2 4 49 288 50
497 2 2 2 4 22 3 282
498 2 2 2 4 282 3 79
499 2 2 2 4 282 79 283
500 2 2 2 4 283 79 80
501 2 2 2 4 283 80 284
502 2 2 2 4 284 80 81
503 2 2 2 4 284 81 285
504 2 2 2 4 285 81 82
505 2 2 2 4 285 82 286
506 2 2 2 4 286 82 83
507 2 2 2 4 286 83 287
508 2 2 2 4 287 83 84
509 2 2 2 4 287 84 288
510 2 2 2 4 288 84 85
511 2 2 2 4 288 85 50
512 2 2 2 4 50 85 7
513 2 2 4 5 3 23 79
514 2 2 4 5 79 23 289
515 2 2 4 5 79 289 80
516 2 2 4 5 80 289 290
517 2 2 4 5 80 290 81
518 2 2 4 5 81 290 291
519 2 2 4 5 81 291 82
520 2 2 4 5 82 291 292
521 2 2 4 5 82 292 83
522 2 2 4 5 83 292 293
523 2 2 4 5 83 293 84
524 2 2 4 5 84 293 294
525 2 2 4 5 84 294 85
526 2 2 4 5 85 294 295
527 2 2 4 5 85 295 7
528 2 2 4 5 7 295 51
529 2 2 4 5 23 24 289
530 2 2 4 5 289 24 296
531 2 2 4 5 289 296 290
532 2 2 4 5 290 296 297
533 2 2 4 5 290 297 291
534 2 2 4 5 291 297 298
535 2 2 4 5 291 298 292
536 2 2 4 5 292 298 299
537 2 2 4 5 292 299 293
538 2 2 4 5 293 299 300
539 2 2 4 5 293 300 294
540 2 2 4 5 294 300 301
541 2 2 4 5 294 301 295
542 2 2 4 5 295 301 302
543 2 2 4 5 295 302 51
544 2 2 4 5 51 302 52
545 2 2 4 5 24 25 296
546 2 2 4 5 296 25 303
547 2 2 4 5 296 303 297
548 2 2 4 5 297 303 304
549 2 2 4 5 297 304 298
550 2 2 4 5 298 304 305
551 2 2 4 5 298 305 299
552 2 2 4 5 299 305 306
553 2 2 4 5 299 306 300
554 2 2 4 5 300 306 307
555 2 2 4 5 300 307 301
556 2 2 4 5 301 307 308
557 2 2 4 5 301 308 302
558 2 2 4 5 302 308 309
559 2 2 4 5 302 309 52
560 2 2 4 5 52 309 53
561 2 2 4 5 25 26 303
562 2 2 4 5 303 26 310
563 2 2 4 5 303 310 304
564 2 2 4 5 304 310 311
565 2 2 4 5 304 311 305
566 2 2 4 5 305 311 312
567 2 2 4 5 305 312 306
568 2 2 4 5 306 312 313
569 2 2 4 5 306 313 307
570 2 2 4 5 307 313 314
571 2 2 4 5 307 314 308
572 2 2 4 5 308 314 315
573 2 2 4 5 308 315 309
574 2 2 4 5 309 315 316
575 2 2 4 5 309 316 53
576 2 2 4 5 53 316 54
577 2 2 4 5 26 27 310
578 2 2 4 5 310 27 317
579 2 2 4 5 310 317 311
580 2 2 4 5 311 317 318
581 2 2 4 5 311 318 312
582 2 2 4 5 312 318 319
583 2 2 4 5 312 319 313
584 2 2 4 5 313 319 320
585 2 2 4 5 313 320 314
586 2 2 4 5 314 320 321
587 2 2 4 5 314 321 315
588 2 2 4 5 315 321 322
589 2 2 4 5 315 322 316
590 2 2 4 5 316 322 323
591 2 2 4 5 316 323 54
592 2 2 4 5 54 323 55
593 2 2 4 5 27 28 317
594 2 2 4 5 317 28 324
595 2 2 4 5 317 324 318
596 2 2 4 5 318 324 325
597 2 2 4 5 318 325 319
598 2 2 4 5 319 325 326
599 2 2 4 5 319 326 320
600 2 2 4 5 320 326 327
601 2 2 4 5 320 327 321
602 2 2 4 5 321 327 328
603 2 2 4 5 321 328 322
604 2 2 4 5 322 328 329
605 2 2 4 5 322 329 323
606 2 2 4 5 323 329 330
607 2 2 4 5 323 330 55
608 2 2 4 5 55 330 56
609 2 2 4 5 28 29 324
610 2 2 4 5 324 29 331
611 2 2 4 5 324 331 325
612 2 2 4 5 325 331 332
613 2 2 4 5 325 332 326
614 2 2 4 5 326 332 333
615 2 2 4 5 326 333 327
616 2 2 4 5 327 333 334
617 2 2 4 5 327 334 328
618 2 2 4 5 328 334 335
619 2 2 4 5 328 335 329
620 2 2 4 5 329 335 336
621 2 2 4 5 329 336 330
622 2 2 4 5 330 336 337
623 2 2 4 5 330 337 56
624 2 2 4 5 56 337 57
625 2 2 4 5 29 4 331
626 2 2 4 5 331 4 86
627 2 2 4 5 331 86 332
628 2 2 4 5 332 86 87
629 2 2 4 5 332 87 333
630 2 2 4 5 333 87 88
631 2 2 4 5 333 88 334
632 2 2 4 5 334 88 89
633 2 2 4 5 334 89 335
634 2 2 4 5 335 89 90
635 2 2 4 5 335 90 336
636 2 2 4 5 336 90 91
637 2 2 4 5 336 91 337
638 2 2 4 5 337 91 92
639 2 2 4 5 337 92 57
640 2 2 4 5 57 92 8
641 2 2 1 6 4 30 86
642 2 2 1 6 86 30 338
643 2 2 1 6 86 338 87
644 2 2 1 6 87 338 339
645 2 2 1 6 87 339 88
646 2 2 1 6 88 339 340
647 2 2 1 6 88 340 89
648 2 2 1 6 89 340 341
649 2 2 1 6 89 341 90
650 2 2 1 6 90 341 342
651 2 2 1 6 90 342 91
652 2 2 1 6 91 342 343
653 2 2 1 6 91 343 92
654 2 2 1 6 92 343 344
655 2 2 1 6 92 344 8
656 2 2 1 6 8 344 58
657 2 2 1 6 30 31 338
658 2 2 1 6 338 31 345
659 2 2 1 6 338 345 339
660 2 2 1 6 339 345 346
661 2 2 1 6 339 346 340
662 2 2 1 6 340 346 347
663 2 2 1 6 340 347 341
664 2 2 1 6 341 347 348
665 2 2 1 6 341 348 342
666 2 2 1 6 342 348 349
667 2 2 1 6 342 349 343
668 2 2 1 6 343 349 350
669 2 2 1 6 343 350 344
670 2 2 1 6 344 350 351
671 2 2 1 6 344 351 58
672 2 2 1 6 58 351 59
673 2 2 1 6 31 32 345
674 2 2 1 6 345 32 352
675 2 2 1 6 345 352 346
676 2 2 1 6 346 352 353
677 2 2 1 6 346 353 347
678 2 2 1 6 347 353 354
679 2 2 1 6 347 354 348
680 2 2 1 6 348 354 355
681 2 2 1 6 348 355 349
682 2 2 1 6 349 355 356
683 2 2 1 6 349 356 350
684 2 2 1 6 350 356 357
685 2 2 1 6 350 357 351
686 2 2 1 6 351 357 358
687 2 2 1 6 351 358 59
688 2 2 1 6 59 358 60
689 2 2 1 6 32 33 352
690 2 2 1 6 352 33 359
691 2 2 1 6 352 359 353
692 2 2 1 6 353 359 360
693 2 2 1 6 353 360 354
694 2 2 1 6 354 360 361
695 2 2 1 6 354 361 355
696 2 2 1 6 355 361 362
697 2 2 1 6 355 362 356
698 2 2 1 6 356 362 363
699 2 2 1 6 356 363 357
700 2 2 1 6 357 363 364
701 2 2 1 6 357 364 358
702 2 2 1 6 358 364 365
703 2 2 1 6 358 365 60
704 2 2 1 6 60 365 61
705 2 2 1 6 33 34 359
706 2 2 1 6 359 34 366
707 2 2 1 6 359 366 360
708 2 2 1 6 360 366 367
709 2 2 1 6 360 367 361
710 2 2 1 6 361 367 368
711 2 2 1 6 361 368 362
712 2 2 1 6 362 368 369
713 2 2 1 6 362 369 363
714 2 2 1 6 363 369 370
715 2 2 1 6 363 370 364
716 2 2 1 6 364 370 371
717 2 2 1 6 364 371 365
718 2 2 1 6 365 371 372
719 2 2 1 6 365 372 61
720 2 2 1 6 61 372 62
721 2 2 1 6 34 35 366
722 2 2 1 6 366 35 373
723 2 2 1 6 366 373 367
724 2 2 1 6 367 373 374
725 2 2 1 6 367 374 368
726 2 2 1 6 368 374 375
727 2 2 1 6 368 375 369
728 2 2 1 6 369 375 376
729 2 2 1 6 369 376 370
730 2 2 1 6 370 376 377
731 2 2 1 6 370 377 371
732 2 2 1 6 371 377 378
733 2 2 1 6 371 378 372
734 2 2 1 6 372 378 379
735 2 2 1 6 372 379 62
736 2 2 1 6 62 379 63
737 2 2 1 6 35 36 373
738 2 2 1 6 373 36 380
739 2 2 1 6 373 380 374
740 2 2 1 6 374 380 381
741 2 2 1 6 374 381 375
742 2 2 1 6 375 381 382
743 2 2 1 6 375 382 376
744 2 2 1 6 376 382 383
745 2 2 1 6 376 383 377
746 2 2 1 6 377 383 384
747 2 2 1 6 377 384 378
748 2 2 1 6 378 384 385
749 2 2 1 6 378 385 379
750 2 2 1 6 379 385 386
751 2 2 1 6 379 386 63
752 2 2 1 6 63 386 64
753 2 2 1 6 36 1 380
754 2 2 1 6 380 1 65
755 2 2 1 6 380 65 381
756 2 2 1 6 381 65 66
757 2 2 1 6 381 66 382
758 2 2 1 6 382 66 67
759 2 2 1 6 382 67 383
760 2 2 1 6 383 67 68
761 2 2 1 6 383 68 384
762 2 2 1 6 384 68 69
763 2 2 1 6 384 69 385
764 2 2 1 6 385 69 70
765 2 2 1 6 385 70 386
766 2 2 1 6 386 70 71
767 2 2 1 6 386 71 64
768 2 2 1 6 64 71 5
769 4 2 1 1 1 9 36 65
770 4 2 1 1 9 36 65 191
771 4 2 1 1 65 191 36 380
772 4 2 1 1 9 36 191 93
773 4 2 1 1 36 380 191 93
774 4 2 1 1 191 380 387 93
775 4 2 1 1 65 191 380 66
776 4 2 1 1 191 380 66 192
777 4 2 1 1 66 192 380 381
778 4 2 1 1 191 380 192 387
779 4 2 1 1 380 381 192 387
780 4 2 1 1 192 381 388 387
781 4 2 1 1 66 192 381 67
782 4 2 1 1 192 381 67 193
783 4 2 1 1 67 193 381 382
784 4 2 1 1 192 381 193 388
785 4 2 1 1 381 382 193 388
786 4 2 1 1 193 382 389 388
787 4 2 1 1 67 193 382 68
788 4 2 1 1 193 382 68 194
789 4 2 1 1 68 194 382 383
790 4 2 1 1 193 382 194 389
791 4 2 1 1 382 383 194 389
792 4 2 1 1 194 383 390 389
793 4 2 1 1 68 194 383 69
794 4 2 1 1 194 383 69 195
795 4 2 1 1 69 195 383 384
796 4 2 1 1 194 383 195 390
797 4 2 1 1 383 384 195 390
798 4 2 1 1 195 384 391 390
799 4 2 1 1 69 195 384 70
800 4 2 1 1 195 384 70 196
801 4 2 1 1 70 196 384 385
802 4 2 1 1 195 384 196 391
803 4 2 1 1 384 385 196 391
804 4 2 1 1 196 385 392 391
805 4 2 1 1 70 196 385 71
806 4 2 1 1 196 385 71 197
807 4 2 1 1 71 197 385 386
808 4 2 1 1 196 385 197 392
809 4 2 1 1 385 386 197 392
810 4 2 1 1 197 386 393 392
811 4 2 1 1 71 197 386 5
812 4 2 1 1 197 386 5 37
813 4 2 1 1 5 37 386 64
814 4 2 1 1 197 386 37 393
815 4 2 1 1 386 64 37 393
816 4 2 1 1 37 64 142 393
817 4 2 1 1 36 93 35 380
818 4 2 1 1 93 35 380 387
819 4 2 1 1 380 387 35 373
820 4 2 1 1 93 35 387 94
821 4 2 1 1 35 373 387 94
822 4 2 1 1 387 373 394 94
823 4 2 1 1 380 387 373 381
824 4 2 1 1 387 373 381 388
825 4 2 1 1 381 388 373 374
826 4 2 1 1 387 373 388 394
827 4 2 1 1 373 374 388 394
828 4 2 1 1 388 374 395 394
829 4 2 1 1 381 388 374 382
830 4 2 1 1 388 374 382 389
831 4 2 1 1 382 389 374 375
832 4 2 1 1 388 374 389 395
833 4 2 1 1 374 375 389 395
834 4 2 1 1 389 375 396 395
835 4 2 1 1 382 389 375 383
836 4 2 1 1 389 375 383 390
837 4 2 1 1 383 390 375 376
838 4 2 1 1 389 375 390 396
839 4 2 1 1 375 376 390 396
840 4 2 1 1 390 376 397 396
841 4 2 1 1 383 390 376 384
842 4 2 1 1 390 376 384 391
843 4 2 1 1 384 391 376 377
844 4 2 1 1 390 376 391 397
845 4 2 1 1 376 377 391 397
846 4 2 1 1 391 377 398 397
847 4 2 1 1 384 391 377 385
848 4 2 1 1 391 377 385 392
849 4 2 1 1 385 392 377 378
850 4 2 1 1 391 377 392 398
851 4 2 1 1 377 378 392 398
852 4 2 1 1 392 378 399 398
853 4 2 1 1 385 392 378 386
854 4 2 1 1 392 378 386 393
855 4 2 1 1 386 393 378 379
856 4 2 1 1 392 378 393 399
857 4 2 1 1 378 379 393 399
858 4 2 1 1 393 379 400 399
859 4 2 1 1 386 393 379 64
860 4 2 1 1 393 379 64 142
861 4 2 1 1 64 142 379 63
862 4 2 1 1 393 379 142 400
863 4 2 1 1 379 63 142 400
864 4 2 1 1 142 63 143 400
865 4 2 1 1 35 94 34 373
866 4 2 1 1 94 34 373 394
867 4 2 1 1 373 394 34 366
868 4 2 1 1 94 34 394 95
869 4 2 1 1 34 366 394 95
870 4 2 1 1 394 366 401 95
871 4 2 1 1 373 394 366 374
872 4 2 1 1 394 366 374 395
873 4 2 1 1 374 395 366 367
874 4 2 1 1 394 366 395 401
875 4 2 1 1 366 367 395 401
876 4 2 1 1 395 367 402 401
877 4 2 1 1 374 395 367 375
878 4 2 1 1 395 367 375 396
879 4 2 1 1 375 396 367 368
880 4 2 1 1 395 367 396 402
881 4 2 1 1 367 368 396 402
882 4 2 1 1 396 368 403 402
883 4 2 1 1 375 396 368 376
884 4 2 1 1 396 368 376 397
885 4 2 1 1 376 397 368 369
886 4 2 1 1 396 368 397 403
887 4 2 1 1 368 369 397 403
888 4 2 1 1 397 369 404 403
889 4 2 1 1 376 397 369 377
890 4 2 1 1 397 369 377 398
891 4 2 1 1 377 398 369 370
892 4 2 1 1 397 369 398 404
893 4 2 1 1 369 370 398 404
894 4 2 1 1 398 370 405 404
895 4 2 1 1 377 398 370 378
896 4 2 1 1 398 370 378 399
897 4 2 1 1 378 399 370 371
898 4 2 1 1 398 370 399 405
899 4 2 1 1 370 371 399 405
900 4 2 1 1 399 371 406 405
901 4 2 1 1 378 399 371 379
902 4 2 1 1 399 371 379 400
903 4 2 1 1 379 400 371 372
904 4 2 1 1 399 371 400 406
905 4 2 1 1 371 372 400 406
906 4 2 1 1 400 372 407 406
907 4 2 1 1 379 400 372 63
908 4 2 1 1 400 372 63 143
909 4 2 1 1 63 143 372 62
910 4 2 1 1 400 372 143 407
911 4 2 1 1 372 62 143 407
912 4 2 1 1 143 62 144 407
913 4 2 1 1 34 95 33 366
914 4 2 1 1 95 33 366 401
915 4 2 1 1 366 401 33 359
916 4 2 1 1 95 33 401 96
917 4 2 1 1 33 359 401 96
918 4 2 1 1 401 359 408 96
919 4 2 1 1 366 401 359 367
920 4 2 1 1 401 359 367 402
921 4 2 1 1 367 402 359 360
922 4 2 1 1 401 359 402 408
923 4 2 1 1 359 360 402 408
924 4 2 1 1 402 360 409 408
925 4 2 1 1 367 402 360 368
926 4 2 1 1 402 360 368 403
927 4 2 1 1 368 403 360 361
928 4 2 1 1 402 360 403 409
929 4 2 1 1 360 361 403 409
930 4 2 1 1 403 361 410 409
931 4 2 1 1 368 403 361 369
932 4 2 1 1 403 361 369 404
933 4 2 1 1 369 404 361 362
934 4 2 1 1 403 361 404 410
935 4 2 1 1 361 362 404 410
936 4 2 1 1 404 362 411 410
937 4 2 1 1 369 404 362 370
938 4 2 1 1 404 362 370 405
939 4 2 1 1 370 405 362 363
940 4 2 1 1 404 362 405 411
941 4 2 1 1 362 363 405 411
942 4 2 1 1 405 363 412 411
943 4 2 1 1 370 405 363 371
944 4 2 1 1 405 363 371 406
945 4 2 1 1 371 406 363 364
946 4 2 1 1 405 363 406 412
947 4 2 1 1 363 364 406 412
948 4 2 1 1 406 364 413 412
949 4 2 1 1 371 406 364 372
950 4 2 1 1 406 364 372 407
951 4 2 1 1 372 407 364 365
952 4 2 1 1 406 364 407 413
953 4 2 1 1 364 365 407 413
954 4 2 1 1 407 365 414 413
955 4 2 1 1 372 407 365 62
956 4 2 1 1 407 365 62 144
957 4 2 1 1 62 144 365 61
958 4 2 1 1 407 365 144 414
959 4 2 1 1 365 61 144 414
960 4 2 1 1 144 61 145 414
961 4 2 1 1 33 96 32 359
962 4 2 1 1 96 32 359 408
963 4 2 1 1 359 408 32 352
964 4 2 1 1 96 32 408 97
965 4 2 1 1 32 352 408 97
966 4 2 1 1 408 352 415 97
967 4 2 1 1 359 408 352 360
968 4 2 1 1 408 352 360 409
969 4 2 1 1 360 409 352 353
970 4 2 1 1 408 352 409 415
971 4 2 1 1 352 353 409 415
972 4 2 1 1 409 353 416 415
973 4 2 1 1 360 409 353 361
974 4 2 1 1 409 353 361 410
975 4 2 1 1 361 410 353 354
976 4 2 1 1 409 353 410 416
977 4 2 1 1 353 354 410 416
978 4 2 1 1 410 354 417 416
979 4 2 1 1 361 410 354 362
980 4 2 1 1 410 354 362 411
981 4 2 1 1 362 411 354 355
982 4 2 1 1 410 354 411 417
983 4 2 1 1 354 355 411 417
984 4 2 1 1 411 355 418 417
985 4 2 1 1 362 411 355 363
986 4 2 1 1 411 355 363 412
987 4 2 1 1 363 412 355 356
988 4 2 1 1 411 355 412 418
989 4 2 1 1 355 356 412 418
990 4 2 1 1 412 356 419 418
991 4 2 1 1 363 412 356 364
992 4 2 1 1 412 356 364 413
993 4 2 1 1 364 413 356 357
994 4 2 1 1 412 356 413 419
995 4 2 1 1 356 357 413 419
996 4 2 1 1 413 357 420 419
997 4 2 1 1 364 413 357 365
998 4 2 1 1 413 357 365 414
999 4 2 1 1 365 414 357 358
1000 4 2 1 1 413 357 414 420
1001 4 2 1 1 357 358 414 420
1002 4 2 1 1 414 358 421 420
1003 4 2 1 1 365 414 358 61
1004 4 2 1 1 414 358 61 145
1005 4 2 1 1 61 145 358 60
1006 4 2 1 1 414 358 145 421
1007 4 2 1 1 358 60 145 421
1008 4 2 1 1 145 60 146 421
1009 4 2 1 1 32 97 31 352
1010 4 2 1 1 97 31 352 415
1011 4 2 1 1 352 415 31 345
1012 4 2 1 1 97 31 415 98
1013 4 2 1 1 31 345 415 98
1014 4 2 1 1 415 345 422 98
1015 4 2 1 1 352 415 345 353
1016 4 2 1 1 415 345 353 416
1017 4 2 1 1 353 416 345 346
1018 4 2 1 1 415 345 416 422
1019 4 2 1 1 345 346 416 422
1020 4 2 1 1 416 346 423 422
1021 4 2 1 1 353 416 346 354
1022 4 2 1 1 416 346 354 417
1023 4 2 1 1 354 417 346 347
1024 4 2 1 1 416 346 417 423
1025 4 2 1 1 346 347 417 423
1026 4 2 1 1 417 347 424 423
1027 4 2 1 1 354 417 347 355
1028 4 2 1 1 417 347 355 418
1029 4 2 1 1 355 418 347 348
1030 4 2 1 1 417 347 418 424
1031 4 2 1 1 347 348 418 424
1032 4 2 1 1 418 348 425 424
1033 4 2 1 1 355 418 348 356
1034 4 2 1 1 418 348 356 419
1035 4 2 1 1 356 419 348 349
1036 4 2 1 1 418 348 419 425
1037 4 2 1 1 348 349 419 425
1038 4 2 1 1 419 349 426 425
1039 4 2 1 1 356 419 349 357
1040 4 2 1 1 419 349 357 420
1041 4 2 1 1 357 420 349 350
1042 4 2 1 1 419 349 420 426
1043 4 2 1 1 349 350 420 426
1044 4 2 1 1 420 350 427 426
1045 4 2 1 1 357 420 350 358
1046 4 2 1 1 420 350 358 421
1047 4 2 1 1 358 421 350 351
1048 4 2 1 1 420 350 421 427
1049 4 2 1 1 350 351 421 427
1050 4 2 1 1 421 351 428 427
1051 4 2 1 1 358 421 351 60
1052 4 2 1 1 421 351 60 146
1053 4 2 1 1 60 146 351 59
1054 4 2 1 1 421 351 146 428
1055 4 2 1 1 351 59 146 428
1056 4 2 1 1 146 59 147 428
1057 4 2 1 1 31 98 30 345
1058 4 2 1 1 98 30 345 422
1059 4 2 1 1 345 422 30 338
1060 4 2 1 1 98 30 422 99
1061 4 2 1 1 30 338 422 99
1062 4 2 1 1 422 338 429 99
1063 4 2 1 1 345 422 338 346
1064 4 2 1 1 422 338 346 423
1065 4 2 1 1 346 423 338 339
1066 4 2 1 1 422 338 423 429
1067 4 2 1 1 338 339 423 429
1068 4 2 1 1 423 339 430 429
1069 4 2 1 1 346 423 339 347
1070 4 2 1 1 423 339 347 424
1071 4 2 1 1 347 424 339 340
1072 4 2 1 1 423 339 424 430
1073 4 2 1 1 339 340 424 430
1074 4 2 1 1 424 340 431 430
1075 4 2 1 1 347 424 340 348
1076 4 2 1 1 424 340 348 425
1077 4 2 1 1 348 425 340 341
1078 4 2 1 1 424 340 425 431
1079 4 2 1 1 340 341 425 431
1080 4 2 1 1 425 341 432 431
1081 4 2 1 1 348 425 341 349
1082 4 2 1 1 425 341 349 426
1083 4 2 1 1 349 426 341 342
1084 4 2 1 1 425 341 426 432
1085 4 2 1 1 341 342 426 432
1086 4 2 1 1 426 342 433 432
1087 4 2 1 1 349 426 342 350
1088 4 2 1 1 426 342 350 427
1089 4 2 1 1 350 427 342 343
1090 4 2 1 1 426 342 427 433
1091 4 2 1 1 342 343 427 433
1092 4 2 1 1 427 343 434 433
1093 4 2 1 1 350 427 343 351
1094 4 2 1 1 427 343 351 428
1095 4 2 1 1 351 428 343 344
1096 4 2 1 1 427 343 428 434
1097 4 2 1 1 343 344 428 434
1098 4 2 1 1 428 344 435 434
1099 4 2 1 1 351 428 344 59
1100 4 2 1 1 428 344 59 147
1101 4 2 1 1 59 147 344 58
1102 4 2 1 1 428 344 147 435
1103 4 2 1 1 344 58 147 435
1104 4 2 1 1 147 58 148 435
1105 4 2 1 1 30 99 4 338
1106 4 2 1 1 99 4 338 429
1107 4 2 1 1 338 429 4 86
1108 4 2 1 1 99 4 429 29
1109 4 2 1 1 4 86 429 29
1110 4 2 1 1 429 86 331 29
1111 4 2 1 1 338 429 86 339
1112 4 2 1 1 429 86 339 430
1113 4 2 1 1 339 430 86 87
1114 4 2 1 1 429 86 430 331
1115 4 2 1 1 86 87 430 331
1116 4 2 1 1 430 87 332 331
1117 4 2 1 1 339 430 87 340
1118 4 2 1 1 430 87 340 431
1119 4 2 1 1 340 431 87 88
1120 4 2 1 1 430 87 431 332
1121 4 2 1 1 87 88 431 332
1122 4 2 1 1 431 88 333 332
1123 4 2 1 1 340 431 88 341
1124 4 2 1 1 431 88 341 432
1125 4 2 1 1 341 432 88 89
1126 4 2 1 1 431 88 432 333
1127 4 2 1 1 88 89 432 333
1128 4 2 1 1 432 89 334 333
1129 4 2 1 1 341 432 89 342
1130 4 2 1 1 432 89 342 433
1131 4 2 1 1 342 433 89 90
1132 4 2 1 1 432 89 433 334
1133 4 2 1 1 89 90 433 334
1134 4 2 1 1 433 90 335 334
1135 4 2 1 1 342 433 90 343
1136 4 2 1 1 433 90 343 434
1137 4 2 1 1 343 434 90 91
1138 4 2 1 1 433 90 434 335
1139 4 2 1 1 90 91 434 335
1140 4 2 1 1 434 91 336 335
1141 4 2 1 1 343 434 91 344
1142 4 2 1 1 434 91 344 435
1143 4 2 1 1 344 435 91 92
1144 4 2 1 1 434 91 435 336
1145 4 2 1 1 91 92 435 336
1146 4 2 1 1 435 92 337 336
1147 4 2 1 1 344 435 92 58
1148 4 2 1 1 435 92 58 148
1149 4 2 1 1 58 148 92 8
1150 4 2 1 1 435 92 148 337
1151 4 2 1 1 92 8 148 337
1152 4 2 1 1 148 8 57 337
1153 4 2 1 1 9 10 93 191
1154 4 2 1 1 10 93 191 198
1155 4 2 1 1 191 198 93 387
1156 4 2 1 1 10 93 198 100
1157 4 2 1 1 93 387 198 100
1158 4 2 1 1 198 387 436 100
1159 4 2 1 1 191 198 387 192
1160 4 2 1 1 198 387 192 199
1161 4 2 1 1 192 199 387 388
1162 4 2 1 1 198 387 199 436
1163 4 2 1 1 387 388 199 436
1164 4 2 1 1 199 388 437 436
1165 4 2 1 1 192 199 388 193
1166 4 2 1 1 199 388 193 200
1167 4 2 1 1 193 200 388 389
1168 4 2 1 1 199 388 200 437
1169 4 2 1 1 388 389 200 437
1170 4 2 1 1 200 389 438 437
1171 4 2 1 1 193 200 389 194
1172 4 2 1 1 200 389 194 201
1173 4 2 1 1 194 201 389 390
1174 4 2 1 1 200 389 201 438
1175 4 2 1 1 389 390 201 438
1176 4 2 1 1 201 390 439 438
1177 4 2 1 1 194 201 390 195
1178 4 2 1 1 201 390 195 202
1179 4 2 1 1 195 202 390 391
1180 4 2 1 1 201 390 202 439
1181 4 2 1 1 390 391 202 439
1182 4 2 1 1 202 391 440 439
1183 4 2 1 1 195 202 391 196
1184 4 2 1 1 202 391 196 203
1185 4 2 1 1 196 203 391 392
1186 4 2 1 1 202 391 203 440
1187 4 2 1 1 391 392 203 440
1188 4 2 1 1 203 392 441 440
1189 4 2 1 1 196 203 392 197
1190 4 2 1 1 203 392 197 204
1191 4 2 1 1 197 204 392 393
1192 4 2 1 1 203 392 204 441
1193 4 2 1 1 392 393 204 441
1194 4 2 1 1 204 393 442 441
1195 4 2 1 1 197 204 393 37
1196 4 2 1 1 204 393 37 38
1197 4 2 1 1 37 38 393 142
1198 4 2 1 1 204 393 38 442
1199 4 2 1 1 393 142 38 442
1200 4 2 1 1 38 142 149 442
1201 4 2 1 1 93 100 94 387
1202 4 2 1 1 100 94 387 436
1203 4 2 1 1 387 436 94 394
1204 4 2 1 1 100 94 436 101
1205 4 2 1 1 94 394 436 101
1206 4 2 1 1 436 394 443 101
1207 4 2 1 1 387 436 394 388
1208 4 2 1 1 436 394 388 437
1209 4 2 1 1 388 437 394 395
1210 4 2 1 1 436 394 437 443
1211 4 2 1 1 394 395 437 443
1212 4 2 1 1 437 395 444 443
1213 4 2 1 1 388 437 395 389
1214 4 2 1 1 437 395 389 438
1215 4 2 1 1 389 438 395 396
1216 4 2 1 1 437 395 438 444
1217 4 2 1 1 395 396 438 444
1218 4 2 1 1 438 396 445 444
1219 4 2 1 1 389 438 396 390
1220 4 2 1 1 438 396 390 439
1221 4 2 1 1 390 439 396 397
1222 4 2 1 1 438 396 439 445
1223 4 2 1 1 396 397 439 445
1224 4 2 1 1 439 397 446 445
1225 4 2 1 1 390 439 397 391
1226 4 2 1 1 439 397 391 440
1227 4 2 1 1 391 440 397 398
1228 4 2 1 1 439 397 440 446
1229 4 2 1 1 397 398 440 446
1230 4 2 1 1 440 398 447 446
1231 4 2 1 1 391 440 398 392
1232 4 2 1 1 440 398 392 441
1233 4 2 1 1 392 441 398 399
1234 4 2 1 1 440 398 441 447
1235 4 2 1 1 398 399 441 447
1236 4 2 1 1 441 399 448 447
1237 4 2 1 1 392 441 399 393
1238 4 2 1 1 441 399 393 442
1239 4 2 1 1 393 442 399 400
1240 4 2 1 1 441 399 442 448
1241 4 2 1 1 399 400 442 448
1242 4 2 1 1 442 400 449 448
1243 4 2 1 1 393 442 400 142
1244 4 2 1 1 442 400 142 149
1245 4 2 1 1 142 149 400 143
1246 4 2 1 1 442 400 149 449
1247 4 2 1 1 400 143 149 449
1248 4 2 1 1 149 143 150 449
1249 4 2 1 1 94 101 95 394
1250 4 2 1 1 101 95 394 443
1251 4 2 1 1 394 443 95 401
1252 4 2 1 1 101 95 443 102
1253 4 2 1 1 95 401 443 102
1254 4 2 1 1 443 401 450 102
1255 4 2 1 1 394 443 401 395
1256 4 2 1 1 443 401 395 444
1257 4 2 1 1 395 444 401 402
1258 4 2 1 1 443 401 444 450
1259 4 2 1 1 401 402 444 450
1260 4 2 1 1 444 402 451 450
1261 4 2 1 1 395 444 402 396
1262 4 2 1 1 444 402 396 445
1263 4 2 1 1 396 445 402 403
1264 4 2 1 1 444 402 445 451
1265 4 2 1 1 402 403 445 451
1266 4 2 1 1 445 403 452 451
1267 4 2 1 1 396 445 403 397
1268 4 2 1 1 445 403 397 446
1269 4 2 1 1 397 446 403 404
1270 4 2 1 1 445 403 446 452
1271 4 2 1 1 403 404 446 452
1272 4 2 1 1 446 404 453 452
1273 4 2 1 1 397 446 404 398
1274 4 2 1 1 446 404 398 447
1275 4 2 1 1 398 447 404 405
1276 4 2 1 1 446 404 447 453
1277 4 2 1 1 404 405 447 453
1278 4 2 1 1 447 405 454 453
1279 4 2 1 1 398 447 405 399
1280 4 2 1 1 447 405 399 448
1281 4 2 1 1 399 448 405 406
1282 4 2 1 1 447 405 448 454
1283 4 2 1 1 405 406 448 454
1284 4 2 1 1 448 406 455 454
1285 4 2 1 1 399 448 406 400
1286 4 2 1 1 448 406 400 449
1287 4 2 1 1 400 449 406 407
1288 4 2 1 1 448 406 449 455
1289 4 2 1 1 406 407 449 455
1290 4 2 1 1 449 407 456 455
1291 4 2 1 1 400 449 407 143
1292 4 2 1 1 449 407 143 150
1293 4 2 1 1 143 150 407 144
1294 4 2 1 1 449 407 150 456
1295 4 2 1 1 407 144 150 456
1296 4 2 1 1 150 144 151 456
1297 4 2 1 1 95 102 96 401
1298 4 2 1 1 102 96 401 450
1299 4 2 1 1 401 450 96 408
1300 4 2 1 1 102 96 450 103
1301 4 2 1 1 96 408 450 103
1302 4 2 1 1 450 408 457 103
1303 4 2 1 1 401 450 408 402
1304 4 2 1 1 450 408 402 451
1305 4 2 1 1 402 451 408 409
1306 4 2 1 1 450 408 451 457
1307 4 2 1 1 408 409 451 457
1308 4 2 1 1 451 409 458 457
1309 4 2 1 1 402 451 409 403
1310 4 2 1 1 451 409 403 452
1311 4 2 1 1 403 452 409 410
1312 4 2 1 1 451 409 452 458
1313 4 2 1 1 409 410 452 458
1314 4 2 1 1 452 410 459 458
1315 4 2 1 1 403 452 410 404
1316 4 2 1 1 452 410 404 453
1317 4 2 1 1 404 453 410 411
1318 4 2 1 1 452 410 453 459
1319 4 2 1 1 410 411 453 459
1320 4 2 1 1 453 411 460 459
1321 4 2 1 1 404 453 411 405
1322 4 2 1 1 453 411 405 454
1323 4 2 1 1 405 454 411 412
1324 4 2 1 1 453 411 454 460
1325 4 2 1 1 411 412 454 460
1326 4 2 1 1 454 412 461 460
1327 4 2 1 1 405 454 412 406
1328 4 2 1 1 454 412 406 455
1329 4 2 1 1 406 455 412 413
1330 4 2 1 1 454 412 455 461
1331 4 2 1 1 412 413 455 461
1332 4 2 1 1 455 413 462 461
1333 4 2 1 1 406 455 413 407
1334 4 2 1 1 455 413 407 456
1335 4 2 1 1 407 456 413 414
1336 4 2 1 1 455 413 456 462
1337 4 2 1 1 413 414 456 462
1338 4 2 1 1 456 414 463 462
1339 4 2 1 1 407 456 414 144
1340 4 2 1 1 456 414 144 151
1341 4 2 1 1 144 151 414 145
1342 4 2 1 1 456 414 151 463
1343 4 2 1 1 414 145 151 463
1344 4 2 1 1 151 145 152 463
1345 4 2 1 1 96 103 97 408
1346 4 2 1 1 103 97 408 457
1347 4 2 1 1 408 457 97 415
1348 4 2 1 1 103 97 457 104
1349 4 2 1 1 97 415 457 104
1350 4 2 1 1 457 415 464 104
1351 4 2 1 1 408 457 415 409
1352 4 2 1 1 457 415 409 458
1353 4 2 1 1 409 458 415 416
1354 4 2 1 1 457 415 458 464
1355 4 2 1 1 415 416 458 464
1356 4 2 1 1 458 416 465 464
1357 4 2 1 1 409 458 416 410
1358 4 2 1 1 458 416 410 459
1359 4 2 1 1 410 459 416 417
1360 4 2 1 1 458 416 459 465
1361 4 2 1 1 416 417 459 465
1362 4 2 1 1 459 417 466 465
1363 4 2 1 1 410 459 417 411
1364 4 2 1 1 459 417 411 460
1365 4 2 1 1 411 460 417 418
1366 4 2 1 1 459 417 460 466
1367 4 2 1 1 417 418 460 466
1368 4 2 1 1 460 418 467 466
1369 4 2 1 1 411 460 418 412
1370 4 2 1 1 460 418 412 461
1371 4 2 1 1 412 461 418 419
1372 4 2 1 1 460 418 461 467
1373 4 2 1 1 418 419 461 467
1374 4 2 1 1 461 419 468 467
1375 4 2 1 1 412 461 419 413
1376 4 2 1 1 461 419 413 462
1377 4 2 1 1 413 462 419 420
1378 4 2 1 1 461 419 462 468
1379 4 2 1 1 419 420 462 468
1380 4 2 1 1 462 420 469 468
1381 4 2 1 1 413 462 420 414
1382 4 2 1 1 462 420 414 463
1383 4 2 1 1 414 463 420 421
1384 4 2 1 1 462 420 463 469
1385 4 2 1 1 420 421 463 469
1386 4 2 1 1 463 421 470 469
1387 4 2 1 1 414 463 421 145
1388 4 2 1 1 463 421 145 152
1389 4 2 1 1 145 152 421 146
1390 4 2 1 1 463 421 152 470
1391 4 2 1 1 421 146 152 470
1392 4 2 1 1 152 146 153 470
1393 4 2 1 1 97 104 98 415
1394 4 2 1 1 104 98 415 464
1395 4 2 1 1 415 464 98 422
1396 4 2 1 1 104 98 464 105
1397 4 2 1 1 98 422 464 105
1398 4 2 1 1 464 422 471 105
1399 4 2 1 1 415 464 422 416
1400 4 2 1 1 464 422 416 465
1401 4 2 1 1 416 465 422 423
1402 4 2 1 1 464 422 465 471
1403 4 2 1 1 422 423 465 471
1404 4 2 1 1 465 423 472 471
1405 4 2 1 1 416 465 423 417
1406 4 2 1 1 465 423 417 466
1407 4 2 1 1 417 466 423 424
1408 4 2 1 1 465 423 466 472
1409 4 2 1 1 423 424 466 472
1410 4 2 1 1 466 424 473 472
1411 4 2 1 1 417 466 424 418
1412 4 2 1 1 466 424 418 467
1413 4 2 1 1 418 467 424 425
1414 4 2 1 1 466 424 467 473
1415 4 2 1 1 424 425 467 473
1416 4 2 1 1 467 425 474 473
1417 4 2 1 1 418 467 425 419
1418 4 2 1 1 467 425 419 468
1419 4 2 1 1 419 468 425 426
1420 4 2 1 1 467 425 468 474
1421 4 2 1 1 425 426 468 474
1422 4 2 1 1 468 426 475 474
1423 4 2 1 1 419 468 426 420
1424 4 2 1 1 468 426 420 469
1425 4 2 1 1 420 469 426 427
1426 4 2 1 1 468 426 469 475
1427 4 2 1 1 426 427 469 475
1428 4 2 1 1 469 427 476 475
1429 4 2 1 1 420 469 427 421
1430 4 2 1 1 469 427 421 470
1431 4 2 1 1 421 470 427 428
1432 4 2 1 1 469 427 470 476
1433 4 2 1 1 427 428 470 476
1434 4 2 1 1 470 428 477 476
1435 4 2 1 1 421 470 428 146
1436 4 2 1 1 470 428 146 153
1437 4 2 1 1 146 153 428 147
1438 4 2 1 1 470 428 153 477
1439 4 2 1 1 428 147 153 477
1440 4 2 1 1 153 147 154 477
1441 4 2 1 1 98 105 99 422
1442 4 2 1 1 105 99 422 471
1443 4 2 1 1 422 471 99 429
1444 4 2 1 1 105 99 471 106
1445 4 2 1 1 99 429 471 106
1446 4 2 1 1 471 429 478 106
1447 4 2 1 1 422 471 429 423
1448 4 2 1 1 471 429 423 472
1449 4 2 1 1 423 472 429 430
1450 4 2 1 1 471 429 472 478
1451 4 2 1 1 429 430 472 478
1452 4 2 1 1 472 430 479 478
1453 4 2 1 1 423 472 430 424
1454 4 2 1 1 472 430 424 473
1455 4 2 1 1 424 473 430 431
1456 4 2 1 1 472 430 473 479
1457 4 2 1 1 430 431 473 479
1458 4 2 1 1 473 431 480 479
1459 4 2 1 1 424 473 431 425
1460 4 2 1 1 473 431 425 474
1461 4 2 1 1 425 474 431 432
1462 4 2 1 1 473 431 474 480
1463 4 2 1 1 431 432 474 480
1464 4 2 1 1 474 432 481 480
1465 4 2 1 1 425 474 432 426
1466 4 2 1 1 474 432 426 475
1467 4 2 1 1 426 475 432 433
1468 4 2 1 1 474 432 475 481
1469 4 2 1 1 432 433 475 481
1470 4 2 1 1 475 433 482 481
1471 4 2 1 1 426 475 433 427
1472 4 2 1 1 475 433 427 476
1473 4 2 1 1 427 476 433 434
1474 4 2 1 1 475 433 476 482
1475 4 2 1 1 433 434 476 482
1476 4 2 1 1 476 434 483 482
1477 4 2 1 1 427 476 434 428
1478 4 2 1 1 476 434 428 477
1479 4 2 1 1 428 477 434 435
1480 4 2 1 1 476 434 477 483
1481 4 2 1 1 434 435 477 483
1482 4 2 1 1 477 435 484 483
1483 4 2 1 1 428 477 435 147
1484 4 2 1 1 477 435 147 154
1485 4 2 1 1 147 154 435 148
1486 4 2 1 1 477 435 154 484
1487 4 2 1 1 435 148 154 484
1488 4 2 1 1 154 148 155 484
1489 4 2 1 1 99 106 29 429
1490 4 2 1 1 106 29 429 478
1491 4 2 1 1 429 478 29 331
1492 4 2 1 1 106 29 478 28
1493 4 2 1 1 29 331 478 28
1494 4 2 1 1 478 331 324 28
1495 4 2 1 1 429 478 331 430
1496 4 2 1 1 478 331 430 479
1497 4 2 1 1 430 479 331 332
1498 4 2 1 1 478 331 479 324
1499 4 2 1 1 331 332 479 324
1500 4 2 1 1 479 332 325 324
1501 4 2 1 1 430 479 332 431
1502 4 2 1 1 479 332 431 480
1503 4 2 1 1 431 480 332 333
1504 4 2 1 1 479 332 480 325
1505 4 2 1 1 332 333 480 325
1506 4 2 1 1 480 333 326 325
1507 4 2 1 1 431 480 333 432
1508 4 2 1 1 480 333 432 481
1509 4 2 1 1 432 481 333 334
1510 4 2 1 1 480 333 481 326
1511 4 2 1 1 333 334 481 326
1512 4 2 1 1 481 334 327 326
1513 4 2 1 1 432 481 334 433
1514 4 2 1 1 481 334 433 482
1515 4 2 1 1 433 482 334 335
1516 4 2 1 1 481 334 482 327
1517 4 2 1 1 334 335 482 327
1518 4 2 1 1 482 335 328 327
1519 4 2 1 1 433 482 335 434
1520 4 2 1 1 482 335 434 483
1521 4 2 1 1 434 483 335 336
1522 4 2 1 1 482 335 483 328
1523 4 2 1 1 335 336 483 328
1524 4 2 1 1 483 336 329 328
1525 4 2 1 1 434 483 336 435
1526 4 2 1 1 483 336 435 484
1527 4 2 1 1 435 484 336 337
1528 4 2 1 1 483 336 484 329
1529 4 2 1 1 336 337 484 329
1530 4 2 1 1 484 337 330 329
1531 4 2 1 1 435 484 337 148
1532 4 2 1 1 484 337 148 155
1533 4 2 1 1 148 155 337 57
1534 4 2 1 1 484 337 155 330
1535 4 2 1 1 337 57 155 330
1536 4 2 1 1 155 57 56 330
1537 4 2 1 1 10 11 100 198
1538 4 2 1 1 11 100 198 205
1539 4 2 1 1 198 205 100 436
1540 4 2 1 1 11 100 205 107
1541 4 2 1 1 100 436 205 107
1542 4 2 1 1 205 436 485 107
1543 4 2 1 1 198 205 436 199
1544 4 2 1 1 205 436 199 206
1545 4 2 1 1 199 206 436 437
1546 4 2 1 1 205 436 206 485
1547 4 2 1 1 436 437 206 485
1548 4 2 1 1 206 437 486 485
1549 4 2 1 1 199 206 437 200
1550 4 2 1 1 206 437 200 207
1551 4 2 1 1 200 207 437 438
1552 4 2 1 1 206 437 207 486
1553 4 2 1 1 437 438 207 486
1554 4 2 1 1 207 438 487 486
1555 4 2 1 1 200 207 438 201
1556 4 2 1 1 207 438 201 208
1557 4 2 1 1 201 208 438 439
1558 4 2 1 1 207 438 208 487
1559 4 2 1 1 438 439 208 487
1560 4 2 1 1 208 439 488 487
1561 4 2 1 1 201 208 439 202
1562 4 2 1 1 208 439 202 209
1563 4 2 1 1 202 209 439 440
1564 4 2 1 1 208 439 209 488
1565 4 2 1 1 439 440 209 488
1566 4 2 1 1 209 440 489 488
1567 4 2 1 1 202 209 440 203
1568 4 2 1 1 209 440 203 210
1569 4 2 1 1 203 210 440 441
1570 4 2 1 1 209 440 210 489
1571 4 2 1 1 440 441 210 489
1572 4 2 1 1 210 441 490 489
1573 4 2 1 1 203 210 441 204
1574 4 2 1 1 210 441 204 211
1575 4 2 1 1 204 211 441 442
1576 4 2 1 1 210 441 211 490
1577 4 2 1 1 441 442 211 490
1578 4 2 1 1 211 442 491 490
1579 4 2 1 1 204 211 442 38
1580 4 2 1 1 211 442 38 39
1581 4 2 1 1 38 39 442 149
1582 4 2 1 1 211 442 39 491
1583 4 2 1 1 442 149 39 491
1584 4 2 1 1 39 149 156 491
1585 4 2 1 1 100 107 101 436
1586 4 2 1 1 107 101 436 485
1587 4 2 1 1 436 485 101 443
1588 4 2 1 1 107 101 485 108
1589 4 2 1 1 101 443 485 108
1590 4 2 1 1 485 443 492 108
1591 4 2 1 1 436 485 443 437
1592 4 2 1 1 485 443 437 486
1593 4 2 1 1 437 486 443 444
1594 4 2 1 1 485 443 486 492
1595 4 2 1 1 443 444 486 492
1596 4 2 1 1 486 444 493 492
1597 4 2 1 1 437 486 444 438
1598 4 2 1 1 486 444 438 487
1599 4 2 1 1 438 487 444 445
1600 4 2 1 1 486 444 487 493
1601 4 2 1 1 444 445 487 493
1602 4 2 1 1 487 445 494 493
1603 4 2 1 1 438 487 445 439
1604 4 2 1 1 487 445 439 488
1605 4 2 1 1 439 488 445 446
1606 4 2 1 1 487 445 488 494
1607 4 2 1 1 445 446 488 494
1608 4 2 1 1 488 446 495 494
1609 4 2 1 1 439 488 446 440
1610 4 2 1 1 488 446 440 489
1611 4 2 1 1 440 489 446 447
1612 4 2 1 1 488 446 489 495
1613 4 2 1 1 446 447 489 495
1614 4 2 1 1 489 447 496 495
1615 4 2 1 1 440 489 447 441
1616 4 2 1 1 489 447 441 490
1617 4 2 1 1 441 490 447 448
1618 4 2 1 1 489 447 490 496
1619 4 2 1 1 447 448 490 496
1620 4 2 1 1 490 448 497 496
1621 4 2 1 1 441 490 448 442
1622 4 2 1 1 490 448 442 491
1623 4 2 1 1 442 491 448 449
1624 4 2 1 1 490 448 491 497
1625 4 2 1 1 448 449 491 497
1626 4 2 1 1 491 449 498 497
1627 4 2 1 1 442 491 449 149
1628 4 2 1 1 491 449 149 156
1629 4 2 1 1 149 156 449 150
1630 4 2 1 1 491 449 156 498
1631 4 2 1 1 449 150 156 498
1632 4 2 1 1 156 150 157 498
1633 4 2 1 1 101 108 102 443
1634 4 2 1 1 108 102 443 492
1635 4 2 1 1 443 492 102 450
1636 4 2 1 1 108 102 492 109
1637 4 2 1 1 102 450 492 109
1638 4 2 1 1 492 450 499 109
1639 4 2 1 1 443 492 450 444
1640 4 2 1 1 492 450 444 493
1641 4 2 1 1 444 493 450 451
1642 4 2 1 1 492 450 493 499
1643 4 2 1 1 450 451 493 499
1644 4 2 1 1 493 451 500 499
1645 4 2 1 1 444 493 451 445
1646 4 2 1 1 493 451 445 494
1647 4 2 1 1 445 494 451 452
1648 4 2 1 1 493 451 494 500
1649 4 2 1 1 451 452 494 500
1650 4 2 1 1 494 452 501 500
1651 4 2 1 1 445 494 452 446
1652 4 2 1 1 494 452 446 495
1653 4 2 1 1 446 495 452 453
1654 4 2 1 1 494 452 495 501
1655 4 2 1 1 452 453 495 501
1656 4 2 1 1 495 453 502 501
1657 4 2 1 1 446 495 453 447
1658 4 2 1 1 495 453 447 496
1659 4 2 1 1 447 496 453 454
1660 4 2 1 1 495 453 496 502
1661 4 2 1 1 453 454 496 502
1662 4 2 1 1 496 454 503 502
1663 4 2 1 1 447 496 454 448
1664 4 2 1 1 496 454 448 497
1665 4 2 1 1 448 497 454 455
1666 4 2 1 1 496 454 497 503
1667 4 2 1 1 454 455 497 503
1668 4 2 1 1 497 455 504 503
1669 4 2 1 1 448 497 455 449
1670 4 2 1 1 497 455 449 498
1671 4 2 1 1 449 498 455 456
1672 4 2 1 1 497 455 498 504
1673 4 2 1 1 455 456 498 504
1674 4 2 1 1 498 456 505 504
1675 4 2 1 1 449 498 456 150
1676 4 2 1 1 498 456 150 157
1677 4 2 1 1 150 157 456 151
1678 4 2 1 1 498 456 157 505
1679 4 2 1 1 456 151 157 505
1680 4 2 1 1 157 151 158 505
1681 4 2 1 1 102 109 103 450
1682 4 2 1 1 109 103 450 499
1683 4 2 1 1 450 499 103 457
1684 4 2 1 1 109 103 499 110
1685 4 2 1 1 103 457 499 110
1686 4 2 1 1 499 457 506 110
1687 4 2 1 1 450 499 457 451
1688 4 2 1 1 499 457 451 500
1689 4 2 1 1 451 500 457 458
1690 4 2 1 1 499 457 500 506
1691 4 2 1 1 457 458 500 506
1692 4 2 1 1 500 458 507 506
1693 4 2 1 1 451 500 458 452
1694 4 2 1 1 500 458 452 501
1695 4 2 1 1 452 501 458 459
1696 4 2 1 1 500 458 501 507
1697 4 2 1 1 458 459 501 507
1698 4 2 1 1 501 459 508 507
1699 4 2 1 1 452 501 459 453
1700 4 2 1 1 501 459 453 502
1701 4 2 1 1 453 502 459 460
1702 4 2 1 1 501 459 502 508
1703 4 2 1 1 459 460 502 508
1704 4 2 1 1 502 460 509 508
1705 4 2 1 1 453 502 460 454
1706 4 2 1 1 502 460 454 503
1707 4 2 1 1 454 503 460 461
1708 4 2 1 1 502 460 503 509
1709 4 2 1 1 460 461 503 509
1710 4 2 1 1 503 461 510 509
1711 4 2 1 1 454 503 461 455
1712 4 2 1 1 503 461 455 504
1713 4 2 1 1 455 504 461 462
1714 4 2 1 1 503 461 504 510
1715 4 2 1 1 461 462 504 510
1716 4 2 1 1 504 462 511 510
1717 4 2 1 1 455 504 462 456
1718 4 2 1 1 504 462 456 505
1719 4 2 1 1 456 505 462 463
1720 4 2 1 1 504 462 505 511
1721 4 2 1 1 462 463 505 511
1722 4 2 1 1 505 463 512 511
1723 4 2 1 1 456 505 463 151
1724 4 2 1 1 505 463 151 158
1725 4 2 1 1 151 158 463 152
1726 4 2 1 1 505 463 158 512
1727 4 2 1 1 463 152 158 512
1728 4 2 1 1 158 152 159 512
1729 4 2 1 1 103 110 104 457
1730 4 2 1 1 110 104 457 506
1731 4 2 1 1 457 506 104 464
1732 4 2 1 1 110 104 506 111
1733 4 2 1 1 104 464 506 111
1734 4 2 1 1 506 464 513 111
1735 4 2 1 1 457 506 464 458
1736 4 2 1 1 506 464 458 507
1737 4 2 1 1 458 507 464 465
1738 4 2 1 1 506 464 507 513
1739 4 2 1 1 464 465 507 513
1740 4 2 1 1 507 465 514 513
1741 4 2 1 1 458 507 465 459
1742 4 2 1 1 507 465 459 508
1743 4 2 1 1 459 508 465 466
1744 4 2 1 1 507 465 508 514
1745 4 2 1 1 465 466 508 514
1746 4 2 1 1 508 466 515 514
1747 4 2 1 1 459 508 466 460
1748 4 2 1 1 508 466 460 509
1749 4 2 1 1 460 509 466 467
1750 4 2 1 1 508 466 509 515
1751 4 2 1 1 466 467 509 515
1752 4 2 1 1 509 467 516 515
1753 4 2 1 1 460 509 467 461
1754 4 2 1 1 509 467 461 510
1755 4 2 1 1 461 510 467 468
1756 4 2 1 1 509 467 510 516
1757 4 2 1 1 467 468 510 516
1758 4 2 1 1 510 468 517 516
1759 4 2 1 1 461 510 468 462
1760 4 2 1 1 510 468 462 511
1761 4 2 1 1 462 511 468 469
1762 4 2 1 1 510 468 511 517
1763 4 2 1 1 468 469 511 517
1764 4 2 1 1 511 469 518 517
1765 4 2 1 1 462 511 469 463
1766 4 2 1 1 511 469 463 512
1767 4 2 1 1 463 512 469 470
1768 4 2 1 1 511 469 512 518
1769 4 2 1 1 469 470 512 518
1770 4 2 1 1 512 470 519 518
1771 4 2 1 1 463 512 470 152
1772 4 2 1 1 512 470 152 159
1773 4 2 1 1 152 159 470 153
1774 4 2 1 1 512 470 159 519
1775 4 2 1 1 470 153 159 519
1776 4 2 1 1 159 153 160 519
1777 4 2 1 1 104 111 105 464
1778 4 2 1 1 111 105 464 513
1779 4 2 1 1 464 513 105 471
1780 4 2 1 1 111 105 513 112
1781 4 2 1 1 105 471 513 112
1782 4 2 1 1 513 471 520 112
1783 4 2 1 1 464 513 471 465
1784 4 2 1 1 513 471 465 514
1785 4 2 1 1 465 514 471 472
1786 4 2 1 1 513 471 514 520
1787 4 2 1 1 471 472 514 520
1788 4 2 1 1 514 472 521 520
1789 4 2 1 1 465 514 472 466
1790 4 2 1 1 514 472 466 515
1791 4 2 1 1 466 515 472 473
1792 4 2 1 1 514 472 515 521
1793 4 2 1 1 472 473 515 521
1794 4 2 1 1 515 473 522 521
1795 4 2 1 1 466 515 473 467
1796 4 2 1 1 515 473 467 516
1797 4 2 1 1 467 516 473 474
1798 4 2 1 1 515 473 516 522
1799 4 2 1 1 473 474 516 522
1800 4 2 1 1 516 474 523 522
1801 4 2 1 1 467 516 474 468
1802 4 2 1 1 516 474 468 517
1803 4 2 1 1 468 517 474 475
1804 4 2 1 1 516 474 517 523
1805 4 2 1 1 474 475 517 523
1806 4 2 1 1 517 475 524 523
1807 4 2 1 1 468 517 475 469
1808 4 2 1 1 517 475 469 518
1809 4 2 1 1 469 518 475 476
1810 4 2 1 1 517 475 518 524
1811 4 2 1 1 475 476 518 524
1812 4 2 1 1 518 476 525 524
1813 4 2 1 1 469 518 476 470
1814 4 2 1 1 518 476 470 519
1815 4 2 1 1 470 519 476 477
1816 4 2 1 1 518 476 519 525
1817 4 2 1 1 476 477 519 525
1818 4 2 1 1 519 477 526 525
1819 4 2 1 1 470 519 477 153
1820 4 2 1 1 519 477 153 160
1821 4 2 1 1 153 160 477 154
1822 4 2 1 1 519 477 160 526
1823 4 2 1 1 477 154 160 526
1824 4 2 1 1 160 154 161 526
1825 4 2 1 1 105 112 106 471
1826 4 2 1 1 112 106 471 520
1827 4 2 1 1 471 520 106 478
1828 4 2 1 1 112 106 520 113
1829 4 2 1 1 106 478 520 113
1830 4 2 1 1 520 478 527 113
1831 4 2 1 1 471 520 478 472
1832 4 2 1 1 520 478 472 521
1833 4 2 1 1 472 521 478 479
1834 4 2 1 1 520 478 521 527
1835 4 2 1 1 478 479 521 527
1836 4 2 1 1 521 479 528 527
1837 4 2 1 1 472 521 479 473
1838 4 2 1 1 521 479 473 522
1839 4 2 1 1 473 522 479 480
1840 4 2 1 1 521 479 522 528
1841 4 2 1 1 479 480 522 528
1842 4 2 1 1 522 480 529 528
1843 4 2 1 1 473 522 480 474
1844 4 2 1 1 522 480 474 523
1845 4 2 1 1 474 523 480 481
1846 4 2 1 1 522 480 523 529
1847 4 2 1 1 480 481 523 529
1848 4 2 1 1 523 481 530 529
1849 4 2 1 1 474 523 481 475
1850 4 2 1 1 523 481 475 524
1851 4 2 1 1 475 524 481 482
1852 4 2 1 1 523 481 524 530
1853 4 2 1 1 481 482 524 530
1854 4 2 1 1 524 482 531 530
1855 4 2 1 1 475 524 482 476
1856 4 2 1 1 524 482 476 525
1857 4 2 1 1 476 525 482 483
1858 4 2 1 1 524 482 525 531
1859 4 2 1 1 482 483 525 531
1860 4 2 1 1 525 483 532 531
1861 4 2 1 1 476 525 483 477
1862 4 2 1 1 525 483 477 526
1863 4 2 1 1 477 526 483 484
1864 4 2 1 1 525 483 526 532
1865 4 2 1 1 483 484 526 532
1866 4 2 1 1 526 484 533 532
1867 4 2 1 1 477 526 484 154
1868 4 2 1 1 526 484 154 161
1869 4 2 1 1 154 161 484 155
1870 4 2 1 1 526 484 161 533
1871 4 2 1 1 484 155 161 533
1872 4 2 1 1 161 155 162 533
1873 4 2 1 1 106 113 28 478
1874 4 2 1 1 113 28 478 527
1875 4 2 1 1 478 527 28 324
1876 4 2 1 1 113 28 527 27
1877 4 2 1 1 28 324 527 27
1878 4 2 1 1 527 324 317 27
1879 4 2 1 1 478 527 324 479
1880 4 2 1 1 527 324 479 528
1881 4 2 1 1 479 528 324 325
1882 4 2 1 1 527 324 528 317
1883 4 2 1 1 324 325 528 317
1884 4 2 1 1 528 325 318 317
1885 4 2 1 1 479 528 325 480
1886 4 2 1 1 528 325 480 529
1887 4 2 1 1 480 529 325 326
1888 4 2 1 1 528 325 529 318
1889 4 2 1 1 325 326 529 318
1890 4 2 1 1 529 326 319 318
1891 4 2 1 1 480 529 326 481
1892 4 2 1 1 529 326 481 530
1893 4 2 1 1 481 530 326 327
1894 4 2 1 1 529 326 530 319
1895 4 2 1 1 326 327 530 319
1896 4 2 1 1 530 327 320 319
1897 4 2 1 1 481 530 327 482
1898 4 2 1 1 530 327 482 531
1899 4 2 1 1 482 531 327 328
1900 4 2 1 1 530 327 531 320
1901 4 2 1 1 327 328 531 320
1902 4 2 1 1 531 328 321 320
1903 4 2 1 1 482 531 328 483
1904 4 2 1 1 531 328 483 532
1905 4 2 1 1 483 532 328 329
1906 4 2 1 1 531 328 532 321
1907 4 2 1 1 328 329 532 321
1908 4 2 1 1 532 329 322 321
1909 4 2 1 1 483 532 329 484
1910 4 2 1 1 532 329 484 533
1911 4 2 1 1 484 533 329 330
1912 4 2 1 1 532 329 533 322
1913 4 2 1 1 329 330 533 322
1914 4 2 1 1 533 330 323 322
1915 4 2 1 1 484 533 330 155
1916 4 2 1 1 533 330 155 162
1917 4 2 1 1 155 162 330 56
1918 4 2 1 1 533 330 162 323
1919 4 2 1 1 330 56 162 323
1920 4 2 1 1 162 56 55 323
1921 4 2 1 1 11 12 107 205
1922 4 2 1 1 12 107 205 212
1923 4 2 1 1 205 212 107 485
1924 4 2 1 1 12 107 212 114
1925 4 2 1 1 107 485 212 114
1926 4 2 1 1 212 485 534 114
1927 4 2 1 1 205 212 485 206
1928 4 2 1 1 212 485 206 213
1929 4 2 1 1 206 213 485 486
1930 4 2 1 1 212 485 213 534
1931 4 2 1 1 485 486 213 534
1932 4 2 1 1 213 486 535 534
1933 4 2 1 1 206 213 486 207
1934 4 2 1 1 213 486 207 214
1935 4 2 1 1 207 214 486 487
1936 4 2 1 1 213 486 214 535
1937 4 2 1 1 486 487 214 535
1938 4 2 1 1 214 487 536 535
1939 4 2 1 1 207 214 487 208
1940 4 2 1 1 214 487 208 215
1941 4 2 1 1 208 215 487 488
1942 4 2 1 1 214 487 215 536
1943 4 2 1 1 487 488 215 536
1944 4 2 1 1 215 488 537 536
1945 4 2 1 1 208 215 488 209
1946 4 2 1 1 215 488 209 216
1947 4 2 1 1 209 216 488 489
1948 4 2 1 1 215 488 216 537
1949 4 2 1 1 488 489 216 537
1950 4 2 1 1 216 489 538 537
1951 4 2 1 1 209 216 489 210
1952 4 2 1 1 216 489 210 217
1953 4 2 1 1 210 217 489 490
1954 4 2 1 1 216 489 217 538
1955 4 2 1 1 489 490 217 538
1956 4 2 1 1 217 490 539 538
1957 4 2 1 1 210 217 490 211
1958 4 2 1 1 217 490 211 218
1959 4 2 1 1 211 218 490 491
1960 4 2 1 1 217 490 218 539
1961 4 2 1 1 490 491 218 539
1962 4 2 1 1 218 491 540 539
1963 4 2 1 1 211 218 491 39
1964 4 2 1 1 218 491 39 40
1965 4 2 1 1 39 40 491 156
1966 4 2 1 1 218 491 40 540
1967 4 2 1 1 491 156 40 540
1968 4 2 1 1 40 156 163 540
1969 4 2 1 1 107 114 108 485
1970 4 2 1 1 114 108 485 534
1971 4 2 1 1 485 534 108 492
1972 4 2 1 1 114 108 534 115
1973 4 2 1 1 108 492 534 115
1974 4 2 1 1 534 492 541 115
1975 4 2 1 1 485 534 492 486
1976 4 2 1 1 534 492 486 535
1977 4 2 1 1 486 535 492 493
1978 4 2 1 1 534 492 535 541
1979 4 2 1 1 492 493 535 541
1980 4 2 1 1 535 493 542 541
1981 4 2 1 1 486 535 493 487
1982 4 2 1 1 535 493 487 536
1983 4 2 1 1 487 536 493 494
1984 4 2 1 1 535 493 536 542
1985 4 2 1 1 493 494 536 542
1986 4 2 1 1 536 494 543 542
1987 4 2 1 1 487 536 494 488
1988 4 2 1 1 536 494 488 537
1989 4 2 1 1 488 537 494 495
1990 4 2 1 1 536 494 537 543
1991 4 2 1 1 494 495 537 543
1992 4 2 1 1 537 495 544 543
1993 4 2 1 1 488 537 495 489
1994 4 2 1 1 537 495 489 538
1995 4 2 1 1 489 538 495 496
1996 4 2 1 1 537 495 538 544
1997 4 2 1 1 495 496 538 544
1998 4 2 1 1 538 496 545 544
1999 4 2 1 1 489 538 496 490
2000 4 2 1 1 538 496 490 539
2001 4 2 1 1 490 539 496 497
2002 4 2 1 1 538 496 539 545
2003 4 2 1 1 496 497 539 545
2004 4 2 1 1 539 497 546 545
2005 4 2 1 1 490 539 497 491
2006 4 2 1 1 539 497 491 540
2007 4 2 1 1 491 540 497 498
2008 4 2 1 1 539 497 540 546
2009 4 2 1 1 497 498 540 546
2010 4 2 1 1 540 498 547 546
2011 4 2 1 1 491 540 498 156
2012 4 2 1 1 540 498 156 163
2013 4 2 1 1 156 163 498 157
2014 4 2 1 1 540 498 163 547
2015 4 2 1 1 498 157 163 547
2016 4 2 1 1 163 157 164 547
2017 4 2 1 1 108 115 109 492
2018 4 2 1 1 115 109 492 541
2019 4 2 1 1 492 541 109 499
2020 4 2 1 1 115 109 541 116
2021 4 2 1 1 109 499 541 116
2022 4 2 1 1 541 499 548 116
2023 4 2 1 1 492 541 499 493
2024 4 2 1 1 541 499 493 542
2025 4 2 1 1 493 542 499 500
2026 4 2 1 1 541 499 542 548
2027 4 2 1 1 499 500 542 548
2028 4 2 1 1 542 500 549 548
2029 4 2 1 1 493 542 500 494
2030 4 2 1 1 542 500 494 543
2031 4 2 1 1 494 543 500 501
2032 4 2 1 1 542 500 543 549
2033 4 2 1 1 500 501 543 549
2034 4 2 1 1 543 501 550 549
2035 4 2 1 1 494 543 501 495
2036 4 2 1 1 543 501 495 544
2037 4 2 1 1 495 544 501 502
2038 4 2 1 1 543 501 544 550
2039 4 2 1 1 501 502 544 550
2040 4 2 1 1 544 502 551 550
2041 4 2 1 1 495 544 502 496
2042 4 2 1 1 544 502 496 545
2043 4 2 1 1 496 545 502 503
2044 4 2 1 1 544 502 545 551
2045 4 2 1 1 502 503 545 551
2046 4 2 1 1 545 503 552 551
2047 4 2 1 1 496 545 503 497
2048 4 2 1 1 545 503 497 546
2049 4 2 1 1 497 546 503 504
2050 4 2 1 1 545 503 546 552
2051 4 2 1 1 503 504 546 552
2052 4 2 1 1 546 504 553 552
2053 4 2 1 1 497 546 504 498
2054 4 2 1 1 546 504 498 547
2055 4 2 1 1 498 547 504 505
2056 4 2 1 1 546 504 547 553
2057 4 2 1 1 504 505 547 553
2058 4 2 1 1 547 505 554 553
2059 4 2 1 1 498 547 505 157
2060 4 2 1 1 547 505 157 164
2061 4 2 1 1 157 164 505 158
2062 4 2 1 1 547 505 164 554
2063 4 2 1 1 505 158 164 554
2064 4 2 1 1 164 158 165 554
2065 4 2 1 1 109 116 110 499
2066 4 2 1 1 116 110 499 548
2067 4 2 1 1 499 548 110 506
2068 4 2 1 1 116 110 548 117
2069 4 2 1 1 110 506 548 117
2070 4 2 1 1 548 506 555 117
2071 4 2 1 1 499 548 506 500
2072 4 2 1 1 548 506 500 549
2073 4 2 1 1 500 549 506 507
2074 4 2 1 1 548 506 549 555
2075 4 2 1 1 506 507 549 555
2076 4 2 1 1 549 507 556 555
2077 4 2 1 1 500 549 507 501
2078 4 2 1 1 549 507 501 550
2079 4 2 1 1 501 550 507 508
2080 4 2 1 1 549 507 550 556
2081 4 2 1 1 507 508 550 556
2082 4 2 1 1 550 508 557 556
2083 4 2 1 1 501 550 508 502
2084 4 2 1 1 550 508 502 551
2085 4 2 1 1 502 551 508 509
2086 4 2 1 1 550 508 551 557
2087 4 2 1 1 508 509 551 557
2088 4 2 1 1 551 509 558 557
2089 4 2 1 1 502 551 509 503
2090 4 2 1 1 551 509 503 552
2091 4 2 1 1 503 552 509 510
2092 4 2 1 1 551 509 552 558
2093 4 2 1 1 509 510 552 558
2094 4 2 1 1 552 510 559 558
2095 4 2 1 1 503 552 510 504
2096 4 2 1 1 552 510 504 553
2097 4 2 1 1 504 553 510 511
2098 4 2 1 1 552 510 553 559
2099 4 2 1 1 510 511 553 559
2100 4 2 1 1 553 511 560 559
2101 4 2 1 1 504 553 511 505
2102 4 2 1 1 553 511 505 554
2103 4 2 1 1 505 554 511 512
2104 4 2 1 1 553 511 554 560
2105 4 2 1 1 511 512 554 560
2106 4 2 1 1 554 512 561 560
2107 4 2 1 1 505 554 512 158
2108 4 2 1 1 554 512 158 165
2109 4 2 1 1 158 165 512 159
2110 4 2 1 1 554 512 165 561
2111 4 2 1 1 512 159 165 561
2112 4 2 1 1 165 159 166 561
2113 4 2 1 1 110 117 111 506
2114 4 2 1 1 117 111 506 555
2115 4 2 1 1 506 555 111 513
2116 4 2 1 1 117 111 555 118
2117 4 2 1 1 111 513 555 118
2118 4 2 1 1 555 513 562 118
2119 4 2 1 1 506 555 513 507
2120 4 2 1 1 555 513 507 556
2121 4 2 1 1 507 556 513 514
2122 4 2 1 1 555 513 556 562
2123 4 2 1 1 513 514 556 562
2124 4 2 1 1 556 514 563 562
2125 4 2 1 1 507 556 514 508
2126 4 2 1 1 556 514 508 557
2127 4 2 1 1 508 557 514 515
2128 4 2 1 1 556 514 557 563
2129 4 2 1 1 514 515 557 563
2130 4 2 1 1 557 515 564 563
2131 4 2 1 1 508 557 515 509
2132 4 2 1 1 557 515 509 558
2133 4 2 1 1 509 558 515 516
2134 4 2 1 1 557 515 558 564
2135 4 2 1 1 515 516 558 564
2136 4 2 1 1 558 516 565 564
2137 4 2 1 1 509 558 516 510
2138 4 2 1 1 558 516 510 559
2139 4 2 1 1 510 559 516 517
2140 4 2 1 1 558 516 559 565
2141 4 2 1 1 516 517 559 565
2142 4 2 1 1 559 517 566 565
2143 4 2 1 1 510 559 517 511
2144 4 2 1 1 559 517 511 560
2145 4 2 1 1 511 560 517 518
2146 4 2 1 1 559 517 560 566
2147 4 2 1 1 517 518 560 566
2148 4 2 1 1 560 518 567 566
2149 4 2 1 1 511 560 518 512
2150 4 2 1 1 560 518 512 561
2151 4 2 1 1 512 561 518 519
2152 4 2 1 1 560 518 561 567
2153 4 2 1 1 518 519 561 567
2154 4 2 1 1 561 519 568 567
2155 4 2 1 1 512 561 519 159
2156 4 2 1 1 561 519 159 166
2157 4 2 1 1 159 166 519 160
2158 4 2 1 1 561 519 166 568
2159 4 2 1 1 519 160 166 568
2160 4 2 1 1 166 160 167 568
2161 4 2 1 1 111 118 112 513
2162 4 2 1 1 118 112 513 562
2163 4 2 1 1 513 562 112 520
2164 4 2 1 1 118 112 562 119
2165 4 2 1 1 112 520 562 119
2166 4 2 1 1 562 520 569 119
2167 4 2 1 1 513 562 520 514
2168 4 2 1 1 562 520 514 563
2169 4 2 1 1 514 563 520 521
2170 4 2 1 1 562 520 563 569
2171 4 2 1 1 520 521 563 569
2172 4 2 1 1 563 521 570 569
2173 4 2 1 1 514 563 521 515
2174 4 2 1 1 563 521 515 564
2175 4 2 1 1 515 564 521 522
2176 4 2 1 1 563 521 564 570
2177 4 2 1 1 521 522 564 570
2178 4 2 1 1 564 522 571 570
2179 4 2 1 1 515 564 522 516
2180 4 2 1 1 564 522 516 565
2181 4 2 1 1 516 565 522 523
2182 4 2 1 1 564 522 565 571
2183 4 2 1 1 522 523 565 571
2184 4 2 1 1 565 523 572 571
2185 4 2 1 1 516 565 523 517
2186 4 2 1 1 565 523 517 566
2187 4 2 1 1 517 566 523 524
2188 4 2 1 1 565 523 566 572
2189 4 2 1 1 523 524 566 572
2190 4 2 1 1 566 524 573 572
2191 4 2 1 1 517 566 524 518
2192 4 2 1 1 566 524 518 567
2193 4 2 1 1 518 567 524 525
2194 4 2 1 1 566 524 567 573
2195 4 2 1 1 524 525 567 573
2196 4 2 1 1 567 525 574 573
2197 4 2 1 1 518 567 525 519
2198 4 2 1 1 567 525 519 568
2199 4 2 1 1 519 568 525 526
2200 4 2 1 1 567 525 568 574
2201 4 2 1 1 525 526 568 574
2202 4 2 1 1 568 526 575 574
2203 4 2 1 1 519 568 526 160
2204 4 2 1 1 568 526 160 167
2205 4 2 1 1 160 167 526 161
2206 4 2 1 1 568 526 167 575
2207 4 2 1 1 526 161 167 575
2208 4 2 1 1 167 161 168 575
2209 4 2 1 1 112 119 113 520
2210 4 2 1 1 119 113 520 569
2211 4 2 1 1 520 569 113 527
2212 4 2 1 1 119 113 569 120
2213 4 2 1 1 113 527 569 120
2214 4 2 1 1 569 527 576 120
2215 4 2 1 1 520 569 527 521
2216 4 2 1 1 569 527 521 570
2217 4 2 1 1 521 570 527 528
2218 4 2 1 1 569 527 570 576
2219 4 2 1 1 527 528 570 576
2220 4 2 1 1 570 528 577 576
2221 4 2 1 1 521 570 528 522
2222 4 2 1 1 570 528 522 571
2223 4 2 1 1 522 571 528 529
2224 4 2 1 1 570 528 571 577
2225 4 2 1 1 528 529 571 577
2226 4 2 1 1 571 529 578 577
2227 4 2 1 1 522 571 529 523
2228 4 2 1 1 571 529 523 572
2229 4 2 1 1 523 572 529 530
2230 4 2 1 1 571 529 572 578
2231 4 2 1 1 529 530 572 578
2232 4 2 1 1 572 530 579 578
2233 4 2 1 1 523 572 530 524
2234 4 2 1 1 572 530 524 573
2235 4 2 1 1 524 573 530 531
2236 4 2 1 1 572 530 573 579
2237 4 2 1 1 530 531 573 579
2238 4 2 1 1 573 531 580 579
2239 4 2 1 1 524 573 531 525
2240 4 2 1 1 573 531 525 574
2241 4 2 1 1 525 574 531 532
2242 4 2 1 1 573 531 574 580
2243 4 2 1 1 531 532 574 580
2244 4 2 1 1 574 532 581 580
2245 4 2 1 1 525 574 532 526
2246 4 2 1 1 574 532 526 575
2247 4 2 1 1 526 575 532 533
2248 4 2 1 1 574 532 575 581
2249 4 2 1 1 532 533 575 581
2250 4 2 1 1 575 533 582 581
2251 4 2 1 1 526 575 533 161
2252 4 2 1 1 575 533 161 168
2253 4 2 1 1 161 168 533 162
2254 4 2 1 1 575 533 168 582
2255 4 2 1 1 533 162 168 582
2256 4 2 1 1 168 162 169 582
2257 4 2 1 1 113 120 27 527
2258 4 2 1 1 120 27 527 576
2259 4 2 1 1 527 576 27 317
2260 4 2 1 1 120 27 576 26
2261 4 2 1 1 27 317 576 26
2262 4 2 1 1 576 317 310 26
2263 4 2 1 1 527 576 317 528
2264 4 2 1 1 576 317 528 577
2265 4 2 1 1 528 577 317 318
2266 4 2 1 1 576 317 577 310
2267 4 2 1 1 317 318 577 310
2268 4 2 1 1 577 318 311 310
2269 4 2 1 1 528 577 318 529
2270 4 2 1 1 577 318 529 578
2271 4 2 1 1 529 578 318 319
2272 4 2 1 1 577 318 578 311
2273 4 2 1 1 318 319 578 311
2274 4 2 1 1 578 319 312 311
2275 4 2 1 1 529 578 319 530
2276 4 2 1 1 578 319 530 579
2277 4 2 1 1 530 579 319 320
2278 4 2 1 1 578 319 579 312
2279 4 2 1 1 319 320 579 312
2280 4 2 1 1 579 320 313 312
2281 4 2 1 1 530 579 320 531
2282 4 2 1 1 579 320 531 580
2283 4 2 1 1 531 580 320 321
2284 4 2 1 1 579 320 580 313
2285 4 2 1 1 320 321 580 313
2286 4 2 1 1 580 321 314 313
2287 4 2 1 1 531 580 321 532
2288 4 2 1 1 580 321 532 581
2289 4 2 1 1 532 581 321 322
2290 4 2 1 1 580 321 581 314
2291 4 2 1 1 321 322 581 314
2292 4 2 1 1 581 322 315 314
2293 4 2 1 1 532 581 322 533
2294 4 2 1 1 581 322 533 582
2295 4 2 1 1 533 582 322 323
2296 4 2 1 1 581 322 582 315
2297 4 2 1 1 322 323 582 315
2298 4 2 1 1 582 323 316 315
2299 4 2 1 1 533 582 323 162
2300 4 2 1 1 582 323 162 169
2301 4 2 1 1 162 169 323 55
2302 4 2 1 1 582 323 169 316
2303 4 2 1 1 323 55 169 316
2304 4 2 1 1 169 55 54 316
2305 4 2 1 1 12 13 114 212
2306 4 2 1 1 13 114 212 219
2307 4 2 1 1 212 219 114 534
2308 4 2 1 1 13 114 219 121
2309 4 2 1 1 114 534 219 121
2310 4 2 1 1 219 534 583 121
2311 4 2 1 1 212 219 534 213
2312 4 2 1 1 219 534 213 220
2313 4 2 1 1 213 220 534 535
2314 4 2 1 1 219 534 220 583
2315 4 2 1 1 534 535 220 583
2316 4 2 1 1 220 535 584 583
2317 4 2 1 1 213 220 535 214
2318 4 2 1 1 220 535 214 221
2319 4 2 1 1 214 221 535 536
2320 4 2 1 1 220 535 221 584
2321 4 2 1 1 535 536 221 584
2322 4 2 1 1 221 536 585 584
2323 4 2 1 1 214 221 536 215
2324 4 2 1 1 221 536 215 222
2325 4 2 1 1 215 222 536 537
2326 4 2 1 1 221 536 222 585
2327 4 2 1 1 536 537 222 585
2328 4 2 1 1 222 537 586 585
2329 4 2 1 1 215 222 537 216
2330 4 2 1 1 222 537 216 223
2331 4 2 1 1 216 223 537 538
2332 4 2 1 1 222 537 223 586
2333 4 2 1 1 537 538 223 586
2334 4 2 1 1 223 538 587 586
2335 4 2 1 1 216 223 538 217
2336 4 2 1 1 223 538 217 224
2337 4 2 1 1 217 224 538 539
2338 4 2 1 1 223 538 224 587
2339 4 2 1 1 538 539 224 587
2340 4 2 1 1 224 539 588 587
2341 4 2 1 1 217 224 539 218
2342 4 2 1 1 224 539 218 225
2343 4 2 1 1 218 225 539 540
2344 4 2 1 1 224 539 225 588
2345 4 2 1 1 539 540 225 588
2346 4 2 1 1 225 540 589 588
2347 4 2 1 1 218 225 540 40
2348 4 2 1 1 225 540 40 41
2349 4 2 1 1 40 41 540 163
2350 4 2 1 1 225 540 41 589
2351 4 2 1 1 540 163 41 589
2352 4 2 1 1 41 163 170 589
2353 4 2 1 1 114 121 115 534
2354 4 2 1 1 121 115 534 583
2355 4 2 1 1 534 583 115 541
2356 4 2 1 1 121 115 583 122
2357 4 2 1 1 115 541 583 122
2358 4 2 1 1 583 541 590 122
2359 4 2 1 1 534 583 541 535
2360 4 2 1 1 583 541 535 584
2361 4 2 1 1 535 584 541 542
2362 4 2 1 1 583 541 584 590
2363 4 2 1 1 541 542 584 590
2364 4 2 1 1 584 542 591 590
2365 4 2 1 1 535 584 542 536
2366 4 2 1 1 584 542 536 585
2367 4 2 1 1 536 585 542 543
2368 4 2 1 1 584 542 585 591
2369 4 2 1 1 542 543 585 591
2370 4 2 1 1 585 543 592 591
2371 4 2 1 1 536 585 543 537
2372 4 2 1 1 585 543 537 586
2373 4 2 1 1 537 586 543 544
2374 4 2 1 1 585 543 586 592
2375 4 2 1 1 543 544 586 592
2376 4 2 1 1 586 544 593 592
2377 4 2 1 1 537 586 544 538
2378 4 2 1 1 586 544 538 587
2379 4 2 1 1 538 587 544 545
2380 4 2 1 1 586 544 587 593
2381 4 2 1 1 544 545 587 593
2382 4 2 1 1 587 545 594 593
2383 4 2 1 1 538 587 545 539
2384 4 2 1 1 587 545 539 588
2385 4 2 1 1 539 588 545 546
2386 4 2 1 1 587 545 588 594
2387 4 2 1 1 545 546 588 594
2388 4 2 1 1 588 546 595 594
2389 4 2 1 1 539 588 546 540
2390 4 2 1 1 588 546 540 589
2391 4 2 1 1 540 589 546 547
2392 4 2 1 1 588 546 589 595
2393 4 2 1 1 546 547 589 595
2394 4 2 1 1 589 547 596 595
2395 4 2 1 1 540 589 547 163
2396 4 2 1 1 589 547 163 170
2397 4 2 1 1 163 170 547 164
2398 4 2 1 1 589 547 170 596
2399 4 2 1 1 547 164 170 596
2400 4 2 1 1 170 164 171 596
2401 4 2 1 1 115 122 116 541
2402 4 2 1 1 122 116 541 590
2403 4 2 1 1 541 590 116 548
2404 4 2 1 1 122 116 590 123
2405 4 2 1 1 116 548 590 123
2406 4 2 1 1 590 548 597 123
2407 4 2 1 1 541 590 548 542
2408 4 2 1 1 590 548 542 591
2409 4 2 1 1 542 591 548 549
2410 4 2 1 1 590 548 591 597
2411 4 2 1 1 548 549 591 597
2412 4 2 1 1 591 549 598 597
2413 4 2 1 1 542 591 549 543
2414 4 2 1 1 591 549 543 592
2415 4 2 1 1 543 592 549 550
2416 4 2 1 1 591 549 592 598
2417 4 2 1 1 549 550 592 598
2418 4 2 1 1 592 550 599 598
2419 4 2 1 1 543 592 550 544
2420 4 2 1 1 592 550 544 593
2421 4 2 1 1 544 593 550 551
2422 4 2 1 1 592 550 593 599
2423 4 2 1 1 550 551 593 599
2424 4 2 1 1 593 551 600 599
2425 4 2 1 1 544 593 551 545
2426 4 2 1 1 593 551 545 594
2427 4 2 1 1 545 594 551 552
2428 4 2 1 1 593 551 594 600
2429 4 2 1 1 551 552 594 600
2430 4 2 1 1 594 552 601 600
2431 4 2 1 1 545 594 552 546
2432 4 2 1 1 594 552 546 595
2433 4 2 1 1 546 595 552 553
2434 4 2 1 1 594 552 595 601
2435 4 2 1 1 552 553 595 601
2436 4 2 1 1 595 553 602 601
2437 4 2 1 1 546 595 553 547
2438 4 2 1 1 595 553 547 596
2439 4 2 1 1 547 596 553 554
2440 4 2 1 1 595 553 596 602
2441 4 2 1 1 553 554 596 602
2442 4 2 1 1 596 554 603 602
2443 4 2 1 1 547 596 554 164
2444 4 2 1 1 596 554 164 171
2445 4 2 1 1 164 171 554 165
2446 4 2 1 1 596 554 171 603
2447 4 2 1 1 554 165 171 603
2448 4 2 1 1 171 165 172 603
2449 4 2 1 1 116 123 117 548
2450 4 2 1 1 123 117 548 597
2451 4 2 1 1 548 597 117 555
2452 4 2 1 1 123 117 597 124
2453 4 2 1 1 117 555 597 124
2454 4 2 1 1 597 555 604 124
2455 4 2 1 1 548 597 555 549
2456 4 2 1 1 597 555 549 598
2457 4 2 1 1 549 598 555 556
2458 4 2 1 1 597 555 598 604
2459 4 2 1 1 555 556 598 604
2460 4 2 1 1 598 556 605 604
2461 4 2 1 1 549 598 556 550
2462 4 2 1 1 598 556 550 599
2463 4 2 1 1 550 599 556 557
2464 4 2 1 1 598 556 599 605
2465 4 2 1 1 556 557 599 605
2466 4 2 1 1 599 557 606 605
2467 4 2 1 1 550 599 557 551
2468 4 2 1 1 599 557 551 600
2469 4 2 1 1 551 600 557 558
2470 4 2 1 1 599 557 600 606
2471 4 2 1 1 557 558 600 606
2472 4 2 1 1 600 558 607 606
2473 4 2 1 1 551 600 558 552
2474 4 2 1 1 600 558 552 601
2475 4 2 1 1 552 601 558 559
2476 4 2 1 1 600 558 601 607
2477 4 2 1 1 558 559 601 607
2478 4 2 1 1 601 559 608 607
2479 4 2 1 1 552 601 559 553
2480 4 2 1 1 601 559 553 602
2481 4 2 1 1 553 602 559 560
2482 4 2 1 1 601 559 602 608
2483 4 2 1 1 559 560 602 608
2484 4 2 1 1 602 560 609 608
2485 4 2 1 1 553 602 560 554
2486 4 2 1 1 602 560 554 603
2487 4 2 1 1 554 603 560 561
2488 4 2 1 1 602 560 603 609
2489 4 2 1 1 560 561 603 609
2490 4 2 1 1 603 561 610 609
2491 4 2 1 1 554 603 561 165
2492 4 2 1 1 603 561 165 172
2493 4 2 1 1 165 172 561 166
2494 4 2 1 1 603 561 172 610
2495 4 2 1 1 561 166 172 610
2496 4 2 1 1 172 166 173 610
2497 4 2 1 1 117 124 118 555
2498 4 2 1 1 124 118 555 604
2499 4 2 1 1 555 604 118 562
2500 4 2 1 1 124 118 604 125
2501 4 2 1 1 118 562 604 125
2502 4 2 1 1 604 562 611 125
2503 4 2 1 1 555 604 562 556
2504 4 2 1 1 604 562 556 605
2505 4 2 1 1 556 605 562 563
2506 4 2 1 1 604 562 605 611
2507 4 2 1 1 562 563 605 611
2508 4 2 1 1 605 563 612 611
2509 4 2 1 1 556 605 563 557
2510 4 2 1 1 605 563 557 606
2511 4 2 1 1 557 606 563 564
2512 4 2 1 1 605 563 606 612
2513 4 2 1 1 563 564 606 612
2514 4 2 1 1 606 564 613 612
2515 4 2 1 1 557 606 564 558
2516 4 2 1 1 606 564 558 607
2517 4 2 1 1 558 607 564 565
2518 4 2 1 1 606 564 607 613
2519 4 2 1 1 564 565 607 613
2520 4 2 1 1 607 565 614 613
2521 4 2 1 1 558 607 565 559
2522 4 2 1 1 607 565 559 608
2523 4 2 1 1 559 608 565 566
2524 4 2 1 1 607 565 608 614
2525 4 2 1 1 565 566 608 614
2526 4 2 1 1 608 566 615 614
2527 4 2 1 1 559 608 566 560
2528 4 2 1 1 608 566 560 609
2529 4 2 1 1 560 609 566 567
2530 4 2 1 1 608 566 609 615
2531 4 2 1 1 566 567 609 615
2532 4 2 1 1 609 567 616 615
2533 4 2 1 1 560 609 567 561
2534 4 2 1 1 609 567 561 610
2535 4 2 1 1 561 610 567 568
2536 4 2 1 1 609 567 610 616
2537 4 2 1 1 567 568 610 616
2538 4 2 1 1 610 568 617 616
2539 4 2 1 1 561 610 568 166
2540 4 2 1 1 610 568 166 173
2541 4 2 1 1 166 173 568 167
2542 4 2 1 1 610 568 173 617
2543 4 2 1 1 568 167 173 617
2544 4 2 1 1 173 167 174 617
2545 4 2 1 1 118 125 119 562
2546 4 2 1 1 125 119 562 611
2547 4 2 1 1 562 611 119 569
2548 4 2 1 1 125 119 611 126
2549 4 2 1 1 119 569 611 126
2550 4 2 1 1 611 569 618 126
2551 4 2 1 1 562 611 569 563
2552 4 2 1 1 611 569 563 612
2553 4 2 1 1 563 612 569 570
2554 4 2 1 1 611 569 612 618
2555 4 2 1 1 569 570 612 618
2556 4 2 1 1 612 570 619 618
2557 4 2 1 1 563 612 570 564
2558 4 2 1 1 612 570 564 613
2559 4 2 1 1 564 613 570 571
2560 4 2 1 1 612 570 613 619
2561 4 2 1 1 570 571 613 619
2562 4 2 1 1 613 571 620 619
2563 4 2 1 1 564 613 571 565
2564 4 2 1 1 613 571 565 614
2565 4 2 1 1 565 614 571 572
2566 4 2 1 1 613 571 614 620
2567 4 2 1 1 571 572 614 620
2568 4 2 1 1 614 572 621 620
2569 4 2 1 1 565 614 572 566
2570 4 2 1 1 614 572 566 615
2571 4 2 1 1 566 615 572 573
2572 4 2 1 1 614 572 615 621
2573 4 2 1 1 572 573 615 621
2574 4 2 1 1 615 573 622 621
2575 4 2 1 1 566 615 573 567
2576 4 2 1 1 615 573 567 616
2577 4 2 1 1 567 616 573 574
2578 4 2 1 1 615 573 616 622
2579 4 2 1 1 573 574 616 622
2580 4 2 1 1 616 574 623 622
2581 4 2 1 1 567 616 574 568
2582 4 2 1 1 616 574 568 617
2583 4 2 1 1 568 617 574 575
2584 4 2 1 1 616 574 617 623
2585 4 2 1 1 574 575 617 623
2586 4 2 1 1 617 575 624 623
2587 4 2 1 1 568 617 575 167
2588 4 2 1 1 617 575 167 174
2589 4 2 1 1 167 174 575 168
2590 4 2 1 1 617 575 174 624
2591 4 2 1 1 575 168 174 624
2592 4 2 1 1 174 168 175 624
2593 4 2 1 1 119 126 120 569
2594 4 2 1 1 126 120 569 618
2595 4 2 1 1 569 618 120 576
2596 4 2 1 1 126 120 618 127
2597 4 2 1 1 120 576 618 127
2598 4 2 1 1 618 576 625 127
2599 4 2 1 1 569 618 576 570
2600 4 2 1 1 618 576 570 619
2601 4 2 1 1 570 619 576 577
2602 4 2 1 1 618 576 619 625
2603 4 2 1 1 576 577 619 625
2604 4 2 1 1 619 577 626 625
2605 4 2 1 1 570 619 577 571
2606 4 2 1 1 619 577 571 620
2607 4 2 1 1 571 620 577 578
2608 4 2 1 1 619 577 620 626
2609 4 2 1 1 577 578 620 626
2610 4 2 1 1 620 578 627 626
2611 4 2 1 1 571 620 578 572
2612 4 2 1 1 620 578 572 621
2613 4 2 1 1 572 621 578 579
2614 4 2 1 1 620 578 621 627
2615 4 2 1 1 578 579 621 627
2616 4 2 1 1 621 579 628 627
2617 4 2 1 1 572 621 579 573
2618 4 2 1 1 621 579 573 622
2619 4 2 1 1 573 622 579 580
2620 4 2 1 1 621 579 622 628
2621 4 2 1 1 579 580 622 628
2622 4 2 1 1 622 580 629 628
2623 4 2 1 1 573 622 580 574
2624 4 2 1 1 622 580 574 623
2625 4 2 1 1 574 623 580 581
2626 4 2 1 1 622 580 623 629
2627 4 2 1 1 580 581 623 629
2628 4 2 1 1 623 581 630 629
2629 4 2 1 1 574 623 581 575
2630 4 2 1 1 623 581 575 624
2631 4 2 1 1 575 624 581 582
2632 4 2 1 1 623 581 624 630
2633 4 2 1 1 581 582 624 630
2634 4 2 1 1 624 582 631 630
2635 4 2 1 1 575 624 582 168
2636 4 2 1 1 624 582 168 175
2637 4 2 1 1 168 175 582 169
2638 4 2 1 1 624 582 175 631
2639 4 2 1 1 582 169 175 631
2640 4 2 1 1 175 169 176 631
2641 4 2 1 1 120 127 26 576
2642 4 2 1 1 127 26 576 625
2643 4 2 1 1 576 625 26 310
2644 4 2 1 1 127 26 625 25
2645 4 2 1 1 26 310 625 25
2646 4 2 1 1 625 310 303 25
2647 4 2 1 1 576 625 310 577
2648 4 2 1 1 625 310 577 626
2649 4 2 1 1 577 626 310 311
2650 4 2 1 1 625 310 626 303
2651 4 2 1 1 310 311 626 303
2652 4 2 1 1 626 311 304 303
2653 4 2 1 1 577 626 311 578
2654 4 2 1 1 626 311 578 627
2655 4 2 1 1 578 627 311 312
2656 4 2 1 1 626 311 627 304
2657 4 2 1 1 311 312 627 304
2658 4 2 1 1 627 312 305 304
2659 4 2 1 1 578 627 312 579
2660 4 2 1 1 627 312 579 628
2661 4 2 1 1 579 628 312 313
2662 4 2 1 1 627 312 628 305
2663 4 2 1 1 312 313 628 305
2664 4 2 1 1 628 313 306 305
2665 4 2 1 1 579 628 313 580
2666 4 2 1 1 628 313 580 629
2667 4 2 1 1 580 629 313 314
2668 4 2 1 1 628 313 629 306
2669 4 2 1 1 313 314 629 306
2670 4 2 1 1 629 314 307 306
2671 4 2 1 1 580 629 314 581
2672 4 2 1 1 629 314 581 630
2673 4 2 1 1 581 630 314 315
2674 4 2 1 1 629 314 630 307
2675 4 2 1 1 314 315 630 307
2676 4 2 1 1 630 315 308 307
2677 4 2 1 1 581 630 315 582
2678 4 2 1 1 630 315 582 631
2679 4 2 1 1 582 631 315 316
2680 4 2 1 1 630 315 631 308
2681 4 2 1 1 315 316 631 308
2682 4 2 1 1 631 316 309 308
2683 4 2 1 1 582 631 316 169
2684 4 2 1 1 631 316 169 176
2685 4 2 1 1 169 176 316 54
2686 4 2 1 1 631 316 176 309
2687 4 2 1 1 316 54 176 309
2688 4 2 1 1 176 54 53 309
2689 4 2 1 1 13 14 121 219
2690 4 2 1 1 14 121 219 226
2691 4 2 1 1 219 226 121 583
2692 4 2 1 1 14 121 226 128
2693 4 2 1 1 121 583 226 128
2694 4 2 1 1 226 583 632 128
2695 4 2 1 1 219 226 583 220
2696 4 2 1 1 226 583 220 227
2697 4 2 1 1 220 227 583 584
2698 4 2 1 1 226 583 227 632
2699 4 2 1 1 583 584 227 632
2700 4 2 1 1 227 584 633 632
2701 4 2 1 1 220 227 584 221
2702 4 2 1 1 227 584 221 228
2703 4 2 1 1 221 228 584 585
2704 4 2 1 1 227 584 228 633
2705 4 2 1 1 584 585 228 633
2706 4 2 1 1 228 585 634 633
2707 4 2 1 1 221 228 585 222
2708 4 2 1 1 228 585 222 229
2709 4 2 1 1 222 229 585 586
2710 4 2 1 1 228 585 229 634
2711 4 2 1 1 585 586 229 634
2712 4 2 1 1 229 586 635 634
2713 4 2 1 1 222 229 586 223
2714 4 2 1 1 229 586 223 230
2715 4 2 1 1 223 230 586 587
2716 4 2 1 1 229 586 230 635
2717 4 2 1 1 586 587 230 635
2718 4 2 1 1 230 587 636 635
2719 4 2 1 1 223 230 587 224
2720 4 2 1 1 230 587 224 231
2721 4 2 1 1 224 231 587 588
2722 4 2 1 1 230 587 231 636
2723 4 2 1 1 587 588 231 636
2724 4 2 1 1 231 588 637 636
2725 4 2 1 1 224 231 588 225
2726 4 2 1 1 231 588 225 232
2727 4 2 1 1 225 232 588 589
2728 4 2 1 1 231 588 232 637
2729 4 2 1 1 588 589 232 637
2730 4 2 1 1 232 589 638 637
2731 4 2 1 1 225 232 589 41
2732 4 2 1 1 232 589 41 42
2733 4 2 1 1 41 42 589 170
2734 4 2 1 1 232 589 42 638
2735 4 2 1 1 589 170 42 638
2736 4 2 1 1 42 170 177 638
2737 4 2 1 1 121 128 122 583
2738 4 2 1 1 128 122 583 632
2739 4 2 1 1 583 632 122 590
2740 4 2 1 1 128 122 632 129
2741 4 2 1 1 122 590 632 129
2742 4 2 1 1 632 590 639 129
2743 4 2 1 1 583 632 590 584
2744 4 2 1 1 632 590 584 633
2745 4 2 1 1 584 633 590 591
2746 4 2 1 1 632 590 633 639
2747 4 2 1 1 590 591 633 639
2748 4 2 1 1 633 591 640 639
2749 4 2 1 1 584 633 591 585
2750 4 2 1 1 633 591 585 634
2751 4 2 1 1 585 634 591 592
2752 4 2 1 1 633 591 634 640
2753 4 2 1 1 591 592 634 640
2754 4 2 1 1 634 592 641 640
2755 4 2 1 1 585 634 592 586
2756 4 2 1 1 634 592 586 635
2757 4 2 1 1 586 635 592 593
2758 4 2 1 1 634 592 635 641
2759 4 2 1 1 592 593 635 641
2760 4 2 1 1 635 593 642 641
2761 4 2 1 1 586 635 593 587
2762 4 2 1 1 635 593 587 636
2763 4 2 1 1 587 636 593 594
2764 4 2 1 1 635 593 636 642
2765 4 2 1 1 593 594 636 642
2766 4 2 1 1 636 594 643 642
2767 4 2 1 1 587 636 594 588
2768 4 2 1 1 636 594 588 637
2769 4 2 1 1 588 637 594 595
2770 4 2 1 1 636 594 637 643
2771 4 2 1 1 594 595 637 643
2772 4 2 1 1 637 595 644 643
2773 4 2 1 1 588 637 595 589
2774 4 2 1 1 637 595 589 638
2775 4 2 1 1 589 638 595 596
2776 4 2 1 1 637 595 638 644
2777 4 2 1 1 595 596 638 644
2778 4 2 1 1 638 596 645 644
2779 4 2 1 1 589 638 596 170
2780 4 2 1 1 638 596 170 177
2781 4 2 1 1 170 177 596 171
2782 4 2 1 1 638 596 177 645
2783 4 2 1 1 596 171 177 645
2784 4 2 1 1 177 171 178 645
2785 4 2 1 1 122 129 123 590
2786 4 2 1 1 129 123 590 639
2787 4 2 1 1 590 639 123 597
2788 4 2 1 1 129 123 639 130
2789 4 2 1 1 123 597 639 130
2790 4 2 1 1 639 597 646 130
2791 4 2 1 1 590 639 597 591
2792 4 2 1 1 639 597 591 640
2793 4 2 1 1 591 640 597 598
2794 4 2 1 1 639 597 640 646
2795 4 2 1 1 597 598 640 646
2796 4 2 1 1 640 598 647 646
2797 4 2 1 1 591 640 598 592
2798 4 2 1 1 640 598 592 641
2799 4 2 1 1 592 641 598 599
2800 4 2 1 1 640 598 641 647
2801 4 2 1 1 598 599 641 647
2802 4 2 1 1 641 599 648 647
2803 4 2 1 1 592 641 599 593
2804 4 2 1 1 641 599 593 642
2805 4 2 1 1 593 642 599 600
2806 4 2 1 1 641 599 642 648
2807 4 2 1 1 599 600 642 648
2808 4 2 1 1 642 600 649 648
2809 4 2 1 1 593 642 600 594
2810 4 2 1 1 642 600 594 643
2811 4 2 1 1 594 643 600 601
2812 4 2 1 1 642 600 643 649
2813 4 2 1 1 600 601 643 649
2814 4 2 1 1 643 601 650 649
2815 4 2 1 1 594 643 601 595
2816 4 2 1 1 643 601 595 644
2817 4 2 1 1 595 644 601 602
2818 4 2 1 1 643 601 644 650
2819 4 2 1 1 601 602 644 650
2820 4 2 1 1 644 602 651 650
2821 4 2 1 1 595 644 602 596
2822 4 2 1 1 644 602 596 645
2823 4 2 1 1 596 645 602 603
2824 4 2 1 1 644 602 645 651
2825 4 2 1 1 602 603 645 651
2826 4 2 1 1 645 603 652 651
2827 4 2 1 1 596 645 603 171
2828 4 2 1 1 645 603 171 178
2829 4 2 1 1 171 178 603 172
2830 4 2 1 1 645 603 178 652
2831 4 2 1 1 603 172 178 652
2832 4 2 1 1 178 172 179 652
2833 4 2 1 1 123 130 124 597
2834 4 2 1 1 130 124 597 646
2835 4 2 1 1 597 646 124 604
2836 4 2 1 1 130 124 646 131
2837 4 2 1 1 124 604 646 131
2838 4 2 1 1 646 604 653 131
2839 4 2 1 1 597 646 604 598
2840 4 2 1 1 646 604 598 647
2841 4 2 1 1 598 647 604 605
2842 4 2 1 1 646 604 647 653
2843 4 2 1 1 604 605 647 653
2844 4 2 1 1 647 605 654 653
2845 4 2 1 1 598 647 605 599
2846 4 2 1 1 647 605 599 648
2847 4 2 1 1 599 648 605 606
2848 4 2 1 1 647 605 648 654
2849 4 2 1 1 605 606 648 654
2850 4 2 1 1 648 606 655 654
2851 4 2 1 1 599 648 606 600
2852 4 2 1 1 648 606 600 649
2853 4 2 1 1 600 649 606 607
2854 4 2 1 1 648 606 649 655
2855 4 2 1 1 606 607 649 655
2856 4 2 1 1 649 607 656 655
2857 4 2 1 1 600 649 607 601
2858 4 2 1 1 649 607 601 650
2859 4 2 1 1 601 650 607 608
2860 4 2 1 1 649 607 650 656
2861 4 2 1 1 607 608 650 656
2862 4 2 1 1 650 608 657 656
2863 4 2 1 1 601 650 608 602
2864 4 2 1 1 650 608 602 651
2865 4 2 1 1 602 651 608 609
2866 4 2 1 1 650 608 651 657
2867 4 2 1 1 608 609 651 657
2868 4 2 1 1 651 609 658 657
2869 4 2 1 1 602 651 609 603
2870 4 2 1 1 651 609 603 652
2871 4 2 1 1 603 652 609 610
2872 4 2 1 1 651 609 652 658
2873 4 2 1 1 609 610 652 658
2874 4 2 1 1 652 610 659 658
2875 4 2 1 1 603 652 610 172
2876 4 2 1 1 652 610 172 179
2877 4 2 1 1 172 179 610 173
2878 4 2 1 1 652 610 179 659
2879 4 2 1 1 610 173 179 659
2880 4 2 1 1 179 173 180 659
2881 4 2 1 1 124 131 125 604
2882 4 2 1 1 131 125 604 653
2883 4 2 1 1 604 653 125 611
2884 4 2 1 1 131 125 653 132
2885 4 2 1 1 125 611 653 132
2886 4 2 1 1 653 611 660 132
2887 4 2 1 1 604 653 611 605
2888 4 2 1 1 653 611 605 654
2889 4 2 1 1 605 654 611 612
2890 4 2 1 1 653 611 654 660
2891 4 2 1 1 611 612 654 660
2892 4 2 1 1 654 612 661 660
2893 4 2 1 1 605 654 612 606
2894 4 2 1 1 654 612 606 655
2895 4 2 1 1 606 655 612 613
2896 4 2 1 1 654 612 655 661
2897 4 2 1 1 612 613 655 661
2898 4 2 1 1 655 613 662 661
2899 4 2 1 1 606 655 613 607
2900 4 2 1 1 655 613 607 656
2901 4 2 1 1 607 656 613 614
2902 4 2 1 1 655 613 656 662
2903 4 2 1 1 613 614 656 662
2904 4 2 1 1 656 614 663 662
2905 4 2 1 1 607 656 614 608
2906 4 2 1 1 656 614 608 657
2907 4 2 1 1 608 657 614 615
2908 4 2 1 1 656 614 657 663
2909 4 2 1 1 614 615 657 663
2910 4 2 1 1 657 615 664 663
2911 4 2 1 1 608 657 615 609
2912 4 2 1 1 657 615 609 658
2913 4 2 1 1 609 658 615 616
2914 4 2 1 1 657 615 658 664
2915 4 2 1 1 615 616 658 664
2916 4 2 1 1 658 616 665 664
2917 4 2 1 1 609 658 616 610
2918 4 2 1 1 658 616 610 659
2919 4 2 1 1 610 659 616 617
2920 4 2 1 1 658 616 659 665
2921 4 2 1 1 616 617 659 665
2922 4 2 1 1 659 617 666 665
2923 4 2 1 1 610 659 617 173
2924 4 2 1 1 659 617 173 180
2925 4 2 1 1 173 180 617 174
2926 4 2 1 1 659 617 180 666
2927 4 2 1 1 617 174 180 666
2928 4 2 1 1 180 174 181 666
2929 4 2 1 1 125 132 126 611
2930 4 2 1 1 132 126 611 660
2931 4 2 1 1 611 660 126 618
2932 4 2 1 1 132 126 660 133
2933 4 2 1 1 126 618 660 133
2934 4 2 1 1 660 618 667 133
2935 4 2 1 1 611 660 618 612
2936 4 2 1 1 660 618 612 661
2937 4 2 1 1 612 661 618 619
2938 4 2 1 1 660 618 661 667
2939 4 2 1 1 618 619 661 667
2940 4 2 1 1 661 619 668 667
2941 4 2 1 1 612 661 619 613
2942 4 2 1 1 661 619 613 662
2943 4 2 1 1 613 662 619 620
2944 4 2 1 1 661 619 662 668
2945 4 2 1 1 619 620 662 668
2946 4 2 1 1 662 620 669 668
2947 4 2 1 1 613 662 620 614
2948 4 2 1 1 662 620 614 663
2949 4 2 1 1 614 663 620 621
2950 4 2 1 1 662 620 663 669
2951 4 2 1 1 620 621 663 669
2952 4 2 1 1 663 621 670 669
2953 4 2 1 1 614 663 621 615
2954 4 2 1 1 663 621 615 664
2955 4 2 1 1 615 664 621 622
2956 4 2 1 1 663 621 664 670
2957 4 2 1 1 621 622 664 670
2958 4 2 1 1 664 622 671 670
2959 4 2 1 1 615 664 622 616
2960 4 2 1 1 664 622 616 665
2961 4 2 1 1 616 665 622 623
2962 4 2 1 1 664 622 665 671
2963 4 2 1 1 622 623 665 671
2964 4 2 1 1 665 623 672 671
2965 4 2 1 1 616 665 623 617
2966 4 2 1 1 665 623 617 666
2967 4 2 1 1 617 666 623 624
2968 4 2 1 1 665 623 666 672
2969 4 2 1 1 623 624 666 672
2970 4 2 1 1 666 624 673 672
2971 4 2 1 1 617 666 624 174
2972 4 2 1 1 666 624 174 181
2973 4 2 1 1 174 181 624 175
2974 4 2 1 1 666 624 181 673
2975 4 2 1 1 624 175 181 673
2976 4 2 1 1 181 175 182 673
2977 4 2 1 1 126 133 127 618
2978 4 2 1 1 133 127 618 667
2979 4 2 1 1 618 667 127 625
2980 4 2 1 1 133 127 667 134
2981 4 2 1 1 127 625 667 134
2982 4 2 1 1 667 625 674 134
2983 4 2 1 1 618 667 625 619
2984 4 2 1 1 667 625 619 668
2985 4 2 1 1 619 668 625 626
2986 4 2 1 1 667 625 668 674
2987 4 2 1 1 625 626 668 674
2988 4 2 1 1 668 626 675 674
2989 4 2 1 1 619 668 626 620
2990 4 2 1 1 668 626 620 669
2991 4 2 1 1 620 669 626 627
2992 4 2 1 1 668 626 669 675
2993 4 2 1 1 626 627 669 675
2994 4 2 1 1 669 627 676 675
2995 4 2 1 1 620 669 627 621
2996 4 2 1 1 669 627 621 670
2997 4 2 1 1 621 670 627 628
2998 4 2 1 1 669 627 670 676
2999 4 2 1 1 627 628 670 676
3000 4 2 1 1 670 628 677 676
3001 4 2 1 1 621 670 628 622
3002 4 2 1 1 670 628 622 671
3003 4 2 1 1 622 671 628 629
3004 4 2 1 1 670 628 671 677
3005 4 2 1 1 628 629 671 677
3006 4 2 1 1 671 629 678 677
3007 4 2 1 1 622 671 629 623
3008 4 2 1 1 671 629 623 672
3009 4 2 1 1 623 672 629 630
3010 4 2 1 1 671 629 672 678
3011 4 2 1 1 629 630 672 678
3012 4 2 1 1 672 630 679 678
3013 4 2 1 1 623 672 630 624
3014 4 2 1 1 672 630 624 673
3015 4 2 1 1 624 673 630 631
3016 4 2 1 1 672 630 673 679
3017 4 2 1 1 630 631 673 679
3018 4 2 1 1 673 631 680 679
3019 4 2 1 1 624 673 631 175
3020 4 2 1 1 673 631 175 182
3021 4 2 1 1 175 182 631 176
3022 4 2 1 1 673 631 182 680
3023 4 2 1 1 631 176 182 680
3024 4 2 1 1 182 176 183 680
3025 4 2 1 1 127 134 25 625
3026 4 2 1 1 134 25 625 674
3027 4 2 1 1 625 674 25 303
3028 4 2 1 1 134 25 674 24
3029 4 2 1 1 25 303 674 24
3030 4 2 1 1 674 303 296 24
3031 4 2 1 1 625 674 303 626
3032 4 2 1 1 674 303 626 675
3033 4 2 1 1 626 675 303 304
3034 4 2 1 1 674 303 675 296
3035 4 2 1 1 303 304 675 296
3036 4 2 1 1 675 304 297 296
3037 4 2 1 1 626 675 304 627
3038 4 2 1 1 675 304 627 676
3039 4 2 1 1 627 676 304 305
3040 4 2 1 1 675 304 676 297
3041 4 2 1 1 304 305 676 297
3042 4 2 1 1 676 305 298 297
3043 4 2 1 1 627 676 305 628
3044 4 2 1 1 676 305 628 677
3045 4 2 1 1 628 677 305 306
3046 4 2 1 1 676 305 677 298
3047 4 2 1 1 305 306 677 298
3048 4 2 1 1 677 306 299 298
3049 4 2 1 1 628 677 306 629
3050 4 2 1 1 677 306 629 678
3051 4 2 1 1 629 678 306 307
3052 4 2 1 1 677 306 678 299
3053 4 2 1 1 306 307 678 299
3054 4 2 1 1 678 307 300 299
3055 4 2 1 1 629 678 307 630
3056 4 2 1 1 678 307 630 679
3057 4 2 1 1 630 679 307 308
3058 4 2 1 1 678 307 679 300
3059 4 2 1 1 307 308 679 300
3060 4 2 1 1 679 308 301 300
3061 4 2 1 1 630 679 308 631
3062 4 2 1 1 679 308 631 680
3063 4 2 1 1 631 680 308 309
3064 4 2 1 1 679 308 680 301
3065 4 2 1 1 308 309 680 301
3066 4 2 1 1 680 309 302 301
3067 4 2 1 1 631 680 309 176
3068 4 2 1 1 680 309 176 183
3069 4 2 1 1 176 183 309 53
3070 4 2 1 1 680 309 183 302
3071 4 2 1 1 309 53 183 302
3072 4 2 1 1 183 53 52 302
3073 4 2 1 1 14 15 128 226
3074 4 2 1 1 15 128 226 233
3075 4 2 1 1 226 233 128 632
3076 4 2 1 1 15 128 233 135
3077 4 2 1 1 128 632 233 135
3078 4 2 1 1 233 632 681 135
3079 4 2 1 1 226 233 632 227
3080 4 2 1 1 233 632 227 234
3081 4 2 1 1 227 234 632 633
3082 4 2 1 1 233 632 234 681
3083 4 2 1 1 632 633 234 681
3084 4 2 1 1 234 633 682 681
3085 4 2 1 1 227 234 633 228
3086 4 2 1 1 234 633 228 235
3087 4 2 1 1 228 235 633 634
3088 4 2 1 1 234 633 235 682
3089 4 2 1 1 633 634 235 682
3090 4 2 1 1 235 634 683 682
3091 4 2 1 1 228 235 634 229
3092 4 2 1 1 235 634 229 236
3093 4 2 1 1 229 236 634 635
3094 4 2 1 1 235 634 236 683
3095 4 2 1 1 634 635 236 683
3096 4 2 1 1 236 635 684 683
3097 4 2 1 1 229 236 635 230
3098 4 2 1 1 236 635 230 237
3099 4 2 1 1 230 237 635 636
3100 4 2 1 1 236 635 237 684
3101 4 2 1 1 635 636 237 684
3102 4 2 1 1 237 636 685 684
3103 4 2 1 1 230 237 636 231
3104 4 2 1 1 237 636 231 238
3105 4 2 1 1 231 238 636 637
3106 4 2 1 1 237 636 238 685
3107 4 2 1 1 636 637 238 685
3108 4 2 1 1 238 637 686 685
3109 4 2 1 1 231 238 637 232
3110 4 2 1 1 238 637 232 239
3111 4 2 1 1 232 239 637 638
3112 4 2 1 1 238 637 239 686
3113 4 2 1 1 637 638 239 686
3114 4 2 1 1 239 638 687 686
3115 4 2 1 1 232 239 638 42
3116 4 2 1 1 239 638 42 43
3117 4 2 1 1 42 43 638 177
3118 4 2 1 1 239 638 43 687
3119 4 2 1 1 638 177 43 687
3120 4 2 1 1 43 177 184 687
3121 4 2 1 1 128 135 129 632
3122 4 2 1 1 135 129 632 681
3123 4 2 1 1 632 681 129 639
3124 4 2 1 1 135 129 681 136
3125 4 2 1 1 129 639 681 136
3126 4 2 1 1 681 639 688 136
3127 4 2 1 1 632 681 639 633
3128 4 2 1 1 681 639 633 682
3129 4 2 1 1 633 682 639 640
3130 4 2 1 1 681 639 682 688
3131 4 2 1 1 639 640 682 688
3132 4 2 1 1 682 640 689 688
3133 4 2 1 1 633 682 640 634
3134 4 2 1 1 682 640 634 683
3135 4 2 1 1 634 683 640 641
3136 4 2 1 1 682 640 683 689
3137 4 2 1 1 640 641 683 689
3138 4 2 1 1 683 641 690 689
3139 4 2 1 1 634 683 641 635
3140 4 2 1 1 683 641 635 684
3141 4 2 1 1 635 684 641 642
3142 4 2 1 1 683 641 684 690
3143 4 2 1 1 641 642 684 690
3144 4 2 1 1 684 642 691 690
3145 4 2 1 1 635 684 642 636
3146 4 2 1 1 684 642 636 685
3147 4 2 1 1 636 685 642 643
3148 4 2 1 1 684 642 685 691
3149 4 2 1 1 642 643 685 691
3150 4 2 1 1 685 643 692 691
3151 4 2 1 1 636 685 643 637
3152 4 2 1 1 685 643 637 686
3153 4 2 1 1 637 686 643 644
3154 4 2 1 1 685 643 686 692
3155 4 2 1 1 643 644 686 692
3156 4 2 1 1 686 644 693 692
3157 4 2 1 1 637 686 644 638
3158 4 2 1 1 686 644 638 687
3159 4 2 1 1 638 687 644 645
3160 4 2 1 1 686 644 687 693
3161 4 2 1 1 644 645 687 693
3162 4 2 1 1 687 645 694 693
3163 4 2 1 1 638 687 645 177
3164 4 2 1 1 687 645 177 184
3165 4 2 1 1 177 184 645 178
3166 4 2 1 1 687 645 184 694
3167 4 2 1 1 645 178 184 694
3168 4 2 1 1 184 178 185 694
3169 4 2 1 1 129 136 130 639
3170 4 2 1 1 136 130 639 688
3171 4 2 1 1 639 688 130 646
3172 4 2 1 1 136 130 688 137
3173 4 2 1 1 130 646 688 137
3174 4 2 1 1 688 646 695 137
3175 4 2 1 1 639 688 646 640
3176 4 2 1 1 688 646 640 689
3177 4 2 1 1 640 689 646 647
3178 4 2 1 1 688 646 689 695
3179 4 2 1 1 646 647 689 695
3180 4 2 1 1 689 647 696 695
3181 4 2 1 1 640 689 647 641
3182 4 2 1 1 689 647 641 690
3183 4 2 1 1 641 690 647 648
3184 4 2 1 1 689 647 690 696
3185 4 2 1 1 647 648 690 696
3186 4 2 1 1 690 648 697 696
3187 4 2 1 1 641 690 648 642
3188 4 2 1 1 690 648 642 691
3189 4 2 1 1 642 691 648 649
3190 4 2 1 1 690 648 691 697
3191 4 2 1 1 648 649 691 697
3192 4 2 1 1 691 649 698 697
3193 4 2 1 1 642 691 649 643
3194 4 2 1 1 691 649 643 692
3195 4 2 1 1 643 692 649 650
3196 4 2 1 1 691 649 692 698
3197 4 2 1 1 649 650 692 698
3198 4 2 1 1 692 650 699 698
3199 4 2 1 1 643 692 650 644
3200 4 2 1 1 692 650 644 693
3201 4 2 1 1 644 693 650 651
3202 4 2 1 1 692 650 693 699
3203 4 2 1 1 650 651 693 699
3204 4 2 1 1 693 651 700 699
3205 4 2 1 1 644 693 651 645
3206 4 2 1 1 693 651 645 694
3207 4 2 1 1 645 694 651 652
3208 4 2 1 1 693 651 694 700
3209 4 2 1 1 651 652 694 700
3210 4 2 1 1 694 652 701 700
3211 4 2 1 1 645 694 652 178
3212 4 2 1 1 694 652 178 185
3213 4 2 1 1 178 185 652 179
3214 4 2 1 1 694 652 185 701
3215 4 2 1 1 652 179 185 701
3216 4 2 1 1 185 179 186 701
3217 4 2 1 1 130 137 131 646
3218 4 2 1 1 137 131 646 695
3219 4 2 1 1 646 695 131 653
3220 4 2 1 1 137 131 695 138
3221 4 2 1 1 131 653 695 138
3222 4 2 1 1 695 653 702 138
3223 4 2 1 1 646 695 653 647
3224 4 2 1 1 695 653 647 696
3225 4 2 1 1 647 696 653 654
3226 4 2 1 1 695 653 696 702
3227 4 2 1 1 653 654 696 702
3228 4 2 1 1 696 654 703 702
3229 4 2 1 1 647 696 654 648
3230 4 2 1 1 696 654 648 697
3231 4 2 1 1 648 697 654 655
3232 4 2 1 1 696 654 697 703
3233 4 2 1 1 654 655 697 703
3234 4 2 1 1 697 655 704 703
3235 4 2 1 1 648 697 655 649
3236 4 2 1 1 697 655 649 698
3237 4 2 1 1 649 698 655 656
3238 4 2 1 1 697 655 698 704
3239 4 2 1 1 655 656 698 704
3240 4 2 1 1 698 656 705 704
3241 4 2 1 1 649 698 656 650
3242 4 2 1 1 698 656 650 699
3243 4 2 1 1 650 699 656 657
3244 4 2 1 1 698 656 699 705
3245 4 2 1 1 656 657 699 705
3246 4 2 1 1 699 657 706 705
3247 4 2 1 1 650 699 657 651
3248 4 2 1 1 699 657 651 700
3249 4 2 1 1 651 700 657 658
3250 4 2 1 1 699 657 700 706
3251 4 2 1 1 657 658 700 706
3252 4 2 1 1 700 658 707 706
3253 4 2 1 1 651 700 658 652
3254 4 2 1 1 700 658 652 701
3255 4 2 1 1 652 701 658 659
3256 4 2 1 1 700 658 701 707
3257 4 2 1 1 658 659 701 707
3258 4 2 1 1 701 659 708 707
3259 4 2 1 1 652 701 659 179
3260 4 2 1 1 701 659 179 186
3261 4 2 1 1 179 186 659 180
3262 4 2 1 1 701 659 186 708
3263 4 2 1 1 659 180 186 708
3264 4 2 1 1 186 180 187 708
3265 4 2 1 1 131 138 132 653
3266 4 2 1 1 138 132 653 702
3267 4 2 1 1 653 702 132 660
3268 4 2 1 1 138 132 702 139
3269 4 2 1 1 132 660 702 139
3270 4 2 1 1 702 660 709 139
3271 4 2 1 1 653 702 660 654
3272 4 2 1 1 702 660 654 703
3273 4 2 1 1 654 703 660 661
3274 4 2 1 1 702 660 703 709
3275 4 2 1 1 660 661 703 709
3276 4 2 1 1 703 661 710 709
3277 4 2 1 1 654 703 661 655
3278 4 2 1 1 703 661 655 704
3279 4 2 1 1 655 704 661 662
3280 4 2 1 1 703 661 704 710
3281 4 2 1 1 661 662 704 710
3282 4 2 1 1 704 662 711 710
3283 4 2 1 1 655 704 662 656
3284 4 2 1 1 704 662 656 705
3285 4 2 1 1 656 705 662 663
3286 4 2 1 1 704 662 705 711
3287 4 2 1 1 662 663 705 711
3288 4 2 1 1 705 663 712 711
3289 4 2 1 1 656 705 663 657
3290 4 2 1 1 705 663 657 706
3291 4 2 1 1 657 706 663 664
3292 4 2 1 1 705 663 706 712
3293 4 2 1 1 663 664 706 712
3294 4 2 1 1 706 664 713 712
3295 4 2 1 1 657 706 664 658
3296 4 2 1 1 706 664 658 707
3297 4 2 1 1 658 707 664 665
3298 4 2 1 1 706 664 707 713
3299 4 2 1 1 664 665 707 713
3300 4 2 1 1 707 665 714 713
3301 4 2 1 1 658 707 665 659
3302 4 2 1 1 707 665 659 708
3303 4 2 1 1 659 708 665 666
3304 4 2 1 1 707 665 708 714
3305 4 2 1 1 665 666 708 714
3306 4 2 1 1 708 666 715 714
3307 4 2 1 1 659 708 666 180
3308 4 2 1 1 708 666 180 187
3309 4 2 1 1 180 187 666 181
3310 4 2 1 1 708 666 187 715
3311 4 2 1 1 666 181 187 715
3312 4 2 1 1 187 181 188 715
3313 4 2 1 1 132 139 133 660
3314 4 2 1 1 139 133 660 709
3315 4 2 1 1 660 709 133 667
3316 4 2 1 1 139 133 709 140
3317 4 2 1 1 133 667 709 140
3318 4 2 1 1 709 667 716 140
3319 4 2 1 1 660 709 667 661
3320 4 2 1 1 709 667 661 710
3321 4 2 1 1 661 710 667 668
3322 4 2 1 1 709 667 710 716
3323 4 2 1 1 667 668 710 716
3324 4 2 1 1 710 668 717 716
3325 4 2 1 1 661 710 668 662
3326 4 2 1 1 710 668 662 711
3327 4 2 1 1 662 711 668 669
3328 4 2 1 1 710 668 711 717
3329 4 2 1 1 668 669 711 717
3330 4 2 1 1 711 669 718 717
3331 4 2 1 1 662 711 669 663
3332 4 2 1 1 711 669 663 712
3333 4 2 1 1 663 712 669 670
3334 4 2 1 1 711 669 712 718
3335 4 2 1 1 669 670 712 718
3336 4 2 1 1 712 670 719 718
3337 4 2 1 1 663 712 670 664
3338 4 2 1 1 712 670 664 713
3339 4 2 1 1 664 713 670 671
3340 4 2 1 1 712 670 713 719
3341 4 2 1 1 670 671 713 719
3342 4 2 1 1 713 671 720 719
3343 4 2 1 1 664 713 671 665
3344 4 2 1 1 713 671 665 714
3345 4 2 1 1 665 714 671 672
3346 4 2 1 1 713 671 714 720
3347 4 2 1 1 671 672 714 720
3348 4 2 1 1 714 672 721 720
3349 4 2 1 1 665 714 672 666
3350 4 2 1 1 714 672 666 715
3351 4 2 1 1 666 715 672 673
3352 4 2 1 1 714 672 715 721
3353 4 2 1 1 672 673 715 721
3354 4 2 1 1 715 673 722 721
3355 4 2 1 1 666 715 673 181
3356 4 2 1 1 715 673 181 188
3357 4 2 1 1 181 188 673 182
3358 4 2 1 1 715 673 188 722
3359 4 2 1 1 673 182 188 722
3360 4 2 1 1 188 182 189 722
3361 4 2 1 1 133 140 134 667
3362 4 2 1 1 140 134 667 716
3363 4 2 1 1 667 716 134 674
3364 4 2 1 1 140 134 716 141
3365 4 2 1 1 134 674 716 141
3366 4 2 1 1 716 674 723 141
3367 4 2 1 1 667 716 674 668
3368 4 2 1 1 716 674 668 717
3369 4 2 1 1 668 717 674 675
3370 4 2 1 1 716 674 717 723
3371 4 2 1 1 674 675 717 723
3372 4 2 1 1 717 675 724 723
3373 4 2 1 1 668 717 675 669
3374 4 2 1 1 717 675 669 718
3375 4 2 1 1 669 718 675 676
3376 4 2 1 1 717 675 718 724
3377 4 2 1 1 675 676 718 724
3378 4 2 1 1 718 676 725 724
3379 4 2 1 1 669 718 676 670
3380 4 2 1 1 718 676 670 719
3381 4 2 1 1 670 719 676 677
3382 4 2 1 1 718 676 719 725
3383 4 2 1 1 676 677 719 725
3384 4 2 1 1 719 677 726 725
3385 4 2 1 1 670 719 677 671
3386 4 2 1 1 719 677 671 720
3387 4 2 1 1 671 720 677 678
3388 4 2 1 1 719 677 720 726
3389 4 2 1 1 677 678 720 726
3390 4 2 1 1 720 678 727 726
3391 4 2 1 1 671 720 678 672
3392 4 2 1 1 720 678 672 721
3393 4 2 1 1 672 721 678 679
3394 4 2 1 1 720 678 721 727
3395 4 2 1 1 678 679 721 727
3396 4 2 1 1 721 679 728 727
3397 4 2 1 1 672 721 679 673
3398 4 2 1 1 721 679 673 722
3399 4 2 1 1 673 722 679 680
3400 4 2 1 1 721 679 722 728
3401 4 2 1 1 679 680 722 728
3402 4 2 1 1 722 680 729 728
3403 4 2 1 1 673 722 680 182
3404 4 2 1 1 722 680 182 189
3405 4 2 1 1 182 189 680 183
3406 4 2 1 1 722 680 189 729
3407 4 2 1 1 680 183 189 729
3408 4 2 1 1 189 183 190 729
3409 4 2 1 1 134 141 24 674
3410 4 2 1 1 141 24 674 723
3411 4 2 1 1 674 723 24 296
3412 4 2 1 1 141 24 723 23
3413 4 2 1 1 24 296 723 23
3414 4 2 1 1 723 296 289 23
3415 4 2 1 1 674 723 296 675
3416 4 2 1 1 723 296 675 724
3417 4 2 1 1 675 724 296 297
3418 4 2 1 1 723 296 724 289
3419 4 2 1 1 296 297 724 289
3420 4 2 1 1 724 297 290 289
3421 4 2 1 1 675 724 297 676
3422 4 2 1 1 724 297 676 725
3423 4 2 1 1 676 725 297 298
3424 4 2 1 1 724 297 725 290
3425 4 2 1 1 297 298 725 290
3426 4 2 1 1 725 298 291 290
3427 4 2 1 1 676 725 298 677
3428 4 2 1 1 725 298 677 726
3429 4 2 1 1 677 726 298 299
3430 4 2 1 1 725 298 726 291
3431 4 2 1 1 298 299 726 291
3432 4 2 1 1 726 299 292 291
3433 4 2 1 1 677 726 299 678
3434 4 2 1 1 726 299 678 727
3435 4 2 1 1 678 727 299 300
3436 4 2 1 1 726 299 727 292
3437 4 2 1 1 299 300 727 292
3438 4 2 1 1 727 300 293 292
3439 4 2 1 1 678 727 300 679
3440 4 2 1 1 727 300 679 728
3441 4 2 1 1 679 728 300 301
3442 4 2 1 1 727 300 728 293
3443 4 2 1 1 300 301 728 293
3444 4 2 1 1 728 301 294 293
3445 4 2 1 1 679 728 301 680
3446 4 2 1 1 728 301 680 729
3447 4 2 1 1 680 729 301 302
3448 4 2 1 1 728 301 729 294
3449 4 2 1 1 301 302 729 294
3450 4 2 1 1 729 302 295 294
3451 4 2 1 1 680 729 302 183
3452 4 2 1 1 729 302 183 190
3453 4 2 1 1 183 190 302 52
3454 4 2 1 1 729 302 190 295
3455 4 2 1 1 302 52 190 295
3456 4 2 1 1 190 52 51 295
3457 4 2 1 1 15 2 135 233
3458 4 2 1 1 2 135 233 72
3459 4 2 1 1 233 72 135 681
3460 4 2 1 1 2 135 72 16
3461 4 2 1 1 135 681 72 16
3462 4 2 1 1 72 681 240 16
3463 4 2 1 1 233 72 681 234
3464 4 2 1 1 72 681 234 73
3465 4 2 1 1 234 73 681 682
3466 4 2 1 1 72 681 73 240
3467 4 2 1 1 681 682 73 240
3468 4 2 1 1 73 682 241 240
3469 4 2 1 1 234 73 682 235
3470 4 2 1 1 73 682 235 74
3471 4 2 1 1 235 74 682 683
3472 4 2 1 1 73 682 74 241
3473 4 2 1 1 682 683 74 241
3474 4 2 1 1 74 683 242 241
3475 4 2 1 1 235 74 683 236
3476 4 2 1 1 74 683 236 75
3477 4 2 1 1 236 75 683 684
3478 4 2 1 1 74 683 75 242
3479 4 2 1 1 683 684 75 242
3480 4 2 1 1 75 684 243 242
3481 4 2 1 1 236 75 684 237
3482 4 2 1 1 75 684 237 76
3483 4 2 1 1 237 76 684 685
3484 4 2 1 1 75 684 76 243
3485 4 2 1 1 684 685 76 243
3486 4 2 1 1 76 685 244 243
3487 4 2 1 1 237 76 685 238
3488 4 2 1 1 76 685 238 77
3489 4 2 1 1 238 77 685 686
3490 4 2 1 1 76 685 77 244
3491 4 2 1 1 685 686 77 244
3492 4 2 1 1 77 686 245 244
3493 4 2 1 1 238 77 686 239
3494 4 2 1 1 77 686 239 78
3495 4 2 1 1 239 78 686 687
3496 4 2 1 1 77 686 78 245
3497 4 2 1 1 686 687 78 245
3498 4 2 1 1 78 687 246 245
3499 4 2 1 1 239 78 687 43
3500 4 2 1 1 78 687 43 6
3501 4 2 1 1 43 6 687 184
3502 4 2 1 1 78 687 6 246
3503 4 2 1 1 687 184 6 246
3504 4 2 1 1 6 184 44 246
3505 4 2 1 1 135 16 136 681
3506 4 2 1 1 16 136 681 240
3507 4 2 1 1 681 240 136 688
3508 4 2 1 1 16 136 240 17
3509 4 2 1 1 136 688 240 17
3510 4 2 1 1 240 688 247 17
3511 4 2 1 1 681 240 688 682
3512 4 2 1 1 240 688 682 241
3513 4 2 1 1 682 241 688 689
3514 4 2 1 1 240 688 241 247
3515 4 2 1 1 688 689 241 247
3516 4 2 1 1 241 689 248 247
3517 4 2 1 1 682 241 689 683
3518 4 2 1 1 241 689 683 242
3519 4 2 1 1 683 242 689 690
3520 4 2 1 1 241 689 242 248
3521 4 2 1 1 689 690 242 248
3522 4 2 1 1 242 690 249 248
3523 4 2 1 1 683 242 690 684
3524 4 2 1 1 242 690 684 243
3525 4 2 1 1 684 243 690 691
3526 4 2 1 1 242 690 243 249
3527 4 2 1 1 690 691 243 249
3528 4 2 1 1 243 691 250 249
3529 4 2 1 1 684 243 691 685
3530 4 2 1 1 243 691 685 244
3531 4 2 1 1 685 244 691 692
3532 4 2 1 1 243 691 244 250
3533 4 2 1 1 691 692 244 250
3534 4 2 1 1 244 692 251 250
3535 4 2 1 1 685 244 692 686
3536 4 2 1 1 244 692 686 245
3537 4 2 1 1 686 245 692 693
3538 4 2 1 1 244 692 245 251
3539 4 2 1 1 692 693 245 251
3540 4 2 1 1 245 693 252 251
3541 4 2 1 1 686 245 693 687
3542 4 2 1 1 245 693 687 246
3543 4 2 1 1 687 246 693 694
3544 4 2 1 1 245 693 246 252
3545 4 2 1 1 693 694 246 252
3546 4 2 1 1 246 694 253 252
3547 4 2 1 1 687 246 694 184
3548 4 2 1 1 246 694 184 44
3549 4 2 1 1 184 44 694 185
3550 4 2 1 1 246 694 44 253
3551 4 2 1 1 694 185 44 253
3552 4 2 1 1 44 185 45 253
3553 4 2 1 1 136 17 137 688
3554 4 2 1 1 17 137 688 247
3555 4 2 1 1 688 247 137 695
3556 4 2 1 1 17 137 247 18
3557 4 2 1 1 137 695 247 18
3558 4 2 1 1 247 695 254 18
3559 4 2 1 1 688 247 695 689
3560 4 2 1 1 247 695 689 248
3561 4 2 1 1 689 248 695 696
3562 4 2 1 1 247 695 248 254
3563 4 2 1 1 695 696 248 254
3564 4 2 1 1 248 696 255 254
3565 4 2 1 1 689 248 696 690
3566 4 2 1 1 248 696 690 249
3567 4 2 1 1 690 249 696 697
3568 4 2 1 1 248 696 249 255
3569 4 2 1 1 696 697 249 255
3570 4 2 1 1 249 697 256 255
3571 4 2 1 1 690 249 697 691
3572 4 2 1 1 249 697 691 250
3573 4 2 1 1 691 250 697 698
3574 4 2 1 1 249 697 250 256
3575 4 2 1 1 697 698 250 256
3576 4 2 1 1 250 698 257 256
3577 4 2 1 1 691 250 698 692
3578 4 2 1 1 250 698 692 251
3579 4 2 1 1 692 251 698 699
3580 4 2 1 1 250 698 251 257
3581 4 2 1 1 698 699 251 257
3582 4 2 1 1 251 699 258 257
3583 4 2 1 1 692 251 699 693
3584 4 2 1 1 251 699 693 252
3585 4 2 1 1 693 252 699 700
3586 4 2 1 1 251 699 252 258
3587 4 2 1 1 699 700 252 258
3588 4 2 1 1 252 700 259 258
3589 4 2 1 1 693 252 700 694
3590 4 2 1 1 252 700 694 253
3591 4 2 1 1 694 253 700 701
3592 4 2 1 1 252 700 253 259
3593 4 2 1 1 700 701 253 259
3594 4 2 1 1 253 701 260 259
3595 4 2 1 1 694 253 701 185
3596 4 2 1 1 253 701 185 45
3597 4 2 1 1 185 45 701 186
3598 4 2 1 1 253 701 45 260
3599 4 2 1 1 701 186 45 260
3600 4 2 1 1 45 186 46 260
3601 4 2 1 1 137 18 138 695
3602 4 2 1 1 18 138 695 254
3603 4 2 1 1 695 254 138 702
3604 4 2 1 1 18 138 254 19
3605 4 2 1 1 138 702 254 19
3606 4 2 1 1 254 702 261 19
3607 4 2 1 1 695 254 702 696
3608 4 2 1 1 254 702 696 255
3609 4 2 1 1 696 255 702 703
3610 4 2 1 1 254 702 255 261
3611 4 2 1 1 702 703 255 261
3612 4 2 1 1 255 703 262 261
3613 4 2 1 1 696 255 703 697
3614 4 2 1 1 255 703 697 256
3615 4 2 1 1 697 256 703 704
3616 4 2 1 1 255 703 256 262
3617 4 2 1 1 703 704 256 262
3618 4 2 1 1 256 704 263 262
3619 4 2 1 1 697 256 704 698
3620 4 2 1 1 256 704 698 257
3621 4 2 1 1 698 257 704 705
3622 4 2 1 1 256 704 257 263
3623 4 2 1 1 704 705 257 263
3624 4 2 1 1 257 705 264 263
3625 4 2 1 1 698 257 705 699
3626 4 2 1 1 257 705 699 258
3627 4 2 1 1 699 258 705 706
3628 4 2 1 1 257 705 258 264
3629 4 2 1 1 705 706 258 264
3630 4 2 1 1 258 706 265 264
3631 4 2 1 1 699 258 706 700
3632 4 2 1 1 258 706 700 259
3633 4 2 1 1 700 259 706 707
3634 4 2 1 1 258 706 259 265
3635 4 2 1 1 706 707 259 265
3636 4 2 1 1 259 707 266 265
3637 4 2 1 1 700 259 707 701
3638 4 2 1 1 259 707 701 260
3639 4 2 1 1 701 260 707 708
3640 4 2 1 1 259 707 260 266
3641 4 2 1 1 707 708 260 266
3642 4 2 1 1 260 708 267 266
3643 4 2 1 1 701 260 708 186
3644 4 2 1 1 260 708 186 46
3645 4 2 1 1 186 46 708 187
3646 4 2 1 1 260 708 46 267
3647 4 2 1 1 708 187 46 267
3648 4 2 1 1 46 187 47 267
3649 4 2 1 1 138 19 139 702
3650 4 2 1 1 19 139 702 261
3651 4 2 1 1 702 261 139 709
3652 4 2 1 1 19 139 261 20
3653 4 2 1 1 139 709 261 20
3654 4 2 1 1 261 709 268 20
3655 4 2 1 1 702 261 709 703
3656 4 2 1 1 261 709 703 262
3657 4 2 1 1 703 262 709 710
3658 4 2 1 1 261 709 262 268
3659 4 2 1 1 709 710 262 268
3660 4 2 1 1 262 710 269 268
3661 4 2 1 1 703 262 710 704
3662 4 2 1 1 262 710 704 263
3663 4 2 1 1 704 263 710 711
3664 4 2 1 1 262 710 263 269
3665 4 2 1 1 710 711 263 269
3666 4 2 1 1 263 711 270 269
3667 4 2 1 1 704 263 711 705
3668 4 2 1 1 263 711 705 264
3669 4 2 1 1 705 264 711 712
3670 4 2 1 1 263 711 264 270
3671 4 2 1 1 711 712 264 270
3672 4 2 1 1 264 712 271 270
3673 4 2 1 1 705 264 712 706
3674 4 2 1 1 264 712 706 265
3675 4 2 1 1 706 265 712 713
3676 4 2 1 1 264 712 265 271
3677 4 2 1 1 712 713 265 271
3678 4 2 1 1 265 713 272 271
3679 4 2 1 1 706 265 713 707
3680 4 2 1 1 265 713 707 266
3681 4 2 1 1 707 266 713 714
3682 4 2 1 1 265 713 266 272
3683 4 2 1 1 713 714 266 272
3684 4 2 1 1 266 714 273 272
3685 4 2 1 1 707 266 714 708
3686 4 2 1 1 266 714 708 267
3687 4 2 1 1 708 267 714 715
3688 4 2 1 1 266 714 267 273
3689 4 2 1 1 714 715 267 273
3690 4 2 1 1 267 715 274 273
3691 4 2 1 1 708 267 715 187
3692 4 2 1 1 267 715 187 47
3693 4 2 1 1 187 47 715 188
3694 4 2 1 1 267 715 47 274
3695 4 2 1 1 715 188 47 274
3696 4 2 1 1 47 188 48 274
3697 4 2 1 1 139 20 140 709
3698 4 2 1 1 20 140 709 268
3699 4 2 1 1 709 268 140 716
3700 4 2 1 1 20 140 268 21
3701 4 2 1 1 140 716 268 21
3702 4 2 1 1 268 716 275 21
3703 4 2 1 1 709 268 716 710
3704 4 2 1 1 268 716 710 269
3705 4 2 1 1 710 269 716 717
3706 4 2 1 1 268 716 269 275
3707 4 2 1 1 716 717 269 275
3708 4 2 1 1 269 717 276 275
3709 4 2 1 1 710 269 717 711
3710 4 2 1 1 269 717 711 270
3711 4 2 1 1 711 270 717 718
3712 4 2 1 1 269 717 270 276
3713 4 2 1 1 717 718 270 276
3714 4 2 1 1 270 718 277 276
3715 4 2 1 1 711 270 718 712
3716 4 2 1 1 270 718 712 271
3717 4 2 1 1 712 271 718 719
3718 4 2 1 1 270 718 271 277
3719 4 2 1 1 718 719 271 277
3720 4 2 1 1 271 719 278 277
3721 4 2 1 1 712 271 719 713
3722 4 2 1 1 271 719 713 272
3723 4 2 1 1 713 272 719 720
3724 4 2 1 1 271 719 272 278
3725 4 2 1 1 719 720 272 278
3726 4 2 1 1 272 720 279 278
3727 4 2 1 1 713 272 720 714
3728 4 2 1 1 272 720 714 273
3729 4 2 1 1 714 273 720 721
3730 4 2 1 1 272 720 273 279
3731 4 2 1 1 720 721 273 279
3732 4 2 1 1 273 721 280 279
3733 4 2 1 1 714 273 721 715
3734 4 2 1 1 273 721 715 274
3735 4 2 1 1 715 274 721 722
3736 4 2 1 1 273 721 274 280
3737 4 2 1 1 721 722 274 280
3738 4 2 1 1 274 722 281 280
3739 4 2 1 1 715 274 722 188
3740 4 2 1 1 274 722 188 48
3741 4 2 1 1 188 48 722 189
3742 4 2 1 1 274 722 48 281
3743 4 2 1 1 722 189 48 281
3744 4 2 1 1 48 189 49 281
3745 4 2 1 1 140 21 141 716
3746 4 2 1 1 21 141 716 275
3747 4 2 1 1 716 275 141 723
3748 4 2 1 1 21 141 275 22
3749 4 2 1 1 141 723 275 22
3750 4 2 1 1 275 723 282 22
3751 4 2 1 1 716 275 723 717
3752 4 2 1 1 275 723 717 276
3753 4 2 1 1 717 276 723 724
3754 4 2 1 1 275 723 276 282
3755 4 2 1 1 723 724 276 282
3756 4 2 1 1 276 724 283 282
3757 4 2 1 1 717 276 724 718
3758 4 2 1 1 276 724 718 277
3759 4 2 1 1 718 277 724 725
3760 4 2 1 1 276 724 277 283
3761 4 2 1 1 724 725 277 283
3762 4 2 1 1 277 725 284 283
3763 4 2 1 1 718 277 725 719
3764 4 2 1 1 277 725 719 278
3765 4 2 1 1 719 278 725 726
3766 4 2 1 1 277 725 278 284
3767 4 2 1 1 725 726 278 284
3768 4 2 1 1 278 726 285 284
3769 4 2 1 1 719 278 726 720
3770 4 2 1 1 278 726 720 279
3771 4 2 1 1 720 279 726 727
3772 4 2 1 1 278 726 279 285
3773 4 2 1 1 726 727 279 285
3774 4 2 1 1 279 727 286 285
3775 4 2 1 1 720 279 727 721
3776 4 2 1 1 279 727 721 280
3777 4 2 1 1 721 280 727 728
3778 4 2 1 1 279 727 280 286
3779 4 2 1 1 727 728 280 286
3780 4 2 1 1 280 728 287 286
3781 4 2 1 1 721 280 728 722
3782 4 2 1 1 280 728 722 281
3783 4 2 1 1 722 281 728 729
3784 4 2 1 1 280 728 281 287
3785 4 2 1 1 728 729 281 287
3786 4 2 1 1 281 729 288 287
3787 4 2 1 1 722 281 729 189
3788 4 2 1 1 281 729 189 49
3789 4 2 1 1 189 49 729 190
3790 4 2 1 1 281 729 49 288
3791 4 2 1 1 729 190 49 288
3792 4 2 1 1 49 190 50 288
3793 4 2 1 1 141 22 23 723
3794 4 2 1 1 22 23 723 282
3795 4 2 1 1 723 282 23 289
3796 4 2 1 1 22 23 282 3
3797 4 2 1 1 23 289 282 3
3798 4 2 1 1 282 289 79 3
3799 4 2 1 1 723 282 289 724
3800 4 2 1 1 282 289 724 283
3801 4 2 1 1 724 283 289 290
3802 4 2 1 1 282 289 283 79
3803 4 2 1 1 289 290 283 79
3804 4 2 1 1 283 290 80 79
3805 4 2 1 1 724 283 290 725
3806 4 2 1 1 283 290 725 284
3807 4 2 1 1 725 284 290 291
3808 4 2 1 1 283 290 284 80
3809 4 2 1 1 290 291 284 80
3810 4 2 1 1 284 291 81 80
3811 4 2 1 1 725 284 291 726
3812 4 2 1 1 284 291 726 285
3813 4 2 1 1 726 285 291 292
3814 4 2 1 1 284 291 285 81
3815 4 2 1 1 291 292 285 81
3816 4 2 1 1 285 292 82 81
3817 4 2 1 1 726 285 292 727
3818 4 2 1 1 285 292 727 286
3819 4 2 1 1 727 286 292 293
3820 4 2 1 1 285 292 286 82
3821 4 2 1 1 292 293 286 82
3822 4 2 1 1 286 293 83 82
3823 4 2 1 1 727 286 293 728
3824 4 2 1 1 286 293 728 287
3825 4 2 1 1 728 287 293 294
3826 4 2 1 1 286 293 287 83
3827 4 2 1 1 293 294 287 83
3828 4 2 1 1 287 294 84 83
3829 4 2 1 1 728 287 294 729
3830 4 2 1 1 287 294 729 288
3831 4 2 1 1 729 288 294 295
3832 4 2 1 1 287 294 288 84
3833 4 2 1 1 294 295 288 84
3834 4 2 1 1 288 295 85 84
3835 4 2 1 1 729 288 295 190
3836 4 2 1 1 288 295 190 50
3837 4 2 1 1 190 50 295 51
3838 4 2 1 1 288 295 50 85
3839 4 2 1 1 295 51 50 85
3840 4 2 1 1 50 51 7 85
$EndElements
