$MeshFormat
2.2 0 8
$EndMeshFormat
$PhysicalNames
7
2 1 "in"
2 2 "out"
2 3 "bottom"
2 4 "upper"
2 5 "front"
2 6 "back"
3 1 "domain"
$EndPhysicalNames
$Nodes
1149
1 0 0 0
2 1 0 0
3 1 1 0
4 0 1 0
5 0 0 1
6 1 0 1
7 1 1 1
8 0 1 1
9 0.09999999999981467 0 0
10 0.1999999999995579 0 0
11 0.2999999999992664 0 0
12 0.3999999999989749 0 0
13 0.4999999999986943 0 0
14 0.5999999999989468 0 0
15 0.69999999999921 0 0
16 0.7999999999994734 0 0
17 0.8999999999997368 0 0
18 1 0.09999999999981467 0
19 1 0.1999999999995579 0
20 1 0.2999999999992664 0
21 1 0.3999999999989749 0
22 1 0.4999999999986943 0
23 1 0.5999999999989468 0
24 1 0.69999999999921 0
25 1 0.7999999999994734 0
26 1 0.8999999999997368 0
27 0.8999999999995836 1 0
28 0.7999999999999998 1 0
29 0.7000000000006934 1 0
30 0.6000000000013869 1 0
31 0.5000000000020587 1 0
32 0.4000000000016644 1 0
33 0.3000000000012483 1 0
34 0.2000000000008322 1 0
35 0.100000000000416 1 0
36 0 0.8999999999995836 0
37 0 0.7999999999999998 0
38 0 0.7000000000006934 0
39 0 0.6000000000013869 0
40 0 0.5000000000020587 0
41 0 0.4000000000016644 0
42 0 0.3000000000012483 0
43 0 0.2000000000008322 0
44 0 0.100000000000416 0
45 0.09999999999981467 0 1
46 0.1999999999995579 0 1
47 0.2999999999992664 0 1
48 0.3999999999989749 0 1
49 0.4999999999986943 0 1
50 0.5999999999989468 0 1
51 0.69999999999921 0 1
52 0.7999999999994734 0 1
53 0.8999999999997368 0 1
54 1 0.09999999999981467 1
55 1 0.1999999999995579 1
56 1 0.2999999999992664 1
57 1 0.3999999999989749 1
58 1 0.4999999999986943 1
59 1 0.5999999999989468 1
60 1 0.69999999999921 1
61 1 0.7999999999994734 1
62 1 0.8999999999997368 1
63 0.8999999999995836 1 1
64 0.7999999999999998 1 1
65 0.7000000000006934 1 1
66 0.6000000000013869 1 1
67 0.5000000000020587 1 1
68 0.4000000000016644 1 1
69 0.3000000000012483 1 1
70 0.2000000000008322 1 1
71 0.100000000000416 1 1
72 0 0.8999999999995836 1
73 0 0.7999999999999998 1
74 0 0.7000000000006934 1
75 0 0.6000000000013869 1
76 0 0.5000000000020587 1
77 0 0.4000000000016644 1
78 0 0.3000000000012483 1
79 0 0.2000000000008322 1
80 0 0.100000000000416 1
81 0 0 0.09999999999981467
82 0 0 0.1999999999995579
83 0 0 0.2999999999992664
84 0 0 0.3999999999989749
85 0 0 0.4999999999986943
86 0 0 0.5999999999989468
87 0 0 0.69999999999921
88 0 0 0.7999999999994734
89 0 0 0.8999999999997368
90 1 0 0.09999999999981467
91 1 0 0.1999999999995579
92 1 0 0.2999999999992664
93 1 0 0.3999999999989749
94 1 0 0.4999999999986943
95 1 0 0.5999999999989468
96 1 0 0.69999999999921
97 1 0 0.7999999999994734
98 1 0 0.8999999999997368
99 1 1 0.09999999999981467
100 1 1 0.1999999999995579
101 1 1 0.2999999999992664
102 1 1 0.3999999999989749
103 1 1 0.4999999999986943
104 1 1 0.5999999999989468
105 1 1 0.69999999999921
106 1 1 0.7999999999994734
107 1 1 0.8999999999997368
108 0 1 0.09999999999981467
109 0 1 0.1999999999995579
110 0 1 0.2999999999992664
111 0 1 0.3999999999989749
112 0 1 0.4999999999986943
113 0 1 0.5999999999989468
114 0 1 0.69999999999921
115 0 1 0.7999999999994734
116 0 1 0.8999999999997368
117 0.4500000000018615 0.9133974596216763 0
118 0.09236792741065183 0.4605742807381246 0
119 0.5499999999988205 0.08660254037843171 0
120 0.9152217186777626 0.5468402906274979 0
121 0.6500000000008003 0.9133974596219512 0
122 0.08885430207258679 0.6509201999022066 0
123 0.9133974596218086 0.3499999999991206 0
124 0.3475303635242553 0.08190748804974723 0
125 0.9103703875043376 0.758672565470732 0
126 0.250817301762687 0.9138693290130382 0
127 0.7459788032314767 0.07959225689678917 0
128 0.0866025403788042 0.2500000000010402 0
129 0.0905697247447483 0.8408174380938657 0
130 0.8495762630717529 0.9153227954948183 0
131 0.1504237369277891 0.08467720450543256 0
132 0.9170502595852439 0.150593231699023 0
133 0.3501362169619658 0.9134761045201358 0
134 0.4000227028286922 0.8268080267265111 0
135 0.5000037838059685 0.8267971038241898 0
136 0.4500044144404198 0.7401949275428532 0
137 0.5500013663751487 0.7401931677420533 0
138 0.5000009634704362 0.6535903947466354 0
139 0.3996660322685217 0.6539624100660314 0
140 0.4492890262150219 0.5674132367139483 0
141 0.5498816649485163 0.5670583805869818 0
142 0.4998617818618977 0.4804675945786102 0
143 0.5999572411359392 0.480410410952493 0
144 0.3992029949383342 0.4808333042715239 0
145 0.4498441294682413 0.3938707812513984 0
146 0.3508014145113754 0.3944261231392706 0
147 0.6499731510146841 0.5670034207262444 0
148 0.7044542185661737 0.4836609274158974 0
149 0.6507352432846275 0.3943325211712253 0
150 0.2989417123120313 0.4807819782420582 0
151 0.4001075906650122 0.3073017552560429 0
152 0.3000000000029333 0.3071796769753512 0
153 0.4999919533568896 0.3072147840053003 0
154 0.450000000002497 0.2205771365973901 0
155 0.7516124797967327 0.5701303236396059 0
156 0.7002642718023641 0.6541163631790485 0
157 0.75353581093975 0.3987254670893927 0
158 0.7000000000012374 0.3071796769756577 0
159 0.8000000000003887 0.6535898384882726 0
160 0.7471434102059782 0.7386054505286095 0
161 0.5500000000021412 0.2205771365975499 0
162 0.8109810542586333 0.3047536098154711 0
163 0.7487737367126546 0.2215627586077861 0
164 0.3001627035935244 0.8268888562051476 0
165 0.1994089234458853 0.8296981761685946 0
166 0.2499286045088536 0.7410578833522045 0
167 0.1494939110587456 0.7431601482469269 0
168 0.1967429917984385 0.6534863612147317 0
169 0.147506470839524 0.5596891567283326 0
170 0.2461396475416216 0.5647585225755524 0
171 0.2006125504552571 0.4738835212418011 0
172 0.1629581819743509 0.3803886475363472 0
173 0.3488732355465843 0.5672558538991082 0
174 0.6000008583640311 0.8267954148199791 0
175 0.8994183955992582 0.6528983889292932 0
176 0.6499999999991334 0.08660254037864022 0
177 0.9157740970141776 0.4494733817703521 0
178 0.8167956118738322 0.4899817334731325 0
179 0.4498499977837827 0.08393456559302377 0
180 0.5500007736960177 0.9133979063146327 0
181 0.2471893802660855 0.08407329706072977 0
182 0.1856343100128921 0.1794039491425673 0
183 0.9132469817449553 0.250891140252 0
184 0.600020236268652 0.65369235097448 0
185 0.7499293771789073 0.9137183489341745 0
186 0.3492006954957146 0.2288327370242558 0
187 0.5500650581848782 0.3939126281557883 0
188 0.6495716905027346 0.7400329444146918 0
189 0.6994408893754025 0.8265574229272837 0
190 0.6001320424719059 0.3072989805838407 0
191 0.8150407418201517 0.8183024367054094 0
192 0.6500000000016618 0.2205771365975225 0
193 0.3499640762739979 0.7407829625697138 0
194 0.2985524313230029 0.6535506656128902 0
195 0.1530678781041704 0.9178724624824317 0
196 0.9167537064254057 0.8508718537559957 0
197 0.08296629115975593 0.1498875452108657 0
198 0.1890575670468489 0.294084236215794 0
199 0.8440933898604551 0.09385434397709344 0
200 0.2503952377171327 0.3884573638917703 0
201 0.07972803913531336 0.3493512757062616 0
202 0.8380531170040466 0.1999999999995609 0
203 0.8406928938275633 0.3992789991981976 0
204 0.2898261153518068 0.1633999302292042 0
205 0.06578358757521613 0.7469795572487384 0
206 0.6999999999992164 0.1535898384871379 0
207 0.5999999999988372 0.1535898384867515 0
208 0.4999999999989005 0.1535898384865984 0
209 0.3977345286928261 0.1553736159967032 0
210 0.832596189432156 0.730144284150142 0
211 0.06525626353167122 0.5500000000017229 0
212 0.8366096411895949 0.5826881150315604 0
213 0.2613872612265488 0.2359890604552143 0
214 0.926794919243098 0.9267949192431389 0
215 0.07320508075687601 0.9267949192431241 0
216 0.9267949192432314 0.07320508075664824 0
217 0.07320508075662228 0.07320508075678341 0
218 0.7753798093615698 0.1497198395936735 0
219 0.4500000000018615 0.9133974596216763 1
220 0.09236792741065181 0.4605742807381246 1
221 0.5499999999988205 0.08660254037843171 1
222 0.9152217186777625 0.5468402906274979 1
223 0.6500000000008002 0.9133974596219514 1
224 0.08885430207258675 0.6509201999022066 1
225 0.9133974596218086 0.3499999999991206 1
226 0.3475303635242558 0.08190748804974743 1
227 0.9103703875043379 0.7586725654707323 1
228 0.250817301762687 0.9138693290130382 1
229 0.7459788032314767 0.07959225689678907 1
230 0.0866025403788042 0.2500000000010402 1
231 0.09056972474474825 0.8408174380938657 1
232 0.8495762630717529 0.9153227954948184 1
233 0.1504237369277891 0.08467720450543256 1
234 0.9170502595852439 0.150593231699023 1
235 0.3501362169619657 0.9134761045201358 1
236 0.4000227028286921 0.8268080267265111 1
237 0.5000037838059685 0.8267971038241898 1
238 0.4500044144404199 0.7401949275428534 1
239 0.550001366375149 0.7401931677420539 1
240 0.5000009634704368 0.6535903947466357 1
241 0.3996660322685221 0.6539624100660313 1
242 0.4492890262150227 0.5674132367139484 1
243 0.549881664948517 0.5670583805869823 1
244 0.4998617818618988 0.4804675945786104 1
245 0.5999572411359402 0.4804104109524936 1
246 0.3992029949383354 0.4808333042715237 1
247 0.4498441294682427 0.3938707812513982 1
248 0.3508014145113768 0.3944261231392701 1
249 0.649973151014685 0.5670034207262453 1
250 0.7044542185661746 0.4836609274158983 1
251 0.650735243284629 0.3943325211712261 1
252 0.2989417123120321 0.4807819782420577 1
253 0.400107590665014 0.3073017552560426 1
254 0.300000000002935 0.3071796769753505 1
255 0.4999919533568913 0.3072147840053003 1
256 0.4500000000024988 0.2205771365973901 1
257 0.7516124797967332 0.5701303236396067 1
258 0.7002642718023646 0.6541163631790494 1
259 0.753535810939751 0.3987254670893935 1
260 0.7000000000012393 0.307179676975659 1
261 0.8000000000003894 0.6535898384882735 1
262 0.7471434102059785 0.7386054505286099 1
263 0.5500000000021429 0.22057713659755 1
264 0.8109810542586346 0.3047536098154719 1
265 0.7487737367126566 0.2215627586077871 1
266 0.3001627035935243 0.8268888562051476 1
267 0.1994089234458852 0.8296981761685946 1
268 0.2499286045088535 0.7410578833522043 1
269 0.1494939110587455 0.7431601482469269 1
270 0.1967429917984385 0.6534863612147316 1
271 0.1475064708395241 0.5596891567283324 1
272 0.2461396475416222 0.5647585225755519 1
273 0.2006125504552574 0.4738835212418007 1
274 0.1629581819743507 0.380388647536347 1
275 0.3488732355465849 0.5672558538991079 1
276 0.6000008583640309 0.8267954148199792 1
277 0.8994183955992584 0.6528983889292933 1
278 0.6499999999991334 0.08660254037864022 1
279 0.9157740970141777 0.4494733817703521 1
280 0.8167956118738326 0.4899817334731329 1
281 0.4498499977837828 0.08393456559302379 1
282 0.5500007736960177 0.9133979063146327 1
283 0.2471893802660857 0.08407329706072988 1
284 0.1856343100128922 0.1794039491425674 1
285 0.9132469817449558 0.2508911402520001 1
286 0.6000202362686525 0.6536923509744806 1
287 0.7499293771789072 0.9137183489341748 1
288 0.3492006954957161 0.2288327370242559 1
289 0.5500650581848796 0.3939126281557886 1
290 0.6495716905027348 0.7400329444146923 1
291 0.6994408893754027 0.8265574229272842 1
292 0.6001320424719077 0.3072989805838411 1
293 0.815040741820152 0.8183024367054095 1
294 0.650000000001664 0.2205771365975231 1
295 0.3499640762739978 0.7407829625697138 1
296 0.2985524313230031 0.6535506656128902 1
297 0.1530678781041703 0.9178724624824317 1
298 0.9167537064254059 0.8508718537559959 1
299 0.08296629115975593 0.1498875452108657 1
300 0.1890575670468492 0.2940842362157938 1
301 0.8440933898604552 0.09385434397709341 1
302 0.2503952377171335 0.3884573638917699 1
303 0.07972803913531332 0.3493512757062616 1
304 0.8380531170040478 0.1999999999995607 1
305 0.8406928938275642 0.399278999198198 1
306 0.2898261153518075 0.1633999302292046 1
307 0.0657835875752161 0.7469795572487384 1
308 0.6999999999992164 0.1535898384871373 1
309 0.5999999999988372 0.153589838486751 1
310 0.4999999999989005 0.1535898384865978 1
311 0.3977345286928269 0.1553736159967032 1
312 0.8325961894321566 0.7301442841501419 1
313 0.06525626353167122 0.5500000000017229 1
314 0.8366096411895954 0.5826881150315608 1
315 0.2613872612265494 0.2359890604552144 1
316 0.926794919243098 0.9267949192431389 1
317 0.07320508075687601 0.9267949192431241 1
318 0.9267949192432314 0.07320508075664824 1
319 0.07320508075662228 0.07320508075678341 1
320 0.7753798093615706 0.1497198395936735 1
321 0.9133974596215683 0 0.5499999999988205
322 0.08660254037843171 0 0.5499999999988205
323 0.5499999999988706 0 0.08452994616201359
324 0.5371453199812745 0 0.9063935249342987
325 0.3517716403821974 0 0.085579683326161
326 0.08660254037825166 0 0.3499999999991947
327 0.9133974596218086 0 0.3499999999991206
328 0.3490798000977252 0 0.9111456979280684
329 0.7479584671621331 0 0.9112749022345136
330 0.7479584671620672 0 0.08872509776482615
331 0.08613067098671813 0 0.7491826982380237
332 0.9199358737112917 0 0.7468074574725447
333 0.08436963044128817 0 0.1538675134591461
334 0.1591825619055899 0 0.9094302752557134
335 0.9045047171895593 0 0.1554440545892928
336 0.08652389547984879 0 0.6498637830388342
337 0.1731919732736964 0 0.5999772971722428
338 0.1732028961761755 0 0.4999962161945603
339 0.2598050724576999 0 0.5499955855603621
340 0.2598068322585981 0 0.4499986336252824
341 0.3464096052542095 0 0.4999990365301855
342 0.3466502786210474 0 0.5999174080527754
343 0.4332352959169157 0 0.5496696851948706
344 0.4330497081857355 0 0.4499447869535522
345 0.5196585089895328 0 0.4999357453572268
346 0.5198770653671465 0 0.5995574949032201
347 0.5196152422694608 0 0.3999999999990498
348 0.6062249937677057 0 0.4499892908919219
349 0.6062189845009587 0 0.3499982151479463
350 0.419848302804157 0 0.3419550924741498
351 0.6928217251881066 0 0.3999979176725721
352 0.692821758572979 0 0.4999978680931104
353 0.692820323025813 0 0.2999999999991504
354 0.7794228634041306 0 0.449999999998745
355 0.6019124788032217 0 0.2473288018934653
356 0.7794228634041739 0 0.5499999999984657
357 0.6928205622838345 0 0.5999996446808264
358 0.7794228634042634 0 0.6499999999982486
359 0.6928203629023254 0 0.6999999407786619
360 0.7782798229797174 0 0.7481090842692228
361 0.6969315380263384 0 0.8141602045427324
362 0.6062177826476338 0 0.7499999999982414
363 0.6959926318443128 0 0.1850575253824568
364 0.7784725020941525 0 0.2509833274242935
365 0.1731111437946889 0 0.6998372964077102
366 0.1703018238309288 0 0.8005910765552475
367 0.2600483729740174 0 0.7500713954930909
368 0.2569715489341919 0 0.850506088942905
369 0.347906705614335 0 0.8031252185801412
370 0.4387063540667832 0 0.8526567171613471
371 0.435676428100147 0 0.7526115583242861
372 0.5218429415828327 0 0.8043381969721484
373 0.3473663519400675 0 0.7006378745065126
374 0.6499999999991316 0 0.08660254037864125
375 0.6499999999991102 0 0.9133974596213461
376 0.9133974596213463 0 0.64999999999911
377 0.173204585180474 0 0.3999991416361796
378 0.2563778842937291 0 0.3559397368856286
379 0.4500768620869555 0 0.08646824515119786
380 0.3987789007421719 0 0.1721293478255184
381 0.3077109465880385 0 0.1673666388333278
382 0.3588006163625346 0 0.2536003501690948
383 0.5087440551266625 0 0.1865337474739758
384 0.9133974596215969 0 0.4499999999990179
385 0.08660209368555549 0 0.449999226304404
386 0.1720350689392232 0 0.3020261101947003
387 0.9054387763451072 0 0.844099867905998
388 0.7794228634040863 0 0.3499999999990177
389 0.08603538675252689 0 0.2509822706085684
390 0.1667884104994218 0 0.2021822794850324
391 0.1591229253504994 0 0.09424575310947464
392 0.9184537499728969 0 0.2540998849575218
393 0.2598076211350711 0 0.6499999999987474
394 0.3408191993669625 0 0.4045433583123475
395 0.6062701119381704 0 0.5499133406541056
396 0.5196152422693843 0 0.2999999999993316
397 0.6063050336573592 0 0.6498513822158926
398 0.5200448002720314 0 0.6999256458348099
399 0.4339554729715214 0 0.6492674546237309
400 0.082127537517317 0 0.8469321218961747
401 0.8465153990185108 0 0.07989182588240536
402 0.8466710755443986 0 0.9200321611997235
403 0.257202447706335 0 0.2549911174356561
404 0.4408249019872134 0 0.2545103758280318
405 0.7998342905170386 0 0.838023277814927
406 0.7998342905169967 0 0.1619767221836651
407 0.2606298422978791 0 0.08046539806572818
408 0.6013298331544399 0 0.1580105122581106
409 0.6030519774658527 0 0.8380766468677601
410 0.8464101615128949 0 0.3999999999989573
411 0.8464101615129859 0 0.2999999999992664
412 0.8464101615128505 0 0.4999999999987172
413 0.846410161512781 0 0.5999999999985808
414 0.2530467821872663 0 0.9342164124253375
415 0.8464101615124836 0 0.6999999999981223
416 0.4486948914060233 0 0.9345603367227419
417 0.07320508075672442 0 0.07320508075672441
418 0.9267949192429034 0 0.9267949192429034
419 0.07320508075664817 0 0.9267949192432317
420 0.9267949192432314 0 0.07320508075664824
421 0.2288675134588098 0 0.1499999999996915
422 0.8486422491875212 0 0.2229734999244706
423 0.8499797850131277 0 0.7754079374921631
424 0.3279875709060591 0 0.3257407550634954
425 1 0.9133974596215683 0.5499999999988205
426 1 0.08660254037843171 0.5499999999988205
427 1 0.5499999999988706 0.08452994616201359
428 1 0.5371453199812745 0.9063935249342987
429 1 0.3517716403821974 0.085579683326161
430 1 0.08660254037825166 0.3499999999991947
431 1 0.9133974596218086 0.3499999999991206
432 1 0.3490798000977252 0.9111456979280684
433 1 0.7479584671621331 0.9112749022345136
434 1 0.7479584671620672 0.08872509776482615
435 1 0.08613067098671813 0.7491826982380237
436 1 0.9199358737112917 0.7468074574725447
437 1 0.08436963044128817 0.1538675134591461
438 1 0.1591825619055899 0.9094302752557134
439 1 0.9045047171895593 0.1554440545892928
440 1 0.08652389547984879 0.6498637830388342
441 1 0.1731919732736964 0.5999772971722428
442 1 0.1732028961761755 0.4999962161945603
443 1 0.2598050724576999 0.5499955855603621
444 1 0.2598068322585981 0.4499986336252824
445 1 0.3464096052542095 0.4999990365301855
446 1 0.3466502786210474 0.5999174080527754
447 1 0.4332352959169157 0.5496696851948706
448 1 0.4330497081857355 0.4499447869535522
449 1 0.5196585089895328 0.4999357453572268
450 1 0.5198770653671465 0.5995574949032201
451 1 0.5196152422694608 0.3999999999990498
452 1 0.6062249937677057 0.4499892908919219
453 1 0.6062189845009587 0.3499982151479463
454 1 0.419848302804157 0.3419550924741498
455 1 0.6928217251881066 0.3999979176725721
456 1 0.692821758572979 0.4999978680931104
457 1 0.692820323025813 0.2999999999991504
458 1 0.7794228634041306 0.449999999998745
459 1 0.6019124788032217 0.2473288018934653
460 1 0.7794228634041739 0.5499999999984657
461 1 0.6928205622838345 0.5999996446808264
462 1 0.7794228634042634 0.6499999999982486
463 1 0.6928203629023254 0.6999999407786619
464 1 0.7782798229797174 0.7481090842692228
465 1 0.6969315380263384 0.8141602045427324
466 1 0.6062177826476338 0.7499999999982414
467 1 0.6959926318443128 0.1850575253824568
468 1 0.7784725020941525 0.2509833274242935
469 1 0.1731111437946889 0.6998372964077102
470 1 0.1703018238309288 0.8005910765552475
471 1 0.2600483729740174 0.7500713954930909
472 1 0.2569715489341919 0.850506088942905
473 1 0.347906705614335 0.8031252185801412
474 1 0.4387063540667832 0.8526567171613471
475 1 0.435676428100147 0.7526115583242861
476 1 0.5218429415828327 0.8043381969721484
477 1 0.3473663519400675 0.7006378745065126
478 1 0.6499999999991316 0.08660254037864125
479 1 0.6499999999991102 0.9133974596213461
480 1 0.9133974596213463 0.64999999999911
481 1 0.173204585180474 0.3999991416361796
482 1 0.2563778842937291 0.3559397368856286
483 1 0.4500768620869555 0.08646824515119786
484 1 0.3987789007421719 0.1721293478255184
485 1 0.3077109465880385 0.1673666388333278
486 1 0.3588006163625346 0.2536003501690948
487 1 0.5087440551266625 0.1865337474739758
488 1 0.9133974596215969 0.4499999999990179
489 1 0.08660209368555549 0.449999226304404
490 1 0.1720350689392232 0.3020261101947003
491 1 0.9054387763451072 0.844099867905998
492 1 0.7794228634040863 0.3499999999990177
493 1 0.08603538675252689 0.2509822706085684
494 1 0.1667884104994218 0.2021822794850324
495 1 0.1591229253504994 0.09424575310947464
496 1 0.9184537499728969 0.2540998849575218
497 1 0.2598076211350711 0.6499999999987474
498 1 0.3408191993669625 0.4045433583123475
499 1 0.6062701119381704 0.5499133406541056
500 1 0.5196152422693843 0.2999999999993316
501 1 0.6063050336573592 0.6498513822158926
502 1 0.5200448002720314 0.6999256458348099
503 1 0.4339554729715214 0.6492674546237309
504 1 0.082127537517317 0.8469321218961747
505 1 0.8465153990185108 0.07989182588240536
506 1 0.8466710755443986 0.9200321611997235
507 1 0.257202447706335 0.2549911174356561
508 1 0.4408249019872134 0.2545103758280318
509 1 0.7998342905170386 0.838023277814927
510 1 0.7998342905169967 0.1619767221836651
511 1 0.2606298422978791 0.08046539806572818
512 1 0.6013298331544399 0.1580105122581106
513 1 0.6030519774658527 0.8380766468677601
514 1 0.8464101615128949 0.3999999999989573
515 1 0.8464101615129859 0.2999999999992664
516 1 0.8464101615128505 0.4999999999987172
517 1 0.846410161512781 0.5999999999985808
518 1 0.2530467821872663 0.9342164124253375
519 1 0.8464101615124836 0.6999999999981223
520 1 0.4486948914060233 0.9345603367227419
521 1 0.07320508075672442 0.07320508075672441
522 1 0.9267949192429034 0.9267949192429034
523 1 0.07320508075664817 0.9267949192432317
524 1 0.9267949192432314 0.07320508075664824
525 1 0.2288675134588098 0.1499999999996915
526 1 0.8486422491875212 0.2229734999244706
527 1 0.8499797850131277 0.7754079374921631
528 1 0.3279875709060591 0.3257407550634954
529 0.4500000000018615 1 0.9133974596216763
530 0.4500000000017088 1 0.08660254037833137
531 0.9154700538380829 1 0.5499999999989305
532 0.0936064750659085 1 0.5371453199817979
533 0.6500000000008581 1 0.08660254037806664
534 0.6500000000010402 1 0.9133974596221568
535 0.08885430207262784 1 0.3490798000979937
536 0.913397459621786 1 0.3499999999991415
537 0.25319254252837 1 0.9199358737108525
538 0.91127490223526 1 0.7479584671617945
539 0.2508173017627171 1 0.08613067098695137
540 0.08872509776595484 1 0.747958467161931
541 0.8413885031924262 1 0.0957912644655631
542 0.844555945410332 1 0.9045047171895439
543 0.09056972474478751 1 0.1591825619058273
544 0.3501362169619467 1 0.086523895479878
545 0.4000227028286859 1 0.1731919732735324
546 0.5000037838059957 1 0.1732028961758358
547 0.4500044144404924 1 0.259805072457215
548 0.5500013663752381 1 0.2598068322579707
549 0.5000009634705622 1 0.346409605253427
550 0.4000825919483431 1 0.3466502786206064
551 0.4503303148064291 1 0.4332352959162118
552 0.5500552130472232 1 0.4330497081847211
553 0.5000642546437803 1 0.5196585089883901
554 0.4004425050985134 1 0.5198770653664125
555 0.6000000000016558 1 0.5196152422681551
556 0.5500107091090258 1 0.6062249937662729
557 0.6500017848527643 1 0.606218984499395
558 0.658044907526356 1 0.4198483028032891
559 0.6000020823283546 1 0.6928217251864021
560 0.5000021319080644 1 0.6928217585713914
561 0.7000000000015502 1 0.692820323023993
562 0.5500000000024052 1 0.7794228634022695
563 0.7526711981070286 1 0.6019124788021505
564 0.4500000000029606 1 0.7794228634024266
565 0.4000003553205851 1 0.6928205622823677
566 0.3500000000033974 1 0.7794228634026793
567 0.3000000592229205 1 0.6928203629009726
568 0.2518909157325096 1 0.77827982297843
569 0.1858397954583845 1 0.6969315380260627
570 0.2500000000032893 1 0.6062177826464118
571 0.8149424746178959 1 0.6959926318435808
572 0.7490166725762083 1 0.7784725020925264
573 0.3001627035935008 1 0.1731111437949056
574 0.1994089234458882 1 0.1703018238313786
575 0.2499286045086386 1 0.2600483729750533
576 0.1494939110586304 1 0.2569715489349127
577 0.1968747814210421 1 0.3479067056156948
578 0.1473432828390883 1 0.4387063540675424
579 0.2473884416765743 1 0.4356764281019863
580 0.1956618030270539 1 0.5218429415839854
581 0.2993621254950614 1 0.3473663519406992
582 0.3500000000014088 1 0.9133974596212229
583 0.9133974596213766 1 0.6499999999991619
584 0.6000008583641075 1 0.1732045851800327
585 0.6440602631146545 1 0.2563778842931042
586 0.5500000000013816 1 0.9133974596217193
587 0.08660254037865966 1 0.6499999999990996
588 0.9137428919911454 1 0.4499999999989234
589 0.8277353655230111 1 0.3984708169969621
590 0.827549966704602 1 0.3007814332736808
591 0.7455298696455551 1 0.3575943501854975
592 0.8134770883107098 1 0.508689062864336
593 0.6500000000018591 1 0.7794228634021106
594 0.5500007736960192 1 0.08660209368537775
595 0.1559001320946881 1 0.9054387763448846
596 0.913995170257167 1 0.2509475406397144
597 0.8354742568943609 1 0.2024115418585773
598 0.6929573911198508 1 0.169138792072443
599 0.7423744837001962 1 0.0845600027455989
600 0.7459001150421779 1 0.9184537499727585
601 0.5954566416882003 1 0.3408191993661681
602 0.4500866593471842 1 0.6062701119369113
603 0.700000000001151 1 0.5196152422679514
604 0.3501486177857546 1 0.6063050336562958
605 0.3500000000026786 1 0.2598076211347626
606 0.300074354167269 1 0.5200448002717875
607 0.3507325453785373 1 0.4339554729717
608 0.9201081741175248 1 0.846515399018447
609 0.9196088082644961 1 0.1537259046200074
610 0.153067878104241 1 0.08212753751745495
611 0.07996783880067584 1 0.84667107554432
612 0.7408642702802202 1 0.25307918352076
613 0.7454896241724738 1 0.4408249019865864
614 0.1619767221861937 1 0.7998342905170723
615 0.8380232778164591 1 0.7998342905169943
616 0.8419916548990187 1 0.6013188347016319
617 0.1619233531332656 1 0.6030519774672061
618 0.6000000000015036 1 0.8464101615123761
619 0.700000000000694 1 0.8464101615124392
620 0.06578358757520915 1 0.2530467821875116
621 0.500000000002074 1 0.8464101615121447
622 0.4000000000025681 1 0.846410161511893
623 0.3000000000037062 1 0.8464101615112085
624 0.06543966327753536 1 0.448694891406104
625 0.9267949192430218 1 0.07320508075681692
626 0.926794919243098 1 0.9267949192431389
627 0.07320508075721846 1 0.9267949192428225
628 0.07320508075678341 1 0.07320508075662228
629 0.7770265000752127 1 0.8486422491870121
630 0.2245920625090936 1 0.8499797850124896
631 0.6705771365951685 1 0.3294228634044968
632 0.7699010078873493 1 0.1558274195575206
633 0 0.4500000000018615 0.9133974596216763
634 0 0.4500000000017088 0.08660254037833137
635 0 0.9154700538380829 0.5499999999989305
636 0 0.0936064750659085 0.5371453199817979
637 0 0.6500000000008581 0.08660254037806664
638 0 0.6500000000010402 0.9133974596221568
639 0 0.08885430207262784 0.3490798000979937
640 0 0.913397459621786 0.3499999999991415
641 0 0.25319254252837 0.9199358737108525
642 0 0.91127490223526 0.7479584671617945
643 0 0.2508173017627171 0.08613067098695137
644 0 0.08872509776595484 0.747958467161931
645 0 0.8413885031924262 0.0957912644655631
646 0 0.844555945410332 0.9045047171895439
647 0 0.09056972474478751 0.1591825619058273
648 0 0.3501362169619467 0.086523895479878
649 0 0.4000227028286859 0.1731919732735324
650 0 0.5000037838059957 0.1732028961758358
651 0 0.4500044144404924 0.259805072457215
652 0 0.5500013663752381 0.2598068322579707
653 0 0.5000009634705622 0.346409605253427
654 0 0.4000825919483431 0.3466502786206064
655 0 0.4503303148064291 0.4332352959162118
656 0 0.5500552130472232 0.4330497081847211
657 0 0.5000642546437803 0.5196585089883901
658 0 0.4004425050985134 0.5198770653664125
659 0 0.6000000000016558 0.5196152422681551
660 0 0.5500107091090258 0.6062249937662729
661 0 0.6500017848527643 0.606218984499395
662 0 0.658044907526356 0.4198483028032891
663 0 0.6000020823283546 0.6928217251864021
664 0 0.5000021319080644 0.6928217585713914
665 0 0.7000000000015502 0.692820323023993
666 0 0.5500000000024052 0.7794228634022695
667 0 0.7526711981070286 0.6019124788021505
668 0 0.4500000000029606 0.7794228634024266
669 0 0.4000003553205851 0.6928205622823677
670 0 0.3500000000033974 0.7794228634026793
671 0 0.3000000592229205 0.6928203629009726
672 0 0.2518909157325096 0.77827982297843
673 0 0.1858397954583845 0.6969315380260627
674 0 0.2500000000032893 0.6062177826464118
675 0 0.8149424746178959 0.6959926318435808
676 0 0.7490166725762083 0.7784725020925264
677 0 0.3001627035935008 0.1731111437949056
678 0 0.1994089234458882 0.1703018238313786
679 0 0.2499286045086386 0.2600483729750533
680 0 0.1494939110586304 0.2569715489349127
681 0 0.1968747814210421 0.3479067056156948
682 0 0.1473432828390883 0.4387063540675424
683 0 0.2473884416765743 0.4356764281019863
684 0 0.1956618030270539 0.5218429415839854
685 0 0.2993621254950614 0.3473663519406992
686 0 0.3500000000014088 0.9133974596212229
687 0 0.9133974596213766 0.6499999999991619
688 0 0.6000008583641075 0.1732045851800327
689 0 0.6440602631146545 0.2563778842931042
690 0 0.5500000000013816 0.9133974596217193
691 0 0.08660254037865966 0.6499999999990996
692 0 0.9137428919911454 0.4499999999989234
693 0 0.8277353655230111 0.3984708169969621
694 0 0.827549966704602 0.3007814332736808
695 0 0.7455298696455551 0.3575943501854975
696 0 0.8134770883107098 0.508689062864336
697 0 0.6500000000018591 0.7794228634021106
698 0 0.5500007736960192 0.08660209368537775
699 0 0.1559001320946881 0.9054387763448846
700 0 0.913995170257167 0.2509475406397144
701 0 0.8354742568943609 0.2024115418585773
702 0 0.6929573911198508 0.169138792072443
703 0 0.7423744837001962 0.0845600027455989
704 0 0.7459001150421779 0.9184537499727585
705 0 0.5954566416882003 0.3408191993661681
706 0 0.4500866593471842 0.6062701119369113
707 0 0.700000000001151 0.5196152422679514
708 0 0.3501486177857546 0.6063050336562958
709 0 0.3500000000026786 0.2598076211347626
710 0 0.300074354167269 0.5200448002717875
711 0 0.3507325453785373 0.4339554729717
712 0 0.9201081741175248 0.846515399018447
713 0 0.9196088082644961 0.1537259046200074
714 0 0.153067878104241 0.08212753751745495
715 0 0.07996783880067584 0.84667107554432
716 0 0.7408642702802202 0.25307918352076
717 0 0.7454896241724738 0.4408249019865864
718 0 0.1619767221861937 0.7998342905170723
719 0 0.8380232778164591 0.7998342905169943
720 0 0.8419916548990187 0.6013188347016319
721 0 0.1619233531332656 0.6030519774672061
722 0 0.6000000000015036 0.8464101615123761
723 0 0.700000000000694 0.8464101615124392
724 0 0.06578358757520915 0.2530467821875116
725 0 0.500000000002074 0.8464101615121447
726 0 0.4000000000025681 0.846410161511893
727 0 0.3000000000037062 0.8464101615112085
728 0 0.06543966327753536 0.448694891406104
729 0 0.9267949192430218 0.07320508075681692
730 0 0.926794919243098 0.9267949192431389
731 0 0.07320508075721846 0.9267949192428225
732 0 0.07320508075678341 0.07320508075662228
733 0 0.7770265000752127 0.8486422491870121
734 0 0.2245920625090936 0.8499797850124896
735 0 0.6705771365951685 0.3294228634044968
736 0 0.7699010078873493 0.1558274195575206
737 0.5000045543401145 0.5000047401222671 0.5
738 0.317402907824389 0.6840946632514808 0.3159441848518982
739 0.6598969158690219 0.6882119108648181 0.3081954765971648
740 0.6500217850224038 0.6823853769631298 0.6975555784220973
741 0.3156385832460314 0.3172352883445678 0.317049803194725
742 0.317949649920565 0.3024106361888185 0.6504842341964886
743 0.6975929691744277 0.317949649920565 0.6504842341964886
744 0.3014644589699181 0.6985528338326599 0.6208869684762667
745 0.6191626846183538 0.3004496312701637 0.3036118225538537
746 0.4496369663850227 0.5094347373547901 0.7507358086860825
747 0.7483412400839493 0.5520994419517889 0.5032506782050591
748 0.4751974576552257 0.499700359382187 0.2496372565630068
749 0.2493003178728614 0.4849473646982877 0.4920209383964029
750 0.4912424368065756 0.7624756387338129 0.4672134037204895
751 0.5105233552933578 0.2429431999813496 0.5138216569458685
752 0.7628120989882868 0.4822146274815766 0.2352992352047507
753 0.2212108710142084 0.5000000000026376 0.7505563069520895
754 0.5109318257175881 0.2329636047284681 0.7674689528083894
755 0.2172009868508796 0.5000033984556064 0.2309372151528539
756 0.7739794303867247 0.2281604175755628 0.4549981953936292
757 0.4542879249690425 0.7717802282939961 0.773909151374059
758 0.7500911775970018 0.7794108384767984 0.4960085036160508
759 0.4852792926089747 0.7846017767724199 0.2153982232275761
760 0.7794760708325278 0.503833666436461 0.752426584882116
761 0.2194230876973817 0.211091560231602 0.4800522620990098
762 0.2053499403851907 0.7937759478466693 0.458117891468131
763 0.4571862611894385 0.2047952387788533 0.2095859634599737
764 0.7900572745394777 0.2103466353699703 0.2102578162784507
765 0.2092257995255856 0.7909358234803952 0.7900752896018515
766 0.797108698610138 0.7960190271877604 0.7913972391329738
767 0.7917668154900235 0.2039636782285864 0.7970554306204671
768 0.8062015257163293 0.8026790485330668 0.2097262122120209
769 0.1924552013510945 0.3115899345624629 0.8029071033453241
770 0.6074812932230415 0.4022513544704743 0.8062254078155084
771 0.1954945422298177 0.7901369377410296 0.1967862260459839
772 0.2487217507606019 0.1891615572265259 0.1877435175240919
773 0.6540379114152751 0.385397111721377 0.4741850841733459
774 0.3778006419401483 0.3521916866806959 0.8204600404295921
775 0.3298659048755664 0.6380426003854537 0.8158646605376922
776 0.6270907165340657 0.503496160081792 0.6401942435440936
777 0.8225596802881492 0.6563110447019167 0.6366368030067496
778 0.4818303492797104 0.6431544603405653 0.6215695519646162
779 0.173483200407873 0.1729766635038965 0.6499075652301936
780 0.8251669806373336 0.3827011368018904 0.5372826176160743
781 0.8255834347524769 0.6511088003220217 0.3722467754057797
782 0.49602000145245 0.3779502199031469 0.6343941015337073
783 0.6148784731709602 0.5217171647603027 0.3621808070216898
784 0.5999432661037654 0.5959113052360545 0.1678398662815332
785 0.6000057556076036 0.8257063162213981 0.5980457931005195
786 0.382910669183223 0.3648767744126984 0.4773285999711241
787 0.6210183248148546 0.8225779023968945 0.820786686093542
788 0.8211010748995765 0.177146495322181 0.6212860719305199
789 0.8284123421955569 0.36924337119808 0.3583518843782092
790 0.1746173785403852 0.5957654472829834 0.3746443079834607
791 0.3677619214715959 0.6183772040279967 0.4749228145125349
792 0.3809029626981322 0.1757979256254059 0.4079294920158437
793 0.4001584626147952 0.3648446180175773 0.1657626896730088
794 0.5500400075948787 0.6247923327898387 0.8351396808391438
795 0.1661597301065578 0.4001221360772657 0.6191584287797719
796 0.3204531187826216 0.1808651342476129 0.7880147608142061
797 0.8301256718025013 0.6242425959691468 0.1663838265188622
798 0.6110691959526048 0.4197149127795669 0.1701667067958819
799 0.6242865897305767 0.1723359595003061 0.1716745339417131
800 0.1713890821216391 0.828079595186771 0.6248213775835035
801 0.3713754266781462 0.6123045617859564 0.1667254055696082
802 0.4886340678576945 0.653661027982912 0.3307637343613077
803 0.1666491976402154 0.3720860792303503 0.3884253740114951
804 0.6351266957468672 0.1618145781560646 0.5998722840736905
805 0.1698376095477611 0.585983325298421 0.6087366783070421
806 0.6426763784530022 0.8335630578452893 0.1664369421546923
807 0.4186797018617572 0.8280563882107717 0.6121959292891841
808 0.3613464231624078 0.8364030905215301 0.3823546867971093
809 0.1635524241903731 0.3500965762364916 0.1683666666868943
810 0.3382956048389289 0.5080644920370103 0.3494631514253117
811 0.6225570217478851 0.6675521050226318 0.5254263892240255
812 0.837828986568728 0.6282201521667935 0.8422791008590986
813 0.6214676964532452 0.1654999713211434 0.4089293289968431
814 0.3700105882517807 0.5125270506795337 0.6040201019672067
815 0.8346659518625585 0.8341279160134977 0.6313733281979904
816 0.163033659360862 0.6351192461539575 0.8306756636705788
817 0.5818346310746783 0.8325628154124147 0.3442761732841628
818 0.3988618852719998 0.1601560729710062 0.6094506829986545
819 0.8335868559641646 0.3646385926351894 0.8336950113745861
820 0.6392264782644752 0.1604139450333876 0.8404334071277979
821 0.3501094073367415 0.8474853922760557 0.1525146077239478
822 0.5056355466378439 0.3962073458033771 0.3731576903011313
823 0.163162805951169 0.164806617129692 0.3294403069778533
824 0.8427610921456089 0.8183286098275405 0.3677491644018898
825 0.1593474829066986 0.6350282753383092 0.1584231834839595
826 0.8408197266433759 0.3585568869186601 0.1595497118404038
827 0.8544611142706567 0.1468139861785474 0.3499999999991191
828 0.3500000000030766 0.8532109674752952 0.8552630521041862
829 0.6930091439871923 0.6859597713567531 0.8474650690128719
830 0.8500901105626201 0.3188563375543408 0.6758561042938707
831 0.1489814124105983 0.8549324144311096 0.328515074417912
832 0.8500237321851259 0.508362311939943 0.6183348990534551
833 0.331444221422026 0.4919252698762369 0.8531569151576688
834 0.1578325572068388 0.1574345022761411 0.8063949070746417
835 0.6695485254755051 0.532721543370537 0.8532703357906918
836 0.703838364976641 0.6997487316225427 0.1419553568103581
837 0.5486292430856201 0.2921279092741675 0.1367503091947085
838 0.137487396037537 0.4500000000022855 0.8605212391800845
839 0.2287981407447514 0.6553757064777934 0.4955409151132212
840 0.8517148645544147 0.5084415240110791 0.4055180713136644
841 0.4864777531178814 0.2542135181027262 0.3440371335922688
842 0.8675134565756411 0.6283251038087475 0.5054381038896554
843 0.2916631970701636 0.8599769037257647 0.5524194840607096
844 0.718770721925672 0.86464750459867 0.3078324363730779
845 0.2480039814657922 0.3451791214889549 0.5169715468933617
846 0.4833656133856897 0.4349384076836305 0.8666576794479868
847 0.1346844484716908 0.7139820069028463 0.3027860484271795
848 0.6946402980101162 0.3015839771489928 0.146432042525253
849 0.3239772406940908 0.4814914880881166 0.139537006680693
850 0.693545393125688 0.2949992714610236 0.8548091204439409
851 0.3383850306196324 0.4337126653111382 0.7145210206920722
852 0.31566109525064 0.8556218700869337 0.7127729002903486
853 0.4486923007435475 0.1444509161394193 0.8643988764610593
854 0.538834494173331 0.8676435583037759 0.7167890210790527
855 0.1451767631853578 0.6964195174004481 0.7000437447163513
856 0.7050878134077083 0.8544314953486578 0.6947538017886283
857 0.4907419792301345 0.6728277265488225 0.1357111243027901
858 0.8748732611025491 0.1224850625427384 0.7364410852027143
859 0.8672340177452611 0.1362344462667124 0.4980166645993744
860 0.4977815526458914 0.8636620586686928 0.8671174101206306
861 0.2998954186740831 0.7223915290326417 0.1264977503538518
862 0.8621810456891936 0.8608835488182668 0.4982049344528585
863 0.3492883540763276 0.139832715174482 0.2745516508113134
864 0.5550244170787807 0.1473733549827555 0.2888749917299206
865 0.2831395098312784 0.8662106492691254 0.2721536010623911
866 0.1256722523822439 0.5407940630855889 0.4886471853681833
867 0.3646578286404892 0.1310106348264366 0.1341796244926304
868 0.6970909763097217 0.4116905362490172 0.3364596091768118
869 0.6416844863512641 0.8673444315649792 0.4685583927916451
870 0.1314014461129455 0.2844204497345126 0.5548893782787189
871 0.5131449632375874 0.8769430546116513 0.123056945388354
872 0.3562996939173105 0.754307398711731 0.4926090862862716
873 0.5198589257680212 0.134887767866056 0.6708029730120459
874 0.7189296531111466 0.1388570358561121 0.3096911649812751
875 0.7377754583098874 0.8782921128289638 0.8729864573121475
876 0.8735911977455904 0.4953291306439855 0.8530495309260122
877 0.4914337572814399 0.533746236366297 0.1218404948803201
878 0.5500659717479202 0.3025305614655734 0.8754738728354308
879 0.1282925084252143 0.2898059205175085 0.2860372433197425
880 0.1272454755042895 0.8726776691440395 0.8629316945165793
881 0.132301489154043 0.1334266387431792 0.1310371837845656
882 0.4401130957654428 0.6881601841921416 0.8772509877609602
883 0.5100697193638 0.6289825179884584 0.4616723553927587
884 0.1290333410585461 0.5048194402440482 0.1252001298917445
885 0.865061776376258 0.5593055097353812 0.2803639793990559
886 0.5107720139682171 0.3664986376768354 0.2421473259967288
887 0.7363661771214585 0.1258712835958047 0.1226219391143634
888 0.3398013554909857 0.2477624472641841 0.5266961582511465
889 0.4649791847863226 0.5324107340291545 0.3770205198816049
890 0.134366631869957 0.1231441884677189 0.5327290531565168
891 0.7363380198632558 0.1223301881059219 0.5246253374378578
892 0.7216741164121976 0.5542153935268256 0.1298189162274023
893 0.4626830680908073 0.8770906114059849 0.3074410113211378
894 0.3058549963086623 0.5870807899737357 0.6945995982856905
895 0.5723185393594498 0.2685021507752021 0.6529546565098866
896 0.7001569616525454 0.1365040894735095 0.7189362081929965
897 0.6520647592188187 0.2546628054960365 0.5044571062462626
898 0.2738384811188249 0.1310458001578557 0.5722243766726933
899 0.4472324944580153 0.6414315483000422 0.7539425472268546
900 0.8709859544963484 0.4936621350178587 0.1305843829031317
901 0.1288711928938741 0.4820413149218074 0.3268017644393925
902 0.4620318227859231 0.1197363848560272 0.4997534731365196
903 0.4345911199127003 0.8795283761755034 0.4818561972710095
904 0.8805798371061107 0.1229115203630216 0.2279409512636936
905 0.4973997705301136 0.5079113710250641 0.6297835209345652
906 0.7052263386820071 0.6485287282172493 0.4250201542104236
907 0.4442998463829206 0.5585752726906111 0.8706735366378425
908 0.8809097302957325 0.8768869251473086 0.741366459197377
909 0.1254305424615952 0.8764835749976804 0.1235164250024005
910 0.8763653031644133 0.8642177654957016 0.8738308821592459
911 0.1274807992302527 0.7132638968668378 0.5659605796073656
912 0.8709266351825455 0.2606875467478177 0.535150090766879
913 0.5790683526070027 0.5222846264229072 0.7599586374797228
914 0.7458560715644239 0.2679787639543349 0.3306574747735856
915 0.7312842625543998 0.5790306211264908 0.3173557855883961
916 0.739032612859542 0.438406965590675 0.619081565588412
917 0.5282040158516375 0.3724538316735038 0.5076764965659907
918 0.1181697776385866 0.424900581815055 0.7361792142815429
919 0.5126800381245549 0.1191085860999948 0.1264357039883113
920 0.1164045655979369 0.5692422443369739 0.7327972590922048
921 0.1199204930923979 0.7455362501680969 0.8764467094600169
922 0.2655317353868517 0.1193776120847028 0.402697980320167
923 0.6205697519415025 0.5440203919921789 0.4889325644561039
924 0.280735339928146 0.3833035632060646 0.2115974896188802
925 0.7077810846927138 0.601172348901251 0.6155299115727402
926 0.4923243207176238 0.3603433846958956 0.7619805861372189
927 0.3752539188908188 0.4914095403859783 0.4791243468766154
928 0.1244947457609603 0.4145159252661388 0.5002507148895005
929 0.8768168920832635 0.1276274746086783 0.8695847786559775
930 0.8750043918759867 0.2641914401791389 0.2947423094216593
931 0.593590649283428 0.7182598189379735 0.2034265469534594
932 0.7279994597481694 0.3838999697714279 0.7591347432408271
933 0.3394231522473562 0.2577154545763404 0.1258211158065677
934 0.7324599176445706 0.7496257350322124 0.6218860961350104
935 0.4018787232240581 0.4092682617069885 0.3008019181051124
936 0.2999453015200158 0.7405424086448251 0.8837666336397386
937 0.8752803848250585 0.8748791783820996 0.1231926210593903
938 0.5379563515611002 0.743990428914311 0.6795387585410922
939 0.8775818350620869 0.7464104153575265 0.5505021464843164
940 0.1313381045142883 0.2923261863885734 0.6863719380374302
941 0.8745603184750217 0.7031079766539141 0.2618065757793442
942 0.7475324901278465 0.1201678541267659 0.8835513001268429
943 0.8820048891669139 0.7438320282453335 0.709937136633675
944 0.287164965802264 0.405719612557619 0.4018793491362708
945 0.6025858641772787 0.7283236632462138 0.4149661680661355
946 0.8747303914725133 0.4293136833163597 0.2579380995716863
947 0.4400923702650061 0.2672381062313763 0.6663941895232121
948 0.1202595399122276 0.7018981789874946 0.4297908674946041
949 0.2495651805038629 0.4923016423474696 0.6293378299635001
950 0.7570956705184033 0.62938504981032 0.7431261650066009
951 0.2879229537303785 0.2676632906485517 0.8777686748623844
952 0.8887406870141644 0.8729864573123621 0.2622245416899102
953 0.1237239417092693 0.2547623938113754 0.4094537543942267
954 0.1186143875774483 0.8737658185556993 0.5143285220097266
955 0.4999472436507353 0.4114949529745616 0.1109730737741126
956 0.731107897973761 0.425898724238703 0.1238868672333898
957 0.8741871626392821 0.737037085367406 0.1219177086749375
958 0.1139226682158268 0.5973557239511047 0.2670048882365836
959 0.8759626287147784 0.585269530013768 0.728273868815716
960 0.2620670118901187 0.6164113091931231 0.2268523783759262
961 0.7501085376189068 0.8808244017672646 0.1225224491931365
962 0.8789526627437962 0.4347617108769194 0.716749561857719
963 0.1101217587835341 0.2635589147990577 0.8748732611018791
964 0.3677627427804668 0.7780505127069246 0.2532925670435773
965 0.5511941703194239 0.7396080778318046 0.8775898672010868
966 0.4338578680552053 0.2690044021853817 0.8894637004408378
967 0.879463742230302 0.1924298586254601 0.1206869039074909
968 0.1233806313793213 0.8766193686202254 0.7341532132801186
969 0.3404753807133302 0.7341982106853481 0.7352136829678184
970 0.2207796731070264 0.5386867722859906 0.8819375543011191
971 0.4095611520519513 0.119051772853839 0.7266137368451117
972 0.7085937930631573 0.416745816430007 0.8780110460113532
973 0.3991628771058389 0.5881780075906612 0.2820870424114172
974 0.6479005963721891 0.2456339066502441 0.7496332402562174
975 0.6127784230192058 0.3891538783398357 0.595997612156756
976 0.2497013706102484 0.886035272356484 0.3908741539749539
977 0.7197397937275719 0.8800901119785111 0.5697592195682858
978 0.2729232495645133 0.1145979411744164 0.694900254308128
979 0.8846449383450337 0.2775457949341111 0.4153644757534424
980 0.2396318133133031 0.7743661451487726 0.3425597479541257
981 0.7364149784910505 0.7569208165537737 0.375791014033247
982 0.7636495099303466 0.4311039733188646 0.4425254693159971
983 0.5573013511436473 0.8832011089209417 0.2342338287963545
984 0.5742082601868063 0.299190476295393 0.4190257603130301
985 0.6443880495338038 0.5112588812860434 0.2440132661595918
986 0.3810738037391787 0.3914215420201181 0.5962461137975055
987 0.407370965689178 0.7242364623022574 0.3867488770845934
988 0.7554278676407485 0.8794289148868801 0.4267008737937423
989 0.2417326702295351 0.8888008856174336 0.8837965883393134
990 0.8617243756448631 0.7423710573581358 0.8811845614945653
991 0.2499328254972179 0.3951213366519553 0.8753597013948751
992 0.8920744488405924 0.7314887194249036 0.4330240817743157
993 0.2436933540635731 0.8849317510511778 0.1150682489488282
994 0.4303131649290237 0.7712077422538582 0.1119961186676441
995 0.7505984978047054 0.3533889146570368 0.2426221348208432
996 0.4252814720209573 0.8860030953799367 0.7510990401655702
997 0.5812343603593054 0.1089951142057096 0.5067123853371386
998 0.5080775862088013 0.8950345849450412 0.5727271395546462
999 0.8764153420223614 0.2537691924774792 0.8765159426359884
1000 0.5394474652117985 0.1179416723493036 0.7883035522801822
1001 0.267805319330614 0.6092727002835896 0.1082090839969308
1002 0.1123300220231768 0.740452721564272 0.1262519382929876
1003 0.2543187916827858 0.1313629396256653 0.8833059803716675
1004 0.5587623590635582 0.5218581090490325 0.8916400029647074
1005 0.758523958862094 0.6666841672875505 0.5310381712424521
1006 0.2297487536379126 0.3860837035807934 0.7183783677940417
1007 0.1023683689611194 0.4956802239265659 0.637644981762453
1008 0.890747629942638 0.4773153588094255 0.512231804585743
1009 0.1037588016593344 0.2505650111027372 0.1437612504496655
1010 0.5832345777356611 0.6030510510382209 0.2836137465395677
1011 0.7596535842055239 0.6789942176729593 0.2445961864398811
1012 0.2863406871580549 0.5906761043015055 0.5756414313783373
1013 0.4167193147021461 0.3007666578747252 0.2614689074414217
1014 0.2523913472257723 0.231703077644578 0.3684771576546191
1015 0.7575670916572808 0.2602430166741853 0.5671368537245567
1016 0.548465000361822 0.768637258301425 0.110961780949057
1017 0.7640888242562138 0.108963922210831 0.4125424547756944
1018 0.4816878247945802 0.1137836424257763 0.3798871297731288
1019 0.18335292053648 0.3929665670127705 0.274954014680569
1020 0.2884152511032529 0.6027985693870297 0.3925691173248991
1021 0.2424173929613574 0.2410642082405091 0.7201401977619013
1022 0.1268218971423191 0.1034055938302132 0.4196619814126799
1023 0.4311409053020742 0.6856054038356167 0.2321239924269191
1024 0.3053393777254342 0.364495820635849 0.1010644496536625
1025 0.6000000000012697 0.8999423431874635 0.8999419659002911
1026 0.9000771268769621 0.09992287312303794 0.5999424125375175
1027 0.5930932986763028 0.6123845567865857 0.6224596504952451
1028 0.5890099341716171 0.4275907638418517 0.3003354816568437
1029 0.100817862133492 0.4357170783215248 0.2103218562956997
1030 0.2432195573433423 0.2405856487168606 0.5885233679740427
1031 0.7771340123531113 0.544162748509424 0.8912644245780745
1032 0.4365361045843944 0.8984305077233745 0.2011708285871208
1033 0.1024674210442286 0.1031835856810809 0.8889778962754115
1034 0.2293365794923867 0.4978087979455338 0.3742145618541114
1035 0.4926613767866721 0.7661403712993324 0.3262706327501548
1036 0.8883294088303719 0.2357999242268139 0.7446128642206522
1037 0.4456782611419117 0.2758046383759065 0.09688185239726807
1038 0.1097376061366988 0.5551802516376285 0.8891932556071341
1039 0.8941365937552211 0.384709227172857 0.4483816314498558
1040 0.5399781905341305 0.7344327189808398 0.5661556966641077
1041 0.5728117704241371 0.4260018894657239 0.7015708090620825
1042 0.2396154467229471 0.6598037857715193 0.7508713611849757
1043 0.3915062974757587 0.2875859508897415 0.3953572779000538
1044 0.1017663982859518 0.1006712101819548 0.6995843673450467
1045 0.6977925214758292 0.7734766362607715 0.2445749717802621
1046 0.2205398111446415 0.4372551902632799 0.1225264642425472
1047 0.5499999999988462 0.1684232335051536 0.9035920347587285
1048 0.3509020419706034 0.1113426686311969 0.4939494541950274
1049 0.4546494121472392 0.1089841971557969 0.2641296244584211
1050 0.3603968272873065 0.4930179674253613 0.2427271124750742
1051 0.5138873572403 0.8977998181532201 0.4048856382888644
1052 0.2339039770413605 0.2857259286337389 0.2451624465207587
1053 0.9021064499908288 0.3954197838966813 0.6155401064222805
1054 0.2869478440655563 0.7100629655330768 0.4188957966794105
1055 0.5523203061980247 0.6235666776493006 0.7246131542502561
1056 0.1084431857555281 0.1128766022841493 0.242081907326075
1057 0.6240646799031077 0.5081342795018483 0.1045850692399936
1058 0.4373456104839918 0.6868055283465229 0.5290162374524507
1059 0.4016629311566661 0.2553387615755403 0.7704658185750353
1060 0.6814844195555548 0.5495062789792886 0.7257704843153896
1061 0.226422214924467 0.2665304251064614 0.1053978067847359
1062 0.4974861888967802 0.6008951699161802 0.2168890041993786
1063 0.7690224125950484 0.2438177591364372 0.6948008153105122
1064 0.4279149105211627 0.7304539001288535 0.6657716279251976
1065 0.2475873328076027 0.6444527785118892 0.9018439478798874
1066 0.6946763608284413 0.7604310229418876 0.7640505288705709
1067 0.1087505309234943 0.8994798420701526 0.2312962664466594
1068 0.7534338962182123 0.7690136566095924 0.8923139300451168
1069 0.4379289421627757 0.5763708718725268 0.5472214025188027
1070 0.2357780449982397 0.7645535889114583 0.5606704213561055
1071 0.5753823009979866 0.4518386153891859 0.4367457151942387
1072 0.9062512913061819 0.8985640646048187 0.3999999999990378
1073 0.4253646594176981 0.7919222378522303 0.9014567747238932
1074 0.685411096550726 0.2336247452807137 0.242804330523031
1075 0.7330824750610049 0.3262882525023661 0.4239458456652644
1076 0.9061694932698287 0.5971938276135783 0.5998855390959852
1077 0.4298399988816134 0.2993635728615209 0.5620691091436837
1078 0.7822848750869417 0.2458603898410925 0.1041973510258226
1079 0.5572605781863699 0.2423912968855747 0.2341279920438194
1080 0.2464494706041421 0.7714620029936984 0.6860425399095991
1081 0.5884747852232467 0.7285390742588815 0.7753366373955261
1082 0.602382720411163 0.6203229995017201 0.4054809228558761
1083 0.6068101039001004 0.6799784121502922 0.10291831759182
1084 0.7729190458015206 0.775169170870897 0.1007725881362754
1085 0.7136741080525173 0.5197824358368521 0.4060689410778178
1086 0.2571157160131877 0.108746138147489 0.1093977729929075
1087 0.2406555864266791 0.1106614512046011 0.2681528217705567
1088 0.6317043395686482 0.6189601266582442 0.9039435537543692
1089 0.7347224792980624 0.09411775282113756 0.6274233420149089
1090 0.6853716926160783 0.4701737712203562 0.5318632507663971
1091 0.4102465365368564 0.576530623730154 0.6785300986180287
1092 0.7743138113341302 0.1039519090549926 0.2214813333817013
1093 0.2718455585898965 0.389814266839553 0.6107075920011863
1094 0.08981221312340357 0.4000485406803408 0.1114105344198492
1095 0.09607504835854126 0.3576306179856801 0.8258811956937231
1096 0.6104354778599559 0.9038121225754583 0.09618787742456621
1097 0.5971645889611694 0.4243833487056877 0.9096939874129051
1098 0.9063113073795264 0.9063113073795589 0.5999999999989495
1099 0.3861233032652574 0.4169636739395681 0.90324243926128
1100 0.3321249232085084 0.8994837016633684 0.4625797378104835
1101 0.3512717196254529 0.1805832433370942 0.9009902133686757
1102 0.09490106615896254 0.7918237023969777 0.2380887330255516
1103 0.2763912433056345 0.4372922888444319 0.3019540781592578
1104 0.8999473924737936 0.2731260385459255 0.1898195202239855
1105 0.8436370336389775 0.09268482795631018 0.1325709782492457
1106 0.4244437303099662 0.4663018679910184 0.1648267399125904
1107 0.9067793776433294 0.4050161911763368 0.9020248928409134
1108 0.2763316287292009 0.7298919800809436 0.2295946676442744
1109 0.1059151013387933 0.8184456340398396 0.4215175996578139
1110 0.4168982894066533 0.902973291497623 0.09702670850231772
1111 0.6920098905315945 0.6020935799180548 0.2190827228645952
1112 0.2270299409131015 0.8949738473873297 0.7626581476566326
1113 0.7226430408800587 0.3590318760166874 0.5506611434328079
1114 0.2941835354943735 0.3049625000942766 0.431398664655409
1115 0.3304370869972127 0.2404202329039317 0.2445788468309043
1116 0.7891852783229757 0.9052087149782077 0.237381784674018
1117 0.6453202588494533 0.7719348611914999 0.517194613104522
1118 0.3923647758477132 0.5435127187962954 0.09151269015150576
1119 0.6843092771481724 0.9109253443107131 0.2216144210240232
1120 0.366781814987738 0.6149955046064883 0.9098489597058383
1121 0.2096243611951263 0.7674540962799586 0.09430992834698858
1122 0.9091584977003078 0.5952813129071955 0.3999944105330306
1123 0.7844294691414323 0.09868978281067108 0.7864641754027017
1124 0.1728922558895291 0.4848346608776241 0.5610299912388774
1125 0.1049009090410922 0.7739537611412776 0.764710239807917
1126 0.3982491953012592 0.3480244325593675 0.7179776970002192
1127 0.6120580739342103 0.09786367279340191 0.097863672793401
1128 0.7773254136887833 0.8975496945695349 0.7618166004678254
1129 0.4118232635687134 0.431202628069362 0.4022503668580598
1130 0.3345766370648038 0.2010406585663012 0.6841787954119659
1131 0.2264222784646032 0.08750979618875866 0.4921759976614888
1132 0.2044361734246299 0.9109491212811343 0.5731011404518183
1133 0.3034264920700775 0.3198737701959655 0.7535681583709917
1134 0.6312969292535969 0.9008418411383635 0.7523426090362175
1135 0.6213791939161089 0.3517337603384895 0.0918468446008604
1136 0.9158266642749701 0.2020951245697639 0.649930724522614
1137 0.648924289158365 0.7628119783328764 0.8997038330798368
1138 0.3797479366553113 0.9106757058655059 0.5656819614774274
1139 0.8070027813423719 0.4361180398690995 0.9079884793682675
1140 0.6717000961965655 0.0865681134079665 0.4499978999342792
1141 0.7883335722329197 0.463329387170756 0.3352257420249929
1142 0.6993262469850325 0.2077469166607062 0.9100181427008104
1143 0.6261444036848035 0.9102728632483125 0.6501799548093902
1144 0.5875256671022345 0.3292289691211579 0.7354994850750712
1145 0.4068287528353794 0.616725813189669 0.3802037873981286
1146 0.684230483029079 0.2113753835271228 0.09708223340711257
1147 0.4583021604972057 0.9137624830205737 0.6592014023741414
1148 0.09331346542828159 0.5952364269859732 0.0890281529505908
1149 0.3669167215667755 0.9118143269692749 0.307914432296405
$EndNodes
$Elements
6104
1 2 2 5 1 1 9 217
2 2 2 5 1 44 1 217
3 2 2 5 1 17 2 216
4 2 2 5 1 2 18 216
5 2 2 5 1 26 3 214
6 2 2 5 1 3 27 214
7 2 2 5 1 35 4 215
8 2 2 5 1 4 36 215
9 2 2 5 1 9 10 131
10 2 2 5 1 9 131 217
11 2 2 5 1 10 11 181
12 2 2 5 1 131 10 181
13 2 2 5 1 11 12 124
14 2 2 5 1 11 124 181
15 2 2 5 1 12 13 179
16 2 2 5 1 124 12 179
17 2 2 5 1 13 14 119
18 2 2 5 1 13 119 179
19 2 2 5 1 14 15 176
20 2 2 5 1 119 14 176
21 2 2 5 1 15 16 127
22 2 2 5 1 15 127 176
23 2 2 5 1 16 17 199
24 2 2 5 1 127 16 199
25 2 2 5 1 199 17 216
26 2 2 5 1 18 19 132
27 2 2 5 1 18 132 216
28 2 2 5 1 19 20 183
29 2 2 5 1 132 19 183
30 2 2 5 1 20 21 123
31 2 2 5 1 20 123 183
32 2 2 5 1 21 22 177
33 2 2 5 1 123 21 177
34 2 2 5 1 22 23 120
35 2 2 5 1 22 120 177
36 2 2 5 1 23 24 175
37 2 2 5 1 120 23 175
38 2 2 5 1 24 25 125
39 2 2 5 1 24 125 175
40 2 2 5 1 25 26 196
41 2 2 5 1 125 25 196
42 2 2 5 1 196 26 214
43 2 2 5 1 27 28 130
44 2 2 5 1 27 130 214
45 2 2 5 1 28 29 185
46 2 2 5 1 130 28 185
47 2 2 5 1 29 30 121
48 2 2 5 1 29 121 185
49 2 2 5 1 30 31 180
50 2 2 5 1 121 30 180
51 2 2 5 1 31 32 117
52 2 2 5 1 31 117 180
53 2 2 5 1 32 33 133
54 2 2 5 1 117 32 133
55 2 2 5 1 33 34 126
56 2 2 5 1 33 126 133
57 2 2 5 1 34 35 195
58 2 2 5 1 126 34 195
59 2 2 5 1 195 35 215
60 2 2 5 1 36 37 129
61 2 2 5 1 36 129 215
62 2 2 5 1 37 38 205
63 2 2 5 1 129 37 205
64 2 2 5 1 38 39 122
65 2 2 5 1 38 122 205
66 2 2 5 1 39 40 211
67 2 2 5 1 122 39 211
68 2 2 5 1 40 41 118
69 2 2 5 1 40 118 211
70 2 2 5 1 41 42 201
71 2 2 5 1 118 41 201
72 2 2 5 1 42 43 128
73 2 2 5 1 42 128 201
74 2 2 5 1 43 44 197
75 2 2 5 1 128 43 197
76 2 2 5 1 197 44 217
77 2 2 5 1 117 133 134
78 2 2 5 1 117 134 135
79 2 2 5 1 117 135 180
80 2 2 5 1 169 118 171
81 2 2 5 1 118 169 211
82 2 2 5 1 171 118 172
83 2 2 5 1 172 118 201
84 2 2 5 1 119 176 207
85 2 2 5 1 179 119 208
86 2 2 5 1 119 207 208
87 2 2 5 1 120 175 212
88 2 2 5 1 177 120 178
89 2 2 5 1 178 120 212
90 2 2 5 1 174 121 180
91 2 2 5 1 121 174 189
92 2 2 5 1 185 121 189
93 2 2 5 1 167 122 168
94 2 2 5 1 122 167 205
95 2 2 5 1 168 122 169
96 2 2 5 1 169 122 211
97 2 2 5 1 123 162 183
98 2 2 5 1 162 123 203
99 2 2 5 1 123 177 203
100 2 2 5 1 124 179 209
101 2 2 5 1 181 124 204
102 2 2 5 1 204 124 209
103 2 2 5 1 175 125 210
104 2 2 5 1 191 125 196
105 2 2 5 1 125 191 210
106 2 2 5 1 133 126 164
107 2 2 5 1 164 126 165
108 2 2 5 1 165 126 195
109 2 2 5 1 176 127 206
110 2 2 5 1 127 199 218
111 2 2 5 1 206 127 218
112 2 2 5 1 182 128 197
113 2 2 5 1 128 182 198
114 2 2 5 1 128 198 201
115 2 2 5 1 165 129 167
116 2 2 5 1 129 165 195
117 2 2 5 1 167 129 205
118 2 2 5 1 129 195 215
119 2 2 5 1 130 185 191
120 2 2 5 1 130 191 196
121 2 2 5 1 130 196 214
122 2 2 5 1 131 181 182
123 2 2 5 1 131 182 197
124 2 2 5 1 131 197 217
125 2 2 5 1 132 183 202
126 2 2 5 1 199 132 202
127 2 2 5 1 132 199 216
128 2 2 5 1 134 133 164
129 2 2 5 1 135 134 136
130 2 2 5 1 136 134 193
131 2 2 5 1 134 164 193
132 2 2 5 1 135 136 137
133 2 2 5 1 135 137 174
134 2 2 5 1 135 174 180
135 2 2 5 1 137 136 138
136 2 2 5 1 138 136 139
137 2 2 5 1 139 136 193
138 2 2 5 1 137 138 184
139 2 2 5 1 174 137 188
140 2 2 5 1 137 184 188
141 2 2 5 1 138 139 140
142 2 2 5 1 138 140 141
143 2 2 5 1 138 141 184
144 2 2 5 1 140 139 173
145 2 2 5 1 173 139 194
146 2 2 5 1 139 193 194
147 2 2 5 1 141 140 142
148 2 2 5 1 142 140 144
149 2 2 5 1 144 140 173
150 2 2 5 1 141 142 143
151 2 2 5 1 141 143 147
152 2 2 5 1 141 147 184
153 2 2 5 1 143 142 187
154 2 2 5 1 142 144 145
155 2 2 5 1 142 145 187
156 2 2 5 1 147 143 148
157 2 2 5 1 148 143 149
158 2 2 5 1 149 143 187
159 2 2 5 1 145 144 146
160 2 2 5 1 146 144 150
161 2 2 5 1 150 144 173
162 2 2 5 1 145 146 151
163 2 2 5 1 145 151 153
164 2 2 5 1 145 153 187
165 2 2 5 1 146 150 200
166 2 2 5 1 151 146 152
167 2 2 5 1 152 146 200
168 2 2 5 1 147 148 155
169 2 2 5 1 147 155 156
170 2 2 5 1 147 156 184
171 2 2 5 1 148 149 157
172 2 2 5 1 155 148 178
173 2 2 5 1 148 157 178
174 2 2 5 1 157 149 158
175 2 2 5 1 158 149 190
176 2 2 5 1 149 187 190
177 2 2 5 1 150 170 171
178 2 2 5 1 170 150 173
179 2 2 5 1 150 171 200
180 2 2 5 1 151 152 186
181 2 2 5 1 153 151 154
182 2 2 5 1 154 151 186
183 2 2 5 1 186 152 213
184 2 2 5 1 198 152 200
185 2 2 5 1 152 198 213
186 2 2 5 1 153 154 161
187 2 2 5 1 153 161 190
188 2 2 5 1 187 153 190
189 2 2 5 1 161 154 208
190 2 2 5 1 154 186 209
191 2 2 5 1 208 154 209
192 2 2 5 1 156 155 159
193 2 2 5 1 159 155 212
194 2 2 5 1 155 178 212
195 2 2 5 1 156 159 160
196 2 2 5 1 156 160 188
197 2 2 5 1 184 156 188
198 2 2 5 1 157 158 162
199 2 2 5 1 157 162 203
200 2 2 5 1 178 157 203
201 2 2 5 1 162 158 163
202 2 2 5 1 163 158 192
203 2 2 5 1 158 190 192
204 2 2 5 1 160 159 210
205 2 2 5 1 159 175 210
206 2 2 5 1 175 159 212
207 2 2 5 1 188 160 189
208 2 2 5 1 189 160 191
209 2 2 5 1 191 160 210
210 2 2 5 1 190 161 192
211 2 2 5 1 192 161 207
212 2 2 5 1 207 161 208
213 2 2 5 1 162 163 202
214 2 2 5 1 183 162 202
215 2 2 5 1 163 192 206
216 2 2 5 1 202 163 218
217 2 2 5 1 163 206 218
218 2 2 5 1 164 165 166
219 2 2 5 1 164 166 193
220 2 2 5 1 166 165 167
221 2 2 5 1 166 167 168
222 2 2 5 1 166 168 194
223 2 2 5 1 193 166 194
224 2 2 5 1 168 169 170
225 2 2 5 1 168 170 194
226 2 2 5 1 170 169 171
227 2 2 5 1 170 173 194
228 2 2 5 1 171 172 200
229 2 2 5 1 172 198 200
230 2 2 5 1 198 172 201
231 2 2 5 1 174 188 189
232 2 2 5 1 176 206 207
233 2 2 5 1 177 178 203
234 2 2 5 1 179 208 209
235 2 2 5 1 182 181 204
236 2 2 5 1 198 182 213
237 2 2 5 1 182 204 213
238 2 2 5 1 185 189 191
239 2 2 5 1 186 204 209
240 2 2 5 1 204 186 213
241 2 2 5 1 206 192 207
242 2 2 5 1 199 202 218
243 2 2 6 2 5 45 319
244 2 2 6 2 80 5 319
245 2 2 6 2 53 6 318
246 2 2 6 2 6 54 318
247 2 2 6 2 62 7 316
248 2 2 6 2 7 63 316
249 2 2 6 2 71 8 317
250 2 2 6 2 8 72 317
251 2 2 6 2 45 46 233
252 2 2 6 2 45 233 319
253 2 2 6 2 46 47 283
254 2 2 6 2 233 46 283
255 2 2 6 2 47 48 226
256 2 2 6 2 47 226 283
257 2 2 6 2 48 49 281
258 2 2 6 2 226 48 281
259 2 2 6 2 49 50 221
260 2 2 6 2 49 221 281
261 2 2 6 2 50 51 278
262 2 2 6 2 221 50 278
263 2 2 6 2 51 52 229
264 2 2 6 2 51 229 278
265 2 2 6 2 52 53 301
266 2 2 6 2 229 52 301
267 2 2 6 2 301 53 318
268 2 2 6 2 54 55 234
269 2 2 6 2 54 234 318
270 2 2 6 2 55 56 285
271 2 2 6 2 234 55 285
272 2 2 6 2 56 57 225
273 2 2 6 2 56 225 285
274 2 2 6 2 57 58 279
275 2 2 6 2 225 57 279
276 2 2 6 2 58 59 222
277 2 2 6 2 58 222 279
278 2 2 6 2 59 60 277
279 2 2 6 2 222 59 277
280 2 2 6 2 60 61 227
281 2 2 6 2 60 227 277
282 2 2 6 2 61 62 298
283 2 2 6 2 227 61 298
284 2 2 6 2 298 62 316
285 2 2 6 2 63 64 232
286 2 2 6 2 63 232 316
287 2 2 6 2 64 65 287
288 2 2 6 2 232 64 287
289 2 2 6 2 65 66 223
290 2 2 6 2 65 223 287
291 2 2 6 2 66 67 282
292 2 2 6 2 223 66 282
293 2 2 6 2 67 68 219
294 2 2 6 2 67 219 282
295 2 2 6 2 68 69 235
296 2 2 6 2 219 68 235
297 2 2 6 2 69 70 228
298 2 2 6 2 69 228 235
299 2 2 6 2 70 71 297
300 2 2 6 2 228 70 297
301 2 2 6 2 297 71 317
302 2 2 6 2 72 73 231
303 2 2 6 2 72 231 317
304 2 2 6 2 73 74 307
305 2 2 6 2 231 73 307
306 2 2 6 2 74 75 224
307 2 2 6 2 74 224 307
308 2 2 6 2 75 76 313
309 2 2 6 2 224 75 313
310 2 2 6 2 76 77 220
311 2 2 6 2 76 220 313
312 2 2 6 2 77 78 303
313 2 2 6 2 220 77 303
314 2 2 6 2 78 79 230
315 2 2 6 2 78 230 303
316 2 2 6 2 79 80 299
317 2 2 6 2 230 79 299
318 2 2 6 2 299 80 319
319 2 2 6 2 219 235 236
320 2 2 6 2 219 236 237
321 2 2 6 2 219 237 282
322 2 2 6 2 271 220 273
323 2 2 6 2 220 271 313
324 2 2 6 2 273 220 274
325 2 2 6 2 274 220 303
326 2 2 6 2 221 278 309
327 2 2 6 2 281 221 310
328 2 2 6 2 221 309 310
329 2 2 6 2 222 277 314
330 2 2 6 2 279 222 280
331 2 2 6 2 280 222 314
332 2 2 6 2 276 223 282
333 2 2 6 2 223 276 291
334 2 2 6 2 287 223 291
335 2 2 6 2 269 224 270
336 2 2 6 2 224 269 307
337 2 2 6 2 270 224 271
338 2 2 6 2 271 224 313
339 2 2 6 2 225 264 285
340 2 2 6 2 264 225 305
341 2 2 6 2 225 279 305
342 2 2 6 2 226 281 311
343 2 2 6 2 283 226 306
344 2 2 6 2 306 226 311
345 2 2 6 2 277 227 312
346 2 2 6 2 293 227 298
347 2 2 6 2 227 293 312
348 2 2 6 2 235 228 266
349 2 2 6 2 266 228 267
350 2 2 6 2 267 228 297
351 2 2 6 2 278 229 308
352 2 2 6 2 229 301 320
353 2 2 6 2 308 229 320
354 2 2 6 2 284 230 299
355 2 2 6 2 230 284 300
356 2 2 6 2 230 300 303
357 2 2 6 2 267 231 269
358 2 2 6 2 231 267 297
359 2 2 6 2 269 231 307
360 2 2 6 2 231 297 317
361 2 2 6 2 232 287 293
362 2 2 6 2 232 293 298
363 2 2 6 2 232 298 316
364 2 2 6 2 233 283 284
365 2 2 6 2 233 284 299
366 2 2 6 2 233 299 319
367 2 2 6 2 234 285 304
368 2 2 6 2 301 234 304
369 2 2 6 2 234 301 318
370 2 2 6 2 236 235 266
371 2 2 6 2 237 236 238
372 2 2 6 2 238 236 295
373 2 2 6 2 236 266 295
374 2 2 6 2 237 238 239
375 2 2 6 2 237 239 276
376 2 2 6 2 237 276 282
377 2 2 6 2 239 238 240
378 2 2 6 2 240 238 241
379 2 2 6 2 241 238 295
380 2 2 6 2 239 240 286
381 2 2 6 2 276 239 290
382 2 2 6 2 239 286 290
383 2 2 6 2 240 241 242
384 2 2 6 2 240 242 243
385 2 2 6 2 240 243 286
386 2 2 6 2 242 241 275
387 2 2 6 2 275 241 296
388 2 2 6 2 241 295 296
389 2 2 6 2 243 242 244
390 2 2 6 2 244 242 246
391 2 2 6 2 246 242 275
392 2 2 6 2 243 244 245
393 2 2 6 2 243 245 249
394 2 2 6 2 243 249 286
395 2 2 6 2 245 244 289
396 2 2 6 2 244 246 247
397 2 2 6 2 244 247 289
398 2 2 6 2 249 245 250
399 2 2 6 2 250 245 251
400 2 2 6 2 251 245 289
401 2 2 6 2 247 246 248
402 2 2 6 2 248 246 252
403 2 2 6 2 252 246 275
404 2 2 6 2 247 248 253
405 2 2 6 2 247 253 255
406 2 2 6 2 247 255 289
407 2 2 6 2 248 252 302
408 2 2 6 2 253 248 254
409 2 2 6 2 254 248 302
410 2 2 6 2 249 250 257
411 2 2 6 2 249 257 258
412 2 2 6 2 249 258 286
413 2 2 6 2 250 251 259
414 2 2 6 2 257 250 280
415 2 2 6 2 250 259 280
416 2 2 6 2 259 251 260
417 2 2 6 2 260 251 292
418 2 2 6 2 251 289 292
419 2 2 6 2 252 272 273
420 2 2 6 2 272 252 275
421 2 2 6 2 252 273 302
422 2 2 6 2 253 254 288
423 2 2 6 2 255 253 256
424 2 2 6 2 256 253 288
425 2 2 6 2 288 254 315
426 2 2 6 2 300 254 302
427 2 2 6 2 254 300 315
428 2 2 6 2 255 256 263
429 2 2 6 2 255 263 292
430 2 2 6 2 289 255 292
431 2 2 6 2 263 256 310
432 2 2 6 2 256 288 311
433 2 2 6 2 310 256 311
434 2 2 6 2 258 257 261
435 2 2 6 2 261 257 314
436 2 2 6 2 257 280 314
437 2 2 6 2 258 261 262
438 2 2 6 2 258 262 290
439 2 2 6 2 286 258 290
440 2 2 6 2 259 260 264
441 2 2 6 2 259 264 305
442 2 2 6 2 280 259 305
443 2 2 6 2 264 260 265
444 2 2 6 2 265 260 294
445 2 2 6 2 260 292 294
446 2 2 6 2 262 261 312
447 2 2 6 2 261 277 312
448 2 2 6 2 277 261 314
449 2 2 6 2 290 262 291
450 2 2 6 2 291 262 293
451 2 2 6 2 293 262 312
452 2 2 6 2 292 263 294
453 2 2 6 2 294 263 309
454 2 2 6 2 309 263 310
455 2 2 6 2 264 265 304
456 2 2 6 2 285 264 304
457 2 2 6 2 265 294 308
458 2 2 6 2 304 265 320
459 2 2 6 2 265 308 320
460 2 2 6 2 266 267 268
461 2 2 6 2 266 268 295
462 2 2 6 2 268 267 269
463 2 2 6 2 268 269 270
464 2 2 6 2 268 270 296
465 2 2 6 2 295 268 296
466 2 2 6 2 270 271 272
467 2 2 6 2 270 272 296
468 2 2 6 2 272 271 273
469 2 2 6 2 272 275 296
470 2 2 6 2 273 274 302
471 2 2 6 2 274 300 302
472 2 2 6 2 300 274 303
473 2 2 6 2 276 290 291
474 2 2 6 2 278 308 309
475 2 2 6 2 279 280 305
476 2 2 6 2 281 310 311
477 2 2 6 2 284 283 306
478 2 2 6 2 300 284 315
479 2 2 6 2 284 306 315
480 2 2 6 2 287 291 293
481 2 2 6 2 288 306 311
482 2 2 6 2 306 288 315
483 2 2 6 2 308 294 309
484 2 2 6 2 301 304 320
485 2 2 3 3 1 9 417
486 2 2 3 3 81 1 417
487 2 2 3 3 17 2 420
488 2 2 3 3 2 90 420
489 2 2 3 3 45 5 419
490 2 2 3 3 5 89 419
491 2 2 3 3 6 53 418
492 2 2 3 3 98 6 418
493 2 2 3 3 9 10 391
494 2 2 3 3 9 391 417
495 2 2 3 3 10 11 407
496 2 2 3 3 391 10 407
497 2 2 3 3 11 12 325
498 2 2 3 3 11 325 407
499 2 2 3 3 12 13 379
500 2 2 3 3 325 12 379
501 2 2 3 3 13 14 323
502 2 2 3 3 13 323 379
503 2 2 3 3 14 15 374
504 2 2 3 3 323 14 374
505 2 2 3 3 15 16 330
506 2 2 3 3 15 330 374
507 2 2 3 3 16 17 401
508 2 2 3 3 330 16 401
509 2 2 3 3 401 17 420
510 2 2 3 3 46 45 334
511 2 2 3 3 334 45 419
512 2 2 3 3 47 46 414
513 2 2 3 3 46 334 414
514 2 2 3 3 48 47 328
515 2 2 3 3 328 47 414
516 2 2 3 3 49 48 416
517 2 2 3 3 48 328 416
518 2 2 3 3 50 49 324
519 2 2 3 3 324 49 416
520 2 2 3 3 51 50 375
521 2 2 3 3 50 324 375
522 2 2 3 3 52 51 329
523 2 2 3 3 329 51 375
524 2 2 3 3 53 52 402
525 2 2 3 3 52 329 402
526 2 2 3 3 53 402 418
527 2 2 3 3 82 81 333
528 2 2 3 3 333 81 417
529 2 2 3 3 83 82 389
530 2 2 3 3 82 333 389
531 2 2 3 3 84 83 326
532 2 2 3 3 326 83 389
533 2 2 3 3 85 84 385
534 2 2 3 3 84 326 385
535 2 2 3 3 86 85 322
536 2 2 3 3 322 85 385
537 2 2 3 3 87 86 336
538 2 2 3 3 86 322 336
539 2 2 3 3 88 87 331
540 2 2 3 3 331 87 336
541 2 2 3 3 89 88 400
542 2 2 3 3 88 331 400
543 2 2 3 3 89 400 419
544 2 2 3 3 90 91 335
545 2 2 3 3 90 335 420
546 2 2 3 3 91 92 392
547 2 2 3 3 335 91 392
548 2 2 3 3 92 93 327
549 2 2 3 3 92 327 392
550 2 2 3 3 93 94 384
551 2 2 3 3 327 93 384
552 2 2 3 3 94 95 321
553 2 2 3 3 94 321 384
554 2 2 3 3 95 96 376
555 2 2 3 3 321 95 376
556 2 2 3 3 96 97 332
557 2 2 3 3 96 332 376
558 2 2 3 3 97 98 387
559 2 2 3 3 332 97 387
560 2 2 3 3 387 98 418
561 2 2 3 3 321 376 413
562 2 2 3 3 384 321 412
563 2 2 3 3 412 321 413
564 2 2 3 3 336 322 337
565 2 2 3 3 337 322 338
566 2 2 3 3 338 322 385
567 2 2 3 3 323 374 408
568 2 2 3 3 379 323 383
569 2 2 3 3 383 323 408
570 2 2 3 3 324 370 372
571 2 2 3 3 370 324 416
572 2 2 3 3 324 372 409
573 2 2 3 3 375 324 409
574 2 2 3 3 325 379 380
575 2 2 3 3 325 380 381
576 2 2 3 3 325 381 407
577 2 2 3 3 326 377 385
578 2 2 3 3 377 326 386
579 2 2 3 3 386 326 389
580 2 2 3 3 327 384 410
581 2 2 3 3 392 327 411
582 2 2 3 3 327 410 411
583 2 2 3 3 328 368 369
584 2 2 3 3 368 328 414
585 2 2 3 3 328 369 370
586 2 2 3 3 328 370 416
587 2 2 3 3 361 329 375
588 2 2 3 3 329 361 405
589 2 2 3 3 402 329 405
590 2 2 3 3 330 363 374
591 2 2 3 3 363 330 406
592 2 2 3 3 330 401 406
593 2 2 3 3 331 336 365
594 2 2 3 3 331 365 366
595 2 2 3 3 331 366 400
596 2 2 3 3 376 332 415
597 2 2 3 3 332 387 423
598 2 2 3 3 415 332 423
599 2 2 3 3 389 333 390
600 2 2 3 3 390 333 391
601 2 2 3 3 391 333 417
602 2 2 3 3 334 366 368
603 2 2 3 3 366 334 400
604 2 2 3 3 334 368 414
605 2 2 3 3 400 334 419
606 2 2 3 3 335 392 422
607 2 2 3 3 401 335 406
608 2 2 3 3 335 401 420
609 2 2 3 3 406 335 422
610 2 2 3 3 336 337 365
611 2 2 3 3 337 338 339
612 2 2 3 3 337 339 393
613 2 2 3 3 365 337 393
614 2 2 3 3 339 338 340
615 2 2 3 3 340 338 377
616 2 2 3 3 377 338 385
617 2 2 3 3 339 340 341
618 2 2 3 3 339 341 342
619 2 2 3 3 339 342 393
620 2 2 3 3 341 340 394
621 2 2 3 3 340 377 378
622 2 2 3 3 340 378 394
623 2 2 3 3 342 341 343
624 2 2 3 3 343 341 344
625 2 2 3 3 344 341 394
626 2 2 3 3 342 343 399
627 2 2 3 3 342 373 393
628 2 2 3 3 373 342 399
629 2 2 3 3 343 344 345
630 2 2 3 3 343 345 346
631 2 2 3 3 343 346 399
632 2 2 3 3 345 344 347
633 2 2 3 3 347 344 350
634 2 2 3 3 350 344 394
635 2 2 3 3 346 345 395
636 2 2 3 3 345 347 348
637 2 2 3 3 345 348 395
638 2 2 3 3 346 395 397
639 2 2 3 3 346 397 398
640 2 2 3 3 346 398 399
641 2 2 3 3 348 347 349
642 2 2 3 3 349 347 396
643 2 2 3 3 347 350 396
644 2 2 3 3 348 349 351
645 2 2 3 3 348 351 352
646 2 2 3 3 348 352 395
647 2 2 3 3 351 349 353
648 2 2 3 3 353 349 355
649 2 2 3 3 355 349 396
650 2 2 3 3 350 382 404
651 2 2 3 3 382 350 424
652 2 2 3 3 350 394 424
653 2 2 3 3 396 350 404
654 2 2 3 3 352 351 354
655 2 2 3 3 351 353 388
656 2 2 3 3 354 351 388
657 2 2 3 3 352 354 356
658 2 2 3 3 352 356 357
659 2 2 3 3 352 357 395
660 2 2 3 3 353 355 363
661 2 2 3 3 353 363 364
662 2 2 3 3 353 364 388
663 2 2 3 3 356 354 412
664 2 2 3 3 354 388 410
665 2 2 3 3 354 410 412
666 2 2 3 3 363 355 408
667 2 2 3 3 383 355 396
668 2 2 3 3 355 383 408
669 2 2 3 3 357 356 358
670 2 2 3 3 358 356 413
671 2 2 3 3 356 412 413
672 2 2 3 3 357 358 359
673 2 2 3 3 357 359 397
674 2 2 3 3 395 357 397
675 2 2 3 3 359 358 360
676 2 2 3 3 360 358 415
677 2 2 3 3 358 413 415
678 2 2 3 3 359 360 361
679 2 2 3 3 359 361 362
680 2 2 3 3 359 362 397
681 2 2 3 3 361 360 405
682 2 2 3 3 405 360 423
683 2 2 3 3 360 415 423
684 2 2 3 3 362 361 409
685 2 2 3 3 361 375 409
686 2 2 3 3 362 372 398
687 2 2 3 3 372 362 409
688 2 2 3 3 397 362 398
689 2 2 3 3 364 363 406
690 2 2 3 3 374 363 408
691 2 2 3 3 388 364 411
692 2 2 3 3 364 406 422
693 2 2 3 3 411 364 422
694 2 2 3 3 366 365 367
695 2 2 3 3 367 365 393
696 2 2 3 3 366 367 368
697 2 2 3 3 368 367 369
698 2 2 3 3 369 367 373
699 2 2 3 3 373 367 393
700 2 2 3 3 370 369 371
701 2 2 3 3 371 369 373
702 2 2 3 3 370 371 372
703 2 2 3 3 372 371 398
704 2 2 3 3 371 373 399
705 2 2 3 3 398 371 399
706 2 2 3 3 413 376 415
707 2 2 3 3 378 377 386
708 2 2 3 3 378 386 403
709 2 2 3 3 394 378 424
710 2 2 3 3 378 403 424
711 2 2 3 3 380 379 383
712 2 2 3 3 381 380 382
713 2 2 3 3 382 380 404
714 2 2 3 3 380 383 404
715 2 2 3 3 381 382 403
716 2 2 3 3 381 403 421
717 2 2 3 3 407 381 421
718 2 2 3 3 403 382 424
719 2 2 3 3 383 396 404
720 2 2 3 3 410 384 412
721 2 2 3 3 386 389 390
722 2 2 3 3 386 390 403
723 2 2 3 3 387 402 405
724 2 2 3 3 402 387 418
725 2 2 3 3 387 405 423
726 2 2 3 3 410 388 411
727 2 2 3 3 390 391 421
728 2 2 3 3 403 390 421
729 2 2 3 3 391 407 421
730 2 2 3 3 392 411 422
731 2 2 2 4 2 18 521
732 2 2 2 4 90 2 521
733 2 2 2 4 26 3 524
734 2 2 2 4 3 99 524
735 2 2 2 4 54 6 523
736 2 2 2 4 6 98 523
737 2 2 2 4 7 62 522
738 2 2 2 4 107 7 522
739 2 2 2 4 18 19 495
740 2 2 2 4 18 495 521
741 2 2 2 4 19 20 511
742 2 2 2 4 495 19 511
743 2 2 2 4 20 21 429
744 2 2 2 4 20 429 511
745 2 2 2 4 21 22 483
746 2 2 2 4 429 21 483
747 2 2 2 4 22 23 427
748 2 2 2 4 22 427 483
749 2 2 2 4 23 24 478
750 2 2 2 4 427 23 478
751 2 2 2 4 24 25 434
752 2 2 2 4 24 434 478
753 2 2 2 4 25 26 505
754 2 2 2 4 434 25 505
755 2 2 2 4 505 26 524
756 2 2 2 4 55 54 438
757 2 2 2 4 438 54 523
758 2 2 2 4 56 55 518
759 2 2 2 4 55 438 518
760 2 2 2 4 57 56 432
761 2 2 2 4 432 56 518
762 2 2 2 4 58 57 520
763 2 2 2 4 57 432 520
764 2 2 2 4 59 58 428
765 2 2 2 4 428 58 520
766 2 2 2 4 60 59 479
767 2 2 2 4 59 428 479
768 2 2 2 4 61 60 433
769 2 2 2 4 433 60 479
770 2 2 2 4 62 61 506
771 2 2 2 4 61 433 506
772 2 2 2 4 62 506 522
773 2 2 2 4 91 90 437
774 2 2 2 4 437 90 521
775 2 2 2 4 92 91 493
776 2 2 2 4 91 437 493
777 2 2 2 4 93 92 430
778 2 2 2 4 430 92 493
779 2 2 2 4 94 93 489
780 2 2 2 4 93 430 489
781 2 2 2 4 95 94 426
782 2 2 2 4 426 94 489
783 2 2 2 4 96 95 440
784 2 2 2 4 95 426 440
785 2 2 2 4 97 96 435
786 2 2 2 4 435 96 440
787 2 2 2 4 98 97 504
788 2 2 2 4 97 435 504
789 2 2 2 4 98 504 523
790 2 2 2 4 99 100 439
791 2 2 2 4 99 439 524
792 2 2 2 4 100 101 496
793 2 2 2 4 439 100 496
794 2 2 2 4 101 102 431
795 2 2 2 4 101 431 496
796 2 2 2 4 102 103 488
797 2 2 2 4 431 102 488
798 2 2 2 4 103 104 425
799 2 2 2 4 103 425 488
800 2 2 2 4 104 105 480
801 2 2 2 4 425 104 480
802 2 2 2 4 105 106 436
803 2 2 2 4 105 436 480
804 2 2 2 4 106 107 491
805 2 2 2 4 436 106 491
806 2 2 2 4 491 107 522
807 2 2 2 4 425 480 517
808 2 2 2 4 488 425 516
809 2 2 2 4 516 425 517
810 2 2 2 4 440 426 441
811 2 2 2 4 441 426 442
812 2 2 2 4 442 426 489
813 2 2 2 4 427 478 512
814 2 2 2 4 483 427 487
815 2 2 2 4 487 427 512
816 2 2 2 4 428 474 476
817 2 2 2 4 474 428 520
818 2 2 2 4 428 476 513
819 2 2 2 4 479 428 513
820 2 2 2 4 429 483 484
821 2 2 2 4 429 484 485
822 2 2 2 4 429 485 511
823 2 2 2 4 430 481 489
824 2 2 2 4 481 430 490
825 2 2 2 4 490 430 493
826 2 2 2 4 431 488 514
827 2 2 2 4 496 431 515
828 2 2 2 4 431 514 515
829 2 2 2 4 432 472 473
830 2 2 2 4 472 432 518
831 2 2 2 4 432 473 474
832 2 2 2 4 432 474 520
833 2 2 2 4 465 433 479
834 2 2 2 4 433 465 509
835 2 2 2 4 506 433 509
836 2 2 2 4 434 467 478
837 2 2 2 4 467 434 510
838 2 2 2 4 434 505 510
839 2 2 2 4 435 440 469
840 2 2 2 4 435 469 470
841 2 2 2 4 435 470 504
842 2 2 2 4 480 436 519
843 2 2 2 4 436 491 527
844 2 2 2 4 519 436 527
845 2 2 2 4 493 437 494
846 2 2 2 4 494 437 495
847 2 2 2 4 495 437 521
848 2 2 2 4 438 470 472
849 2 2 2 4 470 438 504
850 2 2 2 4 438 472 518
851 2 2 2 4 504 438 523
852 2 2 2 4 439 496 526
853 2 2 2 4 505 439 510
854 2 2 2 4 439 505 524
855 2 2 2 4 510 439 526
856 2 2 2 4 440 441 469
857 2 2 2 4 441 442 443
858 2 2 2 4 441 443 497
859 2 2 2 4 469 441 497
860 2 2 2 4 443 442 444
861 2 2 2 4 444 442 481
862 2 2 2 4 481 442 489
863 2 2 2 4 443 444 445
864 2 2 2 4 443 445 446
865 2 2 2 4 443 446 497
866 2 2 2 4 445 444 498
867 2 2 2 4 444 481 482
868 2 2 2 4 444 482 498
869 2 2 2 4 446 445 447
870 2 2 2 4 447 445 448
871 2 2 2 4 448 445 498
872 2 2 2 4 446 447 503
873 2 2 2 4 446 477 497
874 2 2 2 4 477 446 503
875 2 2 2 4 447 448 449
876 2 2 2 4 447 449 450
877 2 2 2 4 447 450 503
878 2 2 2 4 449 448 451
879 2 2 2 4 451 448 454
880 2 2 2 4 454 448 498
881 2 2 2 4 450 449 499
882 2 2 2 4 449 451 452
883 2 2 2 4 449 452 499
884 2 2 2 4 450 499 501
885 2 2 2 4 450 501 502
886 2 2 2 4 450 502 503
887 2 2 2 4 452 451 453
888 2 2 2 4 453 451 500
889 2 2 2 4 451 454 500
890 2 2 2 4 452 453 455
891 2 2 2 4 452 455 456
892 2 2 2 4 452 456 499
893 2 2 2 4 455 453 457
894 2 2 2 4 457 453 459
895 2 2 2 4 459 453 500
896 2 2 2 4 454 486 508
897 2 2 2 4 486 454 528
898 2 2 2 4 454 498 528
899 2 2 2 4 500 454 508
900 2 2 2 4 456 455 458
901 2 2 2 4 455 457 492
902 2 2 2 4 458 455 492
903 2 2 2 4 456 458 460
904 2 2 2 4 456 460 461
905 2 2 2 4 456 461 499
906 2 2 2 4 457 459 467
907 2 2 2 4 457 467 468
908 2 2 2 4 457 468 492
909 2 2 2 4 460 458 516
910 2 2 2 4 458 492 514
911 2 2 2 4 458 514 516
912 2 2 2 4 467 459 512
913 2 2 2 4 487 459 500
914 2 2 2 4 459 487 512
915 2 2 2 4 461 460 462
916 2 2 2 4 462 460 517
917 2 2 2 4 460 516 517
918 2 2 2 4 461 462 463
919 2 2 2 4 461 463 501
920 2 2 2 4 499 461 501
921 2 2 2 4 463 462 464
922 2 2 2 4 464 462 519
923 2 2 2 4 462 517 519
924 2 2 2 4 463 464 465
925 2 2 2 4 463 465 466
926 2 2 2 4 463 466 501
927 2 2 2 4 465 464 509
928 2 2 2 4 509 464 527
929 2 2 2 4 464 519 527
930 2 2 2 4 466 465 513
931 2 2 2 4 465 479 513
932 2 2 2 4 466 476 502
933 2 2 2 4 476 466 513
934 2 2 2 4 501 466 502
935 2 2 2 4 468 467 510
936 2 2 2 4 478 467 512
937 2 2 2 4 492 468 515
938 2 2 2 4 468 510 526
939 2 2 2 4 515 468 526
940 2 2 2 4 470 469 471
941 2 2 2 4 471 469 497
942 2 2 2 4 470 471 472
943 2 2 2 4 472 471 473
944 2 2 2 4 473 471 477
945 2 2 2 4 477 471 497
946 2 2 2 4 474 473 475
947 2 2 2 4 475 473 477
948 2 2 2 4 474 475 476
949 2 2 2 4 476 475 502
950 2 2 2 4 475 477 503
951 2 2 2 4 502 475 503
952 2 2 2 4 517 480 519
953 2 2 2 4 482 481 490
954 2 2 2 4 482 490 507
955 2 2 2 4 498 482 528
956 2 2 2 4 482 507 528
957 2 2 2 4 484 483 487
958 2 2 2 4 485 484 486
959 2 2 2 4 486 484 508
960 2 2 2 4 484 487 508
961 2 2 2 4 485 486 507
962 2 2 2 4 485 507 525
963 2 2 2 4 511 485 525
964 2 2 2 4 507 486 528
965 2 2 2 4 487 500 508
966 2 2 2 4 514 488 516
967 2 2 2 4 490 493 494
968 2 2 2 4 490 494 507
969 2 2 2 4 491 506 509
970 2 2 2 4 506 491 522
971 2 2 2 4 491 509 527
972 2 2 2 4 514 492 515
973 2 2 2 4 494 495 525
974 2 2 2 4 507 494 525
975 2 2 2 4 495 511 525
976 2 2 2 4 496 515 526
977 2 2 4 5 3 27 625
978 2 2 4 5 99 3 625
979 2 2 4 5 35 4 628
980 2 2 4 5 4 108 628
981 2 2 4 5 63 7 626
982 2 2 4 5 7 107 626
983 2 2 4 5 8 71 627
984 2 2 4 5 116 8 627
985 2 2 4 5 27 28 541
986 2 2 4 5 27 541 625
987 2 2 4 5 28 29 599
988 2 2 4 5 541 28 599
989 2 2 4 5 29 30 533
990 2 2 4 5 29 533 599
991 2 2 4 5 30 31 594
992 2 2 4 5 533 30 594
993 2 2 4 5 31 32 530
994 2 2 4 5 31 530 594
995 2 2 4 5 32 33 544
996 2 2 4 5 530 32 544
997 2 2 4 5 33 34 539
998 2 2 4 5 33 539 544
999 2 2 4 5 34 35 610
1000 2 2 4 5 539 34 610
1001 2 2 4 5 610 35 628
1002 2 2 4 5 64 63 542
1003 2 2 4 5 542 63 626
1004 2 2 4 5 65 64 600
1005 2 2 4 5 64 542 600
1006 2 2 4 5 66 65 534
1007 2 2 4 5 534 65 600
1008 2 2 4 5 67 66 586
1009 2 2 4 5 66 534 586
1010 2 2 4 5 68 67 529
1011 2 2 4 5 529 67 586
1012 2 2 4 5 69 68 582
1013 2 2 4 5 68 529 582
1014 2 2 4 5 70 69 537
1015 2 2 4 5 537 69 582
1016 2 2 4 5 71 70 595
1017 2 2 4 5 70 537 595
1018 2 2 4 5 71 595 627
1019 2 2 4 5 100 99 609
1020 2 2 4 5 609 99 625
1021 2 2 4 5 101 100 596
1022 2 2 4 5 596 100 609
1023 2 2 4 5 102 101 536
1024 2 2 4 5 536 101 596
1025 2 2 4 5 103 102 588
1026 2 2 4 5 102 536 588
1027 2 2 4 5 104 103 531
1028 2 2 4 5 531 103 588
1029 2 2 4 5 105 104 583
1030 2 2 4 5 104 531 583
1031 2 2 4 5 106 105 538
1032 2 2 4 5 538 105 583
1033 2 2 4 5 107 106 608
1034 2 2 4 5 106 538 608
1035 2 2 4 5 107 608 626
1036 2 2 4 5 108 109 543
1037 2 2 4 5 108 543 628
1038 2 2 4 5 109 110 620
1039 2 2 4 5 543 109 620
1040 2 2 4 5 110 111 535
1041 2 2 4 5 110 535 620
1042 2 2 4 5 111 112 624
1043 2 2 4 5 535 111 624
1044 2 2 4 5 112 113 532
1045 2 2 4 5 112 532 624
1046 2 2 4 5 113 114 587
1047 2 2 4 5 532 113 587
1048 2 2 4 5 114 115 540
1049 2 2 4 5 114 540 587
1050 2 2 4 5 115 116 611
1051 2 2 4 5 540 115 611
1052 2 2 4 5 611 116 627
1053 2 2 4 5 582 529 622
1054 2 2 4 5 529 586 621
1055 2 2 4 5 529 621 622
1056 2 2 4 5 530 544 545
1057 2 2 4 5 530 545 546
1058 2 2 4 5 530 546 594
1059 2 2 4 5 583 531 616
1060 2 2 4 5 531 588 592
1061 2 2 4 5 531 592 616
1062 2 2 4 5 578 532 580
1063 2 2 4 5 532 578 624
1064 2 2 4 5 580 532 617
1065 2 2 4 5 532 587 617
1066 2 2 4 5 584 533 594
1067 2 2 4 5 533 584 598
1068 2 2 4 5 533 598 599
1069 2 2 4 5 586 534 618
1070 2 2 4 5 534 600 619
1071 2 2 4 5 618 534 619
1072 2 2 4 5 576 535 577
1073 2 2 4 5 535 576 620
1074 2 2 4 5 577 535 578
1075 2 2 4 5 578 535 624
1076 2 2 4 5 588 536 589
1077 2 2 4 5 589 536 590
1078 2 2 4 5 590 536 596
1079 2 2 4 5 537 582 623
1080 2 2 4 5 595 537 630
1081 2 2 4 5 537 623 630
1082 2 2 4 5 571 538 583
1083 2 2 4 5 538 571 615
1084 2 2 4 5 608 538 615
1085 2 2 4 5 544 539 573
1086 2 2 4 5 573 539 574
1087 2 2 4 5 574 539 610
1088 2 2 4 5 540 569 587
1089 2 2 4 5 569 540 614
1090 2 2 4 5 540 611 614
1091 2 2 4 5 541 597 609
1092 2 2 4 5 597 541 632
1093 2 2 4 5 541 599 632
1094 2 2 4 5 541 609 625
1095 2 2 4 5 600 542 629
1096 2 2 4 5 542 608 615
1097 2 2 4 5 608 542 626
1098 2 2 4 5 542 615 629
1099 2 2 4 5 574 543 576
1100 2 2 4 5 543 574 610
1101 2 2 4 5 576 543 620
1102 2 2 4 5 543 610 628
1103 2 2 4 5 545 544 573
1104 2 2 4 5 546 545 547
1105 2 2 4 5 547 545 605
1106 2 2 4 5 545 573 605
1107 2 2 4 5 546 547 548
1108 2 2 4 5 546 548 584
1109 2 2 4 5 546 584 594
1110 2 2 4 5 548 547 549
1111 2 2 4 5 549 547 550
1112 2 2 4 5 550 547 605
1113 2 2 4 5 548 549 601
1114 2 2 4 5 584 548 585
1115 2 2 4 5 585 548 601
1116 2 2 4 5 549 550 551
1117 2 2 4 5 549 551 552
1118 2 2 4 5 549 552 601
1119 2 2 4 5 551 550 607
1120 2 2 4 5 581 550 605
1121 2 2 4 5 550 581 607
1122 2 2 4 5 552 551 553
1123 2 2 4 5 553 551 554
1124 2 2 4 5 554 551 607
1125 2 2 4 5 552 553 555
1126 2 2 4 5 552 555 558
1127 2 2 4 5 552 558 601
1128 2 2 4 5 553 554 602
1129 2 2 4 5 555 553 556
1130 2 2 4 5 556 553 602
1131 2 2 4 5 602 554 604
1132 2 2 4 5 604 554 606
1133 2 2 4 5 606 554 607
1134 2 2 4 5 555 556 557
1135 2 2 4 5 555 557 603
1136 2 2 4 5 558 555 603
1137 2 2 4 5 557 556 559
1138 2 2 4 5 559 556 560
1139 2 2 4 5 560 556 602
1140 2 2 4 5 557 559 561
1141 2 2 4 5 557 561 563
1142 2 2 4 5 557 563 603
1143 2 2 4 5 591 558 613
1144 2 2 4 5 558 591 631
1145 2 2 4 5 601 558 631
1146 2 2 4 5 558 603 613
1147 2 2 4 5 559 560 562
1148 2 2 4 5 561 559 593
1149 2 2 4 5 559 562 593
1150 2 2 4 5 562 560 564
1151 2 2 4 5 564 560 565
1152 2 2 4 5 565 560 602
1153 2 2 4 5 563 561 571
1154 2 2 4 5 571 561 572
1155 2 2 4 5 572 561 593
1156 2 2 4 5 562 564 621
1157 2 2 4 5 593 562 618
1158 2 2 4 5 618 562 621
1159 2 2 4 5 563 571 616
1160 2 2 4 5 563 592 603
1161 2 2 4 5 592 563 616
1162 2 2 4 5 564 565 566
1163 2 2 4 5 564 566 622
1164 2 2 4 5 621 564 622
1165 2 2 4 5 566 565 567
1166 2 2 4 5 567 565 604
1167 2 2 4 5 565 602 604
1168 2 2 4 5 566 567 568
1169 2 2 4 5 566 568 623
1170 2 2 4 5 622 566 623
1171 2 2 4 5 568 567 569
1172 2 2 4 5 569 567 570
1173 2 2 4 5 570 567 604
1174 2 2 4 5 568 569 614
1175 2 2 4 5 568 614 630
1176 2 2 4 5 623 568 630
1177 2 2 4 5 569 570 617
1178 2 2 4 5 587 569 617
1179 2 2 4 5 580 570 606
1180 2 2 4 5 570 580 617
1181 2 2 4 5 570 604 606
1182 2 2 4 5 571 572 615
1183 2 2 4 5 571 583 616
1184 2 2 4 5 572 593 619
1185 2 2 4 5 615 572 629
1186 2 2 4 5 572 619 629
1187 2 2 4 5 573 574 575
1188 2 2 4 5 573 575 605
1189 2 2 4 5 575 574 576
1190 2 2 4 5 575 576 577
1191 2 2 4 5 575 577 581
1192 2 2 4 5 575 581 605
1193 2 2 4 5 577 578 579
1194 2 2 4 5 577 579 581
1195 2 2 4 5 579 578 580
1196 2 2 4 5 579 580 606
1197 2 2 4 5 581 579 607
1198 2 2 4 5 579 606 607
1199 2 2 4 5 582 622 623
1200 2 2 4 5 584 585 598
1201 2 2 4 5 598 585 612
1202 2 2 4 5 585 601 631
1203 2 2 4 5 612 585 631
1204 2 2 4 5 586 618 621
1205 2 2 4 5 588 589 592
1206 2 2 4 5 589 590 591
1207 2 2 4 5 589 591 613
1208 2 2 4 5 592 589 613
1209 2 2 4 5 591 590 612
1210 2 2 4 5 590 596 597
1211 2 2 4 5 590 597 612
1212 2 2 4 5 591 612 631
1213 2 2 4 5 603 592 613
1214 2 2 4 5 593 618 619
1215 2 2 4 5 611 595 614
1216 2 2 4 5 595 611 627
1217 2 2 4 5 614 595 630
1218 2 2 4 5 597 596 609
1219 2 2 4 5 612 597 632
1220 2 2 4 5 599 598 632
1221 2 2 4 5 598 612 632
1222 2 2 4 5 619 600 629
1223 2 2 1 6 44 1 732
1224 2 2 1 6 1 81 732
1225 2 2 1 6 4 36 729
1226 2 2 1 6 108 4 729
1227 2 2 1 6 5 80 731
1228 2 2 1 6 89 5 731
1229 2 2 1 6 72 8 730
1230 2 2 1 6 8 116 730
1231 2 2 1 6 36 37 645
1232 2 2 1 6 36 645 729
1233 2 2 1 6 37 38 703
1234 2 2 1 6 645 37 703
1235 2 2 1 6 38 39 637
1236 2 2 1 6 38 637 703
1237 2 2 1 6 39 40 698
1238 2 2 1 6 637 39 698
1239 2 2 1 6 40 41 634
1240 2 2 1 6 40 634 698
1241 2 2 1 6 41 42 648
1242 2 2 1 6 634 41 648
1243 2 2 1 6 42 43 643
1244 2 2 1 6 42 643 648
1245 2 2 1 6 43 44 714
1246 2 2 1 6 643 43 714
1247 2 2 1 6 714 44 732
1248 2 2 1 6 73 72 646
1249 2 2 1 6 646 72 730
1250 2 2 1 6 74 73 704
1251 2 2 1 6 73 646 704
1252 2 2 1 6 75 74 638
1253 2 2 1 6 638 74 704
1254 2 2 1 6 76 75 690
1255 2 2 1 6 75 638 690
1256 2 2 1 6 77 76 633
1257 2 2 1 6 633 76 690
1258 2 2 1 6 78 77 686
1259 2 2 1 6 77 633 686
1260 2 2 1 6 79 78 641
1261 2 2 1 6 641 78 686
1262 2 2 1 6 80 79 699
1263 2 2 1 6 79 641 699
1264 2 2 1 6 80 699 731
1265 2 2 1 6 81 82 647
1266 2 2 1 6 81 647 732
1267 2 2 1 6 82 83 724
1268 2 2 1 6 647 82 724
1269 2 2 1 6 83 84 639
1270 2 2 1 6 83 639 724
1271 2 2 1 6 84 85 728
1272 2 2 1 6 639 84 728
1273 2 2 1 6 85 86 636
1274 2 2 1 6 85 636 728
1275 2 2 1 6 86 87 691
1276 2 2 1 6 636 86 691
1277 2 2 1 6 87 88 644
1278 2 2 1 6 87 644 691
1279 2 2 1 6 88 89 715
1280 2 2 1 6 644 88 715
1281 2 2 1 6 715 89 731
1282 2 2 1 6 109 108 713
1283 2 2 1 6 713 108 729
1284 2 2 1 6 110 109 700
1285 2 2 1 6 700 109 713
1286 2 2 1 6 111 110 640
1287 2 2 1 6 640 110 700
1288 2 2 1 6 112 111 692
1289 2 2 1 6 111 640 692
1290 2 2 1 6 113 112 635
1291 2 2 1 6 635 112 692
1292 2 2 1 6 114 113 687
1293 2 2 1 6 113 635 687
1294 2 2 1 6 115 114 642
1295 2 2 1 6 642 114 687
1296 2 2 1 6 116 115 712
1297 2 2 1 6 115 642 712
1298 2 2 1 6 116 712 730
1299 2 2 1 6 686 633 726
1300 2 2 1 6 633 690 725
1301 2 2 1 6 633 725 726
1302 2 2 1 6 634 648 649
1303 2 2 1 6 634 649 650
1304 2 2 1 6 634 650 698
1305 2 2 1 6 687 635 720
1306 2 2 1 6 635 692 696
1307 2 2 1 6 635 696 720
1308 2 2 1 6 682 636 684
1309 2 2 1 6 636 682 728
1310 2 2 1 6 684 636 721
1311 2 2 1 6 636 691 721
1312 2 2 1 6 688 637 698
1313 2 2 1 6 637 688 702
1314 2 2 1 6 637 702 703
1315 2 2 1 6 690 638 722
1316 2 2 1 6 638 704 723
1317 2 2 1 6 722 638 723
1318 2 2 1 6 680 639 681
1319 2 2 1 6 639 680 724
1320 2 2 1 6 681 639 682
1321 2 2 1 6 682 639 728
1322 2 2 1 6 692 640 693
1323 2 2 1 6 693 640 694
1324 2 2 1 6 694 640 700
1325 2 2 1 6 641 686 727
1326 2 2 1 6 699 641 734
1327 2 2 1 6 641 727 734
1328 2 2 1 6 675 642 687
1329 2 2 1 6 642 675 719
1330 2 2 1 6 712 642 719
1331 2 2 1 6 648 643 677
1332 2 2 1 6 677 643 678
1333 2 2 1 6 678 643 714
1334 2 2 1 6 644 673 691
1335 2 2 1 6 673 644 718
1336 2 2 1 6 644 715 718
1337 2 2 1 6 645 701 713
1338 2 2 1 6 701 645 736
1339 2 2 1 6 645 703 736
1340 2 2 1 6 645 713 729
1341 2 2 1 6 704 646 733
1342 2 2 1 6 646 712 719
1343 2 2 1 6 712 646 730
1344 2 2 1 6 646 719 733
1345 2 2 1 6 678 647 680
1346 2 2 1 6 647 678 714
1347 2 2 1 6 680 647 724
1348 2 2 1 6 647 714 732
1349 2 2 1 6 649 648 677
1350 2 2 1 6 650 649 651
1351 2 2 1 6 651 649 709
1352 2 2 1 6 649 677 709
1353 2 2 1 6 650 651 652
1354 2 2 1 6 650 652 688
1355 2 2 1 6 650 688 698
1356 2 2 1 6 652 651 653
1357 2 2 1 6 653 651 654
1358 2 2 1 6 654 651 709
1359 2 2 1 6 652 653 705
1360 2 2 1 6 688 652 689
1361 2 2 1 6 689 652 705
1362 2 2 1 6 653 654 655
1363 2 2 1 6 653 655 656
1364 2 2 1 6 653 656 705
1365 2 2 1 6 655 654 711
1366 2 2 1 6 685 654 709
1367 2 2 1 6 654 685 711
1368 2 2 1 6 656 655 657
1369 2 2 1 6 657 655 658
1370 2 2 1 6 658 655 711
1371 2 2 1 6 656 657 659
1372 2 2 1 6 656 659 662
1373 2 2 1 6 656 662 705
1374 2 2 1 6 657 658 706
1375 2 2 1 6 659 657 660
1376 2 2 1 6 660 657 706
1377 2 2 1 6 706 658 708
1378 2 2 1 6 708 658 710
1379 2 2 1 6 710 658 711
1380 2 2 1 6 659 660 661
1381 2 2 1 6 659 661 707
1382 2 2 1 6 662 659 707
1383 2 2 1 6 661 660 663
1384 2 2 1 6 663 660 664
1385 2 2 1 6 664 660 706
1386 2 2 1 6 661 663 665
1387 2 2 1 6 661 665 667
1388 2 2 1 6 661 667 707
1389 2 2 1 6 695 662 717
1390 2 2 1 6 662 695 735
1391 2 2 1 6 705 662 735
1392 2 2 1 6 662 707 717
1393 2 2 1 6 663 664 666
1394 2 2 1 6 665 663 697
1395 2 2 1 6 663 666 697
1396 2 2 1 6 666 664 668
1397 2 2 1 6 668 664 669
1398 2 2 1 6 669 664 706
1399 2 2 1 6 667 665 675
1400 2 2 1 6 675 665 676
1401 2 2 1 6 676 665 697
1402 2 2 1 6 666 668 725
1403 2 2 1 6 697 666 722
1404 2 2 1 6 722 666 725
1405 2 2 1 6 667 675 720
1406 2 2 1 6 667 696 707
1407 2 2 1 6 696 667 720
1408 2 2 1 6 668 669 670
1409 2 2 1 6 668 670 726
1410 2 2 1 6 725 668 726
1411 2 2 1 6 670 669 671
1412 2 2 1 6 671 669 708
1413 2 2 1 6 669 706 708
1414 2 2 1 6 670 671 672
1415 2 2 1 6 670 672 727
1416 2 2 1 6 726 670 727
1417 2 2 1 6 672 671 673
1418 2 2 1 6 673 671 674
1419 2 2 1 6 674 671 708
1420 2 2 1 6 672 673 718
1421 2 2 1 6 672 718 734
1422 2 2 1 6 727 672 734
1423 2 2 1 6 673 674 721
1424 2 2 1 6 691 673 721
1425 2 2 1 6 684 674 710
1426 2 2 1 6 674 684 721
1427 2 2 1 6 674 708 710
1428 2 2 1 6 675 676 719
1429 2 2 1 6 675 687 720
1430 2 2 1 6 676 697 723
1431 2 2 1 6 719 676 733
1432 2 2 1 6 676 723 733
1433 2 2 1 6 677 678 679
1434 2 2 1 6 677 679 709
1435 2 2 1 6 679 678 680
1436 2 2 1 6 679 680 681
1437 2 2 1 6 679 681 685
1438 2 2 1 6 679 685 709
1439 2 2 1 6 681 682 683
1440 2 2 1 6 681 683 685
1441 2 2 1 6 683 682 684
1442 2 2 1 6 683 684 710
1443 2 2 1 6 685 683 711
1444 2 2 1 6 683 710 711
1445 2 2 1 6 686 726 727
1446 2 2 1 6 688 689 702
1447 2 2 1 6 702 689 716
1448 2 2 1 6 689 705 735
1449 2 2 1 6 716 689 735
1450 2 2 1 6 690 722 725
1451 2 2 1 6 692 693 696
1452 2 2 1 6 693 694 695
1453 2 2 1 6 693 695 717
1454 2 2 1 6 696 693 717
1455 2 2 1 6 695 694 716
1456 2 2 1 6 694 700 701
1457 2 2 1 6 694 701 716
1458 2 2 1 6 695 716 735
1459 2 2 1 6 707 696 717
1460 2 2 1 6 697 722 723
1461 2 2 1 6 715 699 718
1462 2 2 1 6 699 715 731
1463 2 2 1 6 718 699 734
1464 2 2 1 6 701 700 713
1465 2 2 1 6 716 701 736
1466 2 2 1 6 703 702 736
1467 2 2 1 6 702 716 736
1468 2 2 1 6 723 704 733
1469 4 2 1 1 740 829 794 1060
1470 4 2 1 1 799 864 355 874
1471 4 2 1 1 746 833 775 894
1472 4 2 1 1 267 936 921 989
1473 4 2 1 1 817 844 631 869
1474 4 2 1 1 825 847 702 958
1475 4 2 1 1 746 782 851 905
1476 4 2 1 1 934 950 943 1066
1477 4 2 1 1 478 427 512 797
1478 4 2 1 1 655 901 866 928
1479 4 2 1 1 740 794 1055 1060
1480 4 2 1 1 689 702 847 958
1481 4 2 1 1 798 877 748 985
1482 4 2 1 1 489 827 384 859
1483 4 2 1 1 819 830 473 1036
1484 4 2 1 1 702 847 825 1002
1485 4 2 1 1 355 363 799 874
1486 4 2 1 1 473 830 819 962
1487 4 2 1 1 801 139 861 994
1488 4 2 1 1 737 923 776 975
1489 4 2 1 1 829 835 794 1060
1490 4 2 1 1 784 748 877 985
1491 4 2 1 1 804 873 397 896
1492 4 2 1 1 175 427 478 797
1493 4 2 1 1 851 905 782 986
1494 4 2 1 1 399 346 343 818
1495 4 2 1 1 509 910 908 990
1496 4 2 1 1 384 489 327 827
1497 4 2 1 1 430 327 489 827
1498 4 2 1 1 738 790 847 960
1499 4 2 1 1 746 851 833 894
1500 4 2 1 1 529 219 828 860
1501 4 2 1 1 799 874 363 1092
1502 4 2 1 1 766 943 908 990
1503 4 2 1 1 343 818 346 902
1504 4 2 1 1 921 936 765 989
1505 4 2 1 1 721 870 779 890
1506 4 2 1 1 854 938 856 1081
1507 4 2 1 1 261 829 812 1031
1508 4 2 1 1 219 235 529 828
1509 4 2 1 1 582 529 235 828
1510 4 2 1 1 879 1009 772 1056
1511 4 2 1 1 801 857 139 994
1512 4 2 1 1 258 829 261 1031
1513 4 2 1 1 362 397 873 896
1514 4 2 1 1 766 943 950 1066
1515 4 2 1 1 654 879 709 1019
1516 4 2 1 1 177 123 429 826
1517 4 2 1 1 654 1019 709 1029
1518 4 2 1 1 914 984 813 1075
1519 4 2 1 1 751 841 813 1018
1520 4 2 1 1 797 836 159 892
1521 4 2 1 1 668 666 725 920
1522 4 2 1 1 346 818 873 902
1523 4 2 1 1 661 663 805 855
1524 4 2 1 1 511 429 123 1104
1525 4 2 1 1 408 355 799 919
1526 4 2 1 1 585 601 983 1119
1527 4 2 1 1 805 855 663 920
1528 4 2 1 1 803 879 654 1019
1529 4 2 1 1 869 750 998 1051
1530 4 2 1 1 346 818 399 873
1531 4 2 1 1 766 934 943 1066
1532 4 2 1 1 777 943 934 950
1533 4 2 1 1 784 877 798 985
1534 4 2 1 1 737 923 883 1027
1535 4 2 1 1 397 804 346 873
1536 4 2 1 1 394 863 424 922
1537 4 2 1 1 161 799 837 919
1538 4 2 1 1 397 346 804 997
1539 4 2 1 1 120 427 175 797
1540 4 2 1 1 938 1066 856 1081
1541 4 2 1 1 145 146 793 1106
1542 4 2 1 1 804 873 751 997
1543 4 2 1 1 672 834 940 963
1544 4 2 1 1 817 983 601 1119
1545 4 2 1 1 702 847 1002 1102
1546 4 2 1 1 737 1027 883 1069
1547 4 2 1 1 785 869 750 998
1548 4 2 1 1 777 925 832 950
1549 4 2 1 1 751 917 984 1043
1550 4 2 1 1 672 834 673 940
1551 4 2 1 1 655 803 901 928
1552 4 2 1 1 814 905 851 986
1553 4 2 1 1 510 768 468 952
1554 4 2 1 1 908 910 766 990
1555 4 2 1 1 687 800 720 954
1556 4 2 1 1 512 885 797 900
1557 4 2 1 1 873 902 751 997
1558 4 2 1 1 267 268 921 936
1559 4 2 1 1 120 427 797 900
1560 4 2 1 1 631 817 601 1119
1561 4 2 1 1 177 429 483 826
1562 4 2 1 1 822 984 917 1043
1563 4 2 1 1 212 120 175 797
1564 4 2 1 1 803 654 901 1019
1565 4 2 1 1 806 836 188 1084
1566 4 2 1 1 823 879 772 1056
1567 4 2 1 1 740 1040 785 1117
1568 4 2 1 1 145 144 146 1106
1569 4 2 1 1 687 587 800 954
1570 4 2 1 1 740 811 1040 1117
1571 4 2 1 1 711 928 870 953
1572 4 2 1 1 261 812 829 1068
1573 4 2 1 1 737 923 975 1071
1574 4 2 1 1 369 853 796 1101
1575 4 2 1 1 740 856 785 938
1576 4 2 1 1 746 851 782 1126
1577 4 2 1 1 512 797 427 900
1578 4 2 1 1 585 631 601 1119
1579 4 2 1 1 120 797 212 900
1580 4 2 1 1 473 477 830 962
1581 4 2 1 1 751 897 917 975
1582 4 2 1 1 429 826 123 1104
1583 4 2 1 1 751 917 895 975
1584 4 2 1 1 832 925 760 950
1585 4 2 1 1 274 991 963 1095
1586 4 2 1 1 738 847 790 980
1587 4 2 1 1 749 786 986 1093
1588 4 2 1 1 749 845 786 1093
1589 4 2 1 1 751 895 897 975
1590 4 2 1 1 346 873 804 997
1591 4 2 1 1 673 940 834 1044
1592 4 2 1 1 740 785 934 1117
1593 4 2 1 1 397 395 346 997
1594 4 2 1 1 654 901 1019 1029
1595 4 2 1 1 771 865 993 1067
1596 4 2 1 1 684 870 890 953
1597 4 2 1 1 355 864 799 919
1598 4 2 1 1 744 1069 778 1091
1599 4 2 1 1 394 792 863 922
1600 4 2 1 1 668 725 838 920
1601 4 2 1 1 866 928 901 1034
1602 4 2 1 1 156 159 836 892
1603 4 2 1 1 740 856 938 1066
1604 4 2 1 1 740 934 811 1117
1605 4 2 1 1 631 844 817 1119
1606 4 2 1 1 362 896 873 1000
1607 4 2 1 1 745 813 914 984
1608 4 2 1 1 590 824 589 988
1609 4 2 1 1 785 856 854 938
1610 4 2 1 1 818 873 751 947
1611 4 2 1 1 744 1012 1069 1091
1612 4 2 1 1 349 864 813 874
1613 4 2 1 1 749 786 927 986
1614 4 2 1 1 737 776 905 975
1615 4 2 1 1 188 836 806 1083
1616 4 2 1 1 510 468 768 957
1617 4 2 1 1 873 895 751 947
1618 4 2 1 1 841 1043 1013 1115
1619 4 2 1 1 975 1071 923 1090
1620 4 2 1 1 751 786 917 1043
1621 4 2 1 1 786 917 737 986
1622 4 2 1 1 746 851 814 905
1623 4 2 1 1 776 975 923 1090
1624 4 2 1 1 654 655 803 901
1625 4 2 1 1 798 745 837 848
1626 4 2 1 1 465 812 943 959
1627 4 2 1 1 264 819 972 1139
1628 4 2 1 1 188 806 1016 1083
1629 4 2 1 1 800 954 587 1132
1630 4 2 1 1 775 746 894 1091
1631 4 2 1 1 841 792 1043 1115
1632 4 2 1 1 751 813 841 984
1633 4 2 1 1 738 980 790 1054
1634 4 2 1 1 705 790 656 901
1635 4 2 1 1 473 830 477 1036
1636 4 2 1 1 897 813 984 1075
1637 4 2 1 1 776 1041 932 1060
1638 4 2 1 1 810 1020 960 1034
1639 4 2 1 1 468 941 768 957
1640 4 2 1 1 834 940 779 1044
1641 4 2 1 1 159 836 797 1084
1642 4 2 1 1 674 779 721 870
1643 4 2 1 1 161 837 799 1146
1644 4 2 1 1 790 866 656 901
1645 4 2 1 1 798 877 784 1057
1646 4 2 1 1 492 941 824 952
1647 4 2 1 1 668 838 918 920
1648 4 2 1 1 744 1058 778 1069
1649 4 2 1 1 786 822 917 1043
1650 4 2 1 1 468 768 941 952
1651 4 2 1 1 841 863 792 1115
1652 4 2 1 1 397 804 395 997
1653 4 2 1 1 675 855 800 1125
1654 4 2 1 1 604 852 843 1138
1655 4 2 1 1 805 920 753 1042
1656 4 2 1 1 264 819 850 972
1657 4 2 1 1 781 992 758 1005
1658 4 2 1 1 369 796 1003 1101
1659 4 2 1 1 857 877 141 1083
1660 4 2 1 1 667 800 675 855
1661 4 2 1 1 810 960 755 1034
1662 4 2 1 1 780 832 747 916
1663 4 2 1 1 155 212 159 797
1664 4 2 1 1 916 932 776 1041
1665 4 2 1 1 832 916 760 925
1666 4 2 1 1 777 832 747 842
1667 4 2 1 1 161 207 799 1127
1668 4 2 1 1 369 328 853 1101
1669 4 2 1 1 896 974 873 1000
1670 4 2 1 1 146 144 849 1106
1671 4 2 1 1 747 832 780 1008
1672 4 2 1 1 710 870 711 928
1673 4 2 1 1 684 870 721 890
1674 4 2 1 1 679 1009 879 1056
1675 4 2 1 1 744 807 843 1080
1676 4 2 1 1 247 878 255 966
1677 4 2 1 1 375 820 409 1047
1678 4 2 1 1 711 870 710 953
1679 4 2 1 1 146 1024 793 1106
1680 4 2 1 1 751 873 818 902
1681 4 2 1 1 802 739 931 1035
1682 4 2 1 1 800 855 667 911
1683 4 2 1 1 751 792 841 1018
1684 4 2 1 1 346 902 873 997
1685 4 2 1 1 784 141 877 1083
1686 4 2 1 1 854 787 1081 1134
1687 4 2 1 1 369 796 367 1003
1688 4 2 1 1 746 833 774 846
1689 4 2 1 1 797 892 212 900
1690 4 2 1 1 766 943 812 950
1691 4 2 1 1 901 928 803 1034
1692 4 2 1 1 367 796 978 1003
1693 4 2 1 1 465 943 812 990
1694 4 2 1 1 751 873 804 895
1695 4 2 1 1 145 793 955 1106
1696 4 2 1 1 808 550 903 1051
1697 4 2 1 1 551 903 550 1051
1698 4 2 1 1 161 919 837 1037
1699 4 2 1 1 807 852 843 1080
1700 4 2 1 1 660 661 663 805
1701 4 2 1 1 805 753 894 1042
1702 4 2 1 1 746 775 833 907
1703 4 2 1 1 753 775 833 894
1704 4 2 1 1 743 932 916 1041
1705 4 2 1 1 932 1041 770 1060
1706 4 2 1 1 827 859 481 979
1707 4 2 1 1 415 858 1026 1089
1708 4 2 1 1 737 927 786 986
1709 4 2 1 1 410 384 827 859
1710 4 2 1 1 756 914 813 1075
1711 4 2 1 1 720 800 911 954
1712 4 2 1 1 776 932 916 1060
1713 4 2 1 1 146 849 1024 1106
1714 4 2 1 1 846 878 247 966
1715 4 2 1 1 123 826 183 1104
1716 4 2 1 1 656 866 655 901
1717 4 2 1 1 369 796 853 971
1718 4 2 1 1 790 960 1020 1034
1719 4 2 1 1 492 468 941 952
1720 4 2 1 1 725 920 666 1038
1721 4 2 1 1 751 902 813 997
1722 4 2 1 1 203 826 177 900
1723 4 2 1 1 428 479 513 812
1724 4 2 1 1 749 927 814 986
1725 4 2 1 1 808 550 1051 1149
1726 4 2 1 1 804 873 896 974
1727 4 2 1 1 161 799 919 1127
1728 4 2 1 1 174 188 806 1016
1729 4 2 1 1 659 911 866 948
1730 4 2 1 1 177 826 483 900
1731 4 2 1 1 777 950 832 959
1732 4 2 1 1 735 847 790 958
1733 4 2 1 1 529 828 622 860
1734 4 2 1 1 784 877 857 1083
1735 4 2 1 1 749 986 814 1093
1736 4 2 1 1 415 1026 358 1089
1737 4 2 1 1 770 835 932 1060
1738 4 2 1 1 177 203 123 826
1739 4 2 1 1 161 799 207 1146
1740 4 2 1 1 753 833 851 894
1741 4 2 1 1 659 805 866 911
1742 4 2 1 1 750 869 785 1117
1743 4 2 1 1 735 790 705 958
1744 4 2 1 1 725 838 920 1038
1745 4 2 1 1 737 889 883 923
1746 4 2 1 1 756 813 897 1075
1747 4 2 1 1 1066 1081 787 1134
1748 4 2 1 1 481 827 489 859
1749 4 2 1 1 264 850 999 1142
1750 4 2 1 1 224 638 816 1038
1751 4 2 1 1 931 983 817 1045
1752 4 2 1 1 737 905 814 986
1753 4 2 1 1 511 123 183 1104
1754 4 2 1 1 775 753 833 970
1755 4 2 1 1 758 906 781 1005
1756 4 2 1 1 349 353 864 874
1757 4 2 1 1 774 833 746 851
1758 4 2 1 1 155 212 797 892
1759 4 2 1 1 817 931 739 1035
1760 4 2 1 1 264 850 819 999
1761 4 2 1 1 767 932 819 1063
1762 4 2 1 1 745 984 914 1075
1763 4 2 1 1 737 905 923 1027
1764 4 2 1 1 567 852 1112 1132
1765 4 2 1 1 775 753 970 1042
1766 4 2 1 1 446 497 830 912
1767 4 2 1 1 365 834 978 1044
1768 4 2 1 1 723 816 697 1125
1769 4 2 1 1 689 702 716 847
1770 4 2 1 1 889 923 737 1071
1771 4 2 1 1 708 706 795 928
1772 4 2 1 1 790 755 960 1034
1773 4 2 1 1 375 278 820 1047
1774 4 2 1 1 222 812 428 876
1775 4 2 1 1 455 992 781 1122
1776 4 2 1 1 365 834 366 978
1777 4 2 1 1 679 879 823 1056
1778 4 2 1 1 475 962 473 1107
1779 4 2 1 1 749 839 790 866
1780 4 2 1 1 224 816 638 921
1781 4 2 1 1 837 848 745 1079
1782 4 2 1 1 824 590 952 1116
1783 4 2 1 1 845 870 803 953
1784 4 2 1 1 758 781 906 981
1785 4 2 1 1 369 1003 328 1101
1786 4 2 1 1 510 937 768 952
1787 4 2 1 1 868 1028 984 1071
1788 4 2 1 1 745 798 837 886
1789 4 2 1 1 751 813 902 1018
1790 4 2 1 1 454 789 840 946
1791 4 2 1 1 790 662 866 948
1792 4 2 1 1 735 705 790 948
1793 4 2 1 1 663 660 805 1007
1794 4 2 1 1 768 941 824 981
1795 4 2 1 1 327 827 430 904
1796 4 2 1 1 747 832 777 925
1797 4 2 1 1 527 464 509 908
1798 4 2 1 1 794 829 740 1081
1799 4 2 1 1 963 991 769 1095
1800 4 2 1 1 790 980 948 1054
1801 4 2 1 1 656 790 662 866
1802 4 2 1 1 331 715 400 1033
1803 4 2 1 1 384 327 410 827
1804 4 2 1 1 883 923 889 1082
1805 4 2 1 1 828 860 219 1073
1806 4 2 1 1 737 905 1027 1069
1807 4 2 1 1 687 800 587 968
1808 4 2 1 1 737 905 776 923
1809 4 2 1 1 375 221 278 1047
1810 4 2 1 1 513 428 812 876
1811 4 2 1 1 243 240 794 907
1812 4 2 1 1 428 222 479 812
1813 4 2 1 1 745 995 798 1028
1814 4 2 1 1 941 981 768 1011
1815 4 2 1 1 654 803 685 879
1816 4 2 1 1 751 792 888 1043
1817 4 2 1 1 473 962 819 1107
1818 4 2 1 1 744 1012 1058 1069
1819 4 2 1 1 800 1112 852 1132
1820 4 2 1 1 743 916 975 1041
1821 4 2 1 1 783 889 923 1082
1822 4 2 1 1 813 997 902 1018
1823 4 2 1 1 274 838 991 1095
1824 4 2 1 1 832 950 760 959
1825 4 2 1 1 773 868 984 1071
1826 4 2 1 1 735 790 847 948
1827 4 2 1 1 481 859 442 979
1828 4 2 1 1 461 943 777 1076
1829 4 2 1 1 711 654 655 803
1830 4 2 1 1 783 923 889 1071
1831 4 2 1 1 830 1036 819 1063
1832 4 2 1 1 528 930 789 946
1833 4 2 1 1 749 790 839 1020
1834 4 2 1 1 349 874 813 1140
1835 4 2 1 1 684 890 682 953
1836 4 2 1 1 758 781 981 992
1837 4 2 1 1 601 817 869 1051
1838 4 2 1 1 812 829 766 950
1839 4 2 1 1 314 812 222 876
1840 4 2 1 1 711 803 928 953
1841 4 2 1 1 794 835 829 1088
1842 4 2 1 1 801 861 139 1001
1843 4 2 1 1 622 529 582 828
1844 4 2 1 1 653 705 656 901
1845 4 2 1 1 708 795 669 940
1846 4 2 1 1 189 806 188 1084
1847 4 2 1 1 757 828 936 1073
1848 4 2 1 1 757 936 882 1073
1849 4 2 1 1 461 939 777 943
1850 4 2 1 1 357 395 804 891
1851 4 2 1 1 589 824 590 1072
1852 4 2 1 1 803 870 845 928
1853 4 2 1 1 788 1026 858 1089
1854 4 2 1 1 170 1001 884 1046
1855 4 2 1 1 161 919 207 1127
1856 4 2 1 1 737 905 917 975
1857 4 2 1 1 776 923 905 1027
1858 4 2 1 1 616 815 977 1098
1859 4 2 1 1 709 1019 879 1029
1860 4 2 1 1 760 925 916 1060
1861 4 2 1 1 903 998 750 1051
1862 4 2 1 1 258 829 1031 1088
1863 4 2 1 1 663 805 920 1007
1864 4 2 1 1 367 796 369 978
1865 4 2 1 1 804 895 873 974
1866 4 2 1 1 847 948 790 980
1867 4 2 1 1 550 903 551 1100
1868 4 2 1 1 757 882 936 969
1869 4 2 1 1 487 885 512 900
1870 4 2 1 1 738 960 847 1108
1871 4 2 1 1 579 976 1100 1132
1872 4 2 1 1 742 940 1006 1093
1873 4 2 1 1 455 457 781 992
1874 4 2 1 1 253 966 951 1099
1875 4 2 1 1 155 797 159 892
1876 4 2 1 1 808 903 550 1100
1877 4 2 1 1 832 842 777 1076
1878 4 2 1 1 798 784 985 1057
1879 4 2 1 1 747 780 916 1090
1880 4 2 1 1 159 797 957 1084
1881 4 2 1 1 492 824 941 992
1882 4 2 1 1 392 327 430 904
1883 4 2 1 1 655 711 803 928
1884 4 2 1 1 824 952 590 1072
1885 4 2 1 1 866 911 839 948
1886 4 2 1 1 792 863 841 1049
1887 4 2 1 1 742 1030 940 1093
1888 4 2 1 1 798 985 868 995
1889 4 2 1 1 819 932 830 1063
1890 4 2 1 1 750 1035 808 1051
1891 4 2 1 1 194 139 861 1001
1892 4 2 1 1 304 999 942 1142
1893 4 2 1 1 268 921 936 1065
1894 4 2 1 1 737 814 927 986
1895 4 2 1 1 365 366 367 978
1896 4 2 1 1 774 846 833 1099
1897 4 2 1 1 740 785 856 934
1898 4 2 1 1 767 850 819 932
1899 4 2 1 1 661 855 805 911
1900 4 2 1 1 769 940 834 963
1901 4 2 1 1 767 819 1036 1063
1902 4 2 1 1 806 983 931 1045
1903 4 2 1 1 349 353 355 864
1904 4 2 1 1 804 1015 1063 1089
1905 4 2 1 1 762 976 954 1132
1906 4 2 1 1 337 898 779 978
1907 4 2 1 1 659 661 805 911
1908 4 2 1 1 745 848 798 995
1909 4 2 1 1 746 913 846 926
1910 4 2 1 1 562 1025 860 1134
1911 4 2 1 1 723 921 816 1125
1912 4 2 1 1 744 805 855 911
1913 4 2 1 1 365 337 779 978
1914 4 2 1 1 682 953 890 1022
1915 4 2 1 1 828 757 936 969
1916 4 2 1 1 702 716 847 1102
1917 4 2 1 1 563 815 856 977
1918 4 2 1 1 845 953 803 1114
1919 4 2 1 1 751 888 792 902
1920 4 2 1 1 408 919 799 1127
1921 4 2 1 1 737 975 917 1071
1922 4 2 1 1 768 937 510 957
1923 4 2 1 1 795 870 708 928
1924 4 2 1 1 681 823 679 879
1925 4 2 1 1 802 931 739 1010
1926 4 2 1 1 790 958 847 960
1927 4 2 1 1 497 830 912 1136
1928 4 2 1 1 745 886 837 1079
1929 4 2 1 1 459 512 797 941
1930 4 2 1 1 455 781 457 1122
1931 4 2 1 1 795 940 1030 1093
1932 4 2 1 1 640 831 535 1109
1933 4 2 1 1 916 932 830 962
1934 4 2 1 1 751 902 792 1018
1935 4 2 1 1 573 865 575 993
1936 4 2 1 1 261 990 812 1068
1937 4 2 1 1 672 963 940 1095
1938 4 2 1 1 943 959 777 1076
1939 4 2 1 1 479 222 277 812
1940 4 2 1 1 805 866 749 1124
1941 4 2 1 1 446 912 830 1053
1942 4 2 1 1 284 963 951 1003
1943 4 2 1 1 386 823 377 922
1944 4 2 1 1 772 1009 879 1052
1945 4 2 1 1 454 840 789 1039
1946 4 2 1 1 386 377 378 922
1947 4 2 1 1 813 864 745 1074
1948 4 2 1 1 708 706 669 795
1949 4 2 1 1 753 851 833 991
1950 4 2 1 1 749 839 866 1012
1951 4 2 1 1 697 816 855 1125
1952 4 2 1 1 777 842 747 1005
1953 4 2 1 1 368 369 367 1003
1954 4 2 1 1 720 800 687 968
1955 4 2 1 1 162 183 826 1078
1956 4 2 1 1 775 899 746 1091
1957 4 2 1 1 951 963 834 1003
1958 4 2 1 1 264 972 259 1139
1959 4 2 1 1 746 782 926 1126
1960 4 2 1 1 573 821 605 865
1961 4 2 1 1 395 804 891 997
1962 4 2 1 1 243 907 794 1004
1963 4 2 1 1 621 564 562 860
1964 4 2 1 1 788 1063 1015 1089
1965 4 2 1 1 762 843 976 1132
1966 4 2 1 1 562 860 854 1134
1967 4 2 1 1 563 815 571 856
1968 4 2 1 1 761 953 845 1114
1969 4 2 1 1 356 1026 891 1089
1970 4 2 1 1 493 392 430 904
1971 4 2 1 1 688 650 884 958
1972 4 2 1 1 677 809 709 879
1973 4 2 1 1 841 863 763 1049
1974 4 2 1 1 624 535 578 1109
1975 4 2 1 1 708 658 706 928
1976 4 2 1 1 512 478 797 957
1977 4 2 1 1 578 831 976 1109
1978 4 2 1 1 859 891 356 1026
1979 4 2 1 1 820 1000 409 1047
1980 4 2 1 1 294 1047 878 1142
1981 4 2 1 1 813 864 349 1018
1982 4 2 1 1 749 866 805 1012
1983 4 2 1 1 751 841 792 1043
1984 4 2 1 1 766 934 815 943
1985 4 2 1 1 156 155 159 892
1986 4 2 1 1 591 590 589 988
1987 4 2 1 1 782 851 986 1126
1988 4 2 1 1 672 718 673 834
1989 4 2 1 1 739 802 945 1035
1990 4 2 1 1 748 877 798 955
1991 4 2 1 1 337 393 898 978
1992 4 2 1 1 375 409 324 1047
1993 4 2 1 1 772 879 823 1052
1994 4 2 1 1 756 780 912 979
1995 4 2 1 1 261 829 258 1068
1996 4 2 1 1 844 869 817 981
1997 4 2 1 1 467 797 512 941
1998 4 2 1 1 294 878 292 1142
1999 4 2 1 1 835 913 794 1060
2000 4 2 1 1 870 928 803 953
2001 4 2 1 1 653 656 655 901
2002 4 2 1 1 749 1012 805 1124
2003 4 2 1 1 756 780 979 1075
2004 4 2 1 1 753 970 920 1038
2005 4 2 1 1 808 1051 893 1149
2006 4 2 1 1 685 654 711 803
2007 4 2 1 1 481 430 489 827
2008 4 2 1 1 798 752 985 995
2009 4 2 1 1 264 850 259 972
2010 4 2 1 1 743 974 804 1063
2011 4 2 1 1 851 991 753 1006
2012 4 2 1 1 208 919 161 1037
2013 4 2 1 1 745 914 813 1074
2014 4 2 1 1 893 1051 550 1149
2015 4 2 1 1 650 884 958 1029
2016 4 2 1 1 840 885 500 946
2017 4 2 1 1 145 955 144 1106
2018 4 2 1 1 138 857 141 1083
2019 4 2 1 1 744 843 807 872
2020 4 2 1 1 314 812 876 1031
2021 4 2 1 1 351 874 349 1140
2022 4 2 1 1 673 779 940 1044
2023 4 2 1 1 193 861 139 994
2024 4 2 1 1 353 355 864 874
2025 4 2 1 1 780 912 445 1053
2026 4 2 1 1 747 840 781 842
2027 4 2 1 1 798 995 868 1028
2028 4 2 1 1 464 943 465 990
2029 4 2 1 1 475 473 474 1107
2030 4 2 1 1 854 860 562 996
2031 4 2 1 1 660 866 805 1007
2032 4 2 1 1 774 746 846 926
2033 4 2 1 1 746 913 926 1041
2034 4 2 1 1 300 963 274 991
2035 4 2 1 1 605 821 1032 1149
2036 4 2 1 1 749 839 1012 1020
2037 4 2 1 1 775 746 899 907
2038 4 2 1 1 650 958 652 1029
2039 4 2 1 1 805 866 839 1012
2040 4 2 1 1 749 1012 791 1020
2041 4 2 1 1 553 552 998 1051
2042 4 2 1 1 331 644 715 1033
2043 4 2 1 1 744 839 805 911
2044 4 2 1 1 459 797 512 885
2045 4 2 1 1 347 348 349 813
2046 4 2 1 1 383 864 355 919
2047 4 2 1 1 846 966 247 1099
2048 4 2 1 1 578 976 954 1109
2049 4 2 1 1 222 314 277 812
2050 4 2 1 1 843 1100 976 1132
2051 4 2 1 1 774 951 966 1099
2052 4 2 1 1 571 856 815 1128
2053 4 2 1 1 747 781 840 1085
2054 4 2 1 1 660 659 661 805
2055 4 2 1 1 747 780 982 1008
2056 4 2 1 1 526 510 468 952
2057 4 2 1 1 862 977 815 1098
2058 4 2 1 1 795 1006 940 1093
2059 4 2 1 1 804 896 397 1089
2060 4 2 1 1 662 656 705 790
2061 4 2 1 1 760 932 835 1060
2062 4 2 1 1 304 942 320 1142
2063 4 2 1 1 331 644 1033 1044
2064 4 2 1 1 697 855 816 920
2065 4 2 1 1 738 790 1020 1054
2066 4 2 1 1 790 901 705 958
2067 4 2 1 1 740 1055 794 1081
2068 4 2 1 1 535 831 578 1109
2069 4 2 1 1 348 813 347 997
2070 4 2 1 1 747 982 780 1090
2071 4 2 1 1 746 926 774 1126
2072 4 2 1 1 813 914 874 1074
2073 4 2 1 1 753 920 838 1038
2074 4 2 1 1 564 562 860 996
2075 4 2 1 1 156 147 892 1083
2076 4 2 1 1 605 865 821 1149
2077 4 2 1 1 264 999 265 1142
2078 4 2 1 1 236 828 219 1073
2079 4 2 1 1 219 236 235 828
2080 4 2 1 1 782 917 905 975
2081 4 2 1 1 839 866 805 911
2082 4 2 1 1 444 481 442 979
2083 4 2 1 1 669 795 918 940
2084 4 2 1 1 381 863 867 1087
2085 4 2 1 1 765 921 816 1065
2086 4 2 1 1 746 774 851 1126
2087 4 2 1 1 770 846 913 926
2088 4 2 1 1 749 928 866 1034
2089 4 2 1 1 859 912 442 979
2090 4 2 1 1 913 770 1041 1060
2091 4 2 1 1 718 672 734 963
2092 4 2 1 1 913 1055 794 1060
2093 4 2 1 1 659 805 660 866
2094 4 2 1 1 134 164 193 994
2095 4 2 1 1 509 464 465 990
2096 4 2 1 1 813 874 864 1074
2097 4 2 1 1 408 383 355 919
2098 4 2 1 1 549 983 601 1051
2099 4 2 1 1 722 723 638 816
2100 4 2 1 1 850 878 292 1097
2101 4 2 1 1 669 795 706 1007
2102 4 2 1 1 394 344 792 1048
2103 4 2 1 1 342 818 898 978
2104 4 2 1 1 778 883 1027 1069
2105 4 2 1 1 457 941 781 992
2106 4 2 1 1 513 876 812 959
2107 4 2 1 1 549 893 983 1051
2108 4 2 1 1 673 721 674 779
2109 4 2 1 1 638 816 723 921
2110 4 2 1 1 812 943 766 990
2111 4 2 1 1 139 857 801 1118
2112 4 2 1 1 134 821 164 994
2113 4 2 1 1 750 869 817 1051
2114 4 2 1 1 847 960 825 1108
2115 4 2 1 1 817 869 750 945
2116 4 2 1 1 854 938 807 998
2117 4 2 1 1 367 366 368 1003
2118 4 2 1 1 765 936 921 1065
2119 4 2 1 1 751 984 841 1043
2120 4 2 1 1 445 912 780 1039
2121 4 2 1 1 454 840 500 946
2122 4 2 1 1 766 829 812 1068
2123 4 2 1 1 408 355 363 799
2124 4 2 1 1 605 821 573 1032
2125 4 2 1 1 251 850 292 1097
2126 4 2 1 1 720 800 667 911
2127 4 2 1 1 399 818 342 971
2128 4 2 1 1 164 193 821 861
2129 4 2 1 1 388 827 411 1092
2130 4 2 1 1 461 777 939 1076
2131 4 2 1 1 755 884 1001 1046
2132 4 2 1 1 175 797 478 957
2133 4 2 1 1 747 842 781 906
2134 4 2 1 1 677 709 809 1029
2135 4 2 1 1 146 151 145 793
2136 4 2 1 1 767 850 932 1063
2137 4 2 1 1 355 353 363 874
2138 4 2 1 1 174 188 189 806
2139 4 2 1 1 761 890 870 953
2140 4 2 1 1 750 808 903 1051
2141 4 2 1 1 744 855 805 1042
2142 4 2 1 1 739 931 817 1045
2143 4 2 1 1 868 985 752 995
2144 4 2 1 1 810 973 960 1020
2145 4 2 1 1 415 858 1089 1123
2146 4 2 1 1 763 919 867 1037
2147 4 2 1 1 373 399 342 971
2148 4 2 1 1 711 685 803 953
2149 4 2 1 1 164 821 193 994
2150 4 2 1 1 365 393 337 978
2151 4 2 1 1 192 837 161 1146
2152 4 2 1 1 744 805 894 1042
2153 4 2 1 1 755 958 790 960
2154 4 2 1 1 267 921 880 989
2155 4 2 1 1 192 190 161 837
2156 4 2 1 1 745 868 995 1028
2157 4 2 1 1 785 740 938 1040
2158 4 2 1 1 140 857 139 1118
2159 4 2 1 1 813 841 745 864
2160 4 2 1 1 607 550 551 1100
2161 4 2 1 1 770 926 913 1041
2162 4 2 1 1 415 1089 358 1123
2163 4 2 1 1 942 999 767 1142
2164 4 2 1 1 623 566 828 1112
2165 4 2 1 1 785 938 854 998
2166 4 2 1 1 362 820 896 1000
2167 4 2 1 1 752 885 797 1111
2168 4 2 1 1 931 1023 802 1035
2169 4 2 1 1 413 1026 356 1089
2170 4 2 1 1 240 882 794 907
2171 4 2 1 1 331 1033 834 1044
2172 4 2 1 1 674 779 870 940
2173 4 2 1 1 754 873 974 1000
2174 4 2 1 1 747 916 832 925
2175 4 2 1 1 803 741 1014 1052
2176 4 2 1 1 394 792 344 1018
2177 4 2 1 1 162 183 123 826
2178 4 2 1 1 810 755 960 1050
2179 4 2 1 1 748 784 877 1062
2180 4 2 1 1 473 999 819 1036
2181 4 2 1 1 483 429 484 826
2182 4 2 1 1 808 762 872 1100
2183 4 2 1 1 751 1043 888 1077
2184 4 2 1 1 869 998 555 1051
2185 4 2 1 1 193 821 861 994
2186 4 2 1 1 720 675 667 800
2187 4 2 1 1 337 890 779 898
2188 4 2 1 1 753 775 894 1042
2189 4 2 1 1 702 688 825 958
2190 4 2 1 1 292 878 850 1142
2191 4 2 1 1 781 842 992 1005
2192 4 2 1 1 747 906 781 1085
2193 4 2 1 1 738 790 960 1020
2194 4 2 1 1 702 689 688 958
2195 4 2 1 1 573 575 574 993
2196 4 2 1 1 741 1014 792 1043
2197 4 2 1 1 799 363 887 1092
2198 4 2 1 1 258 261 257 1031
2199 4 2 1 1 463 943 461 1076
2200 4 2 1 1 767 999 850 1142
2201 4 2 1 1 178 212 892 900
2202 4 2 1 1 254 253 951 1099
2203 4 2 1 1 375 324 221 1047
2204 4 2 1 1 678 1009 679 1056
2205 4 2 1 1 759 1023 931 1035
2206 4 2 1 1 920 970 816 1038
2207 4 2 1 1 841 984 822 1043
2208 4 2 1 1 793 837 1013 1037
2209 4 2 1 1 804 974 896 1063
2210 4 2 1 1 512 797 467 957
2211 4 2 1 1 869 945 817 981
2212 4 2 1 1 486 930 528 946
2213 4 2 1 1 835 950 829 1031
2214 4 2 1 1 819 962 876 1107
2215 4 2 1 1 381 867 1086 1087
2216 4 2 1 1 386 922 378 1087
2217 4 2 1 1 684 674 721 870
2218 4 2 1 1 156 892 836 1083
2219 4 2 1 1 515 468 492 952
2220 4 2 1 1 761 870 845 953
2221 4 2 1 1 744 778 1064 1091
2222 4 2 1 1 721 890 779 1044
2223 4 2 1 1 357 352 395 891
2224 4 2 1 1 741 1043 792 1115
2225 4 2 1 1 792 1014 741 1115
2226 4 2 1 1 742 1006 940 1021
2227 4 2 1 1 688 958 884 1148
2228 4 2 1 1 453 941 885 1122
2229 4 2 1 1 765 816 1042 1065
2230 4 2 1 1 141 857 138 877
2231 4 2 1 1 286 240 965 1088
2232 4 2 1 1 691 336 322 890
2233 4 2 1 1 748 889 783 1010
2234 4 2 1 1 792 841 1018 1049
2235 4 2 1 1 751 818 888 902
2236 4 2 1 1 817 601 983 1051
2237 4 2 1 1 444 442 912 979
2238 4 2 1 1 720 911 696 954
2239 4 2 1 1 766 856 815 934
2240 4 2 1 1 782 895 751 917
2241 4 2 1 1 775 936 882 969
2242 4 2 1 1 750 785 998 1040
2243 4 2 1 1 801 1001 139 1118
2244 4 2 1 1 744 839 911 1070
2245 4 2 1 1 753 816 920 970
2246 4 2 1 1 777 747 925 1005
2247 4 2 1 1 771 847 825 1108
2248 4 2 1 1 740 950 829 1060
2249 4 2 1 1 386 823 922 1087
2250 4 2 1 1 883 923 811 1027
2251 4 2 1 1 549 548 601 983
2252 4 2 1 1 798 868 985 1028
2253 4 2 1 1 190 837 192 1146
2254 4 2 1 1 748 985 784 1062
2255 4 2 1 1 752 915 885 1111
2256 4 2 1 1 366 834 365 1044
2257 4 2 1 1 748 783 889 1028
2258 4 2 1 1 812 950 943 959
2259 4 2 1 1 750 785 1040 1117
2260 4 2 1 1 441 912 859 1136
2261 4 2 1 1 742 1021 940 1030
2262 4 2 1 1 842 906 747 1005
2263 4 2 1 1 347 813 349 1018
2264 4 2 1 1 709 879 809 1029
2265 4 2 1 1 893 808 1035 1051
2266 4 2 1 1 442 859 441 912
2267 4 2 1 1 765 1042 936 1065
2268 4 2 1 1 739 945 817 1035
2269 4 2 1 1 793 837 886 1013
2270 4 2 1 1 170 884 171 1046
2271 4 2 1 1 768 1011 981 1045
2272 4 2 1 1 622 860 828 996
2273 4 2 1 1 745 984 868 1028
2274 4 2 1 1 694 831 695 1102
2275 4 2 1 1 743 804 1015 1063
2276 4 2 1 1 744 872 807 1064
2277 4 2 1 1 261 258 262 1068
2278 4 2 1 1 816 970 753 1042
2279 4 2 1 1 155 178 212 892
2280 4 2 1 1 794 965 240 1088
2281 4 2 1 1 482 827 481 979
2282 4 2 1 1 300 769 963 991
2283 4 2 1 1 749 814 949 1093
2284 4 2 1 1 304 320 265 1142
2285 4 2 1 1 566 852 828 1112
2286 4 2 1 1 744 791 839 872
2287 4 2 1 1 753 838 970 1038
2288 4 2 1 1 294 263 878 1047
2289 4 2 1 1 141 1057 147 1083
2290 4 2 1 1 445 1039 780 1053
2291 4 2 1 1 270 816 224 921
2292 4 2 1 1 457 781 941 1122
2293 4 2 1 1 304 265 999 1142
2294 4 2 1 1 675 800 720 968
2295 4 2 1 1 916 776 975 1041
2296 4 2 1 1 800 852 843 1132
2297 4 2 1 1 872 1058 807 1064
2298 4 2 1 1 638 722 816 1038
2299 4 2 1 1 687 635 587 954
2300 4 2 1 1 617 569 968 1132
2301 4 2 1 1 465 943 466 959
2302 4 2 1 1 463 959 943 1076
2303 4 2 1 1 755 884 825 1001
2304 4 2 1 1 684 683 870 953
2305 4 2 1 1 141 784 1057 1083
2306 4 2 1 1 826 900 203 956
2307 4 2 1 1 706 795 928 1007
2308 4 2 1 1 851 894 746 1091
2309 4 2 1 1 337 365 779 1044
2310 4 2 1 1 685 879 803 953
2311 4 2 1 1 743 804 895 897
2312 4 2 1 1 833 851 774 991
2313 4 2 1 1 749 803 928 1034
2314 4 2 1 1 545 605 573 1032
2315 4 2 1 1 454 528 789 946
2316 4 2 1 1 780 1039 979 1075
2317 4 2 1 1 744 969 894 1091
2318 4 2 1 1 651 901 654 1029
2319 4 2 1 1 763 1013 837 1037
2320 4 2 1 1 813 347 997 1018
2321 4 2 1 1 348 349 813 1140
2322 4 2 1 1 751 917 786 1077
2323 4 2 1 1 755 1001 849 1046
2324 4 2 1 1 803 1014 879 1052
2325 4 2 1 1 824 941 781 981
2326 4 2 1 1 388 874 827 1092
2327 4 2 1 1 765 828 936 969
2328 4 2 1 1 519 517 462 1098
2329 4 2 1 1 869 981 844 988
2330 4 2 1 1 940 963 769 1095
2331 4 2 1 1 662 790 705 948
2332 4 2 1 1 183 967 511 1104
2333 4 2 1 1 791 1058 1012 1069
2334 4 2 1 1 459 467 512 941
2335 4 2 1 1 688 652 650 958
2336 4 2 1 1 691 336 890 1044
2337 4 2 1 1 673 779 674 940
2338 4 2 1 1 513 476 876 959
2339 4 2 1 1 555 785 869 1143
2340 4 2 1 1 916 932 760 1060
2341 4 2 1 1 375 820 278 942
2342 4 2 1 1 745 841 813 984
2343 4 2 1 1 658 708 870 928
2344 4 2 1 1 573 821 865 993
2345 4 2 1 1 738 847 980 1108
2346 4 2 1 1 832 747 842 1008
2347 4 2 1 1 687 720 635 954
2348 4 2 1 1 519 815 462 943
2349 4 2 1 1 441 859 1026 1136
2350 4 2 1 1 411 827 327 904
2351 4 2 1 1 757 882 794 965
2352 4 2 1 1 744 1058 872 1064
2353 4 2 1 1 324 409 1000 1047
2354 4 2 1 1 408 799 363 1127
2355 4 2 1 1 796 971 369 978
2356 4 2 1 1 739 817 981 1045
2357 4 2 1 1 824 589 988 1072
2358 4 2 1 1 748 798 886 955
2359 4 2 1 1 781 906 842 1005
2360 4 2 1 1 791 1012 839 1020
2361 4 2 1 1 823 377 922 1022
2362 4 2 1 1 446 445 912 1053
2363 4 2 1 1 164 861 821 1121
2364 4 2 1 1 337 890 336 1044
2365 4 2 1 1 446 443 497 912
2366 4 2 1 1 790 1020 749 1034
2367 4 2 1 1 394 350 792 1018
2368 4 2 1 1 744 1064 969 1091
2369 4 2 1 1 695 831 694 1109
2370 4 2 1 1 762 808 872 1054
2371 4 2 1 1 757 794 882 899
2372 4 2 1 1 891 1026 788 1089
2373 4 2 1 1 804 1063 896 1089
2374 4 2 1 1 931 802 1023 1062
2375 4 2 1 1 770 913 835 1060
2376 4 2 1 1 803 845 749 928
2377 4 2 1 1 481 482 490 827
2378 4 2 1 1 820 754 878 974
2379 4 2 1 1 717 696 911 948
2380 4 2 1 1 740 1066 938 1081
2381 4 2 1 1 357 395 397 804
2382 4 2 1 1 362 820 361 896
2383 4 2 1 1 164 821 993 1121
2384 4 2 1 1 145 793 151 1037
2385 4 2 1 1 773 984 868 1075
2386 4 2 1 1 831 847 695 1102
2387 4 2 1 1 708 870 795 940
2388 4 2 1 1 878 1047 820 1142
2389 4 2 1 1 226 853 328 1101
2390 4 2 1 1 264 260 259 850
2391 4 2 1 1 743 897 895 975
2392 4 2 1 1 751 786 1043 1077
2393 4 2 1 1 544 993 133 1110
2394 4 2 1 1 746 926 782 1041
2395 4 2 1 1 830 916 780 1113
2396 4 2 1 1 545 573 821 1032
2397 4 2 1 1 803 1019 741 1052
2398 4 2 1 1 772 1009 881 1056
2399 4 2 1 1 808 750 987 1035
2400 4 2 1 1 801 994 861 1023
2401 4 2 1 1 259 850 260 972
2402 4 2 1 1 527 908 509 910
2403 4 2 1 1 960 973 738 1020
2404 4 2 1 1 808 1100 550 1149
2405 4 2 1 1 834 951 796 1021
2406 4 2 1 1 697 816 722 920
2407 4 2 1 1 834 951 769 963
2408 4 2 1 1 243 794 240 1088
2409 4 2 1 1 846 926 878 966
2410 4 2 1 1 794 757 965 1081
2411 4 2 1 1 409 820 362 1000
2412 4 2 1 1 768 824 844 981
2413 4 2 1 1 748 1010 783 1028
2414 4 2 1 1 342 818 343 1048
2415 4 2 1 1 212 175 159 797
2416 4 2 1 1 498 789 528 979
2417 4 2 1 1 743 830 916 932
2418 4 2 1 1 835 770 932 972
2419 4 2 1 1 553 552 555 998
2420 4 2 1 1 695 847 831 1109
2421 4 2 1 1 766 812 990 1068
2422 4 2 1 1 750 998 807 1040
2423 4 2 1 1 757 794 899 1081
2424 4 2 1 1 744 778 1058 1064
2425 4 2 1 1 688 825 958 1148
2426 4 2 1 1 785 977 869 1143
2427 4 2 1 1 651 654 709 1029
2428 4 2 1 1 140 877 857 1118
2429 4 2 1 1 717 696 948 1109
2430 4 2 1 1 383 864 919 1049
2431 4 2 1 1 774 991 851 1133
2432 4 2 1 1 173 139 1001 1118
2433 4 2 1 1 740 811 1027 1040
2434 4 2 1 1 848 956 826 1078
2435 4 2 1 1 983 1045 806 1119
2436 4 2 1 1 294 263 292 878
2437 4 2 1 1 834 978 796 1003
2438 4 2 1 1 601 869 558 1051
2439 4 2 1 1 410 859 827 1017
2440 4 2 1 1 151 793 146 1024
2441 4 2 1 1 337 779 890 1044
2442 4 2 1 1 743 895 804 974
2443 4 2 1 1 284 963 834 1033
2444 4 2 1 1 275 833 970 1120
2445 4 2 1 1 140 138 139 857
2446 4 2 1 1 787 854 757 860
2447 4 2 1 1 476 876 959 962
2448 4 2 1 1 837 919 763 1037
2449 4 2 1 1 616 571 563 815
2450 4 2 1 1 462 939 461 943
2451 4 2 1 1 929 942 304 999
2452 4 2 1 1 555 869 785 998
2453 4 2 1 1 677 649 709 1029
2454 4 2 1 1 657 1007 928 1124
2455 4 2 1 1 868 984 745 1075
2456 4 2 1 1 749 786 845 944
2457 4 2 1 1 751 888 818 1077
2458 4 2 1 1 361 362 409 820
2459 4 2 1 1 754 873 895 974
2460 4 2 1 1 284 834 963 1003
2461 4 2 1 1 519 462 815 1098
2462 4 2 1 1 880 921 765 989
2463 4 2 1 1 430 827 490 904
2464 4 2 1 1 815 939 462 943
2465 4 2 1 1 492 941 457 992
2466 4 2 1 1 748 798 985 1028
2467 4 2 1 1 657 706 928 1007
2468 4 2 1 1 697 723 722 816
2469 4 2 1 1 797 885 459 941
2470 4 2 1 1 669 918 795 1007
2471 4 2 1 1 224 816 270 1038
2472 4 2 1 1 891 997 897 1140
2473 4 2 1 1 624 578 954 1109
2474 4 2 1 1 344 1018 792 1048
2475 4 2 1 1 154 208 161 1037
2476 4 2 1 1 718 673 834 1044
2477 4 2 1 1 555 998 785 1143
2478 4 2 1 1 357 891 804 1089
2479 4 2 1 1 846 774 926 966
2480 4 2 1 1 812 829 950 1031
2481 4 2 1 1 276 965 860 1025
2482 4 2 1 1 748 985 1010 1028
2483 4 2 1 1 930 946 826 995
2484 4 2 1 1 482 930 827 979
2485 4 2 1 1 237 860 276 965
2486 4 2 1 1 749 845 803 944
2487 4 2 1 1 677 809 879 1009
2488 4 2 1 1 463 466 943 959
2489 4 2 1 1 269 267 268 921
2490 4 2 1 1 781 981 941 1011
2491 4 2 1 1 743 916 830 1113
2492 4 2 1 1 744 839 791 1012
2493 4 2 1 1 526 937 510 952
2494 4 2 1 1 765 852 828 969
2495 4 2 1 1 370 369 328 853
2496 4 2 1 1 490 827 482 930
2497 4 2 1 1 834 1033 644 1044
2498 4 2 1 1 753 805 894 949
2499 4 2 1 1 769 951 834 1021
2500 4 2 1 1 377 823 386 1022
2501 4 2 1 1 760 932 916 962
2502 4 2 1 1 984 1028 822 1071
2503 4 2 1 1 392 411 327 904
2504 4 2 1 1 792 888 761 1048
2505 4 2 1 1 141 147 184 1083
2506 4 2 1 1 807 938 854 1064
2507 4 2 1 1 761 888 792 1114
2508 4 2 1 1 751 895 804 897
2509 4 2 1 1 847 958 825 960
2510 4 2 1 1 737 917 786 1129
2511 4 2 1 1 829 950 835 1060
2512 4 2 1 1 579 1100 606 1132
2513 4 2 1 1 799 1127 207 1146
2514 4 2 1 1 991 1006 851 1133
2515 4 2 1 1 797 836 1011 1084
2516 4 2 1 1 300 951 769 991
2517 4 2 1 1 562 618 1025 1134
2518 4 2 1 1 507 904 490 930
2519 4 2 1 1 483 826 484 900
2520 4 2 1 1 760 950 925 1060
2521 4 2 1 1 677 809 649 1029
2522 4 2 1 1 830 916 962 1053
2523 4 2 1 1 782 751 895 1077
2524 4 2 1 1 850 974 932 1063
2525 4 2 1 1 284 300 315 951
2526 4 2 1 1 861 994 964 1023
2527 4 2 1 1 884 958 825 1148
2528 4 2 1 1 896 1089 858 1123
2529 4 2 1 1 819 850 767 999
2530 4 2 1 1 852 996 757 1064
2531 4 2 1 1 757 854 938 1064
2532 4 2 1 1 246 907 833 1120
2533 4 2 1 1 512 467 478 957
2534 4 2 1 1 744 1012 791 1058
2535 4 2 1 1 380 919 867 1049
2536 4 2 1 1 515 492 824 952
2537 4 2 1 1 691 890 721 1044
2538 4 2 1 1 555 869 977 1143
2539 4 2 1 1 827 914 756 979
2540 4 2 1 1 720 667 696 911
2541 4 2 1 1 552 555 998 1051
2542 4 2 1 1 740 925 811 934
2543 4 2 1 1 486 930 946 1104
2544 4 2 1 1 844 981 817 1045
2545 4 2 1 1 817 983 893 1051
2546 4 2 1 1 810 960 973 1050
2547 4 2 1 1 825 847 771 1002
2548 4 2 1 1 243 242 240 907
2549 4 2 1 1 761 792 1014 1114
2550 4 2 1 1 722 920 816 1038
2551 4 2 1 1 804 897 743 1015
2552 4 2 1 1 639 1022 326 1056
2553 4 2 1 1 792 863 1014 1115
2554 4 2 1 1 807 996 852 1064
2555 4 2 1 1 768 981 844 1045
2556 4 2 1 1 816 921 270 1065
2557 4 2 1 1 454 528 498 789
2558 4 2 1 1 746 782 905 1041
2559 4 2 1 1 820 974 896 1000
2560 4 2 1 1 449 1008 842 1122
2561 4 2 1 1 762 808 976 1100
2562 4 2 1 1 258 1031 257 1088
2563 4 2 1 1 487 459 512 885
2564 4 2 1 1 749 791 927 1020
2565 4 2 1 1 652 958 901 1029
2566 4 2 1 1 778 883 811 1027
2567 4 2 1 1 788 891 859 1026
2568 4 2 1 1 697 663 855 920
2569 4 2 1 1 748 889 822 1028
2570 4 2 1 1 187 1057 955 1135
2571 4 2 1 1 753 949 795 1007
2572 4 2 1 1 519 908 815 943
2573 4 2 1 1 792 761 922 1048
2574 4 2 1 1 756 914 827 1017
2575 4 2 1 1 275 833 252 970
2576 4 2 1 1 757 852 828 996
2577 4 2 1 1 753 991 838 1006
2578 4 2 1 1 544 821 993 1110
2579 4 2 1 1 133 993 821 1110
2580 4 2 1 1 633 303 686 838
2581 4 2 1 1 804 897 891 997
2582 4 2 1 1 268 269 921 1065
2583 4 2 1 1 278 309 820 1047
2584 4 2 1 1 246 833 275 1120
2585 4 2 1 1 766 950 829 1066
2586 4 2 1 1 750 903 807 998
2587 4 2 1 1 825 1001 884 1148
2588 4 2 1 1 850 878 820 1142
2589 4 2 1 1 549 893 548 983
2590 4 2 1 1 754 820 878 1047
2591 4 2 1 1 744 805 839 1012
2592 4 2 1 1 789 946 930 995
2593 4 2 1 1 751 782 917 1077
2594 4 2 1 1 794 882 240 965
2595 4 2 1 1 266 936 267 989
2596 4 2 1 1 563 616 815 977
2597 4 2 1 1 173 139 194 1001
2598 4 2 1 1 789 930 528 979
2599 4 2 1 1 895 917 782 975
2600 4 2 1 1 140 138 857 877
2601 4 2 1 1 757 787 860 965
2602 4 2 1 1 835 932 760 972
2603 4 2 1 1 718 715 644 1033
2604 4 2 1 1 743 932 1041 1144
2605 4 2 1 1 748 802 889 1010
2606 4 2 1 1 748 1010 985 1062
2607 4 2 1 1 750 872 807 903
2608 4 2 1 1 399 343 342 818
2609 4 2 1 1 735 662 705 948
2610 4 2 1 1 684 683 710 870
2611 4 2 1 1 752 798 956 995
2612 4 2 1 1 790 749 866 1034
2613 4 2 1 1 757 969 852 1064
2614 4 2 1 1 465 463 466 943
2615 4 2 1 1 744 843 1070 1080
2616 4 2 1 1 169 884 170 1001
2617 4 2 1 1 753 795 918 1007
2618 4 2 1 1 891 1015 804 1089
2619 4 2 1 1 717 911 707 948
2620 4 2 1 1 609 496 596 952
2621 4 2 1 1 763 886 837 1013
2622 4 2 1 1 843 872 762 1100
2623 4 2 1 1 753 920 805 1007
2624 4 2 1 1 657 928 866 1124
2625 4 2 1 1 828 852 757 969
2626 4 2 1 1 828 852 566 996
2627 4 2 1 1 358 415 413 1026
2628 4 2 1 1 493 430 490 904
2629 4 2 1 1 739 817 945 981
2630 4 2 1 1 657 866 1007 1124
2631 4 2 1 1 820 878 850 974
2632 4 2 1 1 190 1135 837 1146
2633 4 2 1 1 860 1025 787 1134
2634 4 2 1 1 797 1011 957 1084
2635 4 2 1 1 413 412 356 1026
2636 4 2 1 1 805 744 894 1012
2637 4 2 1 1 476 959 502 962
2638 4 2 1 1 415 358 360 1123
2639 4 2 1 1 756 859 827 979
2640 4 2 1 1 159 797 175 957
2641 4 2 1 1 756 891 859 1015
2642 4 2 1 1 753 805 949 1007
2643 4 2 1 1 562 618 621 1025
2644 4 2 1 1 769 951 300 963
2645 4 2 1 1 951 991 254 1099
2646 4 2 1 1 788 859 891 1015
2647 4 2 1 1 562 621 860 1025
2648 4 2 1 1 412 859 356 1026
2649 4 2 1 1 746 913 907 1004
2650 4 2 1 1 911 948 696 1109
2651 4 2 1 1 758 992 939 1005
2652 4 2 1 1 357 804 397 1089
2653 4 2 1 1 750 883 802 945
2654 4 2 1 1 746 794 907 913
2655 4 2 1 1 744 843 872 1070
2656 4 2 1 1 756 1015 780 1075
2657 4 2 1 1 904 930 507 1104
2658 4 2 1 1 802 1010 748 1062
2659 4 2 1 1 490 507 494 904
2660 4 2 1 1 825 1108 861 1121
2661 4 2 1 1 675 800 968 1125
2662 4 2 1 1 746 846 913 1004
2663 4 2 1 1 760 972 819 1139
2664 4 2 1 1 884 755 958 1029
2665 4 2 1 1 749 927 810 1020
2666 4 2 1 1 739 945 802 1082
2667 4 2 1 1 381 863 382 867
2668 4 2 1 1 854 856 785 1143
2669 4 2 1 1 517 862 939 1098
2670 4 2 1 1 471 473 477 1036
2671 4 2 1 1 740 934 856 1066
2672 4 2 1 1 657 866 660 1007
2673 4 2 1 1 619 875 1025 1134
2674 4 2 1 1 659 707 911 948
2675 4 2 1 1 390 1086 881 1087
2676 4 2 1 1 251 260 292 850
2677 4 2 1 1 858 1063 896 1123
2678 4 2 1 1 254 248 253 1099
2679 4 2 1 1 369 853 370 971
2680 4 2 1 1 791 889 883 1069
2681 4 2 1 1 763 919 837 1079
2682 4 2 1 1 169 884 1001 1148
2683 4 2 1 1 750 945 869 1117
2684 4 2 1 1 284 300 951 963
2685 4 2 1 1 791 927 889 1069
2686 4 2 1 1 454 789 498 1039
2687 4 2 1 1 277 479 812 990
2688 4 2 1 1 780 1015 830 1113
2689 4 2 1 1 498 789 979 1039
2690 4 2 1 1 248 254 991 1099
2691 4 2 1 1 459 885 453 941
2692 4 2 1 1 757 854 787 1081
2693 4 2 1 1 822 935 1013 1043
2694 4 2 1 1 673 721 779 1044
2695 4 2 1 1 756 912 780 1015
2696 4 2 1 1 582 828 235 989
2697 4 2 1 1 490 904 827 930
2698 4 2 1 1 576 575 577 831
2699 4 2 1 1 586 219 529 860
2700 4 2 1 1 766 856 934 1066
2701 4 2 1 1 586 282 219 860
2702 4 2 1 1 187 143 955 1057
2703 4 2 1 1 834 1003 284 1033
2704 4 2 1 1 351 353 349 874
2705 4 2 1 1 822 889 783 1028
2706 4 2 1 1 426 384 321 859
2707 4 2 1 1 384 426 489 859
2708 4 2 1 1 659 866 662 948
2709 4 2 1 1 751 818 947 1077
2710 4 2 1 1 791 749 927 1012
2711 4 2 1 1 931 1010 802 1062
2712 4 2 1 1 897 997 813 1140
2713 4 2 1 1 251 972 850 1097
2714 4 2 1 1 633 838 686 1095
2715 4 2 1 1 332 387 435 858
2716 4 2 1 1 486 946 826 1104
2717 4 2 1 1 837 919 799 1079
2718 4 2 1 1 795 940 870 1030
2719 4 2 1 1 278 942 820 1142
2720 4 2 1 1 799 887 363 1127
2721 4 2 1 1 710 658 708 870
2722 4 2 1 1 348 813 997 1140
2723 4 2 1 1 831 865 771 1067
2724 4 2 1 1 611 880 712 968
2725 4 2 1 1 463 501 959 1076
2726 4 2 1 1 819 760 932 972
2727 4 2 1 1 353 363 874 1092
2728 4 2 1 1 579 606 580 1132
2729 4 2 1 1 827 930 914 979
2730 4 2 1 1 564 860 622 996
2731 4 2 1 1 358 1026 413 1089
2732 4 2 1 1 504 435 387 858
2733 4 2 1 1 141 784 877 1057
2734 4 2 1 1 574 575 576 1067
2735 4 2 1 1 781 906 739 915
2736 4 2 1 1 187 143 1057 1135
2737 4 2 1 1 565 567 604 852
2738 4 2 1 1 683 684 682 953
2739 4 2 1 1 709 654 685 879
2740 4 2 1 1 969 1064 899 1091
2741 4 2 1 1 681 823 953 1022
2742 4 2 1 1 811 883 778 1040
2743 4 2 1 1 889 927 737 1069
2744 4 2 1 1 275 970 272 1120
2745 4 2 1 1 753 838 918 1006
2746 4 2 1 1 749 927 786 944
2747 4 2 1 1 750 807 872 1058
2748 4 2 1 1 216 521 132 1105
2749 4 2 1 1 683 710 870 953
2750 4 2 1 1 746 907 846 1004
2751 4 2 1 1 739 906 781 981
2752 4 2 1 1 209 933 867 1037
2753 4 2 1 1 739 981 781 1011
2754 4 2 1 1 284 951 315 1003
2755 4 2 1 1 762 980 808 1054
2756 4 2 1 1 750 945 802 1035
2757 4 2 1 1 157 158 162 1078
2758 4 2 1 1 771 993 909 1067
2759 4 2 1 1 791 872 744 1058
2760 4 2 1 1 737 786 927 1129
2761 4 2 1 1 157 826 203 956
2762 4 2 1 1 801 857 994 1023
2763 4 2 1 1 882 899 775 969
2764 4 2 1 1 842 1008 449 1076
2765 4 2 1 1 911 696 954 1109
2766 4 2 1 1 145 955 793 1037
2767 4 2 1 1 540 611 712 968
2768 4 2 1 1 168 825 1001 1121
2769 4 2 1 1 783 1010 985 1028
2770 4 2 1 1 275 252 272 970
2771 4 2 1 1 739 781 915 1011
2772 4 2 1 1 337 322 336 890
2773 4 2 1 1 816 270 1038 1065
2774 4 2 1 1 649 809 677 1094
2775 4 2 1 1 667 675 665 855
2776 4 2 1 1 738 1023 801 1108
2777 4 2 1 1 827 914 874 1017
2778 4 2 1 1 840 842 747 1008
2779 4 2 1 1 309 278 820 1142
2780 4 2 1 1 162 203 157 826
2781 4 2 1 1 833 846 746 907
2782 4 2 1 1 854 860 787 1134
2783 4 2 1 1 1014 1087 1052 1115
2784 4 2 1 1 718 834 672 963
2785 4 2 1 1 771 1108 825 1121
2786 4 2 1 1 953 1014 803 1114
2787 4 2 1 1 753 918 838 920
2788 4 2 1 1 792 922 394 1048
2789 4 2 1 1 465 812 479 990
2790 4 2 1 1 457 941 453 1122
2791 4 2 1 1 743 830 1015 1113
2792 4 2 1 1 843 852 800 1080
2793 4 2 1 1 790 755 901 958
2794 4 2 1 1 760 950 835 1031
2795 4 2 1 1 615 910 629 1128
2796 4 2 1 1 686 838 303 1095
2797 4 2 1 1 144 1106 955 1118
2798 4 2 1 1 465 513 479 812
2799 4 2 1 1 494 904 507 1104
2800 4 2 1 1 822 1013 841 1043
2801 4 2 1 1 741 803 1014 1114
2802 4 2 1 1 564 621 622 860
2803 4 2 1 1 681 823 879 953
2804 4 2 1 1 629 910 875 1128
2805 4 2 1 1 825 1002 168 1148
2806 4 2 1 1 461 456 842 939
2807 4 2 1 1 813 1017 756 1140
2808 4 2 1 1 555 977 557 1143
2809 4 2 1 1 795 1030 845 1093
2810 4 2 1 1 635 532 587 954
2811 4 2 1 1 830 780 916 1053
2812 4 2 1 1 830 932 819 962
2813 4 2 1 1 787 965 757 1081
2814 4 2 1 1 452 449 842 1122
2815 4 2 1 1 848 1074 745 1079
2816 4 2 1 1 755 960 849 1001
2817 4 2 1 1 814 1069 1012 1091
2818 4 2 1 1 718 644 834 1033
2819 4 2 1 1 670 672 940 1095
2820 4 2 1 1 790 866 839 948
2821 4 2 1 1 342 898 818 1048
2822 4 2 1 1 781 915 840 1085
2823 4 2 1 1 803 944 741 1103
2824 4 2 1 1 757 899 882 969
2825 4 2 1 1 883 889 737 1069
2826 4 2 1 1 458 992 862 1072
2827 4 2 1 1 804 751 897 997
2828 4 2 1 1 178 900 892 956
2829 4 2 1 1 717 696 707 911
2830 4 2 1 1 809 172 1046 1061
2831 4 2 1 1 748 886 798 1028
2832 4 2 1 1 803 879 1019 1052
2833 4 2 1 1 755 825 960 1001
2834 4 2 1 1 455 492 457 992
2835 4 2 1 1 771 1002 847 1102
2836 4 2 1 1 160 836 159 1084
2837 4 2 1 1 361 896 820 1123
2838 4 2 1 1 795 870 845 1030
2839 4 2 1 1 799 864 874 1074
2840 4 2 1 1 885 900 487 946
2841 4 2 1 1 373 369 971 978
2842 4 2 1 1 890 953 761 1022
2843 4 2 1 1 888 792 902 1048
2844 4 2 1 1 781 941 824 992
2845 4 2 1 1 124 325 179 867
2846 4 2 1 1 664 668 918 920
2847 4 2 1 1 710 658 870 928
2848 4 2 1 1 399 873 818 971
2849 4 2 1 1 461 939 842 1076
2850 4 2 1 1 365 978 779 1044
2851 4 2 1 1 954 976 762 1109
2852 4 2 1 1 752 892 797 900
2853 4 2 1 1 192 161 207 1146
2854 4 2 1 1 889 1010 802 1082
2855 4 2 1 1 739 802 1010 1082
2856 4 2 1 1 516 862 458 939
2857 4 2 1 1 796 951 834 1003
2858 4 2 1 1 680 678 679 1056
2859 4 2 1 1 803 741 1019 1103
2860 4 2 1 1 773 917 897 975
2861 4 2 1 1 499 842 449 1076
2862 4 2 1 1 358 1089 360 1123
2863 4 2 1 1 675 720 687 968
2864 4 2 1 1 955 1106 877 1118
2865 4 2 1 1 178 203 900 956
2866 4 2 1 1 907 913 794 1004
2867 4 2 1 1 813 897 751 997
2868 4 2 1 1 750 1040 807 1058
2869 4 2 1 1 661 665 663 855
2870 4 2 1 1 388 827 874 1017
2871 4 2 1 1 885 941 781 1122
2872 4 2 1 1 769 918 838 1006
2873 4 2 1 1 278 308 942 1142
2874 4 2 1 1 828 989 623 1112
2875 4 2 1 1 639 823 1022 1056
2876 4 2 1 1 762 911 954 1109
2877 4 2 1 1 939 992 842 1005
2878 4 2 1 1 764 874 827 914
2879 4 2 1 1 762 976 808 980
2880 4 2 1 1 761 792 922 1014
2881 4 2 1 1 139 857 136 994
2882 4 2 1 1 797 885 752 900
2883 4 2 1 1 305 1107 819 1139
2884 4 2 1 1 945 981 869 1117
2885 4 2 1 1 805 855 920 1042
2886 4 2 1 1 875 1066 787 1128
2887 4 2 1 1 837 886 763 1079
2888 4 2 1 1 778 1027 905 1069
2889 4 2 1 1 664 666 668 920
2890 4 2 1 1 801 1062 748 1106
2891 4 2 1 1 544 821 573 993
2892 4 2 1 1 164 821 133 993
2893 4 2 1 1 552 869 555 1051
2894 4 2 1 1 783 1010 889 1082
2895 4 2 1 1 859 912 756 1015
2896 4 2 1 1 144 849 1106 1118
2897 4 2 1 1 624 954 692 1109
2898 4 2 1 1 132 521 495 1105
2899 4 2 1 1 390 421 1086 1087
2900 4 2 1 1 790 948 839 1054
2901 4 2 1 1 484 826 486 946
2902 4 2 1 1 461 456 499 842
2903 4 2 1 1 841 864 813 1018
2904 4 2 1 1 957 1011 768 1084
2905 4 2 1 1 380 867 863 1049
2906 4 2 1 1 267 266 268 936
2907 4 2 1 1 788 912 859 1015
2908 4 2 1 1 454 448 840 1039
2909 4 2 1 1 322 636 691 890
2910 4 2 1 1 769 838 991 1006
2911 4 2 1 1 505 937 196 957
2912 4 2 1 1 823 1052 1014 1087
2913 4 2 1 1 985 1010 784 1062
2914 4 2 1 1 790 901 755 1034
2915 4 2 1 1 276 965 1025 1137
2916 4 2 1 1 156 159 160 836
2917 4 2 1 1 819 999 473 1107
2918 4 2 1 1 826 946 930 1104
2919 4 2 1 1 666 920 722 1038
2920 4 2 1 1 790 866 901 1034
2921 4 2 1 1 574 909 993 1067
2922 4 2 1 1 382 863 381 1087
2923 4 2 1 1 445 447 1039 1053
2924 4 2 1 1 274 963 303 1095
2925 4 2 1 1 777 934 815 939
2926 4 2 1 1 142 877 955 1057
2927 4 2 1 1 815 908 519 1098
2928 4 2 1 1 361 820 942 1123
2929 4 2 1 1 591 631 844 988
2930 4 2 1 1 858 767 1063 1123
2931 4 2 1 1 807 996 854 1147
2932 4 2 1 1 801 960 738 1108
2933 4 2 1 1 675 665 855 1125
2934 4 2 1 1 514 992 458 1072
2935 4 2 1 1 411 827 904 1092
2936 4 2 1 1 260 850 264 1142
2937 4 2 1 1 484 900 826 946
2938 4 2 1 1 801 1023 861 1108
2939 4 2 1 1 749 1020 810 1034
2940 4 2 1 1 779 940 834 1021
2941 4 2 1 1 783 889 822 1071
2942 4 2 1 1 458 939 862 992
2943 4 2 1 1 173 150 849 1001
2944 4 2 1 1 764 914 827 930
2945 4 2 1 1 324 1000 853 1047
2946 4 2 1 1 320 304 929 942
2947 4 2 1 1 787 875 1128 1134
2948 4 2 1 1 649 1029 809 1094
2949 4 2 1 1 173 1001 849 1118
2950 4 2 1 1 607 550 1100 1149
2951 4 2 1 1 209 186 933 1037
2952 4 2 1 1 343 818 902 1048
2953 4 2 1 1 746 794 899 907
2954 4 2 1 1 744 894 1012 1091
2955 4 2 1 1 168 1002 825 1121
2956 4 2 1 1 461 842 499 1076
2957 4 2 1 1 443 442 441 912
2958 4 2 1 1 767 942 929 999
2959 4 2 1 1 777 934 925 950
2960 4 2 1 1 825 884 755 958
2961 4 2 1 1 777 939 815 943
2962 4 2 1 1 801 960 849 1050
2963 4 2 1 1 773 1071 975 1090
2964 4 2 1 1 168 1001 825 1148
2965 4 2 1 1 218 967 887 1105
2966 4 2 1 1 788 1015 891 1089
2967 4 2 1 1 260 264 265 1142
2968 4 2 1 1 639 823 681 1022
2969 4 2 1 1 502 832 503 962
2970 4 2 1 1 398 362 397 873
2971 4 2 1 1 138 141 184 1083
2972 4 2 1 1 753 920 816 1042
2973 4 2 1 1 747 811 923 925
2974 4 2 1 1 767 974 850 1063
2975 4 2 1 1 747 916 925 1090
2976 4 2 1 1 619 1025 618 1134
2977 4 2 1 1 639 681 823 1056
2978 4 2 1 1 746 899 794 1055
2979 4 2 1 1 578 831 577 976
2980 4 2 1 1 803 953 879 1014
2981 4 2 1 1 337 890 898 1131
2982 4 2 1 1 726 633 686 1095
2983 4 2 1 1 503 502 450 832
2984 4 2 1 1 815 934 777 943
2985 4 2 1 1 821 771 993 1121
2986 4 2 1 1 834 940 769 1021
2987 4 2 1 1 901 958 755 1029
2988 4 2 1 1 840 946 789 1141
2989 4 2 1 1 849 960 755 1050
2990 4 2 1 1 797 892 752 1111
2991 4 2 1 1 761 1014 953 1114
2992 4 2 1 1 278 221 309 1047
2993 4 2 1 1 746 794 913 1055
2994 4 2 1 1 671 669 670 918
2995 4 2 1 1 134 133 164 821
2996 4 2 1 1 174 806 189 1096
2997 4 2 1 1 587 617 569 968
2998 4 2 1 1 573 544 545 821
2999 4 2 1 1 242 882 240 907
3000 4 2 1 1 745 798 886 1028
3001 4 2 1 1 832 962 916 1053
3002 4 2 1 1 412 859 410 1017
3003 4 2 1 1 887 967 218 1078
3004 4 2 1 1 774 991 951 1099
3005 4 2 1 1 781 842 840 1122
3006 4 2 1 1 151 793 1024 1037
3007 4 2 1 1 281 226 311 853
3008 4 2 1 1 738 808 964 980
3009 4 2 1 1 209 867 179 919
3010 4 2 1 1 745 841 822 886
3011 4 2 1 1 133 821 134 1110
3012 4 2 1 1 545 821 544 1110
3013 4 2 1 1 609 439 496 952
3014 4 2 1 1 516 458 460 939
3015 4 2 1 1 497 912 443 1136
3016 4 2 1 1 243 240 286 1088
3017 4 2 1 1 764 995 930 1104
3018 4 2 1 1 748 1050 801 1106
3019 4 2 1 1 748 889 802 973
3020 4 2 1 1 780 1075 1015 1113
3021 4 2 1 1 467 797 941 957
3022 4 2 1 1 651 652 901 1029
3023 4 2 1 1 807 854 998 1147
3024 4 2 1 1 801 877 1062 1106
3025 4 2 1 1 906 981 945 1117
3026 4 2 1 1 772 1052 1087 1115
3027 4 2 1 1 756 1017 891 1140
3028 4 2 1 1 779 978 834 1044
3029 4 2 1 1 511 485 429 1104
3030 4 2 1 1 571 815 616 1098
3031 4 2 1 1 232 875 542 910
3032 4 2 1 1 670 940 918 1095
3033 4 2 1 1 467 941 468 957
3034 4 2 1 1 502 959 832 962
3035 4 2 1 1 274 303 838 1095
3036 4 2 1 1 755 810 1034 1103
3037 4 2 1 1 122 168 1002 1148
3038 4 2 1 1 772 1086 867 1087
3039 4 2 1 1 309 308 278 1142
3040 4 2 1 1 246 833 907 1099
3041 4 2 1 1 170 171 150 1046
3042 4 2 1 1 397 896 359 1089
3043 4 2 1 1 740 950 934 1066
3044 4 2 1 1 387 504 858 929
3045 4 2 1 1 366 1003 834 1033
3046 4 2 1 1 264 819 305 1107
3047 4 2 1 1 289 878 846 1097
3048 4 2 1 1 198 201 1009 1094
3049 4 2 1 1 592 862 977 988
3050 4 2 1 1 758 981 824 992
3051 4 2 1 1 925 934 740 950
3052 4 2 1 1 331 834 366 1044
3053 4 2 1 1 510 467 468 957
3054 4 2 1 1 776 905 913 1055
3055 4 2 1 1 802 748 973 1062
3056 4 2 1 1 517 460 462 939
3057 4 2 1 1 818 888 902 1048
3058 4 2 1 1 227 910 506 990
3059 4 2 1 1 943 950 777 959
3060 4 2 1 1 774 966 846 1099
3061 4 2 1 1 243 1004 794 1088
3062 4 2 1 1 979 1039 789 1075
3063 4 2 1 1 758 824 862 992
3064 4 2 1 1 783 915 868 985
3065 4 2 1 1 310 221 281 1047
3066 4 2 1 1 852 807 1138 1147
3067 4 2 1 1 159 957 210 1084
3068 4 2 1 1 446 445 443 912
3069 4 2 1 1 748 877 955 1106
3070 4 2 1 1 763 933 1013 1037
3071 4 2 1 1 681 953 682 1022
3072 4 2 1 1 486 826 484 1104
3073 4 2 1 1 737 822 917 1129
3074 4 2 1 1 864 919 763 1079
3075 4 2 1 1 861 1023 964 1108
3076 4 2 1 1 773 868 1071 1085
3077 4 2 1 1 906 758 981 1117
3078 4 2 1 1 771 821 865 1108
3079 4 2 1 1 390 881 1056 1087
3080 4 2 1 1 409 375 361 820
3081 4 2 1 1 476 475 876 962
3082 4 2 1 1 740 811 925 1027
3083 4 2 1 1 791 883 889 1145
3084 4 2 1 1 824 941 768 952
3085 4 2 1 1 609 937 439 952
3086 4 2 1 1 750 808 872 903
3087 4 2 1 1 500 885 840 1122
3088 4 2 1 1 765 969 936 1042
3089 4 2 1 1 200 1046 172 1061
3090 4 2 1 1 886 1013 763 1079
3091 4 2 1 1 305 819 264 1139
3092 4 2 1 1 748 973 801 1050
3093 4 2 1 1 654 653 655 901
3094 4 2 1 1 412 410 354 1017
3095 4 2 1 1 132 495 967 1105
3096 4 2 1 1 806 174 1016 1096
3097 4 2 1 1 955 1057 798 1135
3098 4 2 1 1 776 916 925 1060
3099 4 2 1 1 771 865 821 993
3100 4 2 1 1 799 919 864 1079
3101 4 2 1 1 544 539 133 993
3102 4 2 1 1 539 126 133 993
3103 4 2 1 1 775 970 833 1120
3104 4 2 1 1 264 999 819 1107
3105 4 2 1 1 477 446 497 830
3106 4 2 1 1 749 944 803 1034
3107 4 2 1 1 593 619 618 1134
3108 4 2 1 1 740 1027 938 1040
3109 4 2 1 1 359 397 362 896
3110 4 2 1 1 571 908 815 1098
3111 4 2 1 1 277 812 261 990
3112 4 2 1 1 253 247 966 1099
3113 4 2 1 1 640 535 831 1067
3114 4 2 1 1 810 748 889 935
3115 4 2 1 1 772 867 863 1087
3116 4 2 1 1 870 890 761 1030
3117 4 2 1 1 906 915 781 1085
3118 4 2 1 1 424 922 863 1087
3119 4 2 1 1 608 436 491 908
3120 4 2 1 1 601 558 552 1051
3121 4 2 1 1 878 966 754 1047
3122 4 2 1 1 888 947 818 1077
3123 4 2 1 1 606 1100 843 1132
3124 4 2 1 1 665 697 663 855
3125 4 2 1 1 266 936 828 1073
3126 4 2 1 1 783 868 915 1085
3127 4 2 1 1 505 196 125 957
3128 4 2 1 1 412 356 859 891
3129 4 2 1 1 142 955 143 1057
3130 4 2 1 1 750 802 883 987
3131 4 2 1 1 741 944 803 1114
3132 4 2 1 1 193 194 139 861
3133 4 2 1 1 826 995 764 1104
3134 4 2 1 1 394 344 350 1018
3135 4 2 1 1 746 1055 905 1091
3136 4 2 1 1 361 820 375 942
3137 4 2 1 1 345 902 997 1018
3138 4 2 1 1 743 897 975 1113
3139 4 2 1 1 582 235 537 989
3140 4 2 1 1 760 1031 972 1139
3141 4 2 1 1 712 642 540 968
3142 4 2 1 1 502 832 959 1076
3143 4 2 1 1 257 1031 249 1088
3144 4 2 1 1 776 1027 905 1055
3145 4 2 1 1 454 451 500 840
3146 4 2 1 1 742 818 888 947
3147 4 2 1 1 457 459 453 941
3148 4 2 1 1 793 1013 933 1037
3149 4 2 1 1 653 705 901 958
3150 4 2 1 1 754 947 873 971
3151 4 2 1 1 488 425 588 862
3152 4 2 1 1 814 851 746 1091
3153 4 2 1 1 780 912 830 1015
3154 4 2 1 1 970 1065 272 1120
3155 4 2 1 1 261 277 314 812
3156 4 2 1 1 683 711 710 953
3157 4 2 1 1 811 934 925 1005
3158 4 2 1 1 249 1031 835 1088
3159 4 2 1 1 515 824 492 1072
3160 4 2 1 1 923 925 776 1090
3161 4 2 1 1 762 954 911 1070
3162 4 2 1 1 825 960 861 1108
3163 4 2 1 1 619 1128 875 1134
3164 4 2 1 1 173 849 150 1118
3165 4 2 1 1 874 799 1074 1092
3166 4 2 1 1 242 882 907 1120
3167 4 2 1 1 226 328 1003 1101
3168 4 2 1 1 261 812 314 1031
3169 4 2 1 1 779 890 870 1030
3170 4 2 1 1 746 905 814 1091
3171 4 2 1 1 801 973 748 1062
3172 4 2 1 1 826 930 995 1104
3173 4 2 1 1 263 966 878 1047
3174 4 2 1 1 760 916 832 962
3175 4 2 1 1 738 973 801 1023
3176 4 2 1 1 807 903 872 1138
3177 4 2 1 1 382 380 863 1049
3178 4 2 1 1 753 918 795 1006
3179 4 2 1 1 538 436 608 908
3180 4 2 1 1 376 332 440 858
3181 4 2 1 1 295 936 882 1120
3182 4 2 1 1 220 303 633 838
3183 4 2 1 1 835 1031 829 1088
3184 4 2 1 1 379 179 867 919
3185 4 2 1 1 822 889 748 935
3186 4 2 1 1 294 292 260 1142
3187 4 2 1 1 751 947 895 1077
3188 4 2 1 1 622 828 566 996
3189 4 2 1 1 742 947 888 1077
3190 4 2 1 1 702 825 688 1148
3191 4 2 1 1 924 933 793 1115
3192 4 2 1 1 811 906 747 923
3193 4 2 1 1 276 860 237 1025
3194 4 2 1 1 798 848 837 1135
3195 4 2 1 1 776 925 923 1027
3196 4 2 1 1 311 853 226 1101
3197 4 2 1 1 795 949 753 1006
3198 4 2 1 1 752 868 915 985
3199 4 2 1 1 169 1001 168 1148
3200 4 2 1 1 261 312 990 1068
3201 4 2 1 1 801 849 960 1001
3202 4 2 1 1 1008 1039 447 1053
3203 4 2 1 1 854 1134 856 1143
3204 4 2 1 1 204 867 933 1086
3205 4 2 1 1 441 859 442 1026
3206 4 2 1 1 755 1050 810 1103
3207 4 2 1 1 806 759 931 983
3208 4 2 1 1 748 955 886 1106
3209 4 2 1 1 499 452 449 842
3210 4 2 1 1 266 828 936 989
3211 4 2 1 1 533 121 961 1096
3212 4 2 1 1 514 515 492 1072
3213 4 2 1 1 514 458 516 1072
3214 4 2 1 1 382 863 380 867
3215 4 2 1 1 661 665 855 911
3216 4 2 1 1 867 919 763 1049
3217 4 2 1 1 242 241 240 882
3218 4 2 1 1 452 842 456 992
3219 4 2 1 1 565 996 852 1147
3220 4 2 1 1 608 908 491 910
3221 4 2 1 1 450 832 502 1076
3222 4 2 1 1 571 815 908 1128
3223 4 2 1 1 746 913 905 1055
3224 4 2 1 1 671 918 670 940
3225 4 2 1 1 738 1023 987 1145
3226 4 2 1 1 440 332 435 858
3227 4 2 1 1 762 948 911 1109
3228 4 2 1 1 599 533 121 961
3229 4 2 1 1 760 819 876 1139
3230 4 2 1 1 758 869 981 1117
3231 4 2 1 1 189 961 806 1084
3232 4 2 1 1 859 912 788 1136
3233 4 2 1 1 560 556 854 1147
3234 4 2 1 1 597 937 609 952
3235 4 2 1 1 228 537 235 989
3236 4 2 1 1 364 388 411 1092
3237 4 2 1 1 770 913 846 1004
3238 4 2 1 1 710 711 658 928
3239 4 2 1 1 344 902 1018 1048
3240 4 2 1 1 758 815 934 939
3241 4 2 1 1 640 831 694 1067
3242 4 2 1 1 657 655 866 928
3243 4 2 1 1 187 153 837 955
3244 4 2 1 1 299 963 284 1033
3245 4 2 1 1 801 738 960 973
3246 4 2 1 1 200 1024 1046 1061
3247 4 2 1 1 767 820 850 974
3248 4 2 1 1 859 788 1026 1136
3249 4 2 1 1 718 834 644 1044
3250 4 2 1 1 896 1063 767 1123
3251 4 2 1 1 366 334 1003 1033
3252 4 2 1 1 917 986 786 1077
3253 4 2 1 1 706 658 657 928
3254 4 2 1 1 750 872 808 987
3255 4 2 1 1 516 862 517 1098
3256 4 2 1 1 738 808 980 1054
3257 4 2 1 1 369 370 371 971
3258 4 2 1 1 472 999 473 1036
3259 4 2 1 1 987 1023 802 1145
3260 4 2 1 1 636 721 691 890
3261 4 2 1 1 227 506 433 990
3262 4 2 1 1 747 811 925 1005
3263 4 2 1 1 760 835 972 1031
3264 4 2 1 1 850 974 878 1144
3265 4 2 1 1 345 902 346 997
3266 4 2 1 1 814 927 749 1012
3267 4 2 1 1 255 878 263 966
3268 4 2 1 1 558 869 552 1051
3269 4 2 1 1 432 473 999 1107
3270 4 2 1 1 560 854 556 1143
3271 4 2 1 1 252 970 833 991
3272 4 2 1 1 140 141 138 877
3273 4 2 1 1 235 828 266 989
3274 4 2 1 1 887 1074 799 1092
3275 4 2 1 1 242 241 882 1120
3276 4 2 1 1 799 848 837 1079
3277 4 2 1 1 754 878 926 966
3278 4 2 1 1 197 714 881 1009
3279 4 2 1 1 669 918 671 940
3280 4 2 1 1 477 830 497 1036
3281 4 2 1 1 653 901 652 958
3282 4 2 1 1 553 998 903 1051
3283 4 2 1 1 563 571 561 856
3284 4 2 1 1 770 878 850 1097
3285 4 2 1 1 911 954 800 1070
3286 4 2 1 1 760 835 950 1060
3287 4 2 1 1 780 982 1039 1075
3288 4 2 1 1 792 863 922 1014
3289 4 2 1 1 295 936 266 1073
3290 4 2 1 1 623 568 566 1112
3291 4 2 1 1 808 964 893 1035
3292 4 2 1 1 542 875 629 910
3293 4 2 1 1 738 964 808 987
3294 4 2 1 1 826 764 995 1078
3295 4 2 1 1 753 833 970 991
3296 4 2 1 1 536 590 952 1072
3297 4 2 1 1 872 903 843 1138
3298 4 2 1 1 398 971 371 1000
3299 4 2 1 1 169 171 170 884
3300 4 2 1 1 744 872 839 1070
3301 4 2 1 1 821 964 861 994
3302 4 2 1 1 773 917 975 1071
3303 4 2 1 1 861 1001 825 1121
3304 4 2 1 1 194 861 166 1001
3305 4 2 1 1 821 964 1032 1149
3306 4 2 1 1 751 897 813 984
3307 4 2 1 1 325 379 179 867
3308 4 2 1 1 873 971 398 1000
3309 4 2 1 1 811 883 750 945
3310 4 2 1 1 749 810 927 944
3311 4 2 1 1 481 489 442 859
3312 4 2 1 1 843 852 807 1138
3313 4 2 1 1 575 865 581 976
3314 4 2 1 1 445 979 912 1039
3315 4 2 1 1 566 852 565 996
3316 4 2 1 1 444 912 445 979
3317 4 2 1 1 956 985 892 1057
3318 4 2 1 1 807 872 843 1138
3319 4 2 1 1 781 885 840 915
3320 4 2 1 1 383 396 864 1049
3321 4 2 1 1 759 806 931 1016
3322 4 2 1 1 476 502 475 962
3323 4 2 1 1 699 734 963 1033
3324 4 2 1 1 815 862 758 977
3325 4 2 1 1 948 980 847 1109
3326 4 2 1 1 452 842 992 1122
3327 4 2 1 1 446 830 477 1053
3328 4 2 1 1 370 372 371 1000
3329 4 2 1 1 362 873 398 1000
3330 4 2 1 1 802 987 750 1035
3331 4 2 1 1 806 961 1045 1084
3332 4 2 1 1 450 832 1008 1053
3333 4 2 1 1 421 881 390 1086
3334 4 2 1 1 891 897 804 1015
3335 4 2 1 1 748 810 889 973
3336 4 2 1 1 867 933 763 1037
3337 4 2 1 1 458 862 516 1072
3338 4 2 1 1 173 170 150 1001
3339 4 2 1 1 741 944 1043 1129
3340 4 2 1 1 292 850 260 1142
3341 4 2 1 1 787 1025 875 1134
3342 4 2 1 1 726 838 633 1095
3343 4 2 1 1 836 892 784 1083
3344 4 2 1 1 924 793 1013 1115
3345 4 2 1 1 745 848 995 1074
3346 4 2 1 1 508 500 487 946
3347 4 2 1 1 826 995 848 1078
3348 4 2 1 1 850 878 770 1144
3349 4 2 1 1 759 983 806 1016
3350 4 2 1 1 752 915 868 1141
3351 4 2 1 1 738 987 808 1054
3352 4 2 1 1 822 886 841 1013
3353 4 2 1 1 793 886 837 955
3354 4 2 1 1 810 748 935 1050
3355 4 2 1 1 786 917 822 1129
3356 4 2 1 1 760 819 932 962
3357 4 2 1 1 760 876 819 962
3358 4 2 1 1 911 1070 800 1080
3359 4 2 1 1 591 558 631 988
3360 4 2 1 1 203 162 123 826
3361 4 2 1 1 209 186 867 933
3362 4 2 1 1 783 1071 868 1085
3363 4 2 1 1 600 223 534 875
3364 4 2 1 1 342 898 393 978
3365 4 2 1 1 758 862 815 939
3366 4 2 1 1 556 1143 854 1147
3367 4 2 1 1 747 906 811 1005
3368 4 2 1 1 861 960 825 1001
3369 4 2 1 1 416 370 328 853
3370 4 2 1 1 775 1065 970 1120
3371 4 2 1 1 572 1128 619 1134
3372 4 2 1 1 832 1008 842 1076
3373 4 2 1 1 772 1052 823 1087
3374 4 2 1 1 596 597 609 952
3375 4 2 1 1 677 879 679 1009
3376 4 2 1 1 912 979 780 1039
3377 4 2 1 1 747 982 840 1008
3378 4 2 1 1 620 640 700 1067
3379 4 2 1 1 948 980 762 1054
3380 4 2 1 1 750 883 811 1040
3381 4 2 1 1 251 260 850 972
3382 4 2 1 1 848 995 764 1078
3383 4 2 1 1 702 1002 825 1148
3384 4 2 1 1 676 723 697 1125
3385 4 2 1 1 853 754 966 1047
3386 4 2 1 1 812 950 760 1031
3387 4 2 1 1 778 1027 811 1040
3388 4 2 1 1 863 1087 1014 1115
3389 4 2 1 1 757 899 938 1081
3390 4 2 1 1 807 1058 1040 1064
3391 4 2 1 1 750 817 1035 1051
3392 4 2 1 1 451 454 448 840
3393 4 2 1 1 396 349 864 1018
3394 4 2 1 1 739 931 836 1111
3395 4 2 1 1 653 652 705 958
3396 4 2 1 1 381 382 380 867
3397 4 2 1 1 463 461 501 1076
3398 4 2 1 1 403 382 381 1087
3399 4 2 1 1 666 697 722 920
3400 4 2 1 1 298 506 227 910
3401 4 2 1 1 383 919 380 1049
3402 4 2 1 1 767 850 820 1142
3403 4 2 1 1 656 662 659 866
3404 4 2 1 1 737 814 905 1069
3405 4 2 1 1 310 281 853 1047
3406 4 2 1 1 299 699 963 1033
3407 4 2 1 1 187 837 153 1135
3408 4 2 1 1 745 864 841 1079
3409 4 2 1 1 793 935 924 1013
3410 4 2 1 1 796 978 834 1021
3411 4 2 1 1 941 957 797 1011
3412 4 2 1 1 826 900 752 946
3413 4 2 1 1 738 973 1023 1145
3414 4 2 1 1 504 470 435 858
3415 4 2 1 1 765 855 816 1125
3416 4 2 1 1 828 852 765 1112
3417 4 2 1 1 826 752 900 956
3418 4 2 1 1 256 966 263 1047
3419 4 2 1 1 270 921 269 1065
3420 4 2 1 1 857 931 1023 1062
3421 4 2 1 1 936 969 775 1042
3422 4 2 1 1 410 412 384 859
3423 4 2 1 1 187 955 837 1135
3424 4 2 1 1 792 1018 902 1048
3425 4 2 1 1 204 867 186 933
3426 4 2 1 1 288 951 253 966
3427 4 2 1 1 798 752 956 985
3428 4 2 1 1 821 865 964 1149
3429 4 2 1 1 681 879 685 953
3430 4 2 1 1 373 367 369 978
3431 4 2 1 1 500 885 487 946
3432 4 2 1 1 855 911 800 1080
3433 4 2 1 1 529 622 621 860
3434 4 2 1 1 758 862 939 992
3435 4 2 1 1 608 615 908 910
3436 4 2 1 1 763 919 864 1049
3437 4 2 1 1 339 337 393 898
3438 4 2 1 1 816 855 765 1042
3439 4 2 1 1 141 877 142 1057
3440 4 2 1 1 808 987 964 1035
3441 4 2 1 1 798 955 877 1057
3442 4 2 1 1 495 521 437 1105
3443 4 2 1 1 822 1043 786 1129
3444 4 2 1 1 577 578 535 831
3445 4 2 1 1 728 890 385 1022
3446 4 2 1 1 836 768 1011 1084
3447 4 2 1 1 754 966 926 1059
3448 4 2 1 1 814 894 851 1091
3449 4 2 1 1 798 985 956 1057
3450 4 2 1 1 806 961 189 1096
3451 4 2 1 1 885 915 781 1011
3452 4 2 1 1 815 856 766 1128
3453 4 2 1 1 209 154 186 1037
3454 4 2 1 1 749 949 814 1012
3455 4 2 1 1 117 180 594 871
3456 4 2 1 1 530 117 594 871
3457 4 2 1 1 761 823 922 1022
3458 4 2 1 1 881 1086 772 1087
3459 4 2 1 1 708 669 671 940
3460 4 2 1 1 791 927 810 1145
3461 4 2 1 1 765 936 828 989
3462 4 2 1 1 810 973 748 1050
3463 4 2 1 1 515 952 824 1072
3464 4 2 1 1 768 1045 961 1084
3465 4 2 1 1 556 998 555 1143
3466 4 2 1 1 674 870 708 940
3467 4 2 1 1 139 138 136 857
3468 4 2 1 1 752 900 885 946
3469 4 2 1 1 563 592 616 977
3470 4 2 1 1 745 1074 864 1079
3471 4 2 1 1 768 957 941 1011
3472 4 2 1 1 753 970 838 991
3473 4 2 1 1 767 819 999 1036
3474 4 2 1 1 572 619 593 1134
3475 4 2 1 1 836 931 806 1083
3476 4 2 1 1 136 857 137 1016
3477 4 2 1 1 275 246 252 833
3478 4 2 1 1 237 239 238 965
3479 4 2 1 1 739 836 931 1045
3480 4 2 1 1 345 997 347 1018
3481 4 2 1 1 888 898 818 1130
3482 4 2 1 1 314 876 280 1031
3483 4 2 1 1 751 917 897 984
3484 4 2 1 1 209 179 208 919
3485 4 2 1 1 741 1043 935 1129
3486 4 2 1 1 749 810 944 1034
3487 4 2 1 1 762 976 843 1100
3488 4 2 1 1 455 457 453 1122
3489 4 2 1 1 737 889 822 1129
3490 4 2 1 1 823 761 953 1022
3491 4 2 1 1 810 927 791 1020
3492 4 2 1 1 503 962 832 1053
3493 4 2 1 1 892 900 752 956
3494 4 2 1 1 754 971 853 1059
3495 4 2 1 1 828 860 757 996
3496 4 2 1 1 561 856 571 1128
3497 4 2 1 1 473 475 477 962
3498 4 2 1 1 237 965 238 1073
3499 4 2 1 1 924 933 1052 1061
3500 4 2 1 1 768 844 824 1116
3501 4 2 1 1 450 1008 447 1053
3502 4 2 1 1 831 847 980 1109
3503 4 2 1 1 236 266 828 1073
3504 4 2 1 1 440 376 858 1026
3505 4 2 1 1 307 224 704 921
3506 4 2 1 1 168 194 166 1001
3507 4 2 1 1 240 882 238 965
3508 4 2 1 1 741 935 944 1129
3509 4 2 1 1 767 896 820 974
3510 4 2 1 1 883 889 802 1082
3511 4 2 1 1 754 878 974 1144
3512 4 2 1 1 825 958 755 960
3513 4 2 1 1 791 927 814 1012
3514 4 2 1 1 510 937 505 957
3515 4 2 1 1 265 264 304 999
3516 4 2 1 1 737 917 822 1071
3517 4 2 1 1 503 832 450 1053
3518 4 2 1 1 852 800 1080 1112
3519 4 2 1 1 822 841 745 984
3520 4 2 1 1 820 767 942 1123
3521 4 2 1 1 369 368 328 1003
3522 4 2 1 1 750 811 945 1040
3523 4 2 1 1 824 981 781 992
3524 4 2 1 1 888 1030 898 1130
3525 4 2 1 1 947 971 754 1059
3526 4 2 1 1 806 1045 961 1119
3527 4 2 1 1 843 903 872 1100
3528 4 2 1 1 412 354 356 891
3529 4 2 1 1 431 536 496 952
3530 4 2 1 1 882 936 295 1073
3531 4 2 1 1 137 136 138 857
3532 4 2 1 1 754 974 820 1000
3533 4 2 1 1 677 709 679 879
3534 4 2 1 1 424 378 922 1087
3535 4 2 1 1 671 670 672 940
3536 4 2 1 1 888 1043 786 1077
3537 4 2 1 1 295 882 241 1120
3538 4 2 1 1 237 276 239 965
3539 4 2 1 1 556 998 1143 1147
3540 4 2 1 1 588 425 531 862
3541 4 2 1 1 892 956 752 985
3542 4 2 1 1 575 581 577 976
3543 4 2 1 1 929 999 470 1036
3544 4 2 1 1 239 240 238 965
3545 4 2 1 1 623 828 582 989
3546 4 2 1 1 739 836 1011 1111
3547 4 2 1 1 201 648 643 1009
3548 4 2 1 1 737 822 889 1071
3549 4 2 1 1 161 208 207 919
3550 4 2 1 1 830 912 788 1015
3551 4 2 1 1 704 224 638 921
3552 4 2 1 1 741 924 935 1013
3553 4 2 1 1 229 301 402 942
3554 4 2 1 1 127 199 218 887
3555 4 2 1 1 493 437 392 904
3556 4 2 1 1 150 146 144 849
3557 4 2 1 1 542 232 287 875
3558 4 2 1 1 791 839 872 1054
3559 4 2 1 1 198 172 201 1094
3560 4 2 1 1 337 898 339 1131
3561 4 2 1 1 176 374 127 887
3562 4 2 1 1 799 1074 848 1079
3563 4 2 1 1 748 886 822 935
3564 4 2 1 1 178 892 148 956
3565 4 2 1 1 745 822 984 1028
3566 4 2 1 1 823 1056 772 1087
3567 4 2 1 1 782 986 917 1077
3568 4 2 1 1 757 860 828 1073
3569 4 2 1 1 895 926 782 947
3570 4 2 1 1 765 816 921 1125
3571 4 2 1 1 883 1058 987 1145
3572 4 2 1 1 888 898 761 1048
3573 4 2 1 1 253 247 255 966
3574 4 2 1 1 771 831 847 980
3575 4 2 1 1 623 566 622 828
3576 4 2 1 1 237 860 965 1073
3577 4 2 1 1 542 287 600 875
3578 4 2 1 1 758 906 1005 1117
3579 4 2 1 1 667 855 665 911
3580 4 2 1 1 822 935 886 1013
3581 4 2 1 1 423 387 332 858
3582 4 2 1 1 410 411 388 827
3583 4 2 1 1 770 932 850 1144
3584 4 2 1 1 737 927 814 1069
3585 4 2 1 1 443 912 441 1136
3586 4 2 1 1 202 967 218 1105
3587 4 2 1 1 271 1038 270 1065
3588 4 2 1 1 776 925 916 1090
3589 4 2 1 1 820 896 767 1123
3590 4 2 1 1 500 840 451 1122
3591 4 2 1 1 827 859 756 1017
3592 4 2 1 1 249 835 245 1004
3593 4 2 1 1 822 1028 783 1071
3594 4 2 1 1 536 596 496 952
3595 4 2 1 1 149 956 1057 1135
3596 4 2 1 1 242 244 246 907
3597 4 2 1 1 643 714 128 1009
3598 4 2 1 1 961 1045 768 1119
3599 4 2 1 1 592 603 613 988
3600 4 2 1 1 931 1016 806 1083
3601 4 2 1 1 454 486 528 946
3602 4 2 1 1 773 1085 1071 1090
3603 4 2 1 1 800 1080 968 1125
3604 4 2 1 1 753 894 851 949
3605 4 2 1 1 754 926 895 947
3606 4 2 1 1 421 381 1086 1087
3607 4 2 1 1 789 1039 982 1075
3608 4 2 1 1 739 1010 915 1082
3609 4 2 1 1 388 874 351 1017
3610 4 2 1 1 923 925 811 1027
3611 4 2 1 1 758 981 869 988
3612 4 2 1 1 437 904 967 1105
3613 4 2 1 1 256 255 263 966
3614 4 2 1 1 848 956 158 1135
3615 4 2 1 1 782 895 947 1077
3616 4 2 1 1 747 925 923 1090
3617 4 2 1 1 490 430 481 827
3618 4 2 1 1 811 1005 906 1117
3619 4 2 1 1 762 980 948 1109
3620 4 2 1 1 125 434 505 957
3621 4 2 1 1 834 978 779 1021
3622 4 2 1 1 857 877 801 1118
3623 4 2 1 1 452 456 455 992
3624 4 2 1 1 223 534 875 1025
3625 4 2 1 1 932 974 850 1144
3626 4 2 1 1 271 970 1038 1065
3627 4 2 1 1 273 970 252 991
3628 4 2 1 1 232 293 875 910
3629 4 2 1 1 640 694 700 1067
3630 4 2 1 1 932 974 743 1063
3631 4 2 1 1 873 947 818 971
3632 4 2 1 1 748 822 886 1028
3633 4 2 1 1 739 1011 836 1045
3634 4 2 1 1 899 1055 938 1081
3635 4 2 1 1 846 907 244 1004
3636 4 2 1 1 798 848 956 995
3637 4 2 1 1 827 904 764 930
3638 4 2 1 1 851 894 814 949
3639 4 2 1 1 862 988 589 1072
3640 4 2 1 1 236 295 266 1073
3641 4 2 1 1 802 1023 973 1145
3642 4 2 1 1 202 218 199 1105
3643 4 2 1 1 759 871 983 1016
3644 4 2 1 1 585 601 548 983
3645 4 2 1 1 535 640 620 1067
3646 4 2 1 1 250 245 835 1097
3647 4 2 1 1 885 781 941 1011
3648 4 2 1 1 351 1017 874 1140
3649 4 2 1 1 615 542 629 910
3650 4 2 1 1 733 880 921 1125
3651 4 2 1 1 922 1014 863 1087
3652 4 2 1 1 827 874 764 1092
3653 4 2 1 1 229 402 329 942
3654 4 2 1 1 830 932 743 1063
3655 4 2 1 1 472 473 471 1036
3656 4 2 1 1 239 286 240 965
3657 4 2 1 1 773 897 917 984
3658 4 2 1 1 842 1008 840 1122
3659 4 2 1 1 830 912 780 1053
3660 4 2 1 1 581 1100 976 1149
3661 4 2 1 1 449 451 1008 1122
3662 4 2 1 1 987 1058 791 1145
3663 4 2 1 1 924 1024 933 1061
3664 4 2 1 1 193 139 136 994
3665 4 2 1 1 702 637 1002 1148
3666 4 2 1 1 639 680 681 1056
3667 4 2 1 1 748 1062 877 1106
3668 4 2 1 1 923 1071 1085 1090
3669 4 2 1 1 286 1088 965 1137
3670 4 2 1 1 235 236 266 828
3671 4 2 1 1 484 487 900 946
3672 4 2 1 1 141 142 143 1057
3673 4 2 1 1 264 225 999 1107
3674 4 2 1 1 583 480 436 908
3675 4 2 1 1 883 791 1058 1145
3676 4 2 1 1 252 991 833 1099
3677 4 2 1 1 749 845 1093 1124
3678 4 2 1 1 933 924 1052 1115
3679 4 2 1 1 783 915 1010 1082
3680 4 2 1 1 383 396 355 864
3681 4 2 1 1 504 470 858 929
3682 4 2 1 1 787 1025 965 1137
3683 4 2 1 1 865 964 808 980
3684 4 2 1 1 822 935 1043 1129
3685 4 2 1 1 201 648 1009 1094
3686 4 2 1 1 584 983 1096 1119
3687 4 2 1 1 770 1041 932 1144
3688 4 2 1 1 905 1055 778 1091
3689 4 2 1 1 741 1013 1043 1115
3690 4 2 1 1 267 231 880 921
3691 4 2 1 1 858 929 470 1036
3692 4 2 1 1 736 1002 909 1102
3693 4 2 1 1 885 946 840 1141
3694 4 2 1 1 806 983 871 1016
3695 4 2 1 1 452 992 455 1122
3696 4 2 1 1 818 947 742 1130
3697 4 2 1 1 749 928 845 1124
3698 4 2 1 1 862 992 824 1072
3699 4 2 1 1 814 927 791 1069
3700 4 2 1 1 841 763 864 1049
3701 4 2 1 1 771 865 831 980
3702 4 2 1 1 614 630 989 1112
3703 4 2 1 1 188 836 160 1084
3704 4 2 1 1 754 895 926 1144
3705 4 2 1 1 334 233 1003 1033
3706 4 2 1 1 793 924 935 1050
3707 4 2 1 1 763 933 867 1115
3708 4 2 1 1 742 888 818 1130
3709 4 2 1 1 389 724 326 1056
3710 4 2 1 1 614 880 611 968
3711 4 2 1 1 291 1025 875 1137
3712 4 2 1 1 987 1023 964 1035
3713 4 2 1 1 934 939 777 1005
3714 4 2 1 1 810 927 889 1145
3715 4 2 1 1 471 477 497 1036
3716 4 2 1 1 387 858 423 929
3717 4 2 1 1 756 912 859 979
3718 4 2 1 1 791 810 1020 1145
3719 4 2 1 1 252 248 991 1099
3720 4 2 1 1 788 912 830 1136
3721 4 2 1 1 954 1070 762 1132
3722 4 2 1 1 738 964 987 1023
3723 4 2 1 1 750 817 945 1035
3724 4 2 1 1 766 1066 875 1128
3725 4 2 1 1 268 270 269 1065
3726 4 2 1 1 205 645 703 1002
3727 4 2 1 1 793 955 837 1037
3728 4 2 1 1 827 764 904 1092
3729 4 2 1 1 821 964 865 1108
3730 4 2 1 1 760 959 876 962
3731 4 2 1 1 712 880 719 968
3732 4 2 1 1 743 1041 975 1144
3733 4 2 1 1 759 857 931 1023
3734 4 2 1 1 301 929 402 942
3735 4 2 1 1 764 1074 887 1092
3736 4 2 1 1 758 939 934 1005
3737 4 2 1 1 860 965 787 1025
3738 4 2 1 1 197 128 714 1009
3739 4 2 1 1 202 218 967 1078
3740 4 2 1 1 414 226 328 1003
3741 4 2 1 1 838 918 769 1095
3742 4 2 1 1 754 853 971 1000
3743 4 2 1 1 137 857 138 1083
3744 4 2 1 1 484 508 487 946
3745 4 2 1 1 890 898 761 1030
3746 4 2 1 1 909 1002 129 1121
3747 4 2 1 1 806 1045 836 1084
3748 4 2 1 1 575 573 605 865
3749 4 2 1 1 768 824 952 1116
3750 4 2 1 1 398 873 399 971
3751 4 2 1 1 659 660 657 866
3752 4 2 1 1 812 876 760 959
3753 4 2 1 1 420 521 216 1105
3754 4 2 1 1 832 916 780 1053
3755 4 2 1 1 380 379 867 919
3756 4 2 1 1 915 1085 868 1141
3757 4 2 1 1 758 934 815 977
3758 4 2 1 1 744 855 1042 1080
3759 4 2 1 1 775 899 882 907
3760 4 2 1 1 936 1042 775 1065
3761 4 2 1 1 586 282 860 1025
3762 4 2 1 1 699 718 734 1033
3763 4 2 1 1 243 242 907 1004
3764 4 2 1 1 835 245 1004 1097
3765 4 2 1 1 695 948 847 1109
3766 4 2 1 1 250 835 249 1031
3767 4 2 1 1 828 765 989 1112
3768 4 2 1 1 426 859 321 1026
3769 4 2 1 1 388 410 827 1017
3770 4 2 1 1 581 607 1100 1149
3771 4 2 1 1 753 918 920 1007
3772 4 2 1 1 793 935 886 1106
3773 4 2 1 1 802 945 883 1082
3774 4 2 1 1 250 245 249 835
3775 4 2 1 1 697 855 665 1125
3776 4 2 1 1 540 614 611 968
3777 4 2 1 1 151 1024 933 1037
3778 4 2 1 1 789 914 979 1075
3779 4 2 1 1 444 442 443 912
3780 4 2 1 1 250 249 257 1031
3781 4 2 1 1 778 1040 883 1058
3782 4 2 1 1 712 719 642 968
3783 4 2 1 1 661 667 665 911
3784 4 2 1 1 514 492 458 992
3785 4 2 1 1 610 195 539 993
3786 4 2 1 1 782 975 905 1041
3787 4 2 1 1 450 449 1008 1076
3788 4 2 1 1 926 966 774 1059
3789 4 2 1 1 762 872 843 1070
3790 4 2 1 1 756 979 914 1075
3791 4 2 1 1 280 314 222 876
3792 4 2 1 1 934 1005 811 1117
3793 4 2 1 1 741 924 1013 1115
3794 4 2 1 1 592 977 603 988
3795 4 2 1 1 905 975 776 1041
3796 4 2 1 1 791 1012 814 1069
3797 4 2 1 1 801 973 960 1050
3798 4 2 1 1 820 754 1000 1047
3799 4 2 1 1 195 126 539 993
3800 4 2 1 1 914 930 764 995
3801 4 2 1 1 791 889 927 1145
3802 4 2 1 1 614 630 880 989
3803 4 2 1 1 420 437 521 1105
3804 4 2 1 1 837 955 153 1037
3805 4 2 1 1 794 1055 899 1081
3806 4 2 1 1 677 809 1009 1094
3807 4 2 1 1 754 895 873 947
3808 4 2 1 1 733 719 880 1125
3809 4 2 1 1 171 1046 884 1094
3810 4 2 1 1 829 965 794 1088
3811 4 2 1 1 566 567 565 852
3812 4 2 1 1 837 848 799 1146
3813 4 2 1 1 701 736 909 1102
3814 4 2 1 1 592 589 862 988
3815 4 2 1 1 149 157 956 1135
3816 4 2 1 1 790 839 1020 1054
3817 4 2 1 1 229 375 278 942
3818 4 2 1 1 794 965 829 1081
3819 4 2 1 1 494 437 904 967
3820 4 2 1 1 845 870 795 928
3821 4 2 1 1 886 935 748 1106
3822 4 2 1 1 795 845 928 1124
3823 4 2 1 1 410 327 411 827
3824 4 2 1 1 770 835 913 1004
3825 4 2 1 1 760 876 1031 1139
3826 4 2 1 1 439 937 526 952
3827 4 2 1 1 445 444 443 912
3828 4 2 1 1 757 860 854 996
3829 4 2 1 1 560 556 559 1143
3830 4 2 1 1 513 466 476 959
3831 4 2 1 1 135 994 871 1110
3832 4 2 1 1 279 428 520 876
3833 4 2 1 1 550 893 549 1051
3834 4 2 1 1 244 907 242 1004
3835 4 2 1 1 364 874 388 1092
3836 4 2 1 1 854 1143 998 1147
3837 4 2 1 1 807 1040 938 1064
3838 4 2 1 1 765 968 1080 1125
3839 4 2 1 1 632 961 937 1116
3840 4 2 1 1 341 339 342 1048
3841 4 2 1 1 448 1008 840 1039
3842 4 2 1 1 623 622 582 828
3843 4 2 1 1 603 869 613 988
3844 4 2 1 1 339 898 342 1048
3845 4 2 1 1 136 994 857 1016
3846 4 2 1 1 495 437 967 1105
3847 4 2 1 1 780 1039 1008 1053
3848 4 2 1 1 779 898 890 1030
3849 4 2 1 1 782 926 895 1144
3850 4 2 1 1 757 938 854 1081
3851 4 2 1 1 763 1013 933 1115
3852 4 2 1 1 664 920 918 1007
3853 4 2 1 1 171 172 1046 1094
3854 4 2 1 1 812 760 876 1031
3855 4 2 1 1 770 878 846 926
3856 4 2 1 1 250 835 972 1097
3857 4 2 1 1 218 887 199 1105
3858 4 2 1 1 822 889 935 1129
3859 4 2 1 1 799 1074 887 1146
3860 4 2 1 1 903 1100 843 1138
3861 4 2 1 1 560 559 854 1143
3862 4 2 1 1 841 864 1018 1049
3863 4 2 1 1 840 1008 451 1122
3864 4 2 1 1 855 1080 800 1125
3865 4 2 1 1 815 766 908 1128
3866 4 2 1 1 746 905 913 1041
3867 4 2 1 1 423 929 858 1123
3868 4 2 1 1 320 929 301 942
3869 4 2 1 1 758 862 824 988
3870 4 2 1 1 546 871 584 983
3871 4 2 1 1 829 1088 258 1137
3872 4 2 1 1 145 142 144 955
3873 4 2 1 1 776 913 1041 1060
3874 4 2 1 1 846 907 833 1099
3875 4 2 1 1 168 167 1002 1121
3876 4 2 1 1 745 886 822 1028
3877 4 2 1 1 833 907 775 1120
3878 4 2 1 1 839 911 762 948
3879 4 2 1 1 598 533 961 1096
3880 4 2 1 1 773 975 897 1113
3881 4 2 1 1 840 915 885 1141
3882 4 2 1 1 510 505 434 957
3883 4 2 1 1 520 279 876 1107
3884 4 2 1 1 286 965 239 1137
3885 4 2 1 1 270 224 269 921
3886 4 2 1 1 137 1016 857 1083
3887 4 2 1 1 763 867 863 1115
3888 4 2 1 1 497 1036 830 1136
3889 4 2 1 1 531 862 425 1098
3890 4 2 1 1 772 1061 933 1086
3891 4 2 1 1 156 147 155 892
3892 4 2 1 1 773 982 868 1085
3893 4 2 1 1 795 1093 845 1124
3894 4 2 1 1 584 983 871 1096
3895 4 2 1 1 761 922 823 1014
3896 4 2 1 1 745 914 868 1075
3897 4 2 1 1 122 168 167 1002
3898 4 2 1 1 542 600 629 875
3899 4 2 1 1 172 809 1046 1094
3900 4 2 1 1 184 147 156 1083
3901 4 2 1 1 598 1096 961 1119
3902 4 2 1 1 491 908 527 910
3903 4 2 1 1 127 330 401 1105
3904 4 2 1 1 756 897 891 1015
3905 4 2 1 1 286 239 290 1137
3906 4 2 1 1 815 939 862 1098
3907 4 2 1 1 887 1074 764 1146
3908 4 2 1 1 836 892 797 1111
3909 4 2 1 1 237 219 860 1073
3910 4 2 1 1 273 274 838 991
3911 4 2 1 1 632 937 597 1116
3912 4 2 1 1 290 258 1088 1137
3913 4 2 1 1 377 386 326 1022
3914 4 2 1 1 153 955 145 1037
3915 4 2 1 1 879 1009 809 1052
3916 4 2 1 1 297 537 228 989
3917 4 2 1 1 776 1055 913 1060
3918 4 2 1 1 682 890 728 1022
3919 4 2 1 1 800 1070 954 1132
3920 4 2 1 1 392 437 335 904
3921 4 2 1 1 639 326 724 1056
3922 4 2 1 1 815 908 766 943
3923 4 2 1 1 273 970 838 1038
3924 4 2 1 1 127 401 199 1105
3925 4 2 1 1 786 986 888 1077
3926 4 2 1 1 440 1026 858 1136
3927 4 2 1 1 342 393 373 978
3928 4 2 1 1 843 762 1070 1132
3929 4 2 1 1 149 158 157 1135
3930 4 2 1 1 928 1007 795 1124
3931 4 2 1 1 758 977 862 988
3932 4 2 1 1 176 374 887 1127
3933 4 2 1 1 343 346 345 902
3934 4 2 1 1 273 838 970 991
3935 4 2 1 1 771 847 831 1102
3936 4 2 1 1 688 884 650 1148
3937 4 2 1 1 653 651 652 901
3938 4 2 1 1 851 949 814 1093
3939 4 2 1 1 204 213 182 1086
3940 4 2 1 1 182 1009 881 1061
3941 4 2 1 1 135 134 994 1110
3942 4 2 1 1 271 224 270 1038
3943 4 2 1 1 234 438 929 999
3944 4 2 1 1 204 186 213 933
3945 4 2 1 1 770 850 972 1097
3946 4 2 1 1 426 321 384 94
3947 4 2 1 1 67 219 529 586
3948 4 2 1 1 180 31 117 594
3949 4 2 1 1 530 117 31 594
3950 4 2 1 1 219 67 282 586
3951 4 2 1 1 94 384 426 489
3952 4 2 1 1 489 93 384 327
3953 4 2 1 1 93 489 430 327
3954 4 2 1 1 796 853 971 1059
3955 4 2 1 1 922 1048 761 1131
3956 4 2 1 1 366 334 368 1003
3957 4 2 1 1 685 681 679 879
3958 4 2 1 1 772 1009 1052 1061
3959 4 2 1 1 431 536 952 1072
3960 4 2 1 1 254 951 300 991
3961 4 2 1 1 789 930 914 995
3962 4 2 1 1 277 433 479 990
3963 4 2 1 1 839 948 762 1054
3964 4 2 1 1 801 877 857 1062
3965 4 2 1 1 488 516 425 862
3966 4 2 1 1 547 546 548 983
3967 4 2 1 1 68 235 582 529
3968 4 2 1 1 235 68 219 529
3969 4 2 1 1 615 908 910 1128
3970 4 2 1 1 755 1019 1029 1046
3971 4 2 1 1 121 185 599 961
3972 4 2 1 1 127 374 330 887
3973 4 2 1 1 261 262 312 1068
3974 4 2 1 1 561 977 856 1143
3975 4 2 1 1 178 157 203 956
3976 4 2 1 1 853 966 256 1047
3977 4 2 1 1 776 1027 1055 1060
3978 4 2 1 1 220 838 633 1038
3979 4 2 1 1 161 837 153 1037
3980 4 2 1 1 583 908 571 1098
3981 4 2 1 1 686 303 963 1095
3982 4 2 1 1 146 849 150 1024
3983 4 2 1 1 551 550 549 1051
3984 4 2 1 1 806 1096 983 1119
3985 4 2 1 1 158 956 157 1135
3986 4 2 1 1 440 858 469 1136
3987 4 2 1 1 968 1080 800 1112
3988 4 2 1 1 786 1043 944 1129
3989 4 2 1 1 456 460 458 939
3990 4 2 1 1 432 518 225 999
3991 4 2 1 1 178 155 148 892
3992 4 2 1 1 547 546 983 1032
3993 4 2 1 1 149 1057 143 1135
3994 4 2 1 1 583 480 908 1098
3995 4 2 1 1 547 548 893 983
3996 4 2 1 1 205 129 645 1002
3997 4 2 1 1 296 936 295 1120
3998 4 2 1 1 502 959 501 1076
3999 4 2 1 1 820 1047 309 1142
4000 4 2 1 1 610 909 195 993
4001 4 2 1 1 397 346 398 873
4002 4 2 1 1 879 1014 823 1052
4003 4 2 1 1 745 841 886 1079
4004 4 2 1 1 600 287 223 875
4005 4 2 1 1 746 899 1055 1091
4006 4 2 1 1 877 1106 801 1118
4007 4 2 1 1 788 858 1036 1063
4008 4 2 1 1 871 1016 174 1096
4009 4 2 1 1 787 1066 875 1068
4010 4 2 1 1 402 929 405 942
4011 4 2 1 1 851 814 986 1093
4012 4 2 1 1 743 974 932 1144
4013 4 2 1 1 253 288 254 951
4014 4 2 1 1 235 266 228 989
4015 4 2 1 1 872 1054 839 1070
4016 4 2 1 1 544 539 33 133
4017 4 2 1 1 244 846 247 1099
4018 4 2 1 1 126 33 539 133
4019 4 2 1 1 847 771 980 1108
4020 4 2 1 1 772 1056 881 1087
4021 4 2 1 1 246 244 247 1099
4022 4 2 1 1 456 939 458 992
4023 4 2 1 1 821 759 964 994
4024 4 2 1 1 898 761 1048 1131
4025 4 2 1 1 555 869 603 977
4026 4 2 1 1 541 130 937 961
4027 4 2 1 1 456 842 939 992
4028 4 2 1 1 816 1038 970 1065
4029 4 2 1 1 351 388 353 874
4030 4 2 1 1 555 603 557 977
4031 4 2 1 1 182 1061 881 1086
4032 4 2 1 1 450 1008 832 1076
4033 4 2 1 1 603 977 869 988
4034 4 2 1 1 826 946 752 995
4035 4 2 1 1 135 174 871 1016
4036 4 2 1 1 460 461 462 939
4037 4 2 1 1 732 333 417 881
4038 4 2 1 1 809 1046 1024 1061
4039 4 2 1 1 188 156 160 836
4040 4 2 1 1 784 892 836 1111
4041 4 2 1 1 386 1056 823 1087
4042 4 2 1 1 604 843 606 1138
4043 4 2 1 1 477 830 962 1053
4044 4 2 1 1 566 567 852 1112
4045 4 2 1 1 213 1061 182 1086
4046 4 2 1 1 463 462 461 943
4047 4 2 1 1 238 965 882 1073
4048 4 2 1 1 169 170 168 1001
4049 4 2 1 1 538 583 436 908
4050 4 2 1 1 881 1009 678 1056
4051 4 2 1 1 558 613 869 988
4052 4 2 1 1 547 983 893 1032
4053 4 2 1 1 879 1019 809 1029
4054 4 2 1 1 415 858 376 1026
4055 4 2 1 1 646 733 880 921
4056 4 2 1 1 432 473 472 999
4057 4 2 1 1 231 646 880 921
4058 4 2 1 1 252 833 246 1099
4059 4 2 1 1 641 230 699 963
4060 4 2 1 1 277 227 433 990
4061 4 2 1 1 797 885 941 1011
4062 4 2 1 1 837 1135 848 1146
4063 4 2 1 1 414 283 226 1003
4064 4 2 1 1 142 187 143 955
4065 4 2 1 1 485 486 484 1104
4066 4 2 1 1 809 1029 1019 1046
4067 4 2 1 1 821 964 759 1032
4068 4 2 1 1 762 911 839 1070
4069 4 2 1 1 750 987 883 1058
4070 4 2 1 1 823 953 761 1014
4071 4 2 1 1 166 861 164 1121
4072 4 2 1 1 220 274 303 838
4073 4 2 1 1 370 416 324 853
4074 4 2 1 1 134 821 994 1110
4075 4 2 1 1 188 156 836 1083
4076 4 2 1 1 277 261 312 990
4077 4 2 1 1 906 1082 915 1085
4078 4 2 1 1 863 867 763 1049
4079 4 2 1 1 742 888 986 1077
4080 4 2 1 1 843 800 1070 1080
4081 4 2 1 1 225 264 305 1107
4082 4 2 1 1 659 707 661 911
4083 4 2 1 1 771 825 1002 1121
4084 4 2 1 1 739 915 906 1082
4085 4 2 1 1 129 909 645 1002
4086 4 2 1 1 856 934 785 977
4087 4 2 1 1 561 563 856 977
4088 4 2 1 1 627 297 317 880
4089 4 2 1 1 159 175 210 957
4090 4 2 1 1 801 861 960 1108
4091 4 2 1 1 164 166 193 861
4092 4 2 1 1 893 1032 964 1149
4093 4 2 1 1 474 476 475 876
4094 4 2 1 1 875 910 293 1068
4095 4 2 1 1 937 952 597 1116
4096 4 2 1 1 324 409 372 1000
4097 4 2 1 1 798 837 886 955
4098 4 2 1 1 258 290 262 1137
4099 4 2 1 1 237 860 282 1025
4100 4 2 1 1 875 1025 787 1137
4101 4 2 1 1 421 403 381 1087
4102 4 2 1 1 442 859 426 1026
4103 4 2 1 1 220 273 838 1038
4104 4 2 1 1 233 284 1003 1033
4105 4 2 1 1 411 904 422 1092
4106 4 2 1 1 127 887 330 1105
4107 4 2 1 1 789 914 930 979
4108 4 2 1 1 757 965 860 1073
4109 4 2 1 1 764 930 904 1104
4110 4 2 1 1 697 665 676 1125
4111 4 2 1 1 915 1082 783 1085
4112 4 2 1 1 283 334 233 1003
4113 4 2 1 1 223 875 291 1025
4114 4 2 1 1 122 1002 637 1148
4115 4 2 1 1 420 335 437 1105
4116 4 2 1 1 342 343 341 1048
4117 4 2 1 1 659 662 707 948
4118 4 2 1 1 171 884 118 1094
4119 4 2 1 1 866 805 1007 1124
4120 4 2 1 1 951 1059 966 1101
4121 4 2 1 1 254 300 302 991
4122 4 2 1 1 566 568 567 1112
4123 4 2 1 1 809 1052 1009 1061
4124 4 2 1 1 754 971 873 1000
4125 4 2 1 1 933 1024 793 1037
4126 4 2 1 1 779 978 1030 1130
4127 4 2 1 1 301 320 304 929
4128 4 2 1 1 451 840 448 1008
4129 4 2 1 1 480 519 908 1098
4130 4 2 1 1 826 752 956 995
4131 4 2 1 1 457 492 468 941
4132 4 2 1 1 158 190 192 1146
4133 4 2 1 1 586 529 621 860
4134 4 2 1 1 398 346 399 873
4135 4 2 1 1 879 953 823 1014
4136 4 2 1 1 821 759 994 1032
4137 4 2 1 1 412 321 384 859
4138 4 2 1 1 793 933 924 1024
4139 4 2 1 1 222 428 279 876
4140 4 2 1 1 150 1024 849 1046
4141 4 2 1 1 149 956 148 1057
4142 4 2 1 1 898 1030 978 1130
4143 4 2 1 1 767 820 942 1142
4144 4 2 1 1 121 189 961 1096
4145 4 2 1 1 976 1100 808 1149
4146 4 2 1 1 190 153 837 1135
4147 4 2 1 1 276 1025 291 1137
4148 4 2 1 1 770 835 1004 1097
4149 4 2 1 1 225 432 999 1107
4150 4 2 1 1 671 672 673 940
4151 4 2 1 1 759 964 994 1023
4152 4 2 1 1 783 1028 868 1071
4153 4 2 1 1 161 190 153 837
4154 4 2 1 1 638 313 690 1038
4155 4 2 1 1 881 1061 772 1086
4156 4 2 1 1 656 657 655 866
4157 4 2 1 1 417 131 217 881
4158 4 2 1 1 762 1054 872 1070
4159 4 2 1 1 544 573 539 993
4160 4 2 1 1 164 133 126 993
4161 4 2 1 1 732 417 217 881
4162 4 2 1 1 778 905 1027 1055
4163 4 2 1 1 811 906 945 1117
4164 4 2 1 1 626 608 522 910
4165 4 2 1 1 293 287 232 875
4166 4 2 1 1 119 179 323 919
4167 4 2 1 1 165 909 129 1121
4168 4 2 1 1 634 118 698 884
4169 4 2 1 1 158 1135 190 1146
4170 4 2 1 1 589 588 862 1072
4171 4 2 1 1 167 129 1002 1121
4172 4 2 1 1 735 847 695 948
4173 4 2 1 1 238 882 295 1073
4174 4 2 1 1 124 179 209 867
4175 4 2 1 1 204 209 186 867
4176 4 2 1 1 882 899 794 907
4177 4 2 1 1 127 199 887 1105
4178 4 2 1 1 803 944 845 1114
4179 4 2 1 1 677 1009 648 1094
4180 4 2 1 1 889 810 935 1129
4181 4 2 1 1 545 1032 821 1110
4182 4 2 1 1 916 1090 780 1113
4183 4 2 1 1 780 1090 982 1113
4184 4 2 1 1 619 875 534 1025
4185 4 2 1 1 171 118 172 1094
4186 4 2 1 1 519 464 908 943
4187 4 2 1 1 745 868 914 995
4188 4 2 1 1 760 950 812 959
4189 4 2 1 1 802 1023 987 1035
4190 4 2 1 1 639 681 682 1022
4191 4 2 1 1 739 1010 931 1111
4192 4 2 1 1 237 236 219 1073
4193 4 2 1 1 405 929 423 1123
4194 4 2 1 1 371 398 399 971
4195 4 2 1 1 759 964 893 1032
4196 4 2 1 1 775 907 882 1120
4197 4 2 1 1 117 871 530 1110
4198 4 2 1 1 230 299 699 963
4199 4 2 1 1 595 537 297 989
4200 4 2 1 1 841 1013 886 1079
4201 4 2 1 1 651 650 652 1029
4202 4 2 1 1 772 933 867 1086
4203 4 2 1 1 329 375 229 942
4204 4 2 1 1 830 1015 788 1063
4205 4 2 1 1 190 187 153 1135
4206 4 2 1 1 846 878 770 1097
4207 4 2 1 1 782 895 975 1144
4208 4 2 1 1 798 1057 956 1135
4209 4 2 1 1 904 494 967 1104
4210 4 2 1 1 258 257 249 1088
4211 4 2 1 1 750 1040 945 1117
4212 4 2 1 1 785 977 934 1117
4213 4 2 1 1 267 269 231 921
4214 4 2 1 1 933 1013 793 1115
4215 4 2 1 1 818 978 971 1130
4216 4 2 1 1 842 939 777 1076
4217 4 2 1 1 611 730 712 880
4218 4 2 1 1 491 436 527 908
4219 4 2 1 1 250 972 835 1031
4220 4 2 1 1 554 903 553 998
4221 4 2 1 1 286 290 1088 1137
4222 4 2 1 1 819 932 850 972
4223 4 2 1 1 693 695 694 1109
4224 4 2 1 1 528 930 482 979
4225 4 2 1 1 779 978 898 1030
4226 4 2 1 1 615 538 608 908
4227 4 2 1 1 792 888 1043 1114
4228 4 2 1 1 682 636 728 890
4229 4 2 1 1 805 894 949 1012
4230 4 2 1 1 645 909 736 1002
4231 4 2 1 1 234 929 304 999
4232 4 2 1 1 738 964 1023 1108
4233 4 2 1 1 225 518 285 999
4234 4 2 1 1 238 241 295 882
4235 4 2 1 1 135 871 994 1016
4236 4 2 1 1 633 838 725 1038
4237 4 2 1 1 893 964 808 1149
4238 4 2 1 1 182 128 1009 1061
4239 4 2 1 1 668 918 838 1095
4240 4 2 1 1 755 924 849 1050
4241 4 2 1 1 243 244 242 1004
4242 4 2 1 1 759 983 893 1035
4243 4 2 1 1 454 500 508 946
4244 4 2 1 1 852 996 807 1147
4245 4 2 1 1 835 1004 249 1088
4246 4 2 1 1 845 888 742 1030
4247 4 2 1 1 832 959 760 962
4248 4 2 1 1 774 966 951 1059
4249 4 2 1 1 789 914 868 995
4250 4 2 1 1 570 606 604 843
4251 4 2 1 1 276 237 282 1025
4252 4 2 1 1 871 994 759 1032
4253 4 2 1 1 441 442 426 1026
4254 4 2 1 1 765 1080 968 1112
4255 4 2 1 1 391 131 881 1086
4256 4 2 1 1 761 1022 922 1131
4257 4 2 1 1 180 135 174 871
4258 4 2 1 1 584 546 594 871
4259 4 2 1 1 289 292 878 1097
4260 4 2 1 1 282 237 219 860
4261 4 2 1 1 536 590 596 952
4262 4 2 1 1 779 1030 1021 1130
4263 4 2 1 1 350 382 424 863
4264 4 2 1 1 339 393 342 898
4265 4 2 1 1 698 688 650 1148
4266 4 2 1 1 283 414 334 1003
4267 4 2 1 1 689 847 735 958
4268 4 2 1 1 488 862 588 1072
4269 4 2 1 1 316 232 626 910
4270 4 2 1 1 614 989 880 1112
4271 4 2 1 1 853 966 754 1059
4272 4 2 1 1 489 426 442 859
4273 4 2 1 1 470 929 438 999
4274 4 2 1 1 668 725 726 838
4275 4 2 1 1 359 362 361 896
4276 4 2 1 1 743 1015 830 1063
4277 4 2 1 1 651 653 654 901
4278 4 2 1 1 195 539 34 610
4279 4 2 1 1 681 683 682 953
4280 4 2 1 1 840 1085 915 1141
4281 4 2 1 1 767 1036 858 1063
4282 4 2 1 1 961 768 1116 1119
4283 4 2 1 1 396 349 355 864
4284 4 2 1 1 861 964 821 1108
4285 4 2 1 1 1045 1116 768 1119
4286 4 2 1 1 382 863 350 1049
4287 4 2 1 1 302 248 254 991
4288 4 2 1 1 424 863 382 1087
4289 4 2 1 1 325 867 124 1086
4290 4 2 1 1 702 688 637 1148
4291 4 2 1 1 883 987 802 1145
4292 4 2 1 1 743 1015 897 1113
4293 4 2 1 1 197 714 732 881
4294 4 2 1 1 201 643 128 1009
4295 4 2 1 1 126 539 34 195
4296 4 2 1 1 568 623 630 989
4297 4 2 1 1 779 1021 978 1130
4298 4 2 1 1 267 880 297 989
4299 4 2 1 1 782 975 1041 1144
4300 4 2 1 1 742 1030 888 1130
4301 4 2 1 1 971 1059 947 1130
4302 4 2 1 1 836 797 1011 1111
4303 4 2 1 1 288 951 966 1101
4304 4 2 1 1 396 347 349 1018
4305 4 2 1 1 730 627 317 880
4306 4 2 1 1 784 931 1010 1111
4307 4 2 1 1 128 198 201 1009
4308 4 2 1 1 554 903 998 1138
4309 4 2 1 1 893 983 817 1035
4310 4 2 1 1 294 309 1047 1142
4311 4 2 1 1 513 476 428 876
4312 4 2 1 1 446 447 445 1053
4313 4 2 1 1 773 897 984 1075
4314 4 2 1 1 372 398 371 1000
4315 4 2 1 1 541 185 130 961
4316 4 2 1 1 595 297 627 880
4317 4 2 1 1 247 244 289 846
4318 4 2 1 1 434 175 478 957
4319 4 2 1 1 872 903 808 1100
4320 4 2 1 1 118 211 698 884
4321 4 2 1 1 180 871 174 1096
4322 4 2 1 1 584 871 594 1096
4323 4 2 1 1 924 1052 809 1061
4324 4 2 1 1 789 946 995 1141
4325 4 2 1 1 924 809 1024 1061
4326 4 2 1 1 663 920 664 1007
4327 4 2 1 1 450 499 449 1076
4328 4 2 1 1 394 922 340 1048
4329 4 2 1 1 437 335 904 1105
4330 4 2 1 1 767 929 858 1036
4331 4 2 1 1 595 297 880 989
4332 4 2 1 1 326 386 389 1056
4333 4 2 1 1 758 824 981 988
4334 4 2 1 1 302 252 248 991
4335 4 2 1 1 315 1003 951 1101
4336 4 2 1 1 202 199 967 1105
4337 4 2 1 1 849 801 1050 1106
4338 4 2 1 1 778 938 899 1055
4339 4 2 1 1 558 613 603 869
4340 4 2 1 1 554 553 602 998
4341 4 2 1 1 433 465 479 990
4342 4 2 1 1 966 1059 853 1101
4343 4 2 1 1 548 549 547 893
4344 4 2 1 1 726 668 838 1095
4345 4 2 1 1 755 924 1019 1046
4346 4 2 1 1 470 999 472 1036
4347 4 2 1 1 777 939 842 1005
4348 4 2 1 1 638 224 313 1038
4349 4 2 1 1 526 439 510 937
4350 4 2 1 1 200 172 198 1061
4351 4 2 1 1 836 931 784 1111
4352 4 2 1 1 191 937 130 961
4353 4 2 1 1 918 940 769 1095
4354 4 2 1 1 759 893 964 1035
4355 4 2 1 1 1015 1075 897 1113
4356 4 2 1 1 440 376 96 332
4357 4 2 1 1 235 69 582 537
4358 4 2 1 1 439 526 496 952
4359 4 2 1 1 770 1004 846 1097
4360 4 2 1 1 160 159 210 1084
4361 4 2 1 1 96 435 440 332
4362 4 2 1 1 69 235 228 537
4363 4 2 1 1 994 1032 871 1110
4364 4 2 1 1 389 333 724 1056
4365 4 2 1 1 757 882 965 1073
4366 4 2 1 1 730 611 627 880
4367 4 2 1 1 244 289 846 1097
4368 4 2 1 1 646 704 733 921
4369 4 2 1 1 551 553 903 1051
4370 4 2 1 1 306 1003 315 1101
4371 4 2 1 1 818 971 947 1130
4372 4 2 1 1 687 540 642 968
4373 4 2 1 1 299 230 284 963
4374 4 2 1 1 561 563 977 1143
4375 4 2 1 1 325 179 12 124
4376 4 2 1 1 814 1012 894 1091
4377 4 2 1 1 674 708 671 940
4378 4 2 1 1 199 216 132 1105
4379 4 2 1 1 645 701 736 909
4380 4 2 1 1 503 450 447 1053
4381 4 2 1 1 535 576 831 1067
4382 4 2 1 1 392 493 91 437
4383 4 2 1 1 187 149 143 1135
4384 4 2 1 1 818 898 888 1048
4385 4 2 1 1 310 853 256 1047
4386 4 2 1 1 799 864 1074 1079
4387 4 2 1 1 599 598 533 961
4388 4 2 1 1 333 732 647 881
4389 4 2 1 1 774 951 991 1133
4390 4 2 1 1 882 936 775 1120
4391 4 2 1 1 945 1040 811 1117
4392 4 2 1 1 217 197 732 881
4393 4 2 1 1 491 522 608 910
4394 4 2 1 1 743 975 895 1144
4395 4 2 1 1 875 1066 766 1068
4396 4 2 1 1 776 913 905 1041
4397 4 2 1 1 796 853 1059 1101
4398 4 2 1 1 560 854 996 1147
4399 4 2 1 1 728 385 326 1022
4400 4 2 1 1 756 897 1015 1075
4401 4 2 1 1 779 870 940 1030
4402 4 2 1 1 189 188 160 1084
4403 4 2 1 1 910 990 293 1068
4404 4 2 1 1 965 1088 829 1137
4405 4 2 1 1 418 402 318 929
4406 4 2 1 1 868 914 789 1075
4407 4 2 1 1 836 1011 768 1045
4408 4 2 1 1 747 923 906 1085
4409 4 2 1 1 554 998 602 1138
4410 4 2 1 1 191 957 937 1084
4411 4 2 1 1 626 522 316 910
4412 4 2 1 1 92 430 392 327
4413 4 2 1 1 534 600 65 223
4414 4 2 1 1 101 496 431 536
4415 4 2 1 1 536 101 496 596
4416 4 2 1 1 430 493 92 392
4417 4 2 1 1 792 1043 1014 1114
4418 4 2 1 1 435 469 440 858
4419 4 2 1 1 131 417 391 881
4420 4 2 1 1 767 999 929 1036
4421 4 2 1 1 796 1059 951 1101
4422 4 2 1 1 849 801 1106 1118
4423 4 2 1 1 835 794 913 1004
4424 4 2 1 1 576 577 535 831
4425 4 2 1 1 655 658 711 928
4426 4 2 1 1 632 541 937 961
4427 4 2 1 1 793 1050 935 1106
4428 4 2 1 1 218 887 1078 1146
4429 4 2 1 1 982 1085 773 1090
4430 4 2 1 1 787 1066 1068 1137
4431 4 2 1 1 657 658 655 928
4432 4 2 1 1 357 397 359 1089
4433 4 2 1 1 803 1019 1034 1103
4434 4 2 1 1 749 1093 949 1124
4435 4 2 1 1 557 556 555 1143
4436 4 2 1 1 345 348 347 997
4437 4 2 1 1 833 991 774 1099
4438 4 2 1 1 537 623 582 989
4439 4 2 1 1 740 1055 1027 1060
4440 4 2 1 1 536 589 590 1072
4441 4 2 1 1 796 1021 951 1133
4442 4 2 1 1 899 938 778 1064
4443 4 2 1 1 609 596 496 100
4444 4 2 1 1 405 387 423 929
4445 4 2 1 1 769 940 918 1006
4446 4 2 1 1 228 297 70 537
4447 4 2 1 1 783 915 985 1010
4448 4 2 1 1 499 456 452 842
4449 4 2 1 1 592 589 588 862
4450 4 2 1 1 135 994 136 1016
4451 4 2 1 1 88 715 400 331
4452 4 2 1 1 557 977 563 1143
4453 4 2 1 1 541 599 185 961
4454 4 2 1 1 694 1067 831 1102
4455 4 2 1 1 671 673 674 940
4456 4 2 1 1 815 934 856 977
4457 4 2 1 1 826 956 848 995
4458 4 2 1 1 764 1078 826 1104
4459 4 2 1 1 218 1078 163 1146
4460 4 2 1 1 232 542 626 910
4461 4 2 1 1 560 559 562 854
4462 4 2 1 1 844 1116 1045 1119
4463 4 2 1 1 744 894 969 1042
4464 4 2 1 1 150 849 144 1118
4465 4 2 1 1 272 1065 296 1120
4466 4 2 1 1 771 865 980 1108
4467 4 2 1 1 836 1045 768 1084
4468 4 2 1 1 275 272 296 1120
4469 4 2 1 1 886 955 793 1106
4470 4 2 1 1 838 769 991 1095
4471 4 2 1 1 778 1058 883 1069
4472 4 2 1 1 863 867 772 1115
4473 4 2 1 1 293 910 227 990
4474 4 2 1 1 922 1022 377 1131
4475 4 2 1 1 757 938 899 1064
4476 4 2 1 1 859 891 756 1017
4477 4 2 1 1 512 427 487 900
4478 4 2 1 1 272 970 271 1065
4479 4 2 1 1 698 650 884 1148
4480 4 2 1 1 711 683 685 953
4481 4 2 1 1 630 595 880 989
4482 4 2 1 1 337 336 365 1044
4483 4 2 1 1 222 279 280 876
4484 4 2 1 1 403 424 382 1087
4485 4 2 1 1 364 353 388 874
4486 4 2 1 1 785 998 854 1143
4487 4 2 1 1 382 404 380 1049
4488 4 2 1 1 501 450 502 1076
4489 4 2 1 1 762 839 1054 1070
4490 4 2 1 1 581 976 865 1149
4491 4 2 1 1 276 239 965 1137
4492 4 2 1 1 687 587 540 968
4493 4 2 1 1 803 1019 901 1034
4494 4 2 1 1 801 960 861 1001
4495 4 2 1 1 775 969 894 1042
4496 4 2 1 1 784 931 857 1062
4497 4 2 1 1 125 175 434 957
4498 4 2 1 1 749 949 1012 1124
4499 4 2 1 1 898 978 818 1130
4500 4 2 1 1 632 541 597 937
4501 4 2 1 1 621 586 860 1025
4502 4 2 1 1 763 841 864 1079
4503 4 2 1 1 453 885 500 1122
4504 4 2 1 1 470 438 472 999
4505 4 2 1 1 740 829 950 1066
4506 4 2 1 1 754 926 878 1144
4507 4 2 1 1 425 588 103 488
4508 4 2 1 1 881 1009 772 1061
4509 4 2 1 1 321 859 412 1026
4510 4 2 1 1 498 444 445 979
4511 4 2 1 1 641 699 734 963
4512 4 2 1 1 404 383 380 1049
4513 4 2 1 1 669 664 918 1007
4514 4 2 1 1 855 816 920 1042
4515 4 2 1 1 784 1010 931 1062
4516 4 2 1 1 598 584 1096 1119
4517 4 2 1 1 704 638 723 921
4518 4 2 1 1 527 519 464 908
4519 4 2 1 1 749 866 928 1124
4520 4 2 1 1 809 1019 924 1046
4521 4 2 1 1 923 1082 906 1085
4522 4 2 1 1 964 980 865 1108
4523 4 2 1 1 568 989 630 1112
4524 4 2 1 1 752 995 946 1141
4525 4 2 1 1 280 876 279 1139
4526 4 2 1 1 753 949 851 1006
4527 4 2 1 1 256 966 853 1101
4528 4 2 1 1 769 1006 991 1133
4529 4 2 1 1 755 924 1050 1103
4530 4 2 1 1 769 951 1021 1133
4531 4 2 1 1 853 1000 754 1047
4532 4 2 1 1 466 463 501 959
4533 4 2 1 1 738 1020 973 1145
4534 4 2 1 1 179 13 119 323
4535 4 2 1 1 630 595 614 880
4536 4 2 1 1 737 927 889 1129
4537 4 2 1 1 788 830 1063 1136
4538 4 2 1 1 293 298 227 910
4539 4 2 1 1 741 1013 935 1043
4540 4 2 1 1 300 303 274 963
4541 4 2 1 1 494 495 437 967
4542 4 2 1 1 840 885 781 1122
4543 4 2 1 1 244 846 1004 1097
4544 4 2 1 1 273 271 970 1038
4545 4 2 1 1 787 1068 875 1137
4546 4 2 1 1 727 963 672 1095
4547 4 2 1 1 758 1005 934 1117
4548 4 2 1 1 786 944 1043 1114
4549 4 2 1 1 540 611 115 712
4550 4 2 1 1 385 322 338 890
4551 4 2 1 1 374 363 887 1127
4552 4 2 1 1 876 1107 279 1139
4553 4 2 1 1 498 979 445 1039
4554 4 2 1 1 867 933 772 1115
4555 4 2 1 1 290 258 286 1088
4556 4 2 1 1 274 302 300 991
4557 4 2 1 1 716 735 689 847
4558 4 2 1 1 1036 1063 830 1136
4559 4 2 1 1 767 896 974 1063
4560 4 2 1 1 987 791 1054 1145
4561 4 2 1 1 195 909 165 993
4562 4 2 1 1 610 574 909 993
4563 4 2 1 1 777 959 832 1076
4564 4 2 1 1 628 713 729 909
4565 4 2 1 1 831 762 976 1109
4566 4 2 1 1 741 935 924 1103
4567 4 2 1 1 728 326 639 1022
4568 4 2 1 1 318 402 301 929
4569 4 2 1 1 821 1032 994 1110
4570 4 2 1 1 857 877 784 1062
4571 4 2 1 1 255 289 292 878
4572 4 2 1 1 609 625 524 937
4573 4 2 1 1 741 944 935 1103
4574 4 2 1 1 925 934 777 1005
4575 4 2 1 1 657 660 706 1007
4576 4 2 1 1 761 845 870 1030
4577 4 2 1 1 195 610 215 909
4578 4 2 1 1 663 664 660 1007
4579 4 2 1 1 778 938 1027 1040
4580 4 2 1 1 810 944 935 1129
4581 4 2 1 1 874 1017 813 1140
4582 4 2 1 1 791 987 872 1058
4583 4 2 1 1 848 764 1074 1146
4584 4 2 1 1 831 980 762 1109
4585 4 2 1 1 741 924 1019 1103
4586 4 2 1 1 716 695 847 1102
4587 4 2 1 1 261 314 257 1031
4588 4 2 1 1 803 1034 944 1103
4589 4 2 1 1 961 1096 806 1119
4590 4 2 1 1 806 931 836 1045
4591 4 2 1 1 507 930 486 1104
4592 4 2 1 1 871 983 546 1032
4593 4 2 1 1 220 271 273 1038
4594 4 2 1 1 935 944 810 1103
4595 4 2 1 1 636 682 684 890
4596 4 2 1 1 174 137 188 1016
4597 4 2 1 1 361 359 896 1123
4598 4 2 1 1 491 527 509 910
4599 4 2 1 1 755 1034 901 1103
4600 4 2 1 1 216 401 420 1105
4601 4 2 1 1 318 234 523 929
4602 4 2 1 1 840 1008 982 1039
4603 4 2 1 1 944 741 1043 1114
4604 4 2 1 1 425 862 516 1098
4605 4 2 1 1 385 728 85 322
4606 4 2 1 1 841 763 1013 1079
4607 4 2 1 1 119 207 208 919
4608 4 2 1 1 533 121 29 599
4609 4 2 1 1 337 338 890 1131
4610 4 2 1 1 852 969 765 1080
4611 4 2 1 1 782 986 947 1126
4612 4 2 1 1 140 142 877 1118
4613 4 2 1 1 390 1056 386 1087
4614 4 2 1 1 796 951 1059 1133
4615 4 2 1 1 332 376 415 858
4616 4 2 1 1 571 616 583 1098
4617 4 2 1 1 562 854 559 1134
4618 4 2 1 1 972 1031 250 1139
4619 4 2 1 1 719 646 733 880
4620 4 2 1 1 848 764 995 1074
4621 4 2 1 1 575 581 865 1149
4622 4 2 1 1 504 418 523 929
4623 4 2 1 1 823 1014 922 1087
4624 4 2 1 1 385 890 338 1022
4625 4 2 1 1 872 987 791 1054
4626 4 2 1 1 198 1009 128 1061
4627 4 2 1 1 482 481 444 979
4628 4 2 1 1 641 686 303 963
4629 4 2 1 1 584 585 983 1119
4630 4 2 1 1 898 1048 339 1131
4631 4 2 1 1 614 880 968 1112
4632 4 2 1 1 296 295 241 1120
4633 4 2 1 1 738 980 964 1108
4634 4 2 1 1 684 710 674 870
4635 4 2 1 1 872 808 987 1054
4636 4 2 1 1 738 987 1054 1145
4637 4 2 1 1 202 967 183 1078
4638 4 2 1 1 127 206 176 887
4639 4 2 1 1 725 633 726 838
4640 4 2 1 1 725 666 722 1038
4641 4 2 1 1 761 890 1022 1131
4642 4 2 1 1 206 176 887 1127
4643 4 2 1 1 431 952 515 1072
4644 4 2 1 1 506 298 522 910
4645 4 2 1 1 973 1020 810 1145
4646 4 2 1 1 831 976 762 980
4647 4 2 1 1 736 702 1002 1102
4648 4 2 1 1 608 542 615 910
4649 4 2 1 1 379 323 179 919
4650 4 2 1 1 951 774 1059 1133
4651 4 2 1 1 783 923 1071 1085
4652 4 2 1 1 738 1054 1020 1145
4653 4 2 1 1 784 931 836 1083
4654 4 2 1 1 840 982 789 1039
4655 4 2 1 1 906 923 811 1082
4656 4 2 1 1 487 500 459 885
4657 4 2 1 1 918 940 795 1006
4658 4 2 1 1 583 105 436 480
4659 4 2 1 1 741 1019 924 1052
4660 4 2 1 1 325 124 407 1086
4661 4 2 1 1 229 278 308 942
4662 4 2 1 1 561 557 563 1143
4663 4 2 1 1 755 901 1019 1103
4664 4 2 1 1 889 927 810 1129
4665 4 2 1 1 935 1050 924 1103
4666 4 2 1 1 296 1065 936 1120
4667 4 2 1 1 395 345 346 997
4668 4 2 1 1 636 684 721 890
4669 4 2 1 1 272 271 270 1065
4670 4 2 1 1 165 129 167 1121
4671 4 2 1 1 469 858 470 1036
4672 4 2 1 1 981 1011 739 1045
4673 4 2 1 1 761 845 888 1114
4674 4 2 1 1 335 392 91 437
4675 4 2 1 1 416 281 49 221
4676 4 2 1 1 764 887 967 1105
4677 4 2 1 1 592 613 589 988
4678 4 2 1 1 678 881 714 1009
4679 4 2 1 1 531 592 862 1098
4680 4 2 1 1 339 1048 341 1131
4681 4 2 1 1 808 976 865 980
4682 4 2 1 1 148 956 892 1057
4683 4 2 1 1 340 1048 922 1131
4684 4 2 1 1 561 1128 572 1134
4685 4 2 1 1 150 200 1024 1046
4686 4 2 1 1 433 509 465 990
4687 4 2 1 1 810 927 944 1129
4688 4 2 1 1 788 1036 858 1136
4689 4 2 1 1 612 591 844 1116
4690 4 2 1 1 740 1027 925 1060
4691 4 2 1 1 325 381 867 1086
4692 4 2 1 1 769 991 951 1133
4693 4 2 1 1 215 610 628 909
4694 4 2 1 1 780 982 1008 1039
4695 4 2 1 1 329 402 405 942
4696 4 2 1 1 915 1010 739 1111
4697 4 2 1 1 318 523 418 929
4698 4 2 1 1 779 940 1021 1030
4699 4 2 1 1 199 132 967 1105
4700 4 2 1 1 758 934 977 1117
4701 4 2 1 1 177 483 120 900
4702 4 2 1 1 840 982 747 1085
4703 4 2 1 1 405 942 929 1123
4704 4 2 1 1 558 591 613 988
4705 4 2 1 1 1020 1054 791 1145
4706 4 2 1 1 849 1001 801 1118
4707 4 2 1 1 124 867 204 1086
4708 4 2 1 1 886 935 793 1013
4709 4 2 1 1 880 719 968 1125
4710 4 2 1 1 359 360 358 1089
4711 4 2 1 1 229 320 301 942
4712 4 2 1 1 158 848 1135 1146
4713 4 2 1 1 207 919 119 1127
4714 4 2 1 1 764 967 887 1078
4715 4 2 1 1 829 766 1066 1068
4716 4 2 1 1 297 595 70 537
4717 4 2 1 1 182 881 131 1086
4718 4 2 1 1 770 878 926 1144
4719 4 2 1 1 739 945 906 981
4720 4 2 1 1 486 507 528 930
4721 4 2 1 1 892 985 784 1057
4722 4 2 1 1 692 693 640 1109
4723 4 2 1 1 352 891 354 1140
4724 4 2 1 1 788 1063 1036 1136
4725 4 2 1 1 764 904 967 1104
4726 4 2 1 1 761 888 845 1030
4727 4 2 1 1 761 898 890 1131
4728 4 2 1 1 274 220 273 838
4729 4 2 1 1 165 993 909 1121
4730 4 2 1 1 770 972 835 1097
4731 4 2 1 1 496 609 100 439
4732 4 2 1 1 333 82 389 724
4733 4 2 1 1 151 152 933 1024
4734 4 2 1 1 865 808 964 1149
4735 4 2 1 1 394 424 378 922
4736 4 2 1 1 259 305 264 1139
4737 4 2 1 1 140 144 142 1118
4738 4 2 1 1 391 181 131 1086
4739 4 2 1 1 178 203 177 900
4740 4 2 1 1 786 888 845 1114
4741 4 2 1 1 188 1016 137 1083
4742 4 2 1 1 766 910 875 1068
4743 4 2 1 1 480 519 436 908
4744 4 2 1 1 135 136 137 1016
4745 4 2 1 1 88 715 331 644
4746 4 2 1 1 191 937 961 1084
4747 4 2 1 1 301 52 229 402
4748 4 2 1 1 341 394 340 1048
4749 4 2 1 1 361 360 359 1123
4750 4 2 1 1 778 1040 1058 1064
4751 4 2 1 1 206 1127 887 1146
4752 4 2 1 1 985 1010 915 1111
4753 4 2 1 1 917 984 822 1071
4754 4 2 1 1 401 16 127 199
4755 4 2 1 1 607 581 550 1149
4756 4 2 1 1 829 1081 965 1137
4757 4 2 1 1 575 865 605 1149
4758 4 2 1 1 15 127 176 374
4759 4 2 1 1 340 922 377 1131
4760 4 2 1 1 519 462 464 943
4761 4 2 1 1 969 1042 765 1080
4762 4 2 1 1 850 932 770 972
4763 4 2 1 1 690 313 76 633
4764 4 2 1 1 231 297 267 880
4765 4 2 1 1 914 995 764 1074
4766 4 2 1 1 690 633 725 1038
4767 4 2 1 1 647 724 333 1056
4768 4 2 1 1 522 298 316 910
4769 4 2 1 1 771 831 1067 1102
4770 4 2 1 1 333 390 881 1056
4771 4 2 1 1 772 1052 933 1061
4772 4 2 1 1 844 981 824 988
4773 4 2 1 1 206 887 218 1146
4774 4 2 1 1 234 304 285 999
4775 4 2 1 1 596 590 597 952
4776 4 2 1 1 336 86 691 322
4777 4 2 1 1 439 609 524 937
4778 4 2 1 1 647 333 881 1056
4779 4 2 1 1 646 73 704 307
4780 4 2 1 1 844 768 1045 1116
4781 4 2 1 1 276 223 291 1025
4782 4 2 1 1 357 356 352 891
4783 4 2 1 1 782 947 986 1077
4784 4 2 1 1 742 947 986 1126
4785 4 2 1 1 982 1075 780 1113
4786 4 2 1 1 883 811 923 1082
4787 4 2 1 1 752 885 915 1141
4788 4 2 1 1 899 778 1055 1091
4789 4 2 1 1 375 50 278 221
4790 4 2 1 1 449 451 448 1008
4791 4 2 1 1 137 138 184 1083
4792 4 2 1 1 772 933 1052 1115
4793 4 2 1 1 805 1012 949 1124
4794 4 2 1 1 331 366 365 1044
4795 4 2 1 1 120 483 427 900
4796 4 2 1 1 329 229 52 402
4797 4 2 1 1 127 330 16 401
4798 4 2 1 1 619 600 534 875
4799 4 2 1 1 568 623 989 1112
4800 4 2 1 1 707 696 667 911
4801 4 2 1 1 204 124 209 867
4802 4 2 1 1 255 292 263 878
4803 4 2 1 1 352 356 354 891
4804 4 2 1 1 588 425 103 531
4805 4 2 1 1 413 415 376 1026
4806 4 2 1 1 343 902 344 1048
4807 4 2 1 1 755 1029 884 1046
4808 4 2 1 1 256 853 311 1101
4809 4 2 1 1 618 619 534 1025
4810 4 2 1 1 621 618 586 1025
4811 4 2 1 1 321 412 413 1026
4812 4 2 1 1 713 701 909 1067
4813 4 2 1 1 742 986 947 1077
4814 4 2 1 1 845 1030 742 1093
4815 4 2 1 1 778 1027 938 1055
4816 4 2 1 1 773 984 917 1071
4817 4 2 1 1 758 869 977 988
4818 4 2 1 1 647 881 678 1056
4819 4 2 1 1 620 109 713 700
4820 4 2 1 1 379 179 12 325
4821 4 2 1 1 273 252 302 991
4822 4 2 1 1 759 964 1023 1035
4823 4 2 1 1 742 1006 851 1093
4824 4 2 1 1 608 106 491 436
4825 4 2 1 1 634 698 650 884
4826 4 2 1 1 341 343 344 1048
4827 4 2 1 1 708 674 710 870
4828 4 2 1 1 786 845 944 1114
4829 4 2 1 1 454 508 486 946
4830 4 2 1 1 575 605 581 1149
4831 4 2 1 1 477 962 503 1053
4832 4 2 1 1 325 380 379 867
4833 4 2 1 1 716 694 695 1102
4834 4 2 1 1 368 414 328 1003
4835 4 2 1 1 216 199 401 1105
4836 4 2 1 1 745 995 914 1074
4837 4 2 1 1 924 1024 809 1046
4838 4 2 1 1 891 1017 354 1140
4839 4 2 1 1 871 1032 546 1110
4840 4 2 1 1 504 387 418 929
4841 4 2 1 1 380 383 379 919
4842 4 2 1 1 129 215 729 909
4843 4 2 1 1 313 75 638 690
4844 4 2 1 1 766 875 910 1128
4845 4 2 1 1 106 608 538 436
4846 4 2 1 1 856 1128 561 1134
4847 4 2 1 1 783 985 868 1028
4848 4 2 1 1 507 490 482 930
4849 4 2 1 1 625 130 214 937
4850 4 2 1 1 938 1027 740 1055
4851 4 2 1 1 123 21 177 429
4852 4 2 1 1 396 1018 864 1049
4853 4 2 1 1 135 871 117 1110
4854 4 2 1 1 530 871 546 1110
4855 4 2 1 1 411 392 422 904
4856 4 2 1 1 849 924 755 1046
4857 4 2 1 1 612 590 591 1116
4858 4 2 1 1 698 884 211 1148
4859 4 2 1 1 901 1034 1019 1103
4860 4 2 1 1 411 422 364 1092
4861 4 2 1 1 837 955 798 1135
4862 4 2 1 1 701 909 1067 1102
4863 4 2 1 1 391 881 421 1086
4864 4 2 1 1 508 484 486 946
4865 4 2 1 1 926 947 754 1059
4866 4 2 1 1 811 883 945 1082
4867 4 2 1 1 759 931 857 1016
4868 4 2 1 1 516 862 488 1072
4869 4 2 1 1 761 898 888 1030
4870 4 2 1 1 781 992 842 1122
4871 4 2 1 1 421 391 390 881
4872 4 2 1 1 196 505 524 937
4873 4 2 1 1 115 642 540 712
4874 4 2 1 1 695 717 948 1109
4875 4 2 1 1 848 1078 764 1146
4876 4 2 1 1 700 620 110 640
4877 4 2 1 1 389 83 326 724
4878 4 2 1 1 780 1008 832 1053
4879 4 2 1 1 425 516 517 1098
4880 4 2 1 1 480 517 519 1098
4881 4 2 1 1 251 259 260 972
4882 4 2 1 1 206 207 1127 1146
4883 4 2 1 1 802 889 883 1145
4884 4 2 1 1 713 628 543 909
4885 4 2 1 1 620 700 713 1067
4886 4 2 1 1 742 851 986 1093
4887 4 2 1 1 677 643 648 1009
4888 4 2 1 1 806 1016 871 1096
4889 4 2 1 1 789 995 868 1141
4890 4 2 1 1 38 205 703 637
4891 4 2 1 1 740 829 1066 1081
4892 4 2 1 1 728 84 326 385
4893 4 2 1 1 498 528 482 979
4894 4 2 1 1 205 167 129 1002
4895 4 2 1 1 461 460 456 939
4896 4 2 1 1 51 278 229 375
4897 4 2 1 1 759 994 857 1023
4898 4 2 1 1 423 858 415 1123
4899 4 2 1 1 162 202 183 1078
4900 4 2 1 1 120 212 178 900
4901 4 2 1 1 287 65 600 223
4902 4 2 1 1 634 884 650 1094
4903 4 2 1 1 740 925 950 1060
4904 4 2 1 1 502 476 466 959
4905 4 2 1 1 187 145 153 955
4906 4 2 1 1 340 341 1048 1131
4907 4 2 1 1 311 256 310 853
4908 4 2 1 1 564 622 566 996
4909 4 2 1 1 273 302 274 991
4910 4 2 1 1 334 414 368 1003
4911 4 2 1 1 147 148 892 1057
4912 4 2 1 1 114 642 687 540
4913 4 2 1 1 628 729 215 909
4914 4 2 1 1 824 988 862 1072
4915 4 2 1 1 165 164 993 1121
4916 4 2 1 1 865 976 831 980
4917 4 2 1 1 750 883 1040 1058
4918 4 2 1 1 531 616 592 1098
4919 4 2 1 1 182 198 128 1061
4920 4 2 1 1 382 350 404 1049
4921 4 2 1 1 851 1006 742 1133
4922 4 2 1 1 593 561 572 1134
4923 4 2 1 1 24 478 434 175
4924 4 2 1 1 132 495 183 967
4925 4 2 1 1 153 145 151 1037
4926 4 2 1 1 191 130 185 961
4927 4 2 1 1 524 625 214 937
4928 4 2 1 1 766 990 910 1068
4929 4 2 1 1 899 1064 778 1091
4930 4 2 1 1 940 1006 769 1021
4931 4 2 1 1 666 663 697 920
4932 4 2 1 1 742 986 851 1126
4933 4 2 1 1 606 843 570 1132
4934 4 2 1 1 438 523 234 929
4935 4 2 1 1 786 944 927 1129
4936 4 2 1 1 378 377 340 922
4937 4 2 1 1 765 1080 855 1125
4938 4 2 1 1 161 153 154 1037
4939 4 2 1 1 892 784 985 1111
4940 4 2 1 1 766 856 1066 1128
4941 4 2 1 1 206 218 163 1146
4942 4 2 1 1 893 1035 817 1051
4943 4 2 1 1 578 577 579 976
4944 4 2 1 1 390 403 421 1087
4945 4 2 1 1 538 583 105 436
4946 4 2 1 1 21 483 177 429
4947 4 2 1 1 791 1020 839 1054
4948 4 2 1 1 183 495 511 967
4949 4 2 1 1 117 135 180 871
4950 4 2 1 1 594 546 530 871
4951 4 2 1 1 679 709 685 879
4952 4 2 1 1 909 1002 771 1102
4953 4 2 1 1 584 585 548 983
4954 4 2 1 1 356 891 357 1089
4955 4 2 1 1 55 438 234 518
4956 4 2 1 1 590 597 952 1116
4957 4 2 1 1 306 226 1003 1101
4958 4 2 1 1 356 358 413 1089
4959 4 2 1 1 871 983 806 1096
4960 4 2 1 1 681 685 683 953
4961 4 2 1 1 759 994 871 1016
4962 4 2 1 1 631 612 844 1119
4963 4 2 1 1 552 558 555 869
4964 4 2 1 1 752 892 985 1111
4965 4 2 1 1 546 1032 545 1110
4966 4 2 1 1 884 1029 650 1094
4967 4 2 1 1 465 464 463 943
4968 4 2 1 1 714 43 643 128
4969 4 2 1 1 851 1006 949 1093
4970 4 2 1 1 757 899 969 1064
4971 4 2 1 1 795 1007 949 1124
4972 4 2 1 1 636 85 728 322
4973 4 2 1 1 149 148 143 1057
4974 4 2 1 1 524 214 196 937
4975 4 2 1 1 353 874 364 1092
4976 4 2 1 1 531 592 588 862
4977 4 2 1 1 784 857 931 1083
4978 4 2 1 1 324 416 49 221
4979 4 2 1 1 874 914 764 1074
4980 4 2 1 1 147 148 155 892
4981 4 2 1 1 291 875 1068 1137
4982 4 2 1 1 338 322 337 890
4983 4 2 1 1 13 179 379 323
4984 4 2 1 1 587 114 687 540
4985 4 2 1 1 75 638 224 313
4986 4 2 1 1 134 135 117 1110
4987 4 2 1 1 448 447 1008 1039
4988 4 2 1 1 530 546 545 1110
4989 4 2 1 1 766 910 908 1128
4990 4 2 1 1 548 546 584 983
4991 4 2 1 1 151 933 186 1037
4992 4 2 1 1 542 608 626 910
4993 4 2 1 1 1066 1081 829 1137
4994 4 2 1 1 48 281 416 226
4995 4 2 1 1 249 1004 243 1088
4996 4 2 1 1 549 550 547 893
4997 4 2 1 1 794 1004 835 1088
4998 4 2 1 1 434 125 24 175
4999 4 2 1 1 373 369 371 971
5000 4 2 1 1 1006 1021 742 1133
5001 4 2 1 1 612 591 631 844
5002 4 2 1 1 202 199 132 967
5003 4 2 1 1 648 643 42 201
5004 4 2 1 1 695 735 716 847
5005 4 2 1 1 433 277 60 227
5006 4 2 1 1 669 706 664 1007
5007 4 2 1 1 783 1082 923 1085
5008 4 2 1 1 317 297 231 880
5009 4 2 1 1 750 872 987 1058
5010 4 2 1 1 477 475 503 962
5011 4 2 1 1 280 1031 876 1139
5012 4 2 1 1 594 871 180 1096
5013 4 2 1 1 782 947 926 1126
5014 4 2 1 1 453 459 500 885
5015 4 2 1 1 285 55 234 518
5016 4 2 1 1 541 130 625 937
5017 4 2 1 1 60 277 433 479
5018 4 2 1 1 365 367 393 978
5019 4 2 1 1 470 469 435 858
5020 4 2 1 1 194 193 166 861
5021 4 2 1 1 636 691 86 322
5022 4 2 1 1 495 183 19 132
5023 4 2 1 1 127 15 330 374
5024 4 2 1 1 50 375 324 221
5025 4 2 1 1 448 445 447 1039
5026 4 2 1 1 670 918 668 1095
5027 4 2 1 1 551 552 553 1051
5028 4 2 1 1 858 1026 788 1136
5029 4 2 1 1 185 29 121 599
5030 4 2 1 1 391 407 181 1086
5031 4 2 1 1 307 269 224 921
5032 4 2 1 1 639 84 326 728
5033 4 2 1 1 111 640 535 624
5034 4 2 1 1 742 1059 947 1126
5035 4 2 1 1 798 956 848 1135
5036 4 2 1 1 121 189 185 961
5037 4 2 1 1 129 729 645 909
5038 4 2 1 1 947 1059 742 1130
5039 4 2 1 1 452 451 449 1122
5040 4 2 1 1 669 664 668 918
5041 4 2 1 1 511 967 525 1104
5042 4 2 1 1 786 1043 888 1114
5043 4 2 1 1 574 543 909 1067
5044 4 2 1 1 741 1052 924 1115
5045 4 2 1 1 949 1007 805 1124
5046 4 2 1 1 669 668 670 918
5047 4 2 1 1 639 326 83 724
5048 4 2 1 1 620 535 110 640
5049 4 2 1 1 291 875 293 1068
5050 4 2 1 1 205 38 122 637
5051 4 2 1 1 394 341 344 1048
5052 4 2 1 1 755 1019 901 1029
5053 4 2 1 1 250 972 251 1097
5054 4 2 1 1 333 390 391 881
5055 4 2 1 1 335 422 392 904
5056 4 2 1 1 937 957 768 1084
5057 4 2 1 1 752 946 885 1141
5058 4 2 1 1 311 310 281 853
5059 4 2 1 1 329 361 375 942
5060 4 2 1 1 773 897 1075 1113
5061 4 2 1 1 776 916 975 1090
5062 4 2 1 1 787 1081 1066 1137
5063 4 2 1 1 759 983 871 1032
5064 4 2 1 1 82 333 647 724
5065 4 2 1 1 925 1027 776 1060
5066 4 2 1 1 643 678 714 1009
5067 4 2 1 1 178 148 157 956
5068 4 2 1 1 330 374 363 887
5069 4 2 1 1 288 966 256 1101
5070 4 2 1 1 856 977 785 1143
5071 4 2 1 1 772 1087 863 1115
5072 4 2 1 1 887 764 1078 1146
5073 4 2 1 1 547 605 1032 1149
5074 4 2 1 1 294 309 263 1047
5075 4 2 1 1 417 333 391 881
5076 4 2 1 1 764 874 1074 1092
5077 4 2 1 1 736 716 702 1102
5078 4 2 1 1 241 238 240 882
5079 4 2 1 1 768 952 937 1116
5080 4 2 1 1 814 949 894 1012
5081 4 2 1 1 195 165 126 993
5082 4 2 1 1 610 539 574 993
5083 4 2 1 1 158 1078 848 1146
5084 4 2 1 1 634 118 884 1094
5085 4 2 1 1 220 76 313 633
5086 4 2 1 1 583 538 571 908
5087 4 2 1 1 935 1050 748 1106
5088 4 2 1 1 713 701 645 909
5089 4 2 1 1 773 868 982 1075
5090 4 2 1 1 269 307 231 921
5091 4 2 1 1 511 183 19 495
5092 4 2 1 1 868 789 982 1075
5093 4 2 1 1 670 727 672 1095
5094 4 2 1 1 142 141 140 877
5095 4 2 1 1 432 472 518 999
5096 4 2 1 1 703 205 37 645
5097 4 2 1 1 785 869 977 1117
5098 4 2 1 1 759 893 983 1032
5099 4 2 1 1 130 541 28 185
5100 4 2 1 1 490 494 493 904
5101 4 2 1 1 483 484 487 900
5102 4 2 1 1 947 1059 926 1126
5103 4 2 1 1 543 109 713 620
5104 4 2 1 1 551 553 554 903
5105 4 2 1 1 865 976 808 1149
5106 4 2 1 1 677 679 678 1009
5107 4 2 1 1 475 502 503 962
5108 4 2 1 1 267 297 228 989
5109 4 2 1 1 328 48 416 226
5110 4 2 1 1 686 633 77 303
5111 4 2 1 1 652 688 689 958
5112 4 2 1 1 185 541 28 599
5113 4 2 1 1 771 909 993 1121
5114 4 2 1 1 520 876 474 1107
5115 4 2 1 1 1014 1043 741 1114
5116 4 2 1 1 73 646 231 307
5117 4 2 1 1 937 961 768 1116
5118 4 2 1 1 752 868 995 1141
5119 4 2 1 1 122 167 205 1002
5120 4 2 1 1 131 197 217 881
5121 4 2 1 1 744 1042 969 1080
5122 4 2 1 1 742 1130 1059 1133
5123 4 2 1 1 304 234 301 929
5124 4 2 1 1 329 51 229 375
5125 4 2 1 1 457 467 459 941
5126 4 2 1 1 43 714 197 128
5127 4 2 1 1 381 380 325 867
5128 4 2 1 1 200 152 1024 1061
5129 4 2 1 1 765 1042 855 1080
5130 4 2 1 1 597 541 609 937
5131 4 2 1 1 273 272 252 970
5132 4 2 1 1 337 339 338 1131
5133 4 2 1 1 340 339 341 1131
5134 4 2 1 1 306 284 315 1003
5135 4 2 1 1 515 526 468 952
5136 4 2 1 1 759 857 994 1016
5137 4 2 1 1 151 152 186 933
5138 4 2 1 1 735 695 662 948
5139 4 2 1 1 678 647 714 881
5140 4 2 1 1 602 604 1138 1147
5141 4 2 1 1 469 858 1036 1136
5142 4 2 1 1 283 233 284 1003
5143 4 2 1 1 714 647 732 881
5144 4 2 1 1 434 478 467 957
5145 4 2 1 1 754 974 895 1144
5146 4 2 1 1 470 472 471 1036
5147 4 2 1 1 310 256 263 1047
5148 4 2 1 1 713 909 543 1067
5149 4 2 1 1 405 402 387 929
5150 4 2 1 1 840 789 982 1141
5151 4 2 1 1 703 702 637 1002
5152 4 2 1 1 937 768 961 1084
5153 4 2 1 1 348 997 395 1140
5154 4 2 1 1 186 152 213 933
5155 4 2 1 1 801 857 1023 1062
5156 4 2 1 1 765 880 989 1112
5157 4 2 1 1 620 713 543 1067
5158 4 2 1 1 360 423 415 1123
5159 4 2 1 1 363 406 887 1092
5160 4 2 1 1 632 961 1116 1119
5161 4 2 1 1 1059 1130 796 1133
5162 4 2 1 1 602 565 604 1147
5163 4 2 1 1 739 906 945 1082
5164 4 2 1 1 764 1092 887 1105
5165 4 2 1 1 533 598 584 1096
5166 4 2 1 1 525 967 494 1104
5167 4 2 1 1 742 1059 1126 1133
5168 4 2 1 1 174 189 121 1096
5169 4 2 1 1 300 254 315 951
5170 4 2 1 1 285 264 225 999
5171 4 2 1 1 520 428 474 876
5172 4 2 1 1 764 967 904 1105
5173 4 2 1 1 403 378 424 1087
5174 4 2 1 1 208 179 119 919
5175 4 2 1 1 775 936 1065 1120
5176 4 2 1 1 765 921 880 1125
5177 4 2 1 1 743 895 974 1144
5178 4 2 1 1 650 1029 649 1094
5179 4 2 1 1 663 666 664 920
5180 4 2 1 1 1029 1046 809 1094
5181 4 2 1 1 811 945 906 1082
5182 4 2 1 1 450 449 447 1008
5183 4 2 1 1 727 734 672 963
5184 4 2 1 1 547 893 550 1149
5185 4 2 1 1 136 135 134 994
5186 4 2 1 1 752 985 915 1111
5187 4 2 1 1 829 1068 1066 1137
5188 4 2 1 1 438 518 472 999
5189 4 2 1 1 10 391 181 131
5190 4 2 1 1 515 431 496 952
5191 4 2 1 1 422 1092 904 1105
5192 4 2 1 1 348 395 352 1140
5193 4 2 1 1 909 771 1067 1102
5194 4 2 1 1 570 569 617 1132
5195 4 2 1 1 771 1002 909 1121
5196 4 2 1 1 502 466 501 959
5197 4 2 1 1 547 1032 893 1149
5198 4 2 1 1 338 1022 890 1131
5199 4 2 1 1 884 1046 1029 1094
5200 4 2 1 1 641 303 230 963
5201 4 2 1 1 1014 1052 741 1115
5202 4 2 1 1 407 124 181 1086
5203 4 2 1 1 315 951 288 1101
5204 4 2 1 1 632 598 961 1119
5205 4 2 1 1 778 938 1040 1064
5206 4 2 1 1 758 977 869 1117
5207 4 2 1 1 268 936 296 1065
5208 4 2 1 1 718 644 673 1044
5209 4 2 1 1 210 957 191 1084
5210 4 2 1 1 638 690 722 1038
5211 4 2 1 1 287 291 223 875
5212 4 2 1 1 689 735 705 958
5213 4 2 1 1 243 249 245 1004
5214 4 2 1 1 429 123 20 511
5215 4 2 1 1 191 210 125 957
5216 4 2 1 1 535 620 576 1067
5217 4 2 1 1 778 1069 905 1091
5218 4 2 1 1 510 439 505 937
5219 4 2 1 1 399 373 371 971
5220 4 2 1 1 268 266 295 936
5221 4 2 1 1 152 213 933 1061
5222 4 2 1 1 276 290 239 1137
5223 4 2 1 1 765 968 880 1112
5224 4 2 1 1 338 377 1022 1131
5225 4 2 1 1 129 37 205 645
5226 4 2 1 1 703 645 736 1002
5227 4 2 1 1 374 408 363 1127
5228 4 2 1 1 431 515 514 1072
5229 4 2 1 1 514 516 488 1072
5230 4 2 1 1 248 247 253 1099
5231 4 2 1 1 889 973 810 1145
5232 4 2 1 1 323 919 408 1127
5233 4 2 1 1 483 120 22 177
5234 4 2 1 1 686 78 641 303
5235 4 2 1 1 563 603 592 977
5236 4 2 1 1 428 222 59 479
5237 4 2 1 1 559 1134 854 1143
5238 4 2 1 1 277 59 222 479
5239 4 2 1 1 727 686 963 1095
5240 4 2 1 1 111 692 640 624
5241 4 2 1 1 112 624 532 635
5242 4 2 1 1 493 494 437 904
5243 4 2 1 1 348 351 349 1140
5244 4 2 1 1 295 296 268 936
5245 4 2 1 1 189 191 961 1084
5246 4 2 1 1 284 230 300 963
5247 4 2 1 1 181 391 10 407
5248 4 2 1 1 11 325 124 407
5249 4 2 1 1 687 635 113 587
5250 4 2 1 1 422 904 335 1105
5251 4 2 1 1 309 294 308 1142
5252 4 2 1 1 146 150 200 1024
5253 4 2 1 1 764 904 1092 1105
5254 4 2 1 1 627 611 595 880
5255 4 2 1 1 361 942 405 1123
5256 4 2 1 1 743 975 916 1113
5257 4 2 1 1 195 129 165 909
5258 4 2 1 1 458 492 455 992
5259 4 2 1 1 353 364 363 1092
5260 4 2 1 1 700 694 701 1067
5261 4 2 1 1 362 398 372 1000
5262 4 2 1 1 543 610 574 909
5263 4 2 1 1 905 1069 814 1091
5264 4 2 1 1 634 650 649 1094
5265 4 2 1 1 545 547 605 1032
5266 4 2 1 1 181 182 131 1086
5267 4 2 1 1 244 1004 245 1097
5268 4 2 1 1 765 880 968 1125
5269 4 2 1 1 532 113 635 587
5270 4 2 1 1 858 929 767 1123
5271 4 2 1 1 228 266 267 989
5272 4 2 1 1 571 908 615 1128
5273 4 2 1 1 712 730 646 880
5274 4 2 1 1 614 968 569 1112
5275 4 2 1 1 134 193 136 994
5276 4 2 1 1 949 1006 795 1093
5277 4 2 1 1 633 220 77 303
5278 4 2 1 1 334 283 46 414
5279 4 2 1 1 675 687 642 968
5280 4 2 1 1 299 284 233 1033
5281 4 2 1 1 614 595 611 880
5282 4 2 1 1 432 56 225 518
5283 4 2 1 1 649 677 648 1094
5284 4 2 1 1 291 287 293 875
5285 4 2 1 1 1021 796 1130 1133
5286 4 2 1 1 564 566 565 996
5287 4 2 1 1 280 250 1031 1139
5288 4 2 1 1 578 580 532 954
5289 4 2 1 1 632 599 541 961
5290 4 2 1 1 427 120 22 483
5291 4 2 1 1 288 253 256 966
5292 4 2 1 1 799 848 1074 1146
5293 4 2 1 1 505 125 25 434
5294 4 2 1 1 433 61 506 227
5295 4 2 1 1 135 137 174 1016
5296 4 2 1 1 800 843 1070 1132
5297 4 2 1 1 350 1018 396 1049
5298 4 2 1 1 719 675 968 1125
5299 4 2 1 1 226 283 306 1003
5300 4 2 1 1 578 532 624 954
5301 4 2 1 1 843 1100 606 1138
5302 4 2 1 1 312 293 990 1068
5303 4 2 1 1 325 407 381 1086
5304 4 2 1 1 46 233 283 334
5305 4 2 1 1 782 1041 926 1144
5306 4 2 1 1 801 1023 973 1062
5307 4 2 1 1 406 330 363 887
5308 4 2 1 1 851 742 1126 1133
5309 4 2 1 1 441 1026 440 1136
5310 4 2 1 1 673 691 721 1044
5311 4 2 1 1 507 482 528 930
5312 4 2 1 1 712 646 719 880
5313 4 2 1 1 47 328 414 226
5314 4 2 1 1 624 112 692 635
5315 4 2 1 1 188 184 156 1083
5316 4 2 1 1 506 61 298 227
5317 4 2 1 1 289 251 292 1097
5318 4 2 1 1 694 701 1067 1102
5319 4 2 1 1 747 923 1085 1090
5320 4 2 1 1 497 471 1036 1136
5321 4 2 1 1 883 1058 791 1069
5322 4 2 1 1 505 25 125 196
5323 4 2 1 1 868 982 789 1141
5324 4 2 1 1 555 558 603 869
5325 4 2 1 1 587 569 540 968
5326 4 2 1 1 340 394 378 922
5327 4 2 1 1 150 171 200 1046
5328 4 2 1 1 301 234 318 929
5329 4 2 1 1 747 1085 982 1090
5330 4 2 1 1 580 532 954 1132
5331 4 2 1 1 647 678 680 1056
5332 4 2 1 1 807 998 903 1138
5333 4 2 1 1 206 207 176 1127
5334 4 2 1 1 544 133 32 1110
5335 4 2 1 1 796 1059 971 1130
5336 4 2 1 1 692 954 696 1109
5337 4 2 1 1 177 120 178 900
5338 4 2 1 1 511 525 485 1104
5339 4 2 1 1 316 298 232 910
5340 4 2 1 1 506 491 509 910
5341 4 2 1 1 453 500 451 1122
5342 4 2 1 1 686 641 727 963
5343 4 2 1 1 802 973 889 1145
5344 4 2 1 1 119 919 323 1127
5345 4 2 1 1 929 942 767 1123
5346 4 2 1 1 149 157 148 956
5347 4 2 1 1 573 574 539 993
5348 4 2 1 1 164 126 165 993
5349 4 2 1 1 387 402 418 929
5350 4 2 1 1 232 298 293 910
5351 4 2 1 1 323 383 408 919
5352 4 2 1 1 415 423 332 858
5353 4 2 1 1 151 146 152 1024
5354 4 2 1 1 724 680 639 1056
5355 4 2 1 1 158 163 1078 1146
5356 4 2 1 1 454 498 448 1039
5357 4 2 1 1 506 522 491 910
5358 4 2 1 1 383 404 396 1049
5359 4 2 1 1 333 389 390 1056
5360 4 2 1 1 467 510 434 957
5361 4 2 1 1 277 312 227 990
5362 4 2 1 1 390 386 403 1087
5363 4 2 1 1 250 251 245 1097
5364 4 2 1 1 553 555 556 998
5365 4 2 1 1 796 971 978 1130
5366 4 2 1 1 409 362 372 1000
5367 4 2 1 1 659 657 656 866
5368 4 2 1 1 206 192 207 1146
5369 4 2 1 1 66 534 223 1025
5370 4 2 1 1 66 282 586 1025
5371 4 2 1 1 589 613 591 988
5372 4 2 1 1 764 967 1078 1104
5373 4 2 1 1 630 537 595 989
5374 4 2 1 1 206 127 218 887
5375 4 2 1 1 949 1093 795 1124
5376 4 2 1 1 916 975 1090 1113
5377 4 2 1 1 639 682 728 1022
5378 4 2 1 1 182 197 131 881
5379 4 2 1 1 571 538 615 908
5380 4 2 1 1 95 426 321 1026
5381 4 2 1 1 154 151 186 1037
5382 4 2 1 1 376 440 95 1026
5383 4 2 1 1 879 809 1019 1052
5384 4 2 1 1 468 467 457 941
5385 4 2 1 1 201 643 42 128
5386 4 2 1 1 602 1138 998 1147
5387 4 2 1 1 252 246 248 1099
5388 4 2 1 1 389 386 390 1056
5389 4 2 1 1 773 982 1090 1113
5390 4 2 1 1 739 1011 915 1111
5391 4 2 1 1 774 926 1059 1126
5392 4 2 1 1 562 593 618 1134
5393 4 2 1 1 405 361 329 942
5394 4 2 1 1 428 476 474 876
5395 4 2 1 1 400 334 366 1033
5396 4 2 1 1 504 438 470 929
5397 4 2 1 1 471 469 470 1036
5398 4 2 1 1 66 586 534 1025
5399 4 2 1 1 66 223 282 1025
5400 4 2 1 1 196 130 191 937
5401 4 2 1 1 378 403 386 1087
5402 4 2 1 1 376 95 321 1026
5403 4 2 1 1 773 1075 982 1113
5404 4 2 1 1 152 933 1024 1061
5405 4 2 1 1 124 181 11 407
5406 4 2 1 1 95 440 426 1026
5407 4 2 1 1 56 285 225 518
5408 4 2 1 1 171 169 118 884
5409 4 2 1 1 554 1100 903 1138
5410 4 2 1 1 185 189 191 961
5411 4 2 1 1 330 887 406 1105
5412 4 2 1 1 645 729 713 909
5413 4 2 1 1 769 1021 1006 1133
5414 4 2 1 1 540 569 614 968
5415 4 2 1 1 720 696 635 954
5416 4 2 1 1 561 856 1134 1143
5417 4 2 1 1 707 667 661 911
5418 4 2 1 1 802 973 1023 1062
5419 4 2 1 1 331 336 87 1044
5420 4 2 1 1 487 427 483 900
5421 4 2 1 1 343 345 344 902
5422 4 2 1 1 406 887 1092 1105
5423 4 2 1 1 414 283 47 226
5424 4 2 1 1 675 642 719 968
5425 4 2 1 1 200 198 152 1061
5426 4 2 1 1 30 594 180 1096
5427 4 2 1 1 320 942 308 1142
5428 4 2 1 1 441 440 469 1136
5429 4 2 1 1 173 150 144 1118
5430 4 2 1 1 123 183 20 511
5431 4 2 1 1 887 1127 799 1146
5432 4 2 1 1 609 541 625 937
5433 4 2 1 1 717 662 695 948
5434 4 2 1 1 715 718 699 1033
5435 4 2 1 1 857 1016 931 1083
5436 4 2 1 1 293 227 312 990
5437 4 2 1 1 951 1003 796 1101
5438 4 2 1 1 717 707 662 948
5439 4 2 1 1 173 140 139 1118
5440 4 2 1 1 740 938 1055 1081
5441 4 2 1 1 469 1036 471 1136
5442 4 2 1 1 393 367 373 978
5443 4 2 1 1 259 972 250 1139
5444 4 2 1 1 709 649 651 1029
5445 4 2 1 1 765 852 1080 1112
5446 4 2 1 1 497 443 441 1136
5447 4 2 1 1 170 173 194 1001
5448 4 2 1 1 723 733 704 921
5449 4 2 1 1 315 288 306 1101
5450 4 2 1 1 580 617 532 1132
5451 4 2 1 1 924 1019 809 1052
5452 4 2 1 1 742 1021 1030 1130
5453 4 2 1 1 849 1024 924 1046
5454 4 2 1 1 300 230 303 963
5455 4 2 1 1 422 406 1092 1105
5456 4 2 1 1 439 524 505 937
5457 4 2 1 1 117 32 133 1110
5458 4 2 1 1 544 32 530 1110
5459 4 2 1 1 210 175 125 957
5460 4 2 1 1 619 629 600 875
5461 4 2 1 1 244 245 289 1097
5462 4 2 1 1 255 256 253 966
5463 4 2 1 1 141 143 147 1057
5464 4 2 1 1 552 549 601 1051
5465 4 2 1 1 354 1017 351 1140
5466 4 2 1 1 118 169 211 884
5467 4 2 1 1 218 202 163 1078
5468 4 2 1 1 612 1116 844 1119
5469 4 2 1 1 385 338 377 1022
5470 4 2 1 1 598 599 632 961
5471 4 2 1 1 774 851 1126 1133
5472 4 2 1 1 726 670 668 1095
5473 4 2 1 1 554 606 1100 1138
5474 4 2 1 1 810 1050 935 1103
5475 4 2 1 1 773 1090 975 1113
5476 4 2 1 1 497 469 471 1136
5477 4 2 1 1 652 689 705 958
5478 4 2 1 1 169 211 884 1148
5479 4 2 1 1 142 145 187 955
5480 4 2 1 1 755 1019 924 1103
5481 4 2 1 1 444 498 482 979
5482 4 2 1 1 436 519 527 908
5483 4 2 1 1 288 315 254 951
5484 4 2 1 1 288 256 311 1101
5485 4 2 1 1 388 351 354 1017
5486 4 2 1 1 840 982 1085 1141
5487 4 2 1 1 632 1116 612 1119
5488 4 2 1 1 188 137 184 1083
5489 4 2 1 1 456 458 455 992
5490 4 2 1 1 787 965 1081 1137
5491 4 2 1 1 119 14 176 1127
5492 4 2 1 1 233 419 319 1033
5493 4 2 1 1 602 998 556 1147
5494 4 2 1 1 304 264 285 999
5495 4 2 1 1 129 195 215 909
5496 4 2 1 1 438 504 523 929
5497 4 2 1 1 610 543 628 909
5498 4 2 1 1 485 507 486 1104
5499 4 2 1 1 675 676 665 1125
5500 4 2 1 1 631 585 612 1119
5501 4 2 1 1 291 1068 262 1137
5502 4 2 1 1 644 331 87 1044
5503 4 2 1 1 313 224 271 1038
5504 4 2 1 1 291 262 290 1137
5505 4 2 1 1 581 579 577 976
5506 4 2 1 1 171 172 200 1046
5507 4 2 1 1 78 641 303 230
5508 4 2 1 1 272 273 271 970
5509 4 2 1 1 632 612 598 1119
5510 4 2 1 1 102 536 431 1072
5511 4 2 1 1 567 568 569 1112
5512 4 2 1 1 388 354 410 1017
5513 4 2 1 1 117 530 32 1110
5514 4 2 1 1 30 180 121 1096
5515 4 2 1 1 533 594 30 1096
5516 4 2 1 1 634 41 118 1094
5517 4 2 1 1 251 250 259 972
5518 4 2 1 1 350 396 404 1049
5519 4 2 1 1 713 700 701 1067
5520 4 2 1 1 308 320 229 942
5521 4 2 1 1 214 130 196 937
5522 4 2 1 1 495 494 525 967
5523 4 2 1 1 119 323 14 1127
5524 4 2 1 1 345 395 348 997
5525 4 2 1 1 722 690 725 1038
5526 4 2 1 1 250 257 280 1031
5527 4 2 1 1 168 166 167 1121
5528 4 2 1 1 279 1107 305 1139
5529 4 2 1 1 691 87 336 1044
5530 4 2 1 1 533 30 121 1096
5531 4 2 1 1 868 1085 982 1141
5532 4 2 1 1 271 220 313 1038
5533 4 2 1 1 419 400 715 1033
5534 4 2 1 1 165 166 164 1121
5535 4 2 1 1 614 568 630 1112
5536 4 2 1 1 784 1010 985 1111
5537 4 2 1 1 462 463 464 943
5538 4 2 1 1 692 696 693 1109
5539 4 2 1 1 695 693 717 1109
5540 4 2 1 1 233 334 419 1033
5541 4 2 1 1 352 354 351 1140
5542 4 2 1 1 525 494 507 1104
5543 4 2 1 1 572 561 571 1128
5544 4 2 1 1 447 449 448 1008
5545 4 2 1 1 338 340 377 1131
5546 4 2 1 1 245 244 243 1004
5547 4 2 1 1 41 634 648 1094
5548 4 2 1 1 168 170 194 1001
5549 4 2 1 1 978 1021 796 1130
5550 4 2 1 1 35 195 610 215
5551 4 2 1 1 511 495 525 967
5552 4 2 1 1 249 243 286 1088
5553 4 2 1 1 236 238 295 1073
5554 4 2 1 1 503 446 477 1053
5555 4 2 1 1 102 431 488 1072
5556 4 2 1 1 630 623 537 989
5557 4 2 1 1 317 231 72 730
5558 4 2 1 1 603 563 557 977
5559 4 2 1 1 323 379 383 919
5560 4 2 1 1 731 419 715 1033
5561 4 2 1 1 998 1138 807 1147
5562 4 2 1 1 162 158 163 1078
5563 4 2 1 1 319 731 299 1033
5564 4 2 1 1 326 385 377 1022
5565 4 2 1 1 574 576 543 1067
5566 4 2 1 1 391 421 407 1086
5567 4 2 1 1 562 559 593 1134
5568 4 2 1 1 730 611 712 116
5569 4 2 1 1 299 731 699 1033
5570 4 2 1 1 560 602 556 1147
5571 4 2 1 1 715 419 89 400
5572 4 2 1 1 168 122 169 1148
5573 4 2 1 1 215 729 36 129
5574 4 2 1 1 124 204 181 1086
5575 4 2 1 1 280 279 305 1139
5576 4 2 1 1 461 499 501 1076
5577 4 2 1 1 556 602 553 998
5578 4 2 1 1 926 1041 770 1144
5579 4 2 1 1 635 696 692 954
5580 4 2 1 1 628 35 610 215
5581 4 2 1 1 374 176 14 1127
5582 4 2 1 1 432 474 473 1107
5583 4 2 1 1 554 606 607 1100
5584 4 2 1 1 344 347 350 1018
5585 4 2 1 1 742 1021 1130 1133
5586 4 2 1 1 132 183 202 967
5587 4 2 1 1 733 676 719 1125
5588 4 2 1 1 561 1134 559 1143
5589 4 2 1 1 419 89 731 715
5590 4 2 1 1 116 730 611 627
5591 4 2 1 1 231 646 72 730
5592 4 2 1 1 417 732 81 333
5593 4 2 1 1 312 262 293 1068
5594 4 2 1 1 238 236 237 1073
5595 4 2 1 1 615 629 572 1128
5596 4 2 1 1 607 606 579 1100
5597 4 2 1 1 396 350 347 1018
5598 4 2 1 1 268 296 270 1065
5599 4 2 1 1 547 545 546 1032
5600 4 2 1 1 644 87 691 1044
5601 4 2 1 1 944 1034 810 1103
5602 4 2 1 1 104 425 480 1098
5603 4 2 1 1 876 819 1107 1139
5604 4 2 1 1 706 660 664 1007
5605 4 2 1 1 420 437 90 521
5606 4 2 1 1 129 729 36 645
5607 4 2 1 1 117 133 134 1110
5608 4 2 1 1 545 544 530 1110
5609 4 2 1 1 291 293 262 1068
5610 4 2 1 1 649 650 651 1029
5611 4 2 1 1 158 192 163 1146
5612 4 2 1 1 181 204 182 1086
5613 4 2 1 1 452 455 453 1122
5614 4 2 1 1 314 280 257 1031
5615 4 2 1 1 282 223 276 1025
5616 4 2 1 1 717 693 696 1109
5617 4 2 1 1 580 606 570 1132
5618 4 2 1 1 441 426 440 1026
5619 4 2 1 1 588 102 488 1072
5620 4 2 1 1 276 291 290 1137
5621 4 2 1 1 147 143 148 1057
5622 4 2 1 1 714 732 44 197
5623 4 2 1 1 306 311 226 1101
5624 4 2 1 1 437 90 335 420
5625 4 2 1 1 496 526 515 952
5626 4 2 1 1 196 505 26 524
5627 4 2 1 1 628 108 729 713
5628 4 2 1 1 356 357 358 1089
5629 4 2 1 1 374 14 323 1127
5630 4 2 1 1 298 522 62 506
5631 4 2 1 1 593 559 561 1134
5632 4 2 1 1 588 536 102 1072
5633 4 2 1 1 401 330 406 1105
5634 4 2 1 1 104 480 583 1098
5635 4 2 1 1 280 259 250 1139
5636 4 2 1 1 233 45 319 419
5637 4 2 1 1 504 418 98 523
5638 4 2 1 1 71 317 627 297
5639 4 2 1 1 180 174 121 1096
5640 4 2 1 1 533 584 594 1096
5641 4 2 1 1 265 320 308 1142
5642 4 2 1 1 333 732 81 647
5643 4 2 1 1 703 736 702 1002
5644 4 2 1 1 99 524 609 625
5645 4 2 1 1 284 306 283 1003
5646 4 2 1 1 104 531 425 1098
5647 4 2 1 1 584 598 585 1119
5648 4 2 1 1 724 647 680 1056
5649 4 2 1 1 418 387 504 98
5650 4 2 1 1 595 71 627 297
5651 4 2 1 1 365 336 331 1044
5652 4 2 1 1 498 445 448 1039
5653 4 2 1 1 201 118 41 1094
5654 4 2 1 1 217 44 732 197
5655 4 2 1 1 242 275 241 1120
5656 4 2 1 1 216 401 17 420
5657 4 2 1 1 524 609 439 99
5658 4 2 1 1 318 418 53 402
5659 4 2 1 1 318 54 523 234
5660 4 2 1 1 41 648 201 1094
5661 4 2 1 1 698 39 637 1148
5662 4 2 1 1 626 107 522 608
5663 4 2 1 1 547 550 605 1149
5664 4 2 1 1 214 196 26 524
5665 4 2 1 1 316 522 62 298
5666 4 2 1 1 391 9 417 131
5667 4 2 1 1 217 417 9 131
5668 4 2 1 1 335 420 401 1105
5669 4 2 1 1 568 614 569 1112
5670 4 2 1 1 122 637 39 1148
5671 4 2 1 1 199 401 17 216
5672 4 2 1 1 301 318 53 402
5673 4 2 1 1 491 522 107 608
5674 4 2 1 1 626 63 232 316
5675 4 2 1 1 542 63 232 626
5676 4 2 1 1 363 364 406 1092
5677 4 2 1 1 628 108 713 543
5678 4 2 1 1 719 676 675 1125
5679 4 2 1 1 641 734 727 963
5680 4 2 1 1 688 698 637 1148
5681 4 2 1 1 45 233 334 419
5682 4 2 1 1 549 552 551 1051
5683 4 2 1 1 432 225 57 1107
5684 4 2 1 1 132 18 495 521
5685 4 2 1 1 249 286 258 1088
5686 4 2 1 1 18 132 216 521
5687 4 2 1 1 447 446 503 1053
5688 4 2 1 1 520 57 279 1107
5689 4 2 1 1 27 214 625 130
5690 4 2 1 1 432 57 520 1107
5691 4 2 1 1 541 27 625 130
5692 4 2 1 1 727 726 686 1095
5693 4 2 1 1 248 246 247 1099
5694 4 2 1 1 438 523 54 234
5695 4 2 1 1 499 450 501 1076
5696 4 2 1 1 643 677 678 1009
5697 4 2 1 1 364 422 406 1092
5698 4 2 1 1 554 604 606 1138
5699 4 2 1 1 151 154 153 1037
5700 4 2 1 1 265 294 260 1142
5701 4 2 1 1 225 279 57 1107
5702 4 2 1 1 182 213 198 1061
5703 4 2 1 1 296 272 270 1065
5704 4 2 1 1 189 160 191 1084
5705 4 2 1 1 381 407 421 1086
5706 4 2 1 1 360 361 405 1123
5707 4 2 1 1 699 299 80 731
5708 4 2 1 1 731 319 419 1033
5709 4 2 1 1 172 118 201 1094
5710 4 2 1 1 559 556 557 1143
5711 4 2 1 1 319 80 299 731
5712 4 2 1 1 29 30 121 533
5713 4 2 1 1 92 93 430 327
5714 4 2 1 1 534 65 66 223
5715 4 2 1 1 101 431 102 536
5716 4 2 1 1 321 426 95 94
5717 4 2 1 1 219 68 67 529
5718 4 2 1 1 117 31 32 530
5719 4 2 1 1 94 93 384 489
5720 4 2 1 1 282 67 66 586
5721 4 2 1 1 30 31 180 594
5722 4 2 1 1 440 376 95 96
5723 4 2 1 1 69 68 235 582
5724 4 2 1 1 544 33 32 133
5725 4 2 1 1 571 615 572 1128
5726 4 2 1 1 774 1126 1059 1133
5727 4 2 1 1 698 211 39 1148
5728 4 2 1 1 190 149 187 1135
5729 4 2 1 1 406 422 335 1105
5730 4 2 1 1 34 33 539 126
5731 4 2 1 1 104 583 531 1098
5732 4 2 1 1 602 604 554 1138
5733 4 2 1 1 163 202 162 1078
5734 4 2 1 1 309 221 310 1047
5735 4 2 1 1 673 644 691 1044
5736 4 2 1 1 152 198 213 1061
5737 4 2 1 1 190 158 149 1135
5738 4 2 1 1 359 358 357 1089
5739 4 2 1 1 319 299 233 1033
5740 4 2 1 1 618 534 586 1025
5741 4 2 1 1 321 413 376 1026
5742 4 2 1 1 241 275 296 1120
5743 4 2 1 1 140 173 144 1118
5744 4 2 1 1 605 550 581 1149
5745 4 2 1 1 507 485 525 1104
5746 4 2 1 1 122 39 211 1148
5747 4 2 1 1 701 716 736 1102
5748 4 2 1 1 583 105 480 104
5749 4 2 1 1 176 14 15 374
5750 4 2 1 1 326 83 84 639
5751 4 2 1 1 535 110 640 111
5752 4 2 1 1 86 85 636 322
5753 4 2 1 1 122 38 39 637
5754 4 2 1 1 74 75 638 224
5755 4 2 1 1 324 49 50 221
5756 4 2 1 1 590 612 597 1116
5757 4 2 1 1 331 87 88 644
5758 4 2 1 1 694 716 701 1102
5759 4 2 1 1 543 576 620 1067
5760 4 2 1 1 77 76 220 633
5761 4 2 1 1 634 41 40 118
5762 4 2 1 1 589 536 588 1072
5763 4 2 1 1 632 597 612 1116
5764 4 2 1 1 335 91 90 437
5765 4 2 1 1 207 119 176 1127
5766 4 2 1 1 338 339 340 1131
5767 4 2 1 1 648 634 649 1094
5768 4 2 1 1 12 11 325 124
5769 4 2 1 1 10 9 391 131
5770 4 2 1 1 72 73 646 231
5771 4 2 1 1 123 20 21 429
5772 4 2 1 1 531 104 425 103
5773 4 2 1 1 348 352 351 1140
5774 4 2 1 1 119 13 14 323
5775 4 2 1 1 64 63 232 542
5776 4 2 1 1 129 36 37 645
5777 4 2 1 1 602 560 565 1147
5778 4 2 1 1 540 114 642 115
5779 4 2 1 1 97 504 387 98
5780 4 2 1 1 595 70 71 297
5781 4 2 1 1 91 92 493 392
5782 4 2 1 1 596 101 496 100
5783 4 2 1 1 160 210 191 1084
5784 4 2 1 1 495 19 18 132
5785 4 2 1 1 70 69 228 537
5786 4 2 1 1 332 96 435 97
5787 4 2 1 1 541 28 27 130
5788 4 2 1 1 34 35 195 610
5789 4 2 1 1 609 100 439 99
5790 4 2 1 1 206 163 192 1146
5791 4 2 1 1 146 200 152 1024
5792 4 2 1 1 561 559 557 1143
5793 4 2 1 1 588 102 103 488
5794 4 2 1 1 333 81 82 647
5795 4 2 1 1 423 360 405 1123
5796 4 2 1 1 17 16 401 199
5797 4 2 1 1 53 52 301 402
5798 4 2 1 1 46 45 233 334
5799 4 2 1 1 478 24 23 175
5800 4 2 1 1 106 491 107 608
5801 4 2 1 1 670 726 727 1095
5802 4 2 1 1 288 311 306 1101
5803 4 2 1 1 251 289 245 1097
5804 4 2 1 1 310 263 309 1047
5805 4 2 1 1 106 538 105 436
5806 4 2 1 1 451 452 453 1122
5807 4 2 1 1 80 79 299 699
5808 4 2 1 1 54 55 438 234
5809 4 2 1 1 328 47 48 226
5810 4 2 1 1 334 400 419 1033
5811 4 2 1 1 109 713 108 543
5812 4 2 1 1 330 16 15 127
5813 4 2 1 1 2 216 420 521
5814 4 2 1 1 417 1 732 217
5815 4 2 1 1 3 214 524 625
5816 4 2 1 1 4 628 729 215
5817 4 2 1 1 7 626 522 316
5818 4 2 1 1 8 317 730 627
5819 4 2 1 1 523 418 6 318
5820 4 2 1 1 731 319 5 419
5821 4 2 1 1 57 56 225 432
5822 4 2 1 1 441 469 497 1136
5823 4 2 1 1 229 52 51 329
5824 4 2 1 1 44 43 714 197
5825 4 2 1 1 277 60 59 479
5826 4 2 1 1 598 612 585 1119
5827 4 2 1 1 89 88 715 400
5828 4 2 1 1 643 43 42 128
5829 4 2 1 1 715 699 731 1033
5830 4 2 1 1 112 532 113 635
5831 4 2 1 1 179 12 13 379
5832 4 2 1 1 480 425 517 1098
5833 4 2 1 1 323 408 374 1127
5834 4 2 1 1 125 24 25 434
5835 4 2 1 1 433 60 61 227
5836 4 2 1 1 167 166 165 1121
5837 4 2 1 1 225 305 279 1107
5838 4 2 1 1 185 28 29 599
5839 4 2 1 1 611 115 712 116
5840 4 2 1 1 406 335 401 1105
5841 4 2 1 1 51 50 278 375
5842 4 2 1 1 691 87 86 336
5843 4 2 1 1 222 59 58 428
5844 4 2 1 1 26 25 505 196
5845 4 2 1 1 298 62 61 506
5846 4 2 1 1 431 514 488 1072
5847 4 2 1 1 22 21 483 177
5848 4 2 1 1 183 19 20 511
5849 4 2 1 1 64 65 600 287
5850 4 2 1 1 280 305 259 1139
5851 4 2 1 1 520 474 432 1107
5852 4 2 1 1 10 11 181 407
5853 4 2 1 1 114 687 113 587
5854 4 2 1 1 531 583 616 1098
5855 4 2 1 1 389 82 83 724
5856 4 2 1 1 109 620 110 700
5857 4 2 1 1 641 78 79 230
5858 4 2 1 1 294 265 308 1142
5859 4 2 1 1 122 211 169 1148
5860 4 2 1 1 85 84 728 385
5861 4 2 1 1 617 580 570 1132
5862 4 2 1 1 76 75 313 690
5863 4 2 1 1 211 39 40 698
5864 4 2 1 1 8 730 116 627
5865 4 2 1 1 522 62 7 316
5866 4 2 1 1 214 26 3 524
5867 4 2 1 1 731 5 89 419
5868 4 2 1 1 628 4 35 215
5869 4 2 1 1 732 1 44 217
5870 4 2 1 1 120 22 23 427
5871 4 2 1 1 205 37 38 703
5872 4 2 1 1 77 78 686 303
5873 4 2 1 1 42 41 648 201
5874 4 2 1 1 281 49 48 416
5875 4 2 1 1 4 628 108 729
5876 4 2 1 1 523 6 54 318
5877 4 2 1 1 732 81 1 417
5878 4 2 1 1 319 45 5 419
5879 4 2 1 1 56 55 285 518
5880 4 2 1 1 704 73 74 307
5881 4 2 1 1 53 6 418 318
5882 4 2 1 1 216 17 2 420
5883 4 2 1 1 7 626 107 522
5884 4 2 1 1 98 418 6 523
5885 4 2 1 1 317 8 71 627
5886 4 2 1 1 319 5 80 731
5887 4 2 1 1 3 524 99 625
5888 4 2 1 1 626 7 63 316
5889 4 2 1 1 90 2 420 521
5890 4 2 1 1 317 72 8 730
5891 4 2 1 1 57 58 520 279
5892 4 2 1 1 9 1 417 217
5893 4 2 1 1 216 2 18 521
5894 4 2 1 1 283 47 46 414
5895 4 2 1 1 729 36 4 215
5896 4 2 1 1 214 3 27 625
5897 4 2 1 1 111 112 692 624
5898 4 2 1 1 863 394 350 792
5899 4 2 1 1 863 350 394 424
5900 4 2 1 1 856 1081 1134 854
5901 4 2 1 1 1134 1081 856 1066
5902 4 2 1 1 631 869 988 558
5903 4 2 1 1 988 869 631 844
5904 4 2 1 1 878 247 289 846
5905 4 2 1 1 878 289 247 255
5906 4 2 1 1 1115 841 763 1013
5907 4 2 1 1 1115 763 841 863
5908 4 2 1 1 990 464 908 509
5909 4 2 1 1 990 908 464 943
5910 4 2 1 1 175 427 23 478
5911 4 2 1 1 23 427 175 120
5912 4 2 1 1 1106 1050 924 793
5913 4 2 1 1 924 1050 1106 849
5914 4 2 1 1 924 1024 1106 793
5915 4 2 1 1 1106 1024 924 849
5916 4 2 1 1 968 1132 587 617
5917 4 2 1 1 587 1132 968 800
5918 4 2 1 1 1132 567 569 1112
5919 4 2 1 1 1132 569 567 570
5920 4 2 1 1 742 1093 888 845
5921 4 2 1 1 742 888 1093 986
5922 4 2 1 1 786 888 1093 845
5923 4 2 1 1 786 1093 888 986
5924 4 2 1 1 1078 1104 183 826
5925 4 2 1 1 183 1104 1078 967
5926 4 2 1 1 1132 579 954 580
5927 4 2 1 1 1132 954 579 976
5928 4 2 1 1 578 954 579 580
5929 4 2 1 1 578 579 954 976
5930 4 2 1 1 1107 475 876 474
5931 4 2 1 1 1107 876 475 962
5932 4 2 1 1 1132 567 843 570
5933 4 2 1 1 1132 843 567 852
5934 4 2 1 1 604 843 567 570
5935 4 2 1 1 604 567 843 852
5936 4 2 1 1 1037 209 919 867
5937 4 2 1 1 978 366 1003 834
5938 4 2 1 1 978 1003 366 367
5939 4 2 1 1 342 971 978 373
5940 4 2 1 1 978 971 342 818
5941 4 2 1 1 869 601 631 817
5942 4 2 1 1 869 631 601 558
5943 4 2 1 1 959 513 465 812
5944 4 2 1 1 959 465 513 466
5945 4 2 1 1 993 575 1067 865
5946 4 2 1 1 993 1067 575 574
5947 4 2 1 1 1067 575 831 865
5948 4 2 1 1 1067 831 575 576
5949 4 2 1 1 1111 885 1011 915
5950 4 2 1 1 1111 1011 885 797
5951 4 2 1 1 963 718 1033 734
5952 4 2 1 1 963 1033 718 834
5953 4 2 1 1 998 938 1040 785
5954 4 2 1 1 998 1040 938 807
5955 4 2 1 1 1033 331 366 400
5956 4 2 1 1 1033 366 331 834
5957 4 2 1 1 1078 157 826 162
5958 4 2 1 1 1078 826 157 956
5959 4 2 1 1 905 917 986 737
5960 4 2 1 1 986 917 905 782
5961 4 2 1 1 1098 462 939 517
5962 4 2 1 1 1098 939 462 815
5963 4 2 1 1 1119 817 1045 844
5964 4 2 1 1 1119 1045 817 983
5965 4 2 1 1 624 640 1109 692
5966 4 2 1 1 624 1109 640 535
5967 4 2 1 1 1037 208 209 154
5968 4 2 1 1 1037 209 208 919
5969 4 2 1 1 416 226 853 328
5970 4 2 1 1 853 226 416 281
5971 4 2 1 1 968 1132 1112 800
5972 4 2 1 1 1112 1132 968 569
5973 4 2 1 1 1022 1056 386 326
5974 4 2 1 1 386 1056 1022 823
5975 4 2 1 1 1120 246 242 275
5976 4 2 1 1 1120 242 246 907
5977 4 2 1 1 1057 1083 892 147
5978 4 2 1 1 892 1083 1057 784
5979 4 2 1 1 1001 150 1046 170
5980 4 2 1 1 1001 1046 150 849
5981 4 2 1 1 1121 1108 821 771
5982 4 2 1 1 1121 821 1108 861
5983 4 2 1 1 897 1140 756 891
5984 4 2 1 1 756 1140 897 813
5985 4 2 1 1 435 387 97 504
5986 4 2 1 1 97 387 435 332
5987 4 2 1 1 1065 1042 970 816
5988 4 2 1 1 1065 970 1042 775
5989 4 2 1 1 1147 604 852 565
5990 4 2 1 1 1147 852 604 1138
5991 4 2 1 1 824 1116 988 590
5992 4 2 1 1 824 988 1116 844
5993 4 2 1 1 591 988 1116 590
5994 4 2 1 1 591 1116 988 844
5995 4 2 1 1 956 158 1078 848
5996 4 2 1 1 956 1078 158 157
5997 4 2 1 1 1140 395 891 997
5998 4 2 1 1 1140 891 395 352
5999 4 2 1 1 996 562 560 564
6000 4 2 1 1 996 560 562 854
6001 4 2 1 1 1017 914 813 756
6002 4 2 1 1 1017 813 914 874
6003 4 2 1 1 971 370 1000 853
6004 4 2 1 1 971 1000 370 371
6005 4 2 1 1 1064 996 854 807
6006 4 2 1 1 1064 854 996 757
6007 4 2 1 1 166 1001 1121 168
6008 4 2 1 1 1121 1001 166 861
6009 4 2 1 1 990 506 509 910
6010 4 2 1 1 990 509 506 433
6011 4 2 1 1 1098 592 977 616
6012 4 2 1 1 1098 977 592 862
6013 4 2 1 1 976 575 831 577
6014 4 2 1 1 976 831 575 865
6015 4 2 1 1 1056 681 679 680
6016 4 2 1 1 1056 679 681 823
6017 4 2 1 1 492 1072 992 514
6018 4 2 1 1 992 1072 492 824
6019 4 2 1 1 704 224 74 638
6020 4 2 1 1 74 224 704 307
6021 4 2 1 1 1080 911 744 855
6022 4 2 1 1 1080 744 911 1070
6023 4 2 1 1 1017 412 891 354
6024 4 2 1 1 1017 891 412 859
6025 4 2 1 1 744 1064 1080 969
6026 4 2 1 1 744 1080 1064 807
6027 4 2 1 1 852 1080 1064 969
6028 4 2 1 1 852 1064 1080 807
6029 4 2 1 1 1049 792 350 1018
6030 4 2 1 1 1049 350 792 863
6031 4 2 1 1 939 516 517 460
6032 4 2 1 1 939 517 516 862
6033 4 2 1 1 1018 345 344 347
6034 4 2 1 1 1018 344 345 902
6035 4 2 1 1 1068 258 1137 829
6036 4 2 1 1 1068 1137 258 262
6037 4 2 1 1 1091 775 969 894
6038 4 2 1 1 1091 969 775 899
6039 4 2 1 1 1086 213 933 204
6040 4 2 1 1 1086 933 213 1061
6041 4 2 1 1 1035 983 931 759
6042 4 2 1 1 1035 931 983 817
6043 4 2 1 1 551 1100 554 607
6044 4 2 1 1 554 1100 551 903
6045 4 2 1 1 1118 142 955 144
6046 4 2 1 1 1118 955 142 877
6047 4 2 1 1 1009 197 182 881
6048 4 2 1 1 1009 182 197 128
6049 4 2 1 1 484 1104 429 485
6050 4 2 1 1 429 1104 484 826
6051 4 2 1 1 1099 244 907 246
6052 4 2 1 1 1099 907 244 846
6053 4 2 1 1 1009 1061 1094 809
6054 4 2 1 1 1009 1094 1061 198
6055 4 2 1 1 172 1094 1061 809
6056 4 2 1 1 172 1061 1094 198
6057 4 2 1 1 957 196 191 937
6058 4 2 1 1 957 191 196 125
6059 4 2 1 1 1000 370 324 853
6060 4 2 1 1 1000 324 370 372
6061 4 2 1 1 694 1109 640 693
6062 4 2 1 1 640 1109 694 831
6063 4 2 1 1 1063 1089 858 896
6064 4 2 1 1 858 1089 1063 788
6065 4 2 1 1 1132 532 587 617
6066 4 2 1 1 1132 587 532 954
6067 4 2 1 1 205 637 1002 703
6068 4 2 1 1 1002 637 205 122
6069 4 2 1 1 118 698 40 634
6070 4 2 1 1 40 698 118 211
6071 4 2 1 1 633 313 1038 690
6072 4 2 1 1 633 1038 313 220
6073 4 2 1 1 307 646 921 704
6074 4 2 1 1 307 921 646 231
6075 4 2 1 1 322 728 890 385
6076 4 2 1 1 322 890 728 636
6077 4 2 1 1 1100 581 579 607
6078 4 2 1 1 1100 579 581 976
6079 4 2 1 1 287 542 64 232
6080 4 2 1 1 64 542 287 600
6081 4 2 1 1 1128 619 629 572
6082 4 2 1 1 1128 629 619 875
6083 4 2 1 1 1123 359 1089 360
6084 4 2 1 1 1123 1089 359 896
6085 4 2 1 1 234 518 999 285
6086 4 2 1 1 999 518 234 438
6087 4 2 1 1 230 699 79 641
6088 4 2 1 1 79 699 230 299
6089 4 2 1 1 416 221 1047 281
6090 4 2 1 1 1047 221 416 324
6091 4 2 1 1 1047 853 416 281
6092 4 2 1 1 416 853 1047 324
6093 4 2 1 1 1125 723 733 676
6094 4 2 1 1 1125 733 723 921
6095 4 2 1 1 279 428 58 520
6096 4 2 1 1 58 428 279 222
6097 4 2 1 1 1066 1134 1128 856
6098 4 2 1 1 1128 1134 1066 787
6099 4 2 1 1 231 730 880 646
6100 4 2 1 1 880 730 231 317
6101 4 2 1 1 996 560 565 564
6102 4 2 1 1 996 565 560 1147
6103 4 2 1 1 624 635 954 532
6104 4 2 1 1 954 635 624 692
$EndElements
