$MeshFormat
4.1 0 8
$EndMeshFormat
$Entities
8 12 6 1
1 0 0 0 0 
2 10 0 0 0 
3 10 5 0 0 
4 0 5 0 0 
5 0 0 15 0 
6 10 0 15 0 
7 10 5 15 0 
8 0 5 15 0 
1 0 0 0 10 0 0 0 2 1 -2 
2 10 0 0 10 5 0 0 2 2 -3 
3 0 5 0 10 5 0 0 2 3 -4 
4 0 0 0 0 5 0 0 2 4 -1 
5 0 0 15 10 0 15 0 2 5 -6 
6 10 0 15 10 5 15 0 2 6 -7 
7 0 5 15 10 5 15 0 2 7 -8 
8 0 0 15 0 5 15 0 2 8 -5 
9 10 0 0 10 0 15 0 2 2 -6 
10 0 0 0 0 0 15 0 2 1 -5 
11 10 5 0 10 5 15 0 2 3 -7 
12 0 5 0 0 5 15 0 2 4 -8 
1 0 0 0 10 0 15 1 4 4 5 -9 -1 10 
2 0 5 0 10 5 15 1 3 4 7 -12 -3 11 
3 0 0 0 0 5 15 1 2 4 8 -10 -4 12 
4 10 0 0 10 5 15 1 1 4 6 -11 -2 9 
5 0 0 15 10 5 15 1 6 4 5 6 7 8 
6 0 0 0 10 5 0 1 5 4 1 2 3 4 
1 0 0 0 10 5 15 1 1 6 2 3 4 5 6 1 
$EndEntities
$Nodes
27 1331 1 1331
0 1 0 1
1
0 0 0
0 2 0 1
2
10 0 0
0 3 0 1
3
10 5 0
0 4 0 1
4
0 5 0
0 5 0 1
5
0 0 15
0 6 0 1
6
10 0 15
0 7 0 1
7
10 5 15
0 8 0 1
8
0 5 15
1 1 0 9
9
10
11
12
13
14
15
16
17
0.9999999999991888 0 0
1.999999999996824 0 0
2.999999999993903 0 0
3.999999999991017 0 0
4.999999999992399 0 0
5.99999999999392 0 0
6.999999999995438 0 0
7.99999999999696 0 0
8.999999999998479 0 0
1 2 0 9
18
19
20
21
22
23
24
25
26
10 0.4999999999995944 0
10 0.999999999998412 0
10 1.499999999996952 0
10 1.999999999995508 0
10 2.499999999996199 0
10 2.99999999999696 0
10 3.499999999997719 0
10 3.99999999999848 0
10 4.49999999999924 0
1 3 0 9
27
28
29
30
31
32
33
34
35
8.999999999999998 5 0
7.999999999999996 5 0
6.999999999999995 5 0
5.999999999999996 5 0
4.999999999999996 5 0
3.999999999999996 5 0
2.999999999999998 5 0
1.999999999999998 5 0
0.9999999999999982 5 0
1 4 0 9
36
37
38
39
40
41
42
43
44
0 4.499999999999999 0
0 3.999999999999998 0
0 3.499999999999997 0
0 2.999999999999998 0
0 2.499999999999998 0
0 1.999999999999998 0
0 1.499999999999999 0
0 0.9999999999999991 0
0 0.4999999999999991 0
1 5 0 9
45
46
47
48
49
50
51
52
53
0.9999999999991888 0 15
1.999999999996824 0 15
2.999999999993903 0 15
3.999999999991017 0 15
4.999999999992399 0 15
5.99999999999392 0 15
6.999999999995438 0 15
7.99999999999696 0 15
8.999999999998479 0 15
1 6 0 9
54
55
56
57
58
59
60
61
62
10 0.4999999999995944 15
10 0.999999999998412 15
10 1.499999999996952 15
10 1.999999999995508 15
10 2.499999999996199 15
10 2.99999999999696 15
10 3.499999999997719 15
10 3.99999999999848 15
10 4.49999999999924 15
1 7 0 9
63
64
65
66
67
68
69
70
71
8.999999999999998 5 15
7.999999999999996 5 15
6.999999999999995 5 15
5.999999999999996 5 15
4.999999999999996 5 15
3.999999999999996 5 15
2.999999999999998 5 15
1.999999999999998 5 15
0.9999999999999982 5 15
1 8 0 9
72
73
74
75
76
77
78
79
80
0 4.499999999999999 15
0 3.999999999999998 15
0 3.499999999999997 15
0 2.999999999999998 15
0 2.499999999999998 15
0 1.999999999999998 15
0 1.499999999999999 15
0 0.9999999999999991 15
0 0.4999999999999991 15
1 9 0 9
81
82
83
84
85
86
87
88
89
10 0 1.499999999999775
10 0 2.999999999998964
10 0 4.499999999996247
10 0 5.999999999990441
10 0 7.499999999984809
10 0 8.999999999987708
10 0 10.49999999999078
10 0 11.99999999999385
10 0 13.49999999999693
1 10 0 9
90
91
92
93
94
95
96
97
98
0 0 1.499999999999775
0 0 2.999999999998964
0 0 4.499999999996247
0 0 5.999999999990441
0 0 7.499999999984809
0 0 8.999999999987708
0 0 10.49999999999078
0 0 11.99999999999385
0 0 13.49999999999693
1 11 0 9
99
100
101
102
103
104
105
106
107
10 5 1.499999999999775
10 5 2.999999999998964
10 5 4.499999999996247
10 5 5.999999999990441
10 5 7.499999999984809
10 5 8.999999999987708
10 5 10.49999999999078
10 5 11.99999999999385
10 5 13.49999999999693
1 12 0 9
108
109
110
111
112
113
114
115
116
0 5 1.499999999999775
0 5 2.999999999998964
0 5 4.499999999996247
0 5 5.999999999990441
0 5 7.499999999984809
0 5 8.999999999987708
0 5 10.49999999999078
0 5 11.99999999999385
0 5 13.49999999999693
2 1 0 81
117
118
119
120
121
122
123
124
125
126
127
128
129
130
131
132
133
134
135
136
137
138
139
140
141
142
143
144
145
146
147
148
149
150
151
152
153
154
155
156
157
158
159
160
161
162
163
164
165
166
167
168
169
170
171
172
173
174
175
176
177
178
179
180
181
182
183
184
185
186
187
188
189
190
191
192
193
194
195
196
197
0.9999999999991888 0 13.49999999999693
0.9999999999991886 0 11.99999999999385
0.9999999999991885 0 10.49999999999078
0.9999999999991888 0 8.999999999987708
0.9999999999991885 0 7.499999999984809
0.9999999999991889 0 5.999999999990441
0.9999999999991886 0 4.499999999996246
0.9999999999991884 0 2.999999999998964
0.999999999999189 0 1.499999999999775
1.999999999996824 0 13.49999999999693
1.999999999996824 0 11.99999999999385
1.999999999996824 0 10.49999999999078
1.999999999996824 0 8.999999999987708
1.999999999996824 0 7.499999999984807
1.999999999996824 0 5.999999999990441
1.999999999996824 0 4.499999999996247
1.999999999996825 0 2.999999999998964
1.999999999996824 0 1.499999999999776
2.999999999993903 0 13.49999999999693
2.999999999993903 0 11.99999999999385
2.999999999993903 0 10.49999999999078
2.999999999993904 0 8.999999999987708
2.999999999993903 0 7.499999999984809
2.999999999993903 0 5.99999999999044
2.999999999993903 0 4.499999999996247
2.999999999993903 0 2.999999999998965
2.999999999993903 0 1.499999999999775
3.999999999991018 0 13.49999999999693
3.999999999991017 0 11.99999999999385
3.999999999991017 0 10.49999999999078
3.999999999991017 0 8.999999999987708
3.999999999991017 0 7.499999999984809
3.999999999991017 0 5.999999999990441
3.999999999991017 0 4.499999999996246
3.999999999991017 0 2.999999999998964
3.999999999991017 0 1.499999999999776
4.999999999992401 0 13.49999999999693
4.999999999992397 0 11.99999999999385
4.999999999992399 0 10.49999999999078
4.999999999992399 0 8.999999999987708
4.999999999992399 0 7.499999999984809
4.999999999992399 0 5.99999999999044
4.999999999992399 0 4.499999999996247
4.999999999992399 0 2.999999999998964
4.9999999999924 0 1.499999999999775
5.999999999993921 0 13.49999999999693
5.99999999999392 0 11.99999999999385
5.99999999999392 0 10.49999999999078
5.999999999993919 0 8.999999999987708
5.99999999999392 0 7.499999999984809
5.99999999999392 0 5.999999999990441
5.99999999999392 0 4.499999999996247
5.99999999999392 0 2.999999999998964
5.99999999999392 0 1.499999999999775
6.999999999995439 0 13.49999999999693
6.999999999995438 0 11.99999999999385
6.999999999995438 0 10.49999999999078
6.999999999995438 0 8.999999999987708
6.999999999995438 0 7.499999999984809
6.999999999995438 0 5.99999999999044
6.999999999995438 0 4.499999999996247
6.999999999995437 0 2.999999999998965
6.999999999995438 0 1.499999999999775
7.999999999996959 0 13.49999999999693
7.99999999999696 0 11.99999999999385
7.999999999996961 0 10.49999999999078
7.999999999996959 0 8.999999999987708
7.999999999996958 0 7.499999999984809
7.999999999996959 0 5.999999999990441
7.999999999996961 0 4.499999999996247
7.999999999996962 0 2.999999999998964
7.99999999999696 0 1.499999999999775
8.999999999998483 0 13.49999999999693
8.999999999998479 0 11.99999999999385
8.999999999998479 0 10.49999999999078
8.999999999998479 0 8.999999999987708
8.999999999998479 0 7.499999999984809
8.999999999998479 0 5.999999999990441
8.999999999998479 0 4.499999999996247
8.999999999998479 0 2.999999999998964
8.999999999998479 0 1.499999999999776
2 2 0 81
198
199
200
201
202
203
204
205
206
207
208
209
210
211
212
213
214
215
216
217
218
219
220
221
222
223
224
225
226
227
228
229
230
231
232
233
234
235
236
237
238
239
240
241
242
243
244
245
246
247
248
249
250
251
252
253
254
255
256
257
258
259
260
261
262
263
264
265
266
267
268
269
270
271
272
273
274
275
276
277
278
8.999999999999996 5 13.49999999999693
8.999999999999998 5 11.99999999999385
9 5 10.49999999999078
8.999999999999998 5 8.999999999987706
8.999999999999998 5 7.499999999984809
9 5 5.999999999990442
8.999999999999998 5 4.499999999996247
8.999999999999998 5 2.999999999998963
8.999999999999998 5 1.499999999999775
7.999999999999996 5 13.49999999999693
7.999999999999996 5 11.99999999999385
7.999999999999996 5 10.49999999999078
7.999999999999998 5 8.999999999987708
7.999999999999996 5 7.499999999984807
7.999999999999997 5 5.999999999990441
7.999999999999996 5 4.499999999996247
7.999999999999997 5 2.999999999998964
7.999999999999998 5 1.499999999999776
6.999999999999994 5 13.49999999999693
6.999999999999995 5 11.99999999999385
6.999999999999995 5 10.49999999999078
6.999999999999995 5 8.999999999987708
6.999999999999995 5 7.499999999984808
6.999999999999995 5 5.999999999990441
6.999999999999994 5 4.499999999996246
6.999999999999994 5 2.999999999998964
6.999999999999994 5 1.499999999999776
5.999999999999996 5 13.49999999999693
5.999999999999996 5 11.99999999999385
5.999999999999996 5 10.49999999999078
5.999999999999995 5 8.999999999987708
5.999999999999996 5 7.499999999984809
5.999999999999996 5 5.999999999990441
5.999999999999993 5 4.499999999996246
5.999999999999996 5 2.999999999998964
5.999999999999996 5 1.499999999999775
4.999999999999996 5 13.49999999999693
4.999999999999996 5 11.99999999999385
4.999999999999996 5 10.49999999999078
4.999999999999996 5 8.999999999987708
4.999999999999996 5 7.499999999984809
4.999999999999996 5 5.999999999990441
4.999999999999996 5 4.499999999996247
4.999999999999996 5 2.999999999998964
4.999999999999996 5 1.499999999999775
3.999999999999997 5 13.49999999999693
3.999999999999996 5 11.99999999999385
3.999999999999996 5 10.49999999999078
3.999999999999996 5 8.999999999987708
3.999999999999996 5 7.499999999984809
3.999999999999996 5 5.999999999990441
3.999999999999996 5 4.499999999996247
3.999999999999996 5 2.999999999998964
3.999999999999997 5 1.499999999999775
2.999999999999998 5 13.49999999999693
2.999999999999998 5 11.99999999999385
2.999999999999998 5 10.49999999999078
2.999999999999998 5 8.999999999987708
2.999999999999998 5 7.499999999984808
2.999999999999998 5 5.999999999990441
2.999999999999998 5 4.499999999996247
2.999999999999998 5 2.999999999998964
2.999999999999999 5 1.499999999999776
1.999999999999998 5 13.49999999999693
1.999999999999998 5 11.99999999999385
1.999999999999998 5 10.49999999999078
1.999999999999998 5 8.999999999987708
1.999999999999998 5 7.499999999984809
1.999999999999998 5 5.999999999990441
1.999999999999998 5 4.499999999996247
1.999999999999998 5 2.999999999998964
1.999999999999998 5 1.499999999999775
0.9999999999999981 5 13.49999999999693
0.9999999999999982 5 11.99999999999385
0.9999999999999982 5 10.49999999999078
0.9999999999999982 5 8.999999999987708
0.9999999999999982 5 7.499999999984809
0.9999999999999982 5 5.999999999990441
0.9999999999999982 5 4.499999999996246
0.9999999999999982 5 2.999999999998964
0.9999999999999982 5 1.499999999999775
2 3 0 81
279
280
281
282
283
284
285
286
287
288
289
290
291
292
293
294
295
296
297
298
299
300
301
302
303
304
305
306
307
308
309
310
311
312
313
314
315
316
317
318
319
320
321
322
323
324
325
326
327
328
329
330
331
332
333
334
335
336
337
338
339
340
341
342
343
344
345
346
347
348
349
350
351
352
353
354
355
356
357
358
359
0 4.499999999999998 13.49999999999693
0 4.499999999999999 11.99999999999385
0 4.5 10.49999999999078
0 4.499999999999999 8.999999999987706
0 4.499999999999999 7.499999999984809
0 4.5 5.999999999990442
0 4.499999999999999 4.499999999996247
0 4.499999999999999 2.999999999998963
0 4.499999999999999 1.499999999999775
0 3.999999999999998 13.49999999999693
0 3.999999999999998 11.99999999999385
0 3.999999999999998 10.49999999999078
0 3.999999999999999 8.999999999987708
0 3.999999999999998 7.499999999984807
0 3.999999999999999 5.999999999990441
0 3.999999999999998 4.499999999996247
0 3.999999999999999 2.999999999998964
0 3.999999999999999 1.499999999999776
0 3.499999999999997 13.49999999999693
0 3.499999999999997 11.99999999999385
0 3.499999999999997 10.49999999999078
0 3.499999999999997 8.999999999987708
0 3.499999999999997 7.499999999984808
0 3.499999999999997 5.999999999990441
0 3.499999999999997 4.499999999996246
0 3.499999999999997 2.999999999998964
0 3.499999999999997 1.499999999999776
0 2.999999999999998 13.49999999999693
0 2.999999999999998 11.99999999999385
0 2.999999999999998 10.49999999999078
0 2.999999999999997 8.999999999987708
0 2.999999999999998 7.499999999984809
0 2.999999999999998 5.999999999990441
0 2.999999999999996 4.499999999996246
0 2.999999999999998 2.999999999998964
0 2.999999999999998 1.499999999999775
0 2.499999999999998 13.49999999999693
0 2.499999999999998 11.99999999999385
0 2.499999999999998 10.49999999999078
0 2.499999999999998 8.999999999987708
0 2.499999999999998 7.499999999984809
0 2.499999999999998 5.999999999990441
0 2.499999999999998 4.499999999996247
0 2.499999999999998 2.999999999998964
0 2.499999999999998 1.499999999999775
0 1.999999999999998 13.49999999999693
0 1.999999999999998 11.99999999999385
0 1.999999999999998 10.49999999999078
0 1.999999999999998 8.999999999987708
0 1.999999999999998 7.499999999984809
0 1.999999999999998 5.999999999990441
0 1.999999999999998 4.499999999996247
0 1.999999999999998 2.999999999998964
0 1.999999999999998 1.499999999999775
0 1.499999999999999 13.49999999999693
0 1.499999999999999 11.99999999999385
0 1.499999999999999 10.49999999999078
0 1.499999999999999 8.999999999987708
0 1.499999999999999 7.499999999984808
0 1.499999999999999 5.999999999990441
0 1.499999999999999 4.499999999996247
0 1.499999999999999 2.999999999998964
0 1.499999999999999 1.499999999999776
0 0.9999999999999992 13.49999999999693
0 0.9999999999999991 11.99999999999385
0 0.999999999999999 10.49999999999078
0 0.999999999999999 8.999999999987708
0 0.999999999999999 7.499999999984809
0 0.9999999999999991 5.999999999990441
0 0.9999999999999991 4.499999999996247
0 0.9999999999999989 2.999999999998964
0 0.9999999999999992 1.499999999999775
0 0.4999999999999991 13.49999999999693
0 0.4999999999999991 11.99999999999385
0 0.4999999999999991 10.49999999999078
0 0.4999999999999991 8.999999999987708
0 0.4999999999999991 7.499999999984809
0 0.4999999999999991 5.999999999990441
0 0.4999999999999991 4.499999999996246
0 0.4999999999999991 2.999999999998964
0 0.4999999999999991 1.499999999999775
2 4 0 81
360
361
362
363
364
365
366
367
368
369
370
371
372
373
374
375
376
377
378
379
380
381
382
383
384
385
386
387
388
389
390
391
392
393
394
395
396
397
398
399
400
401
402
403
404
405
406
407
408
409
410
411
412
413
414
415
416
417
418
419
420
421
422
423
424
425
426
427
428
429
430
431
432
433
434
435
436
437
438
439
440
10 0.4999999999995944 13.49999999999693
10 0.4999999999995943 11.99999999999385
10 0.4999999999995943 10.49999999999078
10 0.4999999999995944 8.999999999987708
10 0.4999999999995943 7.499999999984809
10 0.4999999999995944 5.999999999990441
10 0.4999999999995943 4.499999999996246
10 0.4999999999995942 2.999999999998964
10 0.4999999999995945 1.499999999999775
10 0.999999999998412 13.49999999999693
10 0.9999999999984122 11.99999999999385
10 0.9999999999984122 10.49999999999078
10 0.9999999999984119 8.999999999987708
10 0.9999999999984118 7.499999999984807
10 0.9999999999984119 5.999999999990441
10 0.999999999998412 4.499999999996247
10 0.9999999999984124 2.999999999998964
10 0.999999999998412 1.499999999999776
10 1.499999999996952 13.49999999999693
10 1.499999999996952 11.99999999999385
10 1.499999999996952 10.49999999999078
10 1.499999999996952 8.999999999987708
10 1.499999999996952 7.499999999984809
10 1.499999999996952 5.99999999999044
10 1.499999999996951 4.499999999996247
10 1.499999999996952 2.999999999998965
10 1.499999999996952 1.499999999999775
10 1.999999999995509 13.49999999999693
10 1.999999999995509 11.99999999999385
10 1.999999999995508 10.49999999999078
10 1.999999999995508 8.999999999987708
10 1.999999999995508 7.499999999984809
10 1.999999999995508 5.999999999990441
10 1.999999999995508 4.499999999996246
10 1.999999999995509 2.999999999998964
10 1.999999999995509 1.499999999999776
10 2.4999999999962 13.49999999999693
10 2.499999999996199 11.99999999999385
10 2.499999999996199 10.49999999999078
10 2.499999999996199 8.999999999987708
10 2.499999999996199 7.499999999984809
10 2.499999999996199 5.99999999999044
10 2.499999999996199 4.499999999996247
10 2.499999999996199 2.999999999998964
10 2.4999999999962 1.499999999999775
10 2.999999999996961 13.49999999999693
10 2.99999999999696 11.99999999999385
10 2.99999999999696 10.49999999999078
10 2.999999999996959 8.999999999987708
10 2.99999999999696 7.499999999984809
10 2.99999999999696 5.999999999990441
10 2.99999999999696 4.499999999996247
10 2.99999999999696 2.999999999998964
10 2.99999999999696 1.499999999999775
10 3.49999999999772 13.49999999999693
10 3.499999999997719 11.99999999999385
10 3.499999999997719 10.49999999999078
10 3.499999999997719 8.999999999987708
10 3.499999999997719 7.499999999984809
10 3.499999999997719 5.99999999999044
10 3.499999999997719 4.499999999996247
10 3.499999999997719 2.999999999998965
10 3.499999999997719 1.499999999999775
10 3.999999999998479 13.49999999999693
10 3.99999999999848 11.99999999999385
10 3.99999999999848 10.49999999999078
10 3.999999999998479 8.999999999987708
10 3.999999999998479 7.499999999984809
10 3.999999999998479 5.999999999990441
10 3.99999999999848 4.499999999996247
10 3.999999999998481 2.999999999998964
10 3.99999999999848 1.499999999999775
10 4.499999999999241 13.49999999999693
10 4.49999999999924 11.99999999999385
10 4.49999999999924 10.49999999999078
10 4.49999999999924 8.999999999987708
10 4.49999999999924 7.499999999984809
10 4.49999999999924 5.999999999990441
10 4.49999999999924 4.499999999996247
10 4.49999999999924 2.999999999998964
10 4.49999999999924 1.499999999999776
2 5 0 81
441
442
443
444
445
446
447
448
449
450
451
452
453
454
455
456
457
458
459
460
461
462
463
464
465
466
467
468
469
470
471
472
473
474
475
476
477
478
479
480
481
482
483
484
485
486
487
488
489
490
491
492
493
494
495
496
497
498
499
500
501
502
503
504
505
506
507
508
509
510
511
512
513
514
515
516
517
518
519
520
521
0.9999999999992696 0.4999999999999585 15
0.9999999999993505 0.9999999999998406 15
0.9999999999994316 1.499999999999694 15
0.9999999999995126 1.999999999999549 15
0.9999999999995934 2.499999999999619 15
0.9999999999996743 2.999999999999694 15
0.9999999999997553 3.499999999999769 15
0.9999999999998364 3.999999999999846 15
0.9999999999999174 4.499999999999923 15
1.999999999997141 0.4999999999999182 15
1.999999999997459 0.9999999999996818 15
1.999999999997776 1.49999999999939 15
1.999999999998094 1.999999999999101 15
1.999999999998411 2.499999999999238 15
1.999999999998728 2.99999999999939 15
1.999999999999046 3.499999999999541 15
1.999999999999363 3.999999999999695 15
1.999999999999681 4.499999999999848 15
2.999999999994513 0.4999999999998778 15
2.999999999995122 0.999999999999523 15
2.999999999995731 1.499999999999085 15
2.999999999996341 1.999999999998651 15
2.999999999996951 2.499999999998858 15
2.99999999999756 2.999999999999087 15
2.99999999999817 3.499999999999314 15
2.999999999998779 3.999999999999543 15
2.999999999999389 4.499999999999772 15
3.999999999991915 0.4999999999998371 15
3.999999999992813 0.9999999999993643 15
3.999999999993711 1.49999999999878 15
3.999999999994609 1.999999999998202 15
3.999999999995507 2.499999999998479 15
3.999999999996404 2.999999999998783 15
3.999999999997303 3.499999999999086 15
3.999999999998201 3.999999999999391 15
3.999999999999098 4.499999999999695 15
4.999999999993158 0.4999999999997967 15
4.999999999993919 0.9999999999992055 15
4.999999999994677 1.499999999998475 15
4.999999999995438 1.999999999997753 15
4.999999999996198 2.499999999998099 15
4.999999999996958 2.999999999998479 15
4.999999999997719 3.499999999998858 15
4.999999999998477 3.999999999999239 15
4.999999999999237 4.499999999999621 15
5.999999999994528 0.4999999999997563 15
5.999999999995135 0.999999999999047 15
5.999999999995745 1.499999999998171 15
5.99999999999635 1.999999999997304 15
5.999999999996957 2.49999999999772 15
5.999999999997565 2.999999999998175 15
5.999999999998172 3.49999999999863 15
5.999999999998781 3.999999999999087 15
5.999999999999387 4.499999999999543 15
6.999999999995892 0.4999999999997158 15
6.999999999996349 0.9999999999988882 15
6.999999999996806 1.499999999997866 15
6.999999999997261 1.999999999996855 15
6.999999999997716 2.49999999999734 15
6.999999999998174 2.999999999997871 15
6.999999999998629 3.499999999998403 15
6.999999999999083 3.999999999998936 15
6.999999999999537 4.499999999999468 15
7.999999999997263 0.4999999999996753 15
7.999999999997566 0.9999999999987293 15
7.999999999997872 1.499999999997561 15
7.999999999998175 1.999999999996406 15
7.999999999998478 2.499999999996959 15
7.999999999998783 2.999999999997568 15
7.999999999999087 3.499999999998175 15
7.999999999999392 3.999999999998785 15
7.999999999999694 4.499999999999392 15
8.99999999999863 0.4999999999996348 15
8.999999999998783 0.9999999999985707 15
8.999999999998936 1.499999999997256 15
8.999999999999085 1.999999999995957 15
8.999999999999241 2.499999999996579 15
8.999999999999391 2.999999999997264 15
8.999999999999543 3.499999999997946 15
8.999999999999698 3.999999999998632 15
8.999999999999847 4.499999999999316 15
2 6 0 81
522
523
524
525
526
527
528
529
530
531
532
533
534
535
536
537
538
539
540
541
542
543
544
545
546
547
548
549
550
551
552
553
554
555
556
557
558
559
560
561
562
563
564
565
566
567
568
569
570
571
572
573
574
575
576
577
578
579
580
581
582
583
584
585
586
587
588
589
590
591
592
593
594
595
596
597
598
599
600
601
602
0.9999999999992696 0.4999999999999585 0
0.9999999999993505 0.9999999999998406 0
0.9999999999994316 1.499999999999694 0
0.9999999999995126 1.999999999999549 0
0.9999999999995934 2.499999999999619 0
0.9999999999996743 2.999999999999694 0
0.9999999999997553 3.499999999999769 0
0.9999999999998364 3.999999999999846 0
0.9999999999999174 4.499999999999923 0
1.999999999997141 0.4999999999999182 0
1.999999999997459 0.9999999999996818 0
1.999999999997776 1.49999999999939 0
1.999999999998094 1.999999999999101 0
1.999999999998411 2.499999999999238 0
1.999999999998728 2.99999999999939 0
1.999999999999046 3.499999999999541 0
1.999999999999363 3.999999999999695 0
1.999999999999681 4.499999999999848 0
2.999999999994513 0.4999999999998778 0
2.999999999995122 0.999999999999523 0
2.999999999995731 1.499999999999085 0
2.999999999996341 1.999999999998651 0
2.999999999996951 2.499999999998858 0
2.99999999999756 2.999999999999087 0
2.99999999999817 3.499999999999314 0
2.999999999998779 3.999999999999543 0
2.999999999999389 4.499999999999772 0
3.999999999991915 0.4999999999998371 0
3.999999999992813 0.9999999999993643 0
3.999999999993711 1.49999999999878 0
3.999999999994609 1.999999999998202 0
3.999999999995507 2.499999999998479 0
3.999999999996404 2.999999999998783 0
3.999999999997303 3.499999999999086 0
3.999999999998201 3.999999999999391 0
3.999999999999098 4.499999999999695 0
4.999999999993158 0.4999999999997967 0
4.999999999993919 0.9999999999992055 0
4.999999999994677 1.499999999998475 0
4.999999999995438 1.999999999997753 0
4.999999999996198 2.499999999998099 0
4.999999999996958 2.999999999998479 0
4.999999999997719 3.499999999998858 0
4.999999999998477 3.999999999999239 0
4.999999999999237 4.499999999999621 0
5.999999999994528 0.4999999999997563 0
5.999999999995135 0.999999999999047 0
5.999999999995745 1.499999999998171 0
5.99999999999635 1.999999999997304 0
5.999999999996957 2.49999999999772 0
5.999999999997565 2.999999999998175 0
5.999999999998172 3.49999999999863 0
5.999999999998781 3.999999999999087 0
5.999999999999387 4.499999999999543 0
6.999999999995892 0.4999999999997158 0
6.999999999996349 0.9999999999988882 0
6.999999999996806 1.499999999997866 0
6.999999999997261 1.999999999996855 0
6.999999999997716 2.49999999999734 0
6.999999999998174 2.999999999997871 0
6.999999999998629 3.499999999998403 0
6.999999999999083 3.999999999998936 0
6.999999999999537 4.499999999999468 0
7.999999999997263 0.4999999999996753 0
7.999999999997566 0.9999999999987293 0
7.999999999997872 1.499999999997561 0
7.999999999998175 1.999999999996406 0
7.999999999998478 2.499999999996959 0
7.999999999998783 2.999999999997568 0
7.999999999999087 3.499999999998175 0
7.999999999999392 3.999999999998785 0
7.999999999999694 4.499999999999392 0
8.99999999999863 0.4999999999996348 0
8.999999999998783 0.9999999999985707 0
8.999999999998936 1.499999999997256 0
8.999999999999085 1.999999999995957 0
8.999999999999241 2.499999999996579 0
8.999999999999391 2.999999999997264 0
8.999999999999543 3.499999999997946 0
8.999999999999698 3.999999999998632 0
8.999999999999847 4.499999999999316 0
3 1 0 729
603
604
605
606
607
608
609
610
611
612
613
614
615
616
617
618
619
620
621
622
623
624
625
626
627
628
629
630
631
632
633
634
635
636
637
638
639
640
641
642
643
644
645
646
647
648
649
650
651
652
653
654
655
656
657
658
659
660
661
662
663
664
665
666
667
668
669
670
671
672
673
674
675
676
677
678
679
680
681
682
683
684
685
686
687
688
689
690
691
692
693
694
695
696
697
698
699
700
701
702
703
704
705
706
707
708
709
710
711
712
713
714
715
716
717
718
719
720
721
722
723
724
725
726
727
728
729
730
731
732
733
734
735
736
737
738
739
740
741
742
743
744
745
746
747
748
749
750
751
752
753
754
755
756
757
758
759
760
761
762
763
764
765
766
767
768
769
770
771
772
773
774
775
776
777
778
779
780
781
782
783
784
785
786
787
788
789
790
791
792
793
794
795
796
797
798
799
800
801
802
803
804
805
806
807
808
809
810
811
812
813
814
815
816
817
818
819
820
821
822
823
824
825
826
827
828
829
830
831
832
833
834
835
836
837
838
839
840
841
842
843
844
845
846
847
848
849
850
851
852
853
854
855
856
857
858
859
860
861
862
863
864
865
866
867
868
869
870
871
872
873
874
875
876
877
878
879
880
881
882
883
884
885
886
887
888
889
890
891
892
893
894
895
896
897
898
899
900
901
902
903
904
905
906
907
908
909
910
911
912
913
914
915
916
917
918
919
920
921
922
923
924
925
926
927
928
929
930
931
932
933
934
935
936
937
938
939
940
941
942
943
944
945
946
947
948
949
950
951
952
953
954
955
956
957
958
959
960
961
962
963
964
965
966
967
968
969
970
971
972
973
974
975
976
977
978
979
980
981
982
983
984
985
986
987
988
989
990
991
992
993
994
995
996
997
998
999
1000
1001
1002
1003
1004
1005
1006
1007
1008
1009
1010
1011
1012
1013
1014
1015
1016
1017
1018
1019
1020
1021
1022
1023
1024
1025
1026
1027
1028
1029
1030
1031
1032
1033
1034
1035
1036
1037
1038
1039
1040
1041
1042
1043
1044
1045
1046
1047
1048
1049
1050
1051
1052
1053
1054
1055
1056
1057
1058
1059
1060
1061
1062
1063
1064
1065
1066
1067
1068
1069
1070
1071
1072
1073
1074
1075
1076
1077
1078
1079
1080
1081
1082
1083
1084
1085
1086
1087
1088
1089
1090
1091
1092
1093
1094
1095
1096
1097
1098
1099
1100
1101
1102
1103
1104
1105
1106
1107
1108
1109
1110
1111
1112
1113
1114
1115
1116
1117
1118
1119
1120
1121
1122
1123
1124
1125
1126
1127
1128
1129
1130
1131
1132
1133
1134
1135
1136
1137
1138
1139
1140
1141
1142
1143
1144
1145
1146
1147
1148
1149
1150
1151
1152
1153
1154
1155
1156
1157
1158
1159
1160
1161
1162
1163
1164
1165
1166
1167
1168
1169
1170
1171
1172
1173
1174
1175
1176
1177
1178
1179
1180
1181
1182
1183
1184
1185
1186
1187
1188
1189
1190
1191
1192
1193
1194
1195
1196
1197
1198
1199
1200
1201
1202
1203
1204
1205
1206
1207
1208
1209
1210
1211
1212
1213
1214
1215
1216
1217
1218
1219
1220
1221
1222
1223
1224
1225
1226
1227
1228
1229
1230
1231
1232
1233
1234
1235
1236
1237
1238
1239
1240
1241
1242
1243
1244
1245
1246
1247
1248
1249
1250
1251
1252
1253
1254
1255
1256
1257
1258
1259
1260
1261
1262
1263
1264
1265
1266
1267
1268
1269
1270
1271
1272
1273
1274
1275
1276
1277
1278
1279
1280
1281
1282
1283
1284
1285
1286
1287
1288
1289
1290
1291
1292
1293
1294
1295
1296
1297
1298
1299
1300
1301
1302
1303
1304
1305
1306
1307
1308
1309
1310
1311
1312
1313
1314
1315
1316
1317
1318
1319
1320
1321
1322
1323
1324
1325
1326
1327
1328
1329
1330
1331
8.999999999999845 4.499999999999317 13.49999999999692
8.999999999999694 3.999999999998631 13.49999999999692
8.999999999999542 3.499999999997945 13.49999999999693
8.999999999999385 2.999999999997264 13.49999999999692
8.99999999999924 2.499999999996578 13.49999999999692
8.999999999999085 1.999999999995958 13.49999999999692
8.999999999998932 1.499999999997256 13.49999999999692
8.999999999998783 0.9999999999985705 13.49999999999692
8.999999999998634 0.4999999999996348 13.49999999999692
8.999999999999842 4.499999999999319 11.99999999999386
8.999999999999702 3.999999999998632 11.99999999999385
8.999999999999542 3.499999999997945 11.99999999999386
8.999999999999392 2.999999999997265 11.99999999999385
8.999999999999241 2.49999999999658 11.99999999999385
8.999999999999087 1.999999999995957 11.99999999999385
8.999999999998941 1.499999999997256 11.99999999999385
8.999999999998776 0.9999999999985708 11.99999999999385
8.999999999998625 0.4999999999996348 11.99999999999385
8.999999999999849 4.499999999999318 10.49999999999077
8.999999999999698 3.999999999998632 10.49999999999078
8.999999999999542 3.499999999997945 10.49999999999077
8.999999999999394 2.999999999997264 10.49999999999077
8.999999999999243 2.499999999996578 10.49999999999077
8.999999999999091 1.999999999995957 10.49999999999077
8.999999999998941 1.499999999997256 10.49999999999078
8.999999999998783 0.9999999999985706 10.49999999999077
8.999999999998629 0.4999999999996348 10.49999999999077
8.99999999999984 4.499999999999318 8.999999999987701
8.999999999999696 3.999999999998631 8.999999999987708
8.99999999999954 3.499999999997945 8.999999999987709
8.999999999999394 2.999999999997264 8.999999999987708
8.999999999999241 2.499999999996579 8.999999999987709
8.999999999999085 1.999999999995957 8.999999999987708
8.999999999998941 1.499999999997256 8.999999999987709
8.99999999999878 0.9999999999985705 8.999999999987709
8.999999999998627 0.499999999999635 8.999999999987709
8.999999999999849 4.499999999999316 7.499999999984813
8.999999999999703 3.999999999998631 7.499999999984809
8.999999999999538 3.499999999997945 7.499999999984808
8.999999999999394 2.999999999997265 7.499999999984812
8.999999999999241 2.49999999999658 7.499999999984812
8.999999999999087 1.999999999995957 7.499999999984812
8.999999999998941 1.499999999997256 7.499999999984809
8.999999999998778 0.9999999999985705 7.49999999998481
8.999999999998625 0.4999999999996348 7.499999999984814
8.999999999999851 4.499999999999318 5.999999999990447
8.999999999999702 3.999999999998633 5.999999999990447
8.999999999999542 3.499999999997946 5.999999999990445
8.999999999999392 2.999999999997264 5.999999999990443
8.999999999999243 2.49999999999658 5.999999999990441
8.999999999999091 1.999999999995957 5.999999999990445
8.999999999998941 1.499999999997256 5.999999999990443
8.999999999998781 0.9999999999985704 5.999999999990447
8.999999999998629 0.4999999999996348 5.999999999990447
8.999999999999844 4.499999999999317 4.499999999996248
8.999999999999694 3.999999999998632 4.499999999996247
8.99999999999954 3.499999999997944 4.499999999996247
8.999999999999394 2.999999999997264 4.499999999996248
8.999999999999241 2.499999999996578 4.499999999996247
8.999999999999087 1.999999999995957 4.499999999996249
8.999999999998941 1.499999999997255 4.499999999996248
8.999999999998781 0.9999999999985707 4.499999999996247
8.999999999998625 0.4999999999996348 4.499999999996247
8.999999999999838 4.499999999999319 2.999999999998963
8.999999999999694 3.999999999998635 2.999999999998961
8.999999999999542 3.499999999997945 2.999999999998963
8.999999999999394 2.999999999997264 2.999999999998964
8.99999999999924 2.49999999999658 2.999999999998964
8.999999999999087 1.999999999995957 2.999999999998963
8.999999999998941 1.499999999997256 2.999999999998965
8.999999999998781 0.999999999998571 2.999999999998964
8.999999999998625 0.4999999999996346 2.999999999998963
8.99999999999984 4.499999999999317 1.499999999999776
8.999999999999693 3.999999999998633 1.499999999999775
8.999999999999542 3.499999999997946 1.499999999999775
8.999999999999396 2.999999999997264 1.499999999999775
8.99999999999924 2.499999999996579 1.499999999999775
8.999999999999087 1.999999999995958 1.499999999999775
8.999999999998941 1.499999999997256 1.499999999999775
8.999999999998781 0.9999999999985705 1.499999999999776
8.999999999998627 0.499999999999635 1.499999999999775
7.999999999999696 4.499999999999392 13.49999999999692
7.999999999999393 3.999999999998785 13.49999999999693
7.999999999999089 3.499999999998175 13.49999999999693
7.999999999998783 2.999999999997568 13.49999999999693
7.999999999998476 2.499999999996961 13.49999999999692
7.999999999998177 1.999999999996407 13.49999999999693
7.999999999997873 1.499999999997561 13.49999999999692
7.999999999997566 0.9999999999987292 13.49999999999692
7.999999999997263 0.4999999999996751 13.49999999999692
7.999999999999696 4.49999999999939 11.99999999999386
7.999999999999394 3.999999999998786 11.99999999999386
7.999999999999088 3.499999999998174 11.99999999999385
7.999999999998785 2.999999999997569 11.99999999999385
7.999999999998478 2.499999999996958 11.99999999999385
7.999999999998177 1.999999999996406 11.99999999999385
7.999999999997876 1.499999999997561 11.99999999999385
7.999999999997566 0.9999999999987291 11.99999999999385
7.999999999997259 0.4999999999996751 11.99999999999386
7.999999999999697 4.499999999999391 10.49999999999078
7.999999999999393 3.999999999998785 10.49999999999078
7.99999999999909 3.499999999998177 10.49999999999078
7.999999999998783 2.999999999997568 10.49999999999078
7.99999999999848 2.49999999999696 10.49999999999078
7.999999999998174 1.999999999996406 10.49999999999078
7.999999999997874 1.499999999997561 10.49999999999078
7.999999999997566 0.9999999999987292 10.49999999999078
7.99999999999726 0.4999999999996751 10.49999999999078
7.999999999999698 4.499999999999394 8.999999999987704
7.999999999999395 3.999999999998786 8.999999999987708
7.999999999999091 3.499999999998175 8.999999999987713
7.999999999998786 2.999999999997569 8.999999999987709
7.999999999998482 2.49999999999696 8.999999999987708
7.999999999998176 1.999999999996406 8.999999999987706
7.999999999997877 1.499999999997561 8.999999999987708
7.999999999997568 0.9999999999987291 8.999999999987708
7.99999999999726 0.4999999999996753 8.999999999987708
7.999999999999696 4.499999999999389 7.499999999984807
7.999999999999389 3.999999999998785 7.499999999984806
7.99999999999909 3.499999999998175 7.499999999984806
7.999999999998784 2.999999999997568 7.499999999984806
7.999999999998478 2.499999999996959 7.499999999984806
7.999999999998174 1.999999999996406 7.499999999984807
7.999999999997869 1.499999999997561 7.499999999984806
7.999999999997565 0.9999999999987288 7.499999999984807
7.999999999997263 0.4999999999996753 7.499999999984806
7.999999999999696 4.499999999999396 5.999999999990446
7.999999999999394 3.999999999998786 5.999999999990442
7.99999999999909 3.499999999998176 5.999999999990442
7.999999999998781 2.999999999997568 5.999999999990442
7.999999999998481 2.499999999996959 5.999999999990441
7.999999999998177 1.999999999996406 5.999999999990441
7.999999999997875 1.499999999997561 5.999999999990442
7.999999999997566 0.9999999999987292 5.999999999990445
7.999999999997261 0.4999999999996753 5.999999999990445
7.999999999999696 4.499999999999389 4.499999999996248
7.99999999999939 3.999999999998785 4.499999999996247
7.999999999999088 3.499999999998175 4.499999999996246
7.999999999998781 2.999999999997567 4.499999999996248
7.999999999998478 2.49999999999696 4.499999999996248
7.999999999998173 1.999999999996406 4.499999999996248
7.999999999997874 1.499999999997561 4.499999999996247
7.999999999997566 0.9999999999987293 4.499999999996247
7.999999999997261 0.4999999999996753 4.499999999996246
7.999999999999695 4.499999999999392 2.999999999998963
7.999999999999394 3.999999999998786 2.999999999998963
7.999999999999088 3.499999999998175 2.999999999998965
7.999999999998784 2.999999999997568 2.999999999998963
7.999999999998476 2.499999999996959 2.999999999998963
7.999999999998177 1.999999999996406 2.999999999998964
7.999999999997878 1.499999999997561 2.999999999998965
7.99999999999757 0.9999999999987292 2.999999999998965
7.999999999997262 0.4999999999996751 2.999999999998964
7.999999999999698 4.499999999999394 1.499999999999776
7.999999999999392 3.999999999998786 1.499999999999776
7.999999999999091 3.499999999998176 1.499999999999777
7.999999999998785 2.999999999997569 1.499999999999776
7.999999999998483 2.499999999996959 1.499999999999775
7.999999999998172 1.999999999996406 1.499999999999776
7.999999999997876 1.499999999997562 1.499999999999775
7.999999999997568 0.9999999999987291 1.499999999999776
7.999999999997259 0.4999999999996753 1.499999999999775
6.999999999999532 4.499999999999466 13.49999999999692
6.999999999999082 3.999999999998936 13.49999999999692
6.999999999998625 3.499999999998402 13.49999999999693
6.999999999998173 2.999999999997871 13.49999999999692
6.999999999997716 2.49999999999734 13.49999999999692
6.999999999997258 1.999999999996856 13.49999999999692
6.999999999996808 1.499999999997867 13.49999999999692
6.99999999999635 0.9999999999988879 13.49999999999693
6.999999999995892 0.4999999999997157 13.49999999999693
6.999999999999535 4.499999999999469 11.99999999999385
6.999999999999083 3.999999999998936 11.99999999999385
6.999999999998627 3.499999999998402 11.99999999999385
6.999999999998173 2.999999999997871 11.99999999999385
6.999999999997716 2.499999999997339 11.99999999999385
6.99999999999726 1.999999999996855 11.99999999999386
6.999999999996807 1.499999999997867 11.99999999999385
6.999999999996348 0.9999999999988883 11.99999999999385
6.999999999995893 0.4999999999997158 11.99999999999386
6.999999999999538 4.499999999999469 10.49999999999077
6.999999999999083 3.999999999998936 10.49999999999078
6.999999999998628 3.499999999998402 10.49999999999077
6.999999999998172 2.99999999999787 10.49999999999077
6.999999999997716 2.49999999999734 10.49999999999077
6.999999999997259 1.999999999996855 10.49999999999078
6.99999999999681 1.499999999997867 10.49999999999077
6.999999999996348 0.9999999999988878 10.49999999999078
6.999999999995893 0.4999999999997158 10.49999999999078
6.999999999999535 4.499999999999468 8.999999999987708
6.999999999999083 3.999999999998937 8.999999999987709
6.999999999998628 3.499999999998402 8.999999999987711
6.999999999998173 2.999999999997871 8.999999999987708
6.999999999997716 2.49999999999734 8.999999999987708
6.999999999997259 1.999999999996855 8.999999999987709
6.99999999999681 1.499999999997867 8.999999999987708
6.999999999996352 0.9999999999988882 8.999999999987708
6.99999999999589 0.4999999999997158 8.999999999987708
6.999999999999536 4.499999999999468 7.49999999998481
6.999999999999083 3.999999999998937 7.499999999984805
6.999999999998628 3.499999999998402 7.499999999984804
6.999999999998174 2.999999999997871 7.499999999984809
6.999999999997719 2.499999999997339 7.499999999984809
6.999999999997266 1.999999999996855 7.499999999984805
6.999999999996808 1.499999999997867 7.499999999984804
6.999999999996351 0.9999999999988881 7.499999999984808
6.99999999999589 0.4999999999997157 7.49999999998481
6.999999999999535 4.499999999999469 5.999999999990444
6.999999999999083 3.999999999998935 5.999999999990445
6.999999999998635 3.499999999998402 5.999999999990441
6.999999999998172 2.999999999997873 5.99999999999044
6.999999999997717 2.49999999999734 5.999999999990441
6.999999999997268 1.999999999996855 5.99999999999044
6.999999999996806 1.499999999997866 5.999999999990441
6.999999999996351 0.9999999999988879 5.999999999990441
6.99999999999589 0.499999999999716 5.99999999999044
6.999999999999535 4.499999999999468 4.499999999996247
6.999999999999081 3.999999999998936 4.499999999996247
6.999999999998625 3.499999999998401 4.499999999996246
6.999999999998171 2.99999999999787 4.499999999996246
6.999999999997714 2.499999999997339 4.499999999996244
6.999999999997264 1.999999999996855 4.499999999996244
6.999999999996803 1.499999999997867 4.499999999996247
6.99999999999635 0.9999999999988881 4.499999999996247
6.999999999995888 0.4999999999997158 4.499999999996246
6.999999999999533 4.499999999999468 2.999999999998965
6.99999999999908 3.999999999998939 2.999999999998963
6.999999999998625 3.499999999998402 2.999999999998964
6.999999999998169 2.999999999997872 2.999999999998965
6.999999999997711 2.499999999997339 2.999999999998965
6.999999999997261 1.999999999996855 2.999999999998965
6.999999999996803 1.499999999997867 2.999999999998965
6.99999999999635 0.9999999999988884 2.999999999998965
6.999999999995888 0.4999999999997158 2.999999999998965
6.999999999999533 4.499999999999468 1.499999999999776
6.999999999999082 3.999999999998937 1.499999999999776
6.999999999998625 3.499999999998402 1.499999999999776
6.999999999998172 2.999999999997871 1.499999999999775
6.999999999997714 2.49999999999734 1.499999999999775
6.999999999997257 1.999999999996855 1.499999999999776
6.999999999996805 1.499999999997867 1.499999999999775
6.99999999999635 0.999999999998888 1.499999999999776
6.999999999995889 0.4999999999997159 1.499999999999775
5.99999999999939 4.499999999999544 13.49999999999692
5.999999999998779 3.999999999999086 13.49999999999693
5.999999999998172 3.499999999998629 13.49999999999693
5.999999999997564 2.999999999998176 13.49999999999693
5.999999999996956 2.49999999999772 13.49999999999693
5.999999999996353 1.999999999997305 13.49999999999693
5.999999999995747 1.499999999998171 13.49999999999693
5.999999999995135 0.999999999999047 13.49999999999693
5.999999999994531 0.4999999999997563 13.49999999999693
5.999999999999388 4.499999999999541 11.99999999999386
5.999999999998781 3.999999999999087 11.99999999999385
5.999999999998173 3.499999999998629 11.99999999999385
5.999999999997566 2.999999999998175 11.99999999999385
5.999999999996959 2.49999999999772 11.99999999999385
5.99999999999635 1.999999999997304 11.99999999999385
5.999999999995745 1.499999999998171 11.99999999999385
5.999999999995136 0.9999999999990468 11.99999999999385
5.999999999994528 0.4999999999997564 11.99999999999385
5.999999999999386 4.499999999999545 10.49999999999078
5.999999999998779 3.999999999999089 10.49999999999078
5.999999999998172 3.49999999999863 10.49999999999078
5.999999999997565 2.999999999998175 10.49999999999078
5.999999999996956 2.499999999997719 10.49999999999078
5.999999999996348 1.999999999997304 10.49999999999078
5.999999999995746 1.499999999998171 10.49999999999078
5.999999999995135 0.9999999999990469 10.49999999999078
5.999999999994527 0.4999999999997563 10.49999999999078
5.999999999999387 4.49999999999954 8.999999999987706
5.999999999998778 3.999999999999088 8.999999999987709
5.999999999998169 3.499999999998629 8.999999999987711
5.999999999997566 2.999999999998175 8.999999999987708
5.999999999996959 2.499999999997719 8.999999999987708
5.999999999996351 1.999999999997304 8.999999999987708
5.999999999995744 1.499999999998171 8.999999999987708
5.999999999995133 0.9999999999990471 8.999999999987708
5.999999999994525 0.4999999999997564 8.999999999987708
5.999999999999389 4.499999999999544 7.499999999984811
5.99999999999878 3.999999999999087 7.499999999984807
5.999999999998171 3.49999999999863 7.499999999984807
5.999999999997565 2.999999999998174 7.49999999998481
5.999999999996957 2.499999999997719 7.499999999984811
5.999999999996349 1.999999999997304 7.49999999998481
5.999999999995742 1.499999999998171 7.499999999984806
5.999999999995135 0.9999999999990464 7.499999999984808
5.999999999994527 0.4999999999997563 7.499999999984805
5.999999999999389 4.499999999999542 5.999999999990444
5.999999999998781 3.999999999999087 5.999999999990446
5.999999999998174 3.49999999999863 5.999999999990443
5.999999999997569 2.999999999998175 5.999999999990441
5.999999999996958 2.49999999999772 5.999999999990441
5.999999999996351 1.999999999997304 5.999999999990441
5.999999999995745 1.499999999998171 5.999999999990443
5.999999999995136 0.999999999999047 5.999999999990444
5.999999999994529 0.4999999999997563 5.999999999990443
5.999999999999384 4.499999999999541 4.499999999996247
5.999999999998781 3.999999999999087 4.499999999996247
5.999999999998168 3.499999999998629 4.499999999996247
5.999999999997565 2.999999999998174 4.499999999996247
5.999999999996954 2.499999999997719 4.499999999996244
5.99999999999635 1.999999999997304 4.499999999996244
5.999999999995743 1.499999999998171 4.499999999996247
5.999999999995131 0.999999999999047 4.499999999996247
5.999999999994527 0.4999999999997564 4.499999999996247
5.999999999999386 4.499999999999544 2.999999999998963
5.999999999998779 3.999999999999089 2.999999999998963
5.999999999998171 3.499999999998629 2.999999999998965
5.999999999997565 2.999999999998175 2.999999999998965
5.999999999996957 2.49999999999772 2.999999999998965
5.999999999996349 1.999999999997304 2.999999999998963
5.999999999995742 1.499999999998171 2.999999999998965
5.99999999999513 0.9999999999990468 2.999999999998965
5.999999999994528 0.4999999999997564 2.999999999998965
5.999999999999388 4.499999999999544 1.499999999999776
5.999999999998781 3.999999999999087 1.499999999999775
5.999999999998172 3.499999999998629 1.499999999999776
5.999999999997566 2.999999999998175 1.499999999999775
5.999999999996959 2.499999999997719 1.499999999999775
5.99999999999635 1.999999999997304 1.499999999999775
5.999999999995744 1.499999999998171 1.499999999999775
5.999999999995135 0.999999999999047 1.499999999999776
5.999999999994528 0.4999999999997564 1.499999999999774
4.999999999999235 4.499999999999621 13.49999999999692
4.999999999998475 3.999999999999239 13.49999999999693
4.999999999997717 3.499999999998857 13.49999999999693
4.999999999996957 2.99999999999848 13.49999999999693
4.999999999996201 2.499999999998099 13.49999999999692
4.999999999995438 1.999999999997754 13.49999999999693
4.99999999999468 1.499999999998476 13.49999999999693
4.999999999993918 0.9999999999992054 13.49999999999693
4.999999999993157 0.4999999999997966 13.49999999999693
4.999999999999234 4.499999999999621 11.99999999999385
4.999999999998477 3.999999999999237 11.99999999999386
4.999999999997716 3.499999999998856 11.99999999999385
4.999999999996959 2.999999999998479 11.99999999999385
4.999999999996196 2.499999999998098 11.99999999999385
4.999999999995437 1.999999999997754 11.99999999999385
4.999999999994678 1.499999999998476 11.99999999999385
4.999999999993917 0.9999999999992056 11.99999999999385
4.999999999993156 0.4999999999997968 11.99999999999385
4.999999999999238 4.499999999999622 10.49999999999078
4.999999999998474 3.999999999999238 10.49999999999078
4.999999999997722 3.499999999998859 10.49999999999078
4.999999999996961 2.999999999998478 10.49999999999078
4.999999999996199 2.499999999998099 10.49999999999078
4.999999999995435 1.999999999997753 10.49999999999078
4.999999999994678 1.499999999998475 10.49999999999078
4.99999999999392 0.9999999999992053 10.49999999999078
4.999999999993156 0.4999999999997966 10.49999999999078
4.999999999999236 4.49999999999962 8.999999999987708
4.999999999998476 3.99999999999924 8.999999999987708
4.999999999997718 3.499999999998856 8.999999999987711
4.999999999996961 2.999999999998478 8.999999999987709
4.999999999996196 2.499999999998099 8.999999999987708
4.999999999995438 1.999999999997753 8.999999999987708
4.999999999994676 1.499999999998476 8.999999999987708
4.999999999993918 0.9999999999992054 8.999999999987708
4.999999999993157 0.4999999999997967 8.999999999987708
4.999999999999235 4.499999999999621 7.499999999984812
4.999999999998475 3.999999999999239 7.499999999984807
4.999999999997718 3.499999999998857 7.499999999984805
4.999999999996961 2.999999999998479 7.499999999984809
4.999999999996199 2.499999999998099 7.499999999984809
4.999999999995438 1.999999999997753 7.49999999998481
4.999999999994678 1.499999999998475 7.499999999984806
4.999999999993918 0.9999999999992055 7.499999999984809
4.999999999993155 0.4999999999997967 7.499999999984807
4.999999999999236 4.499999999999622 5.999999999990444
4.999999999998476 3.999999999999239 5.999999999990444
4.999999999997718 3.499999999998857 5.999999999990441
4.999999999996961 2.999999999998479 5.999999999990441
4.999999999996199 2.499999999998099 5.999999999990441
4.999999999995438 1.999999999997753 5.999999999990441
4.999999999994678 1.499999999998475 5.999999999990441
4.999999999993917 0.9999999999992053 5.99999999999044
4.999999999993159 0.4999999999997967 5.99999999999044
4.999999999999237 4.499999999999621 4.499999999996249
4.999999999998474 3.999999999999239 4.499999999996247
4.999999999997719 3.499999999998856 4.499999999996246
4.999999999996961 2.999999999998479 4.499999999996247
4.999999999996199 2.499999999998099 4.499999999996247
4.999999999995438 1.999999999997753 4.499999999996249
4.999999999994678 1.499999999998475 4.499999999996247
4.99999999999392 0.9999999999992055 4.499999999996247
4.999999999993156 0.4999999999997967 4.499999999996247
4.999999999999237 4.499999999999621 2.999999999998963
4.999999999998477 3.999999999999239 2.999999999998963
4.999999999997719 3.499999999998856 2.999999999998965
4.999999999996961 2.999999999998478 2.999999999998965
4.999999999996196 2.499999999998099 2.999999999998965
4.999999999995438 1.999999999997753 2.999999999998963
4.999999999994678 1.499999999998475 2.999999999998965
4.999999999993917 0.9999999999992053 2.999999999998965
4.999999999993156 0.4999999999997967 2.999999999998965
4.999999999999235 4.49999999999962 1.499999999999776
4.999999999998476 3.999999999999239 1.499999999999775
4.999999999997717 3.499999999998856 1.499999999999776
4.999999999996957 2.999999999998479 1.499999999999775
4.9999999999962 2.499999999998099 1.499999999999775
4.999999999995439 1.999999999997753 1.499999999999775
4.999999999994678 1.499999999998476 1.499999999999775
4.999999999993918 0.9999999999992054 1.499999999999776
4.999999999993157 0.4999999999997966 1.499999999999775
3.9999999999991 4.499999999999694 13.49999999999692
3.999999999998203 3.999999999999392 13.49999999999693
3.999999999997304 3.499999999999086 13.49999999999693
3.999999999996404 2.999999999998784 13.49999999999693
3.999999999995508 2.499999999998478 13.49999999999692
3.999999999994609 1.999999999998203 13.49999999999693
3.999999999993713 1.49999999999878 13.49999999999692
3.999999999992812 0.9999999999993646 13.49999999999692
3.999999999991917 0.4999999999998369 13.49999999999692
3.999999999999099 4.499999999999695 11.99999999999385
3.9999999999982 3.999999999999392 11.99999999999386
3.999999999997301 3.499999999999087 11.99999999999385
3.999999999996405 2.999999999998783 11.99999999999385
3.999999999995505 2.499999999998479 11.99999999999385
3.999999999994608 1.999999999998202 11.99999999999385
3.999999999993711 1.49999999999878 11.99999999999385
3.999999999992812 0.999999999999364 11.99999999999385
3.999999999991916 0.499999999999837 11.99999999999385
3.9999999999991 4.4999999999997 10.49999999999078
3.999999999998201 3.999999999999392 10.49999999999078
3.999999999997304 3.499999999999087 10.49999999999078
3.999999999996405 2.999999999998782 10.49999999999078
3.999999999995507 2.499999999998478 10.49999999999078
3.999999999994609 1.999999999998202 10.49999999999078
3.999999999993711 1.49999999999878 10.49999999999078
3.999999999992812 0.9999999999993645 10.49999999999078
3.999999999991914 0.499999999999837 10.49999999999078
3.999999999999097 4.499999999999694 8.999999999987708
3.999999999998201 3.999999999999392 8.999999999987706
3.999999999997304 3.499999999999086 8.999999999987713
3.999999999996404 2.999999999998783 8.999999999987709
3.999999999995507 2.499999999998479 8.999999999987708
3.999999999994609 1.999999999998202 8.999999999987708
3.999999999993711 1.49999999999878 8.999999999987708
3.999999999992812 0.9999999999993642 8.999999999987708
3.999999999991915 0.499999999999837 8.999999999987708
3.999999999999096 4.499999999999695 7.499999999984812
3.999999999998201 3.99999999999939 7.499999999984806
3.999999999997304 3.499999999999087 7.499999999984805
3.999999999996405 2.999999999998782 7.499999999984809
3.999999999995507 2.499999999998479 7.49999999998481
3.999999999994609 1.999999999998202 7.49999999998481
3.999999999993711 1.49999999999878 7.499999999984807
3.999999999992812 0.9999999999993643 7.499999999984808
3.999999999991915 0.4999999999998371 7.499999999984807
3.999999999999099 4.499999999999696 5.999999999990445
3.9999999999982 3.99999999999939 5.999999999990444
3.999999999997303 3.499999999999088 5.999999999990441
3.999999999996404 2.999999999998783 5.999999999990441
3.999999999995506 2.499999999998479 5.999999999990441
3.999999999994608 1.999999999998202 5.999999999990441
3.99999999999371 1.49999999999878 5.999999999990441
3.999999999992812 0.9999999999993641 5.99999999999044
3.999999999991914 0.4999999999998374 5.99999999999044
3.9999999999991 4.499999999999695 4.49999999999625
3.999999999998201 3.999999999999392 4.499999999996247
3.999999999997304 3.499999999999087 4.499999999996245
3.999999999996404 2.999999999998782 4.499999999996246
3.999999999995506 2.499999999998479 4.499999999996247
3.999999999994609 1.999999999998202 4.499999999996247
3.999999999993711 1.49999999999878 4.499999999996247
3.999999999992813 0.9999999999993643 4.499999999996247
3.999999999991914 0.499999999999837 4.499999999996247
3.9999999999991 4.499999999999695 2.999999999998963
3.999999999998199 3.999999999999392 2.999999999998964
3.999999999997303 3.499999999999087 2.999999999998965
3.999999999996404 2.999999999998782 2.999999999998965
3.999999999995506 2.499999999998479 2.999999999998965
3.999999999994608 1.999999999998202 2.999999999998963
3.99999999999371 1.49999999999878 2.999999999998965
3.999999999992812 0.9999999999993641 2.999999999998965
3.999999999991916 0.499999999999837 2.999999999998965
3.999999999999101 4.499999999999695 1.499999999999775
3.999999999998201 3.999999999999394 1.499999999999775
3.999999999997304 3.499999999999087 1.499999999999776
3.999999999996405 2.999999999998782 1.499999999999776
3.999999999995507 2.499999999998479 1.499999999999776
3.999999999994609 1.999999999998202 1.499999999999775
3.999999999993713 1.499999999998781 1.499999999999775
3.999999999992813 0.9999999999993644 1.499999999999776
3.999999999991918 0.499999999999837 1.499999999999776
2.999999999999389 4.499999999999769 13.49999999999692
2.99999999999878 3.999999999999543 13.49999999999694
2.999999999998169 3.499999999999313 13.49999999999693
2.999999999997559 2.999999999999086 13.49999999999693
2.999999999996951 2.499999999998859 13.49999999999692
2.999999999996341 1.999999999998651 13.49999999999693
2.999999999995733 1.499999999999085 13.49999999999693
2.999999999995123 0.9999999999995229 13.49999999999693
2.999999999994512 0.4999999999998778 13.49999999999693
2.999999999999389 4.499999999999772 11.99999999999385
2.999999999998779 3.999999999999543 11.99999999999385
2.999999999998169 3.499999999999314 11.99999999999385
2.99999999999756 2.999999999999089 11.99999999999385
2.999999999996951 2.499999999998858 11.99999999999385
2.99999999999634 1.999999999998651 11.99999999999385
2.999999999995731 1.499999999999085 11.99999999999385
2.999999999995122 0.9999999999995228 11.99999999999385
2.999999999994512 0.4999999999998776 11.99999999999385
2.999999999999388 4.499999999999772 10.49999999999078
2.999999999998778 3.999999999999542 10.49999999999078
2.99999999999817 3.499999999999313 10.49999999999078
2.99999999999756 2.999999999999087 10.49999999999078
2.999999999996951 2.499999999998858 10.49999999999079
2.99999999999634 1.999999999998651 10.49999999999078
2.999999999995731 1.499999999999085 10.49999999999078
2.999999999995123 0.9999999999995229 10.49999999999078
2.999999999994512 0.4999999999998779 10.49999999999078
2.999999999999389 4.499999999999771 8.999999999987706
2.999999999998779 3.999999999999544 8.999999999987709
2.999999999998169 3.499999999999314 8.999999999987713
2.99999999999756 2.999999999999087 8.999999999987709
2.999999999996951 2.499999999998858 8.999999999987708
2.99999999999634 1.999999999998651 8.999999999987708
2.999999999995731 1.499999999999085 8.999999999987708
2.999999999995124 0.9999999999995229 8.999999999987708
2.999999999994513 0.4999999999998778 8.999999999987708
2.99999999999939 4.499999999999772 7.49999999998481
2.999999999998778 3.999999999999543 7.499999999984806
2.999999999998172 3.499999999999313 7.499999999984804
2.99999999999756 2.999999999999087 7.499999999984808
2.999999999996951 2.499999999998859 7.499999999984809
2.99999999999634 1.999999999998651 7.499999999984805
2.999999999995731 1.499999999999085 7.499999999984805
2.999999999995122 0.9999999999995225 7.499999999984807
2.999999999994512 0.4999999999998779 7.499999999984806
2.99999999999939 4.499999999999773 5.999999999990445
2.999999999998779 3.999999999999544 5.999999999990445
2.999999999998169 3.499999999999315 5.999999999990441
2.99999999999756 2.999999999999089 5.999999999990441
2.999999999996951 2.499999999998859 5.999999999990441
2.999999999996341 1.999999999998651 5.99999999999044
2.999999999995731 1.499999999999084 5.99999999999044
2.999999999995122 0.9999999999995228 5.99999999999044
2.999999999994512 0.4999999999998778 5.999999999990441
2.99999999999939 4.499999999999771 4.499999999996249
2.999999999998778 3.999999999999543 4.499999999996247
2.999999999998171 3.499999999999314 4.499999999996247
2.99999999999756 2.999999999999086 4.499999999996247
2.999999999996951 2.499999999998859 4.499999999996247
2.99999999999634 1.999999999998651 4.499999999996248
2.999999999995731 1.499999999999085 4.499999999996247
2.999999999995122 0.9999999999995233 4.499999999996247
2.999999999994512 0.4999999999998779 4.499999999996247
2.999999999999389 4.49999999999977 2.999999999998963
2.999999999998779 3.999999999999544 2.999999999998963
2.999999999998169 3.499999999999313 2.999999999998965
2.99999999999756 2.999999999999086 2.999999999998965
2.999999999996951 2.499999999998858 2.999999999998965
2.99999999999634 1.99999999999865 2.999999999998965
2.999999999995731 1.499999999999084 2.999999999998965
2.999999999995122 0.9999999999995228 2.999999999998965
2.999999999994512 0.4999999999998777 2.999999999998965
2.999999999999388 4.499999999999771 1.499999999999776
2.99999999999878 3.999999999999544 1.499999999999776
2.999999999998171 3.499999999999313 1.499999999999776
2.99999999999756 2.999999999999087 1.499999999999775
2.999999999996951 2.499999999998858 1.499999999999775
2.99999999999634 1.999999999998651 1.499999999999776
2.999999999995731 1.499999999999085 1.499999999999775
2.999999999995122 0.9999999999995228 1.499999999999776
2.999999999994513 0.4999999999998778 1.499999999999775
1.999999999999681 4.499999999999848 13.49999999999692
1.999999999999364 3.999999999999696 13.49999999999692
1.999999999999047 3.499999999999541 13.49999999999693
1.999999999998728 2.999999999999389 13.49999999999692
1.999999999998411 2.499999999999238 13.49999999999692
1.999999999998095 1.999999999999101 13.49999999999692
1.999999999997776 1.49999999999939 13.49999999999692
1.999999999997459 0.9999999999996824 13.49999999999692
1.999999999997141 0.499999999999918 13.49999999999692
1.999999999999681 4.499999999999847 11.99999999999385
1.999999999999363 3.999999999999697 11.99999999999386
1.999999999999046 3.499999999999541 11.99999999999385
1.999999999998729 2.99999999999939 11.99999999999385
1.999999999998411 2.499999999999238 11.99999999999385
1.999999999998094 1.9999999999991 11.99999999999386
1.999999999997776 1.49999999999939 11.99999999999385
1.999999999997458 0.9999999999996815 11.99999999999385
1.999999999997142 0.4999999999999181 11.99999999999385
1.999999999999682 4.499999999999849 10.49999999999078
1.999999999999363 3.999999999999696 10.49999999999078
1.999999999999046 3.499999999999541 10.49999999999078
1.999999999998728 2.999999999999387 10.49999999999078
1.999999999998412 2.499999999999238 10.49999999999078
1.999999999998094 1.999999999999101 10.49999999999078
1.999999999997776 1.499999999999389 10.49999999999078
1.99999999999746 0.9999999999996814 10.49999999999078
1.999999999997142 0.4999999999999183 10.49999999999078
1.999999999999682 4.499999999999848 8.999999999987708
1.999999999999363 3.999999999999697 8.999999999987708
1.999999999999046 3.499999999999541 8.999999999987711
1.999999999998728 2.99999999999939 8.999999999987706
1.999999999998411 2.499999999999238 8.999999999987708
1.999999999998094 1.9999999999991 8.999999999987708
1.999999999997776 1.499999999999389 8.999999999987708
1.999999999997458 0.9999999999996813 8.999999999987708
1.999999999997142 0.4999999999999182 8.999999999987708
1.999999999999681 4.499999999999847 7.499999999984814
1.999999999999363 3.999999999999696 7.499999999984803
1.999999999999046 3.499999999999541 7.499999999984808
1.999999999998728 2.999999999999389 7.499999999984808
1.999999999998411 2.499999999999237 7.499999999984809
1.999999999998094 1.999999999999101 7.499999999984812
1.999999999997776 1.499999999999389 7.499999999984808
1.99999999999746 0.9999999999996816 7.499999999984809
1.999999999997141 0.4999999999999182 7.499999999984809
1.999999999999681 4.499999999999849 5.999999999990445
1.999999999999364 3.999999999999697 5.999999999990445
1.999999999999045 3.499999999999541 5.999999999990444
1.999999999998728 2.999999999999392 5.99999999999044
1.999999999998411 2.499999999999238 5.99999999999044
1.999999999998094 1.9999999999991 5.99999999999044
1.999999999997775 1.499999999999389 5.999999999990443
1.999999999997458 0.9999999999996817 5.999999999990443
1.999999999997141 0.4999999999999182 5.999999999990444
1.999999999999681 4.499999999999847 4.499999999996248
1.999999999999363 3.999999999999696 4.499999999996247
1.999999999999046 3.49999999999954 4.499999999996246
1.999999999998728 2.999999999999388 4.499999999996248
1.999999999998411 2.499999999999238 4.499999999996247
1.999999999998093 1.9999999999991 4.499999999996248
1.999999999997776 1.49999999999939 4.499999999996247
1.99999999999746 0.9999999999996818 4.499999999996247
1.999999999997141 0.4999999999999182 4.499999999996246
1.999999999999681 4.499999999999849 2.999999999998963
1.999999999999362 3.999999999999697 2.999999999998963
1.999999999999046 3.499999999999541 2.999999999998966
1.999999999998727 2.99999999999939 2.999999999998965
1.999999999998411 2.499999999999238 2.999999999998965
1.999999999998094 1.9999999999991 2.999999999998963
1.999999999997776 1.49999999999939 2.999999999998965
1.99999999999746 0.9999999999996818 2.999999999998965
1.999999999997142 0.4999999999999182 2.999999999998965
1.999999999999682 4.499999999999848 1.499999999999775
1.999999999999364 3.999999999999698 1.499999999999775
1.999999999999046 3.499999999999541 1.499999999999776
1.999999999998729 2.99999999999939 1.499999999999776
1.999999999998411 2.499999999999238 1.499999999999776
1.999999999998094 1.999999999999101 1.499999999999775
1.999999999997777 1.49999999999939 1.499999999999775
1.99999999999746 0.9999999999996818 1.499999999999776
1.999999999997141 0.4999999999999182 1.499999999999776
0.999999999999917 4.49999999999992 13.49999999999692
0.999999999999836 3.999999999999845 13.49999999999693
0.9999999999997554 3.499999999999767 13.49999999999693
0.9999999999996744 2.999999999999693 13.49999999999693
0.9999999999995933 2.499999999999618 13.49999999999692
0.9999999999995128 1.99999999999955 13.49999999999693
0.9999999999994316 1.499999999999694 13.49999999999692
0.9999999999993505 0.9999999999998405 13.49999999999692
0.9999999999992698 0.4999999999999585 13.49999999999692
0.9999999999999172 4.499999999999925 11.99999999999385
0.9999999999998364 3.999999999999846 11.99999999999385
0.9999999999997556 3.499999999999768 11.99999999999385
0.9999999999996739 2.999999999999694 11.99999999999386
0.999999999999593 2.499999999999618 11.99999999999385
0.9999999999995123 1.999999999999549 11.99999999999386
0.9999999999994316 1.499999999999694 11.99999999999385
0.9999999999993503 0.9999999999998406 11.99999999999385
0.9999999999992691 0.4999999999999585 11.99999999999385
0.999999999999917 4.499999999999926 10.49999999999077
0.9999999999998365 3.999999999999846 10.49999999999078
0.9999999999997555 3.499999999999768 10.49999999999077
0.9999999999996735 2.999999999999693 10.49999999999078
0.9999999999995934 2.499999999999618 10.49999999999077
0.9999999999995122 1.999999999999549 10.49999999999078
0.9999999999994315 1.499999999999694 10.49999999999077
0.9999999999993505 0.9999999999998405 10.49999999999078
0.9999999999992696 0.4999999999999585 10.49999999999077
0.9999999999999172 4.499999999999922 8.999999999987706
0.9999999999998365 3.999999999999846 8.999999999987708
0.9999999999997558 3.499999999999767 8.999999999987711
0.999999999999674 2.999999999999694 8.999999999987708
0.999999999999593 2.499999999999619 8.999999999987708
0.9999999999995125 1.999999999999549 8.999999999987708
0.9999999999994315 1.499999999999694 8.999999999987708
0.9999999999993502 0.99999999999984 8.999999999987708
0.9999999999992695 0.4999999999999585 8.999999999987708
0.9999999999999172 4.499999999999925 7.499999999984812
0.9999999999998367 3.999999999999846 7.499999999984807
0.9999999999997555 3.499999999999768 7.499999999984805
0.999999999999674 2.999999999999693 7.49999999998481
0.9999999999995934 2.499999999999618 7.49999999998481
0.9999999999995122 1.999999999999549 7.49999999998481
0.9999999999994316 1.499999999999694 7.499999999984807
0.9999999999993505 0.9999999999998407 7.499999999984812
0.999999999999269 0.4999999999999584 7.49999999998481
0.9999999999999176 4.499999999999925 5.999999999990445
0.9999999999998365 3.999999999999846 5.999999999990446
0.9999999999997558 3.499999999999768 5.999999999990445
0.9999999999996747 2.999999999999694 5.999999999990441
0.9999999999995934 2.499999999999618 5.99999999999044
0.9999999999995126 1.99999999999955 5.999999999990441
0.999999999999432 1.499999999999694 5.999999999990445
0.9999999999993503 0.9999999999998403 5.999999999990445
0.99999999999927 0.4999999999999585 5.999999999990444
0.9999999999999171 4.499999999999926 4.499999999996243
0.9999999999998365 3.999999999999846 4.499999999996247
0.9999999999997558 3.499999999999768 4.499999999996243
0.999999999999674 2.999999999999693 4.499999999996242
0.9999999999995934 2.499999999999617 4.499999999996243
0.9999999999995126 1.99999999999955 4.499999999996243
0.9999999999994316 1.499999999999694 4.499999999996247
0.9999999999993501 0.9999999999998406 4.499999999996247
0.999999999999269 0.4999999999999584 4.499999999996247
0.9999999999999171 4.499999999999925 2.999999999998963
0.9999999999998364 3.999999999999846 2.999999999998963
0.9999999999997551 3.499999999999767 2.999999999998965
0.999999999999674 2.999999999999694 2.999999999998965
0.999999999999593 2.499999999999618 2.999999999998965
0.9999999999995126 1.999999999999549 2.999999999998963
0.9999999999994316 1.499999999999694 2.999999999998965
0.9999999999993503 0.99999999999984 2.999999999998965
0.9999999999992695 0.4999999999999585 2.999999999998965
0.9999999999999175 4.499999999999925 1.499999999999774
0.9999999999998366 3.999999999999847 1.499999999999776
0.9999999999997558 3.499999999999767 1.499999999999776
0.9999999999996746 2.999999999999695 1.499999999999774
0.9999999999995932 2.499999999999617 1.499999999999775
0.9999999999995126 1.99999999999955 1.499999999999775
0.9999999999994319 1.499999999999694 1.499999999999776
0.9999999999993507 0.9999999999998406 1.499999999999776
0.99999999999927 0.4999999999999585 1.499999999999775
$EndNodes
$Elements
7 1600 1 1600
2 1 3 100
1 5 45 117 98 
2 98 117 118 97 
3 97 118 119 96 
4 96 119 120 95 
5 95 120 121 94 
6 94 121 122 93 
7 93 122 123 92 
8 92 123 124 91 
9 91 124 125 90 
10 90 125 9 1 
11 45 46 126 117 
12 117 126 127 118 
13 118 127 128 119 
14 119 128 129 120 
15 120 129 130 121 
16 121 130 131 122 
17 122 131 132 123 
18 123 132 133 124 
19 124 133 134 125 
20 125 134 10 9 
21 46 47 135 126 
22 126 135 136 127 
23 127 136 137 128 
24 128 137 138 129 
25 129 138 139 130 
26 130 139 140 131 
27 131 140 141 132 
28 132 141 142 133 
29 133 142 143 134 
30 134 143 11 10 
31 47 48 144 135 
32 135 144 145 136 
33 136 145 146 137 
34 137 146 147 138 
35 138 147 148 139 
36 139 148 149 140 
37 140 149 150 141 
38 141 150 151 142 
39 142 151 152 143 
40 143 152 12 11 
41 48 49 153 144 
42 144 153 154 145 
43 145 154 155 146 
44 146 155 156 147 
45 147 156 157 148 
46 148 157 158 149 
47 149 158 159 150 
48 150 159 160 151 
49 151 160 161 152 
50 152 161 13 12 
51 49 50 162 153 
52 153 162 163 154 
53 154 163 164 155 
54 155 164 165 156 
55 156 165 166 157 
56 157 166 167 158 
57 158 167 168 159 
58 159 168 169 160 
59 160 169 170 161 
60 161 170 14 13 
61 50 51 171 162 
62 162 171 172 163 
63 163 172 173 164 
64 164 173 174 165 
65 165 174 175 166 
66 166 175 176 167 
67 167 176 177 168 
68 168 177 178 169 
69 169 178 179 170 
70 170 179 15 14 
71 51 52 180 171 
72 171 180 181 172 
73 172 181 182 173 
74 173 182 183 174 
75 174 183 184 175 
76 175 184 185 176 
77 176 185 186 177 
78 177 186 187 178 
79 178 187 188 179 
80 179 188 16 15 
81 52 53 189 180 
82 180 189 190 181 
83 181 190 191 182 
84 182 191 192 183 
85 183 192 193 184 
86 184 193 194 185 
87 185 194 195 186 
88 186 195 196 187 
89 187 196 197 188 
90 188 197 17 16 
91 53 6 89 189 
92 189 89 88 190 
93 190 88 87 191 
94 191 87 86 192 
95 192 86 85 193 
96 193 85 84 194 
97 194 84 83 195 
98 195 83 82 196 
99 196 82 81 197 
100 197 81 2 17 
2 2 3 100
101 7 63 198 107 
102 107 198 199 106 
103 106 199 200 105 
104 105 200 201 104 
105 104 201 202 103 
106 103 202 203 102 
107 102 203 204 101 
108 101 204 205 100 
109 100 205 206 99 
110 99 206 27 3 
111 63 64 207 198 
112 198 207 208 199 
113 199 208 209 200 
114 200 209 210 201 
115 201 210 211 202 
116 202 211 212 203 
117 203 212 213 204 
118 204 213 214 205 
119 205 214 215 206 
120 206 215 28 27 
121 64 65 216 207 
122 207 216 217 208 
123 208 217 218 209 
124 209 218 219 210 
125 210 219 220 211 
126 211 220 221 212 
127 212 221 222 213 
128 213 222 223 214 
129 214 223 224 215 
130 215 224 29 28 
131 65 66 225 216 
132 216 225 226 217 
133 217 226 227 218 
134 218 227 228 219 
135 219 228 229 220 
136 220 229 230 221 
137 221 230 231 222 
138 222 231 232 223 
139 223 232 233 224 
140 224 233 30 29 
141 66 67 234 225 
142 225 234 235 226 
143 226 235 236 227 
144 227 236 237 228 
145 228 237 238 229 
146 229 238 239 230 
147 230 239 240 231 
148 231 240 241 232 
149 232 241 242 233 
150 233 242 31 30 
151 67 68 243 234 
152 234 243 244 235 
153 235 244 245 236 
154 236 245 246 237 
155 237 246 247 238 
156 238 247 248 239 
157 239 248 249 240 
158 240 249 250 241 
159 241 250 251 242 
160 242 251 32 31 
161 68 69 252 243 
162 243 252 253 244 
163 244 253 254 245 
164 245 254 255 246 
165 246 255 256 247 
166 247 256 257 248 
167 248 257 258 249 
168 249 258 259 250 
169 250 259 260 251 
170 251 260 33 32 
171 69 70 261 252 
172 252 261 262 253 
173 253 262 263 254 
174 254 263 264 255 
175 255 264 265 256 
176 256 265 266 257 
177 257 266 267 258 
178 258 267 268 259 
179 259 268 269 260 
180 260 269 34 33 
181 70 71 270 261 
182 261 270 271 262 
183 262 271 272 263 
184 263 272 273 264 
185 264 273 274 265 
186 265 274 275 266 
187 266 275 276 267 
188 267 276 277 268 
189 268 277 278 269 
190 269 278 35 34 
191 71 8 116 270 
192 270 116 115 271 
193 271 115 114 272 
194 272 114 113 273 
195 273 113 112 274 
196 274 112 111 275 
197 275 111 110 276 
198 276 110 109 277 
199 277 109 108 278 
200 278 108 4 35 
2 3 3 100
201 8 72 279 116 
202 116 279 280 115 
203 115 280 281 114 
204 114 281 282 113 
205 113 282 283 112 
206 112 283 284 111 
207 111 284 285 110 
208 110 285 286 109 
209 109 286 287 108 
210 108 287 36 4 
211 72 73 288 279 
212 279 288 289 280 
213 280 289 290 281 
214 281 290 291 282 
215 282 291 292 283 
216 283 292 293 284 
217 284 293 294 285 
218 285 294 295 286 
219 286 295 296 287 
220 287 296 37 36 
221 73 74 297 288 
222 288 297 298 289 
223 289 298 299 290 
224 290 299 300 291 
225 291 300 301 292 
226 292 301 302 293 
227 293 302 303 294 
228 294 303 304 295 
229 295 304 305 296 
230 296 305 38 37 
231 74 75 306 297 
232 297 306 307 298 
233 298 307 308 299 
234 299 308 309 300 
235 300 309 310 301 
236 301 310 311 302 
237 302 311 312 303 
238 303 312 313 304 
239 304 313 314 305 
240 305 314 39 38 
241 75 76 315 306 
242 306 315 316 307 
243 307 316 317 308 
244 308 317 318 309 
245 309 318 319 310 
246 310 319 320 311 
247 311 320 321 312 
248 312 321 322 313 
249 313 322 323 314 
250 314 323 40 39 
251 76 77 324 315 
252 315 324 325 316 
253 316 325 326 317 
254 317 326 327 318 
255 318 327 328 319 
256 319 328 329 320 
257 320 329 330 321 
258 321 330 331 322 
259 322 331 332 323 
260 323 332 41 40 
261 77 78 333 324 
262 324 333 334 325 
263 325 334 335 326 
264 326 335 336 327 
265 327 336 337 328 
266 328 337 338 329 
267 329 338 339 330 
268 330 339 340 331 
269 331 340 341 332 
270 332 341 42 41 
271 78 79 342 333 
272 333 342 343 334 
273 334 343 344 335 
274 335 344 345 336 
275 336 345 346 337 
276 337 346 347 338 
277 338 347 348 339 
278 339 348 349 340 
279 340 349 350 341 
280 341 350 43 42 
281 79 80 351 342 
282 342 351 352 343 
283 343 352 353 344 
284 344 353 354 345 
285 345 354 355 346 
286 346 355 356 347 
287 347 356 357 348 
288 348 357 358 349 
289 349 358 359 350 
290 350 359 44 43 
291 80 5 98 351 
292 351 98 97 352 
293 352 97 96 353 
294 353 96 95 354 
295 354 95 94 355 
296 355 94 93 356 
297 356 93 92 357 
298 357 92 91 358 
299 358 91 90 359 
300 359 90 1 44 
2 4 3 100
301 6 54 360 89 
302 89 360 361 88 
303 88 361 362 87 
304 87 362 363 86 
305 86 363 364 85 
306 85 364 365 84 
307 84 365 366 83 
308 83 366 367 82 
309 82 367 368 81 
310 81 368 18 2 
311 54 55 369 360 
312 360 369 370 361 
313 361 370 371 362 
314 362 371 372 363 
315 363 372 373 364 
316 364 373 374 365 
317 365 374 375 366 
318 366 375 376 367 
319 367 376 377 368 
320 368 377 19 18 
321 55 56 378 369 
322 369 378 379 370 
323 370 379 380 371 
324 371 380 381 372 
325 372 381 382 373 
326 373 382 383 374 
327 374 383 384 375 
328 375 384 385 376 
329 376 385 386 377 
330 377 386 20 19 
331 56 57 387 378 
332 378 387 388 379 
333 379 388 389 380 
334 380 389 390 381 
335 381 390 391 382 
336 382 391 392 383 
337 383 392 393 384 
338 384 393 394 385 
339 385 394 395 386 
340 386 395 21 20 
341 57 58 396 387 
342 387 396 397 388 
343 388 397 398 389 
344 389 398 399 390 
345 390 399 400 391 
346 391 400 401 392 
347 392 401 402 393 
348 393 402 403 394 
349 394 403 404 395 
350 395 404 22 21 
351 58 59 405 396 
352 396 405 406 397 
353 397 406 407 398 
354 398 407 408 399 
355 399 408 409 400 
356 400 409 410 401 
357 401 410 411 402 
358 402 411 412 403 
359 403 412 413 404 
360 404 413 23 22 
361 59 60 414 405 
362 405 414 415 406 
363 406 415 416 407 
364 407 416 417 408 
365 408 417 418 409 
366 409 418 419 410 
367 410 419 420 411 
368 411 420 421 412 
369 412 421 422 413 
370 413 422 24 23 
371 60 61 423 414 
372 414 423 424 415 
373 415 424 425 416 
374 416 425 426 417 
375 417 426 427 418 
376 418 427 428 419 
377 419 428 429 420 
378 420 429 430 421 
379 421 430 431 422 
380 422 431 25 24 
381 61 62 432 423 
382 423 432 433 424 
383 424 433 434 425 
384 425 434 435 426 
385 426 435 436 427 
386 427 436 437 428 
387 428 437 438 429 
388 429 438 439 430 
389 430 439 440 431 
390 431 440 26 25 
391 62 7 107 432 
392 432 107 106 433 
393 433 106 105 434 
394 434 105 104 435 
395 435 104 103 436 
396 436 103 102 437 
397 437 102 101 438 
398 438 101 100 439 
399 439 100 99 440 
400 440 99 3 26 
2 5 3 100
401 5 45 441 80 
402 80 441 442 79 
403 79 442 443 78 
404 78 443 444 77 
405 77 444 445 76 
406 76 445 446 75 
407 75 446 447 74 
408 74 447 448 73 
409 73 448 449 72 
410 72 449 71 8 
411 45 46 450 441 
412 441 450 451 442 
413 442 451 452 443 
414 443 452 453 444 
415 444 453 454 445 
416 445 454 455 446 
417 446 455 456 447 
418 447 456 457 448 
419 448 457 458 449 
420 449 458 70 71 
421 46 47 459 450 
422 450 459 460 451 
423 451 460 461 452 
424 452 461 462 453 
425 453 462 463 454 
426 454 463 464 455 
427 455 464 465 456 
428 456 465 466 457 
429 457 466 467 458 
430 458 467 69 70 
431 47 48 468 459 
432 459 468 469 460 
433 460 469 470 461 
434 461 470 471 462 
435 462 471 472 463 
436 463 472 473 464 
437 464 473 474 465 
438 465 474 475 466 
439 466 475 476 467 
440 467 476 68 69 
441 48 49 477 468 
442 468 477 478 469 
443 469 478 479 470 
444 470 479 480 471 
445 471 480 481 472 
446 472 481 482 473 
447 473 482 483 474 
448 474 483 484 475 
449 475 484 485 476 
450 476 485 67 68 
451 49 50 486 477 
452 477 486 487 478 
453 478 487 488 479 
454 479 488 489 480 
455 480 489 490 481 
456 481 490 491 482 
457 482 491 492 483 
458 483 492 493 484 
459 484 493 494 485 
460 485 494 66 67 
461 50 51 495 486 
462 486 495 496 487 
463 487 496 497 488 
464 488 497 498 489 
465 489 498 499 490 
466 490 499 500 491 
467 491 500 501 492 
468 492 501 502 493 
469 493 502 503 494 
470 494 503 65 66 
471 51 52 504 495 
472 495 504 505 496 
473 496 505 506 497 
474 497 506 507 498 
475 498 507 508 499 
476 499 508 509 500 
477 500 509 510 501 
478 501 510 511 502 
479 502 511 512 503 
480 503 512 64 65 
481 52 53 513 504 
482 504 513 514 505 
483 505 514 515 506 
484 506 515 516 507 
485 507 516 517 508 
486 508 517 518 509 
487 509 518 519 510 
488 510 519 520 511 
489 511 520 521 512 
490 512 521 63 64 
491 53 6 54 513 
492 513 54 55 514 
493 514 55 56 515 
494 515 56 57 516 
495 516 57 58 517 
496 517 58 59 518 
497 518 59 60 519 
498 519 60 61 520 
499 520 61 62 521 
500 521 62 7 63 
2 6 3 100
501 1 9 522 44 
502 44 522 523 43 
503 43 523 524 42 
504 42 524 525 41 
505 41 525 526 40 
506 40 526 527 39 
507 39 527 528 38 
508 38 528 529 37 
509 37 529 530 36 
510 36 530 35 4 
511 9 10 531 522 
512 522 531 532 523 
513 523 532 533 524 
514 524 533 534 525 
515 525 534 535 526 
516 526 535 536 527 
517 527 536 537 528 
518 528 537 538 529 
519 529 538 539 530 
520 530 539 34 35 
521 10 11 540 531 
522 531 540 541 532 
523 532 541 542 533 
524 533 542 543 534 
525 534 543 544 535 
526 535 544 545 536 
527 536 545 546 537 
528 537 546 547 538 
529 538 547 548 539 
530 539 548 33 34 
531 11 12 549 540 
532 540 549 550 541 
533 541 550 551 542 
534 542 551 552 543 
535 543 552 553 544 
536 544 553 554 545 
537 545 554 555 546 
538 546 555 556 547 
539 547 556 557 548 
540 548 557 32 33 
541 12 13 558 549 
542 549 558 559 550 
543 550 559 560 551 
544 551 560 561 552 
545 552 561 562 553 
546 553 562 563 554 
547 554 563 564 555 
548 555 564 565 556 
549 556 565 566 557 
550 557 566 31 32 
551 13 14 567 558 
552 558 567 568 559 
553 559 568 569 560 
554 560 569 570 561 
555 561 570 571 562 
556 562 571 572 563 
557 563 572 573 564 
558 564 573 574 565 
559 565 574 575 566 
560 566 575 30 31 
561 14 15 576 567 
562 567 576 577 568 
563 568 577 578 569 
564 569 578 579 570 
565 570 579 580 571 
566 571 580 581 572 
567 572 581 582 573 
568 573 582 583 574 
569 574 583 584 575 
570 575 584 29 30 
571 15 16 585 576 
572 576 585 586 577 
573 577 586 587 578 
574 578 587 588 579 
575 579 588 589 580 
576 580 589 590 581 
577 581 590 591 582 
578 582 591 592 583 
579 583 592 593 584 
580 584 593 28 29 
581 16 17 594 585 
582 585 594 595 586 
583 586 595 596 587 
584 587 596 597 588 
585 588 597 598 589 
586 589 598 599 590 
587 590 599 600 591 
588 591 600 601 592 
589 592 601 602 593 
590 593 602 27 28 
591 17 2 18 594 
592 594 18 19 595 
593 595 19 20 596 
594 596 20 21 597 
595 597 21 22 598 
596 598 22 23 599 
597 599 23 24 600 
598 600 24 25 601 
599 601 25 26 602 
600 602 26 3 27 
3 1 5 1000
601 7 63 198 107 62 521 603 432 
602 62 521 603 432 61 520 604 423 
603 61 520 604 423 60 519 605 414 
604 60 519 605 414 59 518 606 405 
605 59 518 606 405 58 517 607 396 
606 58 517 607 396 57 516 608 387 
607 57 516 608 387 56 515 609 378 
608 56 515 609 378 55 514 610 369 
609 55 514 610 369 54 513 611 360 
610 54 513 611 360 6 53 189 89 
611 107 198 199 106 432 603 612 433 
612 432 603 612 433 423 604 613 424 
613 423 604 613 424 414 605 614 415 
614 414 605 614 415 405 606 615 406 
615 405 606 615 406 396 607 616 397 
616 396 607 616 397 387 608 617 388 
617 387 608 617 388 378 609 618 379 
618 378 609 618 379 369 610 619 370 
619 369 610 619 370 360 611 620 361 
620 360 611 620 361 89 189 190 88 
621 106 199 200 105 433 612 621 434 
622 433 612 621 434 424 613 622 425 
623 424 613 622 425 415 614 623 416 
624 415 614 623 416 406 615 624 407 
625 406 615 624 407 397 616 625 398 
626 397 616 625 398 388 617 626 389 
627 388 617 626 389 379 618 627 380 
628 379 618 627 380 370 619 628 371 
629 370 619 628 371 361 620 629 362 
630 361 620 629 362 88 190 191 87 
631 105 200 201 104 434 621 630 435 
632 434 621 630 435 425 622 631 426 
633 425 622 631 426 416 623 632 417 
634 416 623 632 417 407 624 633 408 
635 407 624 633 408 398 625 634 399 
636 398 625 634 399 389 626 635 390 
637 389 626 635 390 380 627 636 381 
638 380 627 636 381 371 628 637 372 
639 371 628 637 372 362 629 638 363 
640 362 629 638 363 87 191 192 86 
641 104 201 202 103 435 630 639 436 
642 435 630 639 436 426 631 640 427 
643 426 631 640 427 417 632 641 418 
644 417 632 641 418 408 633 642 409 
645 408 633 642 409 399 634 643 400 
646 399 634 643 400 390 635 644 391 
647 390 635 644 391 381 636 645 382 
648 381 636 645 382 372 637 646 373 
649 372 637 646 373 363 638 647 364 
650 363 638 647 364 86 192 193 85 
651 103 202 203 102 436 639 648 437 
652 436 639 648 437 427 640 649 428 
653 427 640 649 428 418 641 650 419 
654 418 641 650 419 409 642 651 410 
655 409 642 651 410 400 643 652 401 
656 400 643 652 401 391 644 653 392 
657 391 644 653 392 382 645 654 383 
658 382 645 654 383 373 646 655 374 
659 373 646 655 374 364 647 656 365 
660 364 647 656 365 85 193 194 84 
661 102 203 204 101 437 648 657 438 
662 437 648 657 438 428 649 658 429 
663 428 649 658 429 419 650 659 420 
664 419 650 659 420 410 651 660 411 
665 410 651 660 411 401 652 661 402 
666 401 652 661 402 392 653 662 393 
667 392 653 662 393 383 654 663 384 
668 383 654 663 384 374 655 664 375 
669 374 655 664 375 365 656 665 366 
670 365 656 665 366 84 194 195 83 
671 101 204 205 100 438 657 666 439 
672 438 657 666 439 429 658 667 430 
673 429 658 667 430 420 659 668 421 
674 420 659 668 421 411 660 669 412 
675 411 660 669 412 402 661 670 403 
676 402 661 670 403 393 662 671 394 
677 393 662 671 394 384 663 672 385 
678 384 663 672 385 375 664 673 376 
679 375 664 673 376 366 665 674 367 
680 366 665 674 367 83 195 196 82 
681 100 205 206 99 439 666 675 440 
682 439 666 675 440 430 667 676 431 
683 430 667 676 431 421 668 677 422 
684 421 668 677 422 412 669 678 413 
685 412 669 678 413 403 670 679 404 
686 403 670 679 404 394 671 680 395 
687 394 671 680 395 385 672 681 386 
688 385 672 681 386 376 673 682 377 
689 376 673 682 377 367 674 683 368 
690 367 674 683 368 82 196 197 81 
691 99 206 27 3 440 675 602 26 
692 440 675 602 26 431 676 601 25 
693 431 676 601 25 422 677 600 24 
694 422 677 600 24 413 678 599 23 
695 413 678 599 23 404 679 598 22 
696 404 679 598 22 395 680 597 21 
697 395 680 597 21 386 681 596 20 
698 386 681 596 20 377 682 595 19 
699 377 682 595 19 368 683 594 18 
700 368 683 594 18 81 197 17 2 
701 63 64 207 198 521 512 684 603 
702 521 512 684 603 520 511 685 604 
703 520 511 685 604 519 510 686 605 
704 519 510 686 605 518 509 687 606 
705 518 509 687 606 517 508 688 607 
706 517 508 688 607 516 507 689 608 
707 516 507 689 608 515 506 690 609 
708 515 506 690 609 514 505 691 610 
709 514 505 691 610 513 504 692 611 
710 513 504 692 611 53 52 180 189 
711 198 207 208 199 603 684 693 612 
712 603 684 693 612 604 685 694 613 
713 604 685 694 613 605 686 695 614 
714 605 686 695 614 606 687 696 615 
715 606 687 696 615 607 688 697 616 
716 607 688 697 616 608 689 698 617 
717 608 689 698 617 609 690 699 618 
718 609 690 699 618 610 691 700 619 
719 610 691 700 619 611 692 701 620 
720 611 692 701 620 189 180 181 190 
721 199 208 209 200 612 693 702 621 
722 612 693 702 621 613 694 703 622 
723 613 694 703 622 614 695 704 623 
724 614 695 704 623 615 696 705 624 
725 615 696 705 624 616 697 706 625 
726 616 697 706 625 617 698 707 626 
727 617 698 707 626 618 699 708 627 
728 618 699 708 627 619 700 709 628 
729 619 700 709 628 620 701 710 629 
730 620 701 710 629 190 181 182 191 
731 200 209 210 201 621 702 711 630 
732 621 702 711 630 622 703 712 631 
733 622 703 712 631 623 704 713 632 
734 623 704 713 632 624 705 714 633 
735 624 705 714 633 625 706 715 634 
736 625 706 715 634 626 707 716 635 
737 626 707 716 635 627 708 717 636 
738 627 708 717 636 628 709 718 637 
739 628 709 718 637 629 710 719 638 
740 629 710 719 638 191 182 183 192 
741 201 210 211 202 630 711 720 639 
742 630 711 720 639 631 712 721 640 
743 631 712 721 640 632 713 722 641 
744 632 713 722 641 633 714 723 642 
745 633 714 723 642 634 715 724 643 
746 634 715 724 643 635 716 725 644 
747 635 716 725 644 636 717 726 645 
748 636 717 726 645 637 718 727 646 
749 637 718 727 646 638 719 728 647 
750 638 719 728 647 192 183 184 193 
751 202 211 212 203 639 720 729 648 
752 639 720 729 648 640 721 730 649 
753 640 721 730 649 641 722 731 650 
754 641 722 731 650 642 723 732 651 
755 642 723 732 651 643 724 733 652 
756 643 724 733 652 644 725 734 653 
757 644 725 734 653 645 726 735 654 
758 645 726 735 654 646 727 736 655 
759 646 727 736 655 647 728 737 656 
760 647 728 737 656 193 184 185 194 
761 203 212 213 204 648 729 738 657 
762 648 729 738 657 649 730 739 658 
763 649 730 739 658 650 731 740 659 
764 650 731 740 659 651 732 741 660 
765 651 732 741 660 652 733 742 661 
766 652 733 742 661 653 734 743 662 
767 653 734 743 662 654 735 744 663 
768 654 735 744 663 655 736 745 664 
769 655 736 745 664 656 737 746 665 
770 656 737 746 665 194 185 186 195 
771 204 213 214 205 657 738 747 666 
772 657 738 747 666 658 739 748 667 
773 658 739 748 667 659 740 749 668 
774 659 740 749 668 660 741 750 669 
775 660 741 750 669 661 742 751 670 
776 661 742 751 670 662 743 752 671 
777 662 743 752 671 663 744 753 672 
778 663 744 753 672 664 745 754 673 
779 664 745 754 673 665 746 755 674 
780 665 746 755 674 195 186 187 196 
781 205 214 215 206 666 747 756 675 
782 666 747 756 675 667 748 757 676 
783 667 748 757 676 668 749 758 677 
784 668 749 758 677 669 750 759 678 
785 669 750 759 678 670 751 760 679 
786 670 751 760 679 671 752 761 680 
787 671 752 761 680 672 753 762 681 
788 672 753 762 681 673 754 763 682 
789 673 754 763 682 674 755 764 683 
790 674 755 764 683 196 187 188 197 
791 206 215 28 27 675 756 593 602 
792 675 756 593 602 676 757 592 601 
793 676 757 592 601 677 758 591 600 
794 677 758 591 600 678 759 590 599 
795 678 759 590 599 679 760 589 598 
796 679 760 589 598 680 761 588 597 
797 680 761 588 597 681 762 587 596 
798 681 762 587 596 682 763 586 595 
799 682 763 586 595 683 764 585 594 
800 683 764 585 594 197 188 16 17 
801 64 65 216 207 512 503 765 684 
802 512 503 765 684 511 502 766 685 
803 511 502 766 685 510 501 767 686 
804 510 501 767 686 509 500 768 687 
805 509 500 768 687 508 499 769 688 
806 508 499 769 688 507 498 770 689 
807 507 498 770 689 506 497 771 690 
808 506 497 771 690 505 496 772 691 
809 505 496 772 691 504 495 773 692 
810 504 495 773 692 52 51 171 180 
811 207 216 217 208 684 765 774 693 
812 684 765 774 693 685 766 775 694 
813 685 766 775 694 686 767 776 695 
814 686 767 776 695 687 768 777 696 
815 687 768 777 696 688 769 778 697 
816 688 769 778 697 689 770 779 698 
817 689 770 779 698 690 771 780 699 
818 690 771 780 699 691 772 781 700 
819 691 772 781 700 692 773 782 701 
820 692 773 782 701 180 171 172 181 
821 208 217 218 209 693 774 783 702 
822 693 774 783 702 694 775 784 703 
823 694 775 784 703 695 776 785 704 
824 695 776 785 704 696 777 786 705 
825 696 777 786 705 697 778 787 706 
826 697 778 787 706 698 779 788 707 
827 698 779 788 707 699 780 789 708 
828 699 780 789 708 700 781 790 709 
829 700 781 790 709 701 782 791 710 
830 701 782 791 710 181 172 173 182 
831 209 218 219 210 702 783 792 711 
832 702 783 792 711 703 784 793 712 
833 703 784 793 712 704 785 794 713 
834 704 785 794 713 705 786 795 714 
835 705 786 795 714 706 787 796 715 
836 706 787 796 715 707 788 797 716 
837 707 788 797 716 708 789 798 717 
838 708 789 798 717 709 790 799 718 
839 709 790 799 718 710 791 800 719 
840 710 791 800 719 182 173 174 183 
841 210 219 220 211 711 792 801 720 
842 711 792 801 720 712 793 802 721 
843 712 793 802 721 713 794 803 722 
844 713 794 803 722 714 795 804 723 
845 714 795 804 723 715 796 805 724 
846 715 796 805 724 716 797 806 725 
847 716 797 806 725 717 798 807 726 
848 717 798 807 726 718 799 808 727 
849 718 799 808 727 719 800 809 728 
850 719 800 809 728 183 174 175 184 
851 211 220 221 212 720 801 810 729 
852 720 801 810 729 721 802 811 730 
853 721 802 811 730 722 803 812 731 
854 722 803 812 731 723 804 813 732 
855 723 804 813 732 724 805 814 733 
856 724 805 814 733 725 806 815 734 
857 725 806 815 734 726 807 816 735 
858 726 807 816 735 727 808 817 736 
859 727 808 817 736 728 809 818 737 
860 728 809 818 737 184 175 176 185 
861 212 221 222 213 729 810 819 738 
862 729 810 819 738 730 811 820 739 
863 730 811 820 739 731 812 821 740 
864 731 812 821 740 732 813 822 741 
865 732 813 822 741 733 814 823 742 
866 733 814 823 742 734 815 824 743 
867 734 815 824 743 735 816 825 744 
868 735 816 825 744 736 817 826 745 
869 736 817 826 745 737 818 827 746 
870 737 818 827 746 185 176 177 186 
871 213 222 223 214 738 819 828 747 
872 738 819 828 747 739 820 829 748 
873 739 820 829 748 740 821 830 749 
874 740 821 830 749 741 822 831 750 
875 741 822 831 750 742 823 832 751 
876 742 823 832 751 743 824 833 752 
877 743 824 833 752 744 825 834 753 
878 744 825 834 753 745 826 835 754 
879 745 826 835 754 746 827 836 755 
880 746 827 836 755 186 177 178 187 
881 214 223 224 215 747 828 837 756 
882 747 828 837 756 748 829 838 757 
883 748 829 838 757 749 830 839 758 
884 749 830 839 758 750 831 840 759 
885 750 831 840 759 751 832 841 760 
886 751 832 841 760 752 833 842 761 
887 752 833 842 761 753 834 843 762 
888 753 834 843 762 754 835 844 763 
889 754 835 844 763 755 836 845 764 
890 755 836 845 764 187 178 179 188 
891 215 224 29 28 756 837 584 593 
892 756 837 584 593 757 838 583 592 
893 757 838 583 592 758 839 582 591 
894 758 839 582 591 759 840 581 590 
895 759 840 581 590 760 841 580 589 
896 760 841 580 589 761 842 579 588 
897 761 842 579 588 762 843 578 587 
898 762 843 578 587 763 844 577 586 
899 763 844 577 586 764 845 576 585 
900 764 845 576 585 188 179 15 16 
901 65 66 225 216 503 494 846 765 
902 503 494 846 765 502 493 847 766 
903 502 493 847 766 501 492 848 767 
904 501 492 848 767 500 491 849 768 
905 500 491 849 768 499 490 850 769 
906 499 490 850 769 498 489 851 770 
907 498 489 851 770 497 488 852 771 
908 497 488 852 771 496 487 853 772 
909 496 487 853 772 495 486 854 773 
910 495 486 854 773 51 50 162 171 
911 216 225 226 217 765 846 855 774 
912 765 846 855 774 766 847 856 775 
913 766 847 856 775 767 848 857 776 
914 767 848 857 776 768 849 858 777 
915 768 849 858 777 769 850 859 778 
916 769 850 859 778 770 851 860 779 
917 770 851 860 779 771 852 861 780 
918 771 852 861 780 772 853 862 781 
919 772 853 862 781 773 854 863 782 
920 773 854 863 782 171 162 163 172 
921 217 226 227 218 774 855 864 783 
922 774 855 864 783 775 856 865 784 
923 775 856 865 784 776 857 866 785 
924 776 857 866 785 777 858 867 786 
925 777 858 867 786 778 859 868 787 
926 778 859 868 787 779 860 869 788 
927 779 860 869 788 780 861 870 789 
928 780 861 870 789 781 862 871 790 
929 781 862 871 790 782 863 872 791 
930 782 863 872 791 172 163 164 173 
931 218 227 228 219 783 864 873 792 
932 783 864 873 792 784 865 874 793 
933 784 865 874 793 785 866 875 794 
934 785 866 875 794 786 867 876 795 
935 786 867 876 795 787 868 877 796 
936 787 868 877 796 788 869 878 797 
937 788 869 878 797 789 870 879 798 
938 789 870 879 798 790 871 880 799 
939 790 871 880 799 791 872 881 800 
940 791 872 881 800 173 164 165 174 
941 219 228 229 220 792 873 882 801 
942 792 873 882 801 793 874 883 802 
943 793 874 883 802 794 875 884 803 
944 794 875 884 803 795 876 885 804 
945 795 876 885 804 796 877 886 805 
946 796 877 886 805 797 878 887 806 
947 797 878 887 806 798 879 888 807 
948 798 879 888 807 799 880 889 808 
949 799 880 889 808 800 881 890 809 
950 800 881 890 809 174 165 166 175 
951 220 229 230 221 801 882 891 810 
952 801 882 891 810 802 883 892 811 
953 802 883 892 811 803 884 893 812 
954 803 884 893 812 804 885 894 813 
955 804 885 894 813 805 886 895 814 
956 805 886 895 814 806 887 896 815 
957 806 887 896 815 807 888 897 816 
958 807 888 897 816 808 889 898 817 
959 808 889 898 817 809 890 899 818 
960 809 890 899 818 175 166 167 176 
961 221 230 231 222 810 891 900 819 
962 810 891 900 819 811 892 901 820 
963 811 892 901 820 812 893 902 821 
964 812 893 902 821 813 894 903 822 
965 813 894 903 822 814 895 904 823 
966 814 895 904 823 815 896 905 824 
967 815 896 905 824 816 897 906 825 
968 816 897 906 825 817 898 907 826 
969 817 898 907 826 818 899 908 827 
970 818 899 908 827 176 167 168 177 
971 222 231 232 223 819 900 909 828 
972 819 900 909 828 820 901 910 829 
973 820 901 910 829 821 902 911 830 
974 821 902 911 830 822 903 912 831 
975 822 903 912 831 823 904 913 832 
976 823 904 913 832 824 905 914 833 
977 824 905 914 833 825 906 915 834 
978 825 906 915 834 826 907 916 835 
979 826 907 916 835 827 908 917 836 
980 827 908 917 836 177 168 169 178 
981 223 232 233 224 828 909 918 837 
982 828 909 918 837 829 910 919 838 
983 829 910 919 838 830 911 920 839 
984 830 911 920 839 831 912 921 840 
985 831 912 921 840 832 913 922 841 
986 832 913 922 841 833 914 923 842 
987 833 914 923 842 834 915 924 843 
988 834 915 924 843 835 916 925 844 
989 835 916 925 844 836 917 926 845 
990 836 917 926 845 178 169 170 179 
991 224 233 30 29 837 918 575 584 
992 837 918 575 584 838 919 574 583 
993 838 919 574 583 839 920 573 582 
994 839 920 573 582 840 921 572 581 
995 840 921 572 581 841 922 571 580 
996 841 922 571 580 842 923 570 579 
997 842 923 570 579 843 924 569 578 
998 843 924 569 578 844 925 568 577 
999 844 925 568 577 845 926 567 576 
1000 845 926 567 576 179 170 14 15 
1001 66 67 234 225 494 485 927 846 
1002 494 485 927 846 493 484 928 847 
1003 493 484 928 847 492 483 929 848 
1004 492 483 929 848 491 482 930 849 
1005 491 482 930 849 490 481 931 850 
1006 490 481 931 850 489 480 932 851 
1007 489 480 932 851 488 479 933 852 
1008 488 479 933 852 487 478 934 853 
1009 487 478 934 853 486 477 935 854 
1010 486 477 935 854 50 49 153 162 
1011 225 234 235 226 846 927 936 855 
1012 846 927 936 855 847 928 937 856 
1013 847 928 937 856 848 929 938 857 
1014 848 929 938 857 849 930 939 858 
1015 849 930 939 858 850 931 940 859 
1016 850 931 940 859 851 932 941 860 
1017 851 932 941 860 852 933 942 861 
1018 852 933 942 861 853 934 943 862 
1019 853 934 943 862 854 935 944 863 
1020 854 935 944 863 162 153 154 163 
1021 226 235 236 227 855 936 945 864 
1022 855 936 945 864 856 937 946 865 
1023 856 937 946 865 857 938 947 866 
1024 857 938 947 866 858 939 948 867 
1025 858 939 948 867 859 940 949 868 
1026 859 940 949 868 860 941 950 869 
1027 860 941 950 869 861 942 951 870 
1028 861 942 951 870 862 943 952 871 
1029 862 943 952 871 863 944 953 872 
1030 863 944 953 872 163 154 155 164 
1031 227 236 237 228 864 945 954 873 
1032 864 945 954 873 865 946 955 874 
1033 865 946 955 874 866 947 956 875 
1034 866 947 956 875 867 948 957 876 
1035 867 948 957 876 868 949 958 877 
1036 868 949 958 877 869 950 959 878 
1037 869 950 959 878 870 951 960 879 
1038 870 951 960 879 871 952 961 880 
1039 871 952 961 880 872 953 962 881 
1040 872 953 962 881 164 155 156 165 
1041 228 237 238 229 873 954 963 882 
1042 873 954 963 882 874 955 964 883 
1043 874 955 964 883 875 956 965 884 
1044 875 956 965 884 876 957 966 885 
1045 876 957 966 885 877 958 967 886 
1046 877 958 967 886 878 959 968 887 
1047 878 959 968 887 879 960 969 888 
1048 879 960 969 888 880 961 970 889 
1049 880 961 970 889 881 962 971 890 
1050 881 962 971 890 165 156 157 166 
1051 229 238 239 230 882 963 972 891 
1052 882 963 972 891 883 964 973 892 
1053 883 964 973 892 884 965 974 893 
1054 884 965 974 893 885 966 975 894 
1055 885 966 975 894 886 967 976 895 
1056 886 967 976 895 887 968 977 896 
1057 887 968 977 896 888 969 978 897 
1058 888 969 978 897 889 970 979 898 
1059 889 970 979 898 890 971 980 899 
1060 890 971 980 899 166 157 158 167 
1061 230 239 240 231 891 972 981 900 
1062 891 972 981 900 892 973 982 901 
1063 892 973 982 901 893 974 983 902 
1064 893 974 983 902 894 975 984 903 
1065 894 975 984 903 895 976 985 904 
1066 895 976 985 904 896 977 986 905 
1067 896 977 986 905 897 978 987 906 
1068 897 978 987 906 898 979 988 907 
1069 898 979 988 907 899 980 989 908 
1070 899 980 989 908 167 158 159 168 
1071 231 240 241 232 900 981 990 909 
1072 900 981 990 909 901 982 991 910 
1073 901 982 991 910 902 983 992 911 
1074 902 983 992 911 903 984 993 912 
1075 903 984 993 912 904 985 994 913 
1076 904 985 994 913 905 986 995 914 
1077 905 986 995 914 906 987 996 915 
1078 906 987 996 915 907 988 997 916 
1079 907 988 997 916 908 989 998 917 
1080 908 989 998 917 168 159 160 169 
1081 232 241 242 233 909 990 999 918 
1082 909 990 999 918 910 991 1000 919 
1083 910 991 1000 919 911 992 1001 920 
1084 911 992 1001 920 912 993 1002 921 
1085 912 993 1002 921 913 994 1003 922 
1086 913 994 1003 922 914 995 1004 923 
1087 914 995 1004 923 915 996 1005 924 
1088 915 996 1005 924 916 997 1006 925 
1089 916 997 1006 925 917 998 1007 926 
1090 917 998 1007 926 169 160 161 170 
1091 233 242 31 30 918 999 566 575 
1092 918 999 566 575 919 1000 565 574 
1093 919 1000 565 574 920 1001 564 573 
1094 920 1001 564 573 921 1002 563 572 
1095 921 1002 563 572 922 1003 562 571 
1096 922 1003 562 571 923 1004 561 570 
1097 923 1004 561 570 924 1005 560 569 
1098 924 1005 560 569 925 1006 559 568 
1099 925 1006 559 568 926 1007 558 567 
1100 926 1007 558 567 170 161 13 14 
1101 67 68 243 234 485 476 1008 927 
1102 485 476 1008 927 484 475 1009 928 
1103 484 475 1009 928 483 474 1010 929 
1104 483 474 1010 929 482 473 1011 930 
1105 482 473 1011 930 481 472 1012 931 
1106 481 472 1012 931 480 471 1013 932 
1107 480 471 1013 932 479 470 1014 933 
1108 479 470 1014 933 478 469 1015 934 
1109 478 469 1015 934 477 468 1016 935 
1110 477 468 1016 935 49 48 144 153 
1111 234 243 244 235 927 1008 1017 936 
1112 927 1008 1017 936 928 1009 1018 937 
1113 928 1009 1018 937 929 1010 1019 938 
1114 929 1010 1019 938 930 1011 1020 939 
1115 930 1011 1020 939 931 1012 1021 940 
1116 931 1012 1021 940 932 1013 1022 941 
1117 932 1013 1022 941 933 1014 1023 942 
1118 933 1014 1023 942 934 1015 1024 943 
1119 934 1015 1024 943 935 1016 1025 944 
1120 935 1016 1025 944 153 144 145 154 
1121 235 244 245 236 936 1017 1026 945 
1122 936 1017 1026 945 937 1018 1027 946 
1123 937 1018 1027 946 938 1019 1028 947 
1124 938 1019 1028 947 939 1020 1029 948 
1125 939 1020 1029 948 940 1021 1030 949 
1126 940 1021 1030 949 941 1022 1031 950 
1127 941 1022 1031 950 942 1023 1032 951 
1128 942 1023 1032 951 943 1024 1033 952 
1129 943 1024 1033 952 944 1025 1034 953 
1130 944 1025 1034 953 154 145 146 155 
1131 236 245 246 237 945 1026 1035 954 
1132 945 1026 1035 954 946 1027 1036 955 
1133 946 1027 1036 955 947 1028 1037 956 
1134 947 1028 1037 956 948 1029 1038 957 
1135 948 1029 1038 957 949 1030 1039 958 
1136 949 1030 1039 958 950 1031 1040 959 
1137 950 1031 1040 959 951 1032 1041 960 
1138 951 1032 1041 960 952 1033 1042 961 
1139 952 1033 1042 961 953 1034 1043 962 
1140 953 1034 1043 962 155 146 147 156 
1141 237 246 247 238 954 1035 1044 963 
1142 954 1035 1044 963 955 1036 1045 964 
1143 955 1036 1045 964 956 1037 1046 965 
1144 956 1037 1046 965 957 1038 1047 966 
1145 957 1038 1047 966 958 1039 1048 967 
1146 958 1039 1048 967 959 1040 1049 968 
1147 959 1040 1049 968 960 1041 1050 969 
1148 960 1041 1050 969 961 1042 1051 970 
1149 961 1042 1051 970 962 1043 1052 971 
1150 962 1043 1052 971 156 147 148 157 
1151 238 247 248 239 963 1044 1053 972 
1152 963 1044 1053 972 964 1045 1054 973 
1153 964 1045 1054 973 965 1046 1055 974 
1154 965 1046 1055 974 966 1047 1056 975 
1155 966 1047 1056 975 967 1048 1057 976 
1156 967 1048 1057 976 968 1049 1058 977 
1157 968 1049 1058 977 969 1050 1059 978 
1158 969 1050 1059 978 970 1051 1060 979 
1159 970 1051 1060 979 971 1052 1061 980 
1160 971 1052 1061 980 157 148 149 158 
1161 239 248 249 240 972 1053 1062 981 
1162 972 1053 1062 981 973 1054 1063 982 
1163 973 1054 1063 982 974 1055 1064 983 
1164 974 1055 1064 983 975 1056 1065 984 
1165 975 1056 1065 984 976 1057 1066 985 
1166 976 1057 1066 985 977 1058 1067 986 
1167 977 1058 1067 986 978 1059 1068 987 
1168 978 1059 1068 987 979 1060 1069 988 
1169 979 1060 1069 988 980 1061 1070 989 
1170 980 1061 1070 989 158 149 150 159 
1171 240 249 250 241 981 1062 1071 990 
1172 981 1062 1071 990 982 1063 1072 991 
1173 982 1063 1072 991 983 1064 1073 992 
1174 983 1064 1073 992 984 1065 1074 993 
1175 984 1065 1074 993 985 1066 1075 994 
1176 985 1066 1075 994 986 1067 1076 995 
1177 986 1067 1076 995 987 1068 1077 996 
1178 987 1068 1077 996 988 1069 1078 997 
1179 988 1069 1078 997 989 1070 1079 998 
1180 989 1070 1079 998 159 150 151 160 
1181 241 250 251 242 990 1071 1080 999 
1182 990 1071 1080 999 991 1072 1081 1000 
1183 991 1072 1081 1000 992 1073 1082 1001 
1184 992 1073 1082 1001 993 1074 1083 1002 
1185 993 1074 1083 1002 994 1075 1084 1003 
1186 994 1075 1084 1003 995 1076 1085 1004 
1187 995 1076 1085 1004 996 1077 1086 1005 
1188 996 1077 1086 1005 997 1078 1087 1006 
1189 997 1078 1087 1006 998 1079 1088 1007 
1190 998 1079 1088 1007 160 151 152 161 
1191 242 251 32 31 999 1080 557 566 
1192 999 1080 557 566 1000 1081 556 565 
1193 1000 1081 556 565 1001 1082 555 564 
1194 1001 1082 555 564 1002 1083 554 563 
1195 1002 1083 554 563 1003 1084 553 562 
1196 1003 1084 553 562 1004 1085 552 561 
1197 1004 1085 552 561 1005 1086 551 560 
1198 1005 1086 551 560 1006 1087 550 559 
1199 1006 1087 550 559 1007 1088 549 558 
1200 1007 1088 549 558 161 152 12 13 
1201 68 69 252 243 476 467 1089 1008 
1202 476 467 1089 1008 475 466 1090 1009 
1203 475 466 1090 1009 474 465 1091 1010 
1204 474 465 1091 1010 473 464 1092 1011 
1205 473 464 1092 1011 472 463 1093 1012 
1206 472 463 1093 1012 471 462 1094 1013 
1207 471 462 1094 1013 470 461 1095 1014 
1208 470 461 1095 1014 469 460 1096 1015 
1209 469 460 1096 1015 468 459 1097 1016 
1210 468 459 1097 1016 48 47 135 144 
1211 243 252 253 244 1008 1089 1098 1017 
1212 1008 1089 1098 1017 1009 1090 1099 1018 
1213 1009 1090 1099 1018 1010 1091 1100 1019 
1214 1010 1091 1100 1019 1011 1092 1101 1020 
1215 1011 1092 1101 1020 1012 1093 1102 1021 
1216 1012 1093 1102 1021 1013 1094 1103 1022 
1217 1013 1094 1103 1022 1014 1095 1104 1023 
1218 1014 1095 1104 1023 1015 1096 1105 1024 
1219 1015 1096 1105 1024 1016 1097 1106 1025 
1220 1016 1097 1106 1025 144 135 136 145 
1221 244 253 254 245 1017 1098 1107 1026 
1222 1017 1098 1107 1026 1018 1099 1108 1027 
1223 1018 1099 1108 1027 1019 1100 1109 1028 
1224 1019 1100 1109 1028 1020 1101 1110 1029 
1225 1020 1101 1110 1029 1021 1102 1111 1030 
1226 1021 1102 1111 1030 1022 1103 1112 1031 
1227 1022 1103 1112 1031 1023 1104 1113 1032 
1228 1023 1104 1113 1032 1024 1105 1114 1033 
1229 1024 1105 1114 1033 1025 1106 1115 1034 
1230 1025 1106 1115 1034 145 136 137 146 
1231 245 254 255 246 1026 1107 1116 1035 
1232 1026 1107 1116 1035 1027 1108 1117 1036 
1233 1027 1108 1117 1036 1028 1109 1118 1037 
1234 1028 1109 1118 1037 1029 1110 1119 1038 
1235 1029 1110 1119 1038 1030 1111 1120 1039 
1236 1030 1111 1120 1039 1031 1112 1121 1040 
1237 1031 1112 1121 1040 1032 1113 1122 1041 
1238 1032 1113 1122 1041 1033 1114 1123 1042 
1239 1033 1114 1123 1042 1034 1115 1124 1043 
1240 1034 1115 1124 1043 146 137 138 147 
1241 246 255 256 247 1035 1116 1125 1044 
1242 1035 1116 1125 1044 1036 1117 1126 1045 
1243 1036 1117 1126 1045 1037 1118 1127 1046 
1244 1037 1118 1127 1046 1038 1119 1128 1047 
1245 1038 1119 1128 1047 1039 1120 1129 1048 
1246 1039 1120 1129 1048 1040 1121 1130 1049 
1247 1040 1121 1130 1049 1041 1122 1131 1050 
1248 1041 1122 1131 1050 1042 1123 1132 1051 
1249 1042 1123 1132 1051 1043 1124 1133 1052 
1250 1043 1124 1133 1052 147 138 139 148 
1251 247 256 257 248 1044 1125 1134 1053 
1252 1044 1125 1134 1053 1045 1126 1135 1054 
1253 1045 1126 1135 1054 1046 1127 1136 1055 
1254 1046 1127 1136 1055 1047 1128 1137 1056 
1255 1047 1128 1137 1056 1048 1129 1138 1057 
1256 1048 1129 1138 1057 1049 1130 1139 1058 
1257 1049 1130 1139 1058 1050 1131 1140 1059 
1258 1050 1131 1140 1059 1051 1132 1141 1060 
1259 1051 1132 1141 1060 1052 1133 1142 1061 
1260 1052 1133 1142 1061 148 139 140 149 
1261 248 257 258 249 1053 1134 1143 1062 
1262 1053 1134 1143 1062 1054 1135 1144 1063 
1263 1054 1135 1144 1063 1055 1136 1145 1064 
1264 1055 1136 1145 1064 1056 1137 1146 1065 
1265 1056 1137 1146 1065 1057 1138 1147 1066 
1266 1057 1138 1147 1066 1058 1139 1148 1067 
1267 1058 1139 1148 1067 1059 1140 1149 1068 
1268 1059 1140 1149 1068 1060 1141 1150 1069 
1269 1060 1141 1150 1069 1061 1142 1151 1070 
1270 1061 1142 1151 1070 149 140 141 150 
1271 249 258 259 250 1062 1143 1152 1071 
1272 1062 1143 1152 1071 1063 1144 1153 1072 
1273 1063 1144 1153 1072 1064 1145 1154 1073 
1274 1064 1145 1154 1073 1065 1146 1155 1074 
1275 1065 1146 1155 1074 1066 1147 1156 1075 
1276 1066 1147 1156 1075 1067 1148 1157 1076 
1277 1067 1148 1157 1076 1068 1149 1158 1077 
1278 1068 1149 1158 1077 1069 1150 1159 1078 
1279 1069 1150 1159 1078 1070 1151 1160 1079 
1280 1070 1151 1160 1079 150 141 142 151 
1281 250 259 260 251 1071 1152 1161 1080 
1282 1071 1152 1161 1080 1072 1153 1162 1081 
1283 1072 1153 1162 1081 1073 1154 1163 1082 
1284 1073 1154 1163 1082 1074 1155 1164 1083 
1285 1074 1155 1164 1083 1075 1156 1165 1084 
1286 1075 1156 1165 1084 1076 1157 1166 1085 
1287 1076 1157 1166 1085 1077 1158 1167 1086 
1288 1077 1158 1167 1086 1078 1159 1168 1087 
1289 1078 1159 1168 1087 1079 1160 1169 1088 
1290 1079 1160 1169 1088 151 142 143 152 
1291 251 260 33 32 1080 1161 548 557 
1292 1080 1161 548 557 1081 1162 547 556 
1293 1081 1162 547 556 1082 1163 546 555 
1294 1082 1163 546 555 1083 1164 545 554 
1295 1083 1164 545 554 1084 1165 544 553 
1296 1084 1165 544 553 1085 1166 543 552 
1297 1085 1166 543 552 1086 1167 542 551 
1298 1086 1167 542 551 1087 1168 541 550 
1299 1087 1168 541 550 1088 1169 540 549 
1300 1088 1169 540 549 152 143 11 12 
1301 69 70 261 252 467 458 1170 1089 
1302 467 458 1170 1089 466 457 1171 1090 
1303 466 457 1171 1090 465 456 1172 1091 
1304 465 456 1172 1091 464 455 1173 1092 
1305 464 455 1173 1092 463 454 1174 1093 
1306 463 454 1174 1093 462 453 1175 1094 
1307 462 453 1175 1094 461 452 1176 1095 
1308 461 452 1176 1095 460 451 1177 1096 
1309 460 451 1177 1096 459 450 1178 1097 
1310 459 450 1178 1097 47 46 126 135 
1311 252 261 262 253 1089 1170 1179 1098 
1312 1089 1170 1179 1098 1090 1171 1180 1099 
1313 1090 1171 1180 1099 1091 1172 1181 1100 
1314 1091 1172 1181 1100 1092 1173 1182 1101 
1315 1092 1173 1182 1101 1093 1174 1183 1102 
1316 1093 1174 1183 1102 1094 1175 1184 1103 
1317 1094 1175 1184 1103 1095 1176 1185 1104 
1318 1095 1176 1185 1104 1096 1177 1186 1105 
1319 1096 1177 1186 1105 1097 1178 1187 1106 
1320 1097 1178 1187 1106 135 126 127 136 
1321 253 262 263 254 1098 1179 1188 1107 
1322 1098 1179 1188 1107 1099 1180 1189 1108 
1323 1099 1180 1189 1108 1100 1181 1190 1109 
1324 1100 1181 1190 1109 1101 1182 1191 1110 
1325 1101 1182 1191 1110 1102 1183 1192 1111 
1326 1102 1183 1192 1111 1103 1184 1193 1112 
1327 1103 1184 1193 1112 1104 1185 1194 1113 
1328 1104 1185 1194 1113 1105 1186 1195 1114 
1329 1105 1186 1195 1114 1106 1187 1196 1115 
1330 1106 1187 1196 1115 136 127 128 137 
1331 254 263 264 255 1107 1188 1197 1116 
1332 1107 1188 1197 1116 1108 1189 1198 1117 
1333 1108 1189 1198 1117 1109 1190 1199 1118 
1334 1109 1190 1199 1118 1110 1191 1200 1119 
1335 1110 1191 1200 1119 1111 1192 1201 1120 
1336 1111 1192 1201 1120 1112 1193 1202 1121 
1337 1112 1193 1202 1121 1113 1194 1203 1122 
1338 1113 1194 1203 1122 1114 1195 1204 1123 
1339 1114 1195 1204 1123 1115 1196 1205 1124 
1340 1115 1196 1205 1124 137 128 129 138 
1341 255 264 265 256 1116 1197 1206 1125 
1342 1116 1197 1206 1125 1117 1198 1207 1126 
1343 1117 1198 1207 1126 1118 1199 1208 1127 
1344 1118 1199 1208 1127 1119 1200 1209 1128 
1345 1119 1200 1209 1128 1120 1201 1210 1129 
1346 1120 1201 1210 1129 1121 1202 1211 1130 
1347 1121 1202 1211 1130 1122 1203 1212 1131 
1348 1122 1203 1212 1131 1123 1204 1213 1132 
1349 1123 1204 1213 1132 1124 1205 1214 1133 
1350 1124 1205 1214 1133 138 129 130 139 
1351 256 265 266 257 1125 1206 1215 1134 
1352 1125 1206 1215 1134 1126 1207 1216 1135 
1353 1126 1207 1216 1135 1127 1208 1217 1136 
1354 1127 1208 1217 1136 1128 1209 1218 1137 
1355 1128 1209 1218 1137 1129 1210 1219 1138 
1356 1129 1210 1219 1138 1130 1211 1220 1139 
1357 1130 1211 1220 1139 1131 1212 1221 1140 
1358 1131 1212 1221 1140 1132 1213 1222 1141 
1359 1132 1213 1222 1141 1133 1214 1223 1142 
1360 1133 1214 1223 1142 139 130 131 140 
1361 257 266 267 258 1134 1215 1224 1143 
1362 1134 1215 1224 1143 1135 1216 1225 1144 
1363 1135 1216 1225 1144 1136 1217 1226 1145 
1364 1136 1217 1226 1145 1137 1218 1227 1146 
1365 1137 1218 1227 1146 1138 1219 1228 1147 
1366 1138 1219 1228 1147 1139 1220 1229 1148 
1367 1139 1220 1229 1148 1140 1221 1230 1149 
1368 1140 1221 1230 1149 1141 1222 1231 1150 
1369 1141 1222 1231 1150 1142 1223 1232 1151 
1370 1142 1223 1232 1151 140 131 132 141 
1371 258 267 268 259 1143 1224 1233 1152 
1372 1143 1224 1233 1152 1144 1225 1234 1153 
1373 1144 1225 1234 1153 1145 1226 1235 1154 
1374 1145 1226 1235 1154 1146 1227 1236 1155 
1375 1146 1227 1236 1155 1147 1228 1237 1156 
1376 1147 1228 1237 1156 1148 1229 1238 1157 
1377 1148 1229 1238 1157 1149 1230 1239 1158 
1378 1149 1230 1239 1158 1150 1231 1240 1159 
1379 1150 1231 1240 1159 1151 1232 1241 1160 
1380 1151 1232 1241 1160 141 132 133 142 
1381 259 268 269 260 1152 1233 1242 1161 
1382 1152 1233 1242 1161 1153 1234 1243 1162 
1383 1153 1234 1243 1162 1154 1235 1244 1163 
1384 1154 1235 1244 1163 1155 1236 1245 1164 
1385 1155 1236 1245 1164 1156 1237 1246 1165 
1386 1156 1237 1246 1165 1157 1238 1247 1166 
1387 1157 1238 1247 1166 1158 1239 1248 1167 
1388 1158 1239 1248 1167 1159 1240 1249 1168 
1389 1159 1240 1249 1168 1160 1241 1250 1169 
1390 1160 1241 1250 1169 142 133 134 143 
1391 260 269 34 33 1161 1242 539 548 
1392 1161 1242 539 548 1162 1243 538 547 
1393 1162 1243 538 547 1163 1244 537 546 
1394 1163 1244 537 546 1164 1245 536 545 
1395 1164 1245 536 545 1165 1246 535 544 
1396 1165 1246 535 544 1166 1247 534 543 
1397 1166 1247 534 543 1167 1248 533 542 
1398 1167 1248 533 542 1168 1249 532 541 
1399 1168 1249 532 541 1169 1250 531 540 
1400 1169 1250 531 540 143 134 10 11 
1401 70 71 270 261 458 449 1251 1170 
1402 458 449 1251 1170 457 448 1252 1171 
1403 457 448 1252 1171 456 447 1253 1172 
1404 456 447 1253 1172 455 446 1254 1173 
1405 455 446 1254 1173 454 445 1255 1174 
1406 454 445 1255 1174 453 444 1256 1175 
1407 453 444 1256 1175 452 443 1257 1176 
1408 452 443 1257 1176 451 442 1258 1177 
1409 451 442 1258 1177 450 441 1259 1178 
1410 450 441 1259 1178 46 45 117 126 
1411 261 270 271 262 1170 1251 1260 1179 
1412 1170 1251 1260 1179 1171 1252 1261 1180 
1413 1171 1252 1261 1180 1172 1253 1262 1181 
1414 1172 1253 1262 1181 1173 1254 1263 1182 
1415 1173 1254 1263 1182 1174 1255 1264 1183 
1416 1174 1255 1264 1183 1175 1256 1265 1184 
1417 1175 1256 1265 1184 1176 1257 1266 1185 
1418 1176 1257 1266 1185 1177 1258 1267 1186 
1419 1177 1258 1267 1186 1178 1259 1268 1187 
1420 1178 1259 1268 1187 126 117 118 127 
1421 262 271 272 263 1179 1260 1269 1188 
1422 1179 1260 1269 1188 1180 1261 1270 1189 
1423 1180 1261 1270 1189 1181 1262 1271 1190 
1424 1181 1262 1271 1190 1182 1263 1272 1191 
1425 1182 1263 1272 1191 1183 1264 1273 1192 
1426 1183 1264 1273 1192 1184 1265 1274 1193 
1427 1184 1265 1274 1193 1185 1266 1275 1194 
1428 1185 1266 1275 1194 1186 1267 1276 1195 
1429 1186 1267 1276 1195 1187 1268 1277 1196 
1430 1187 1268 1277 1196 127 118 119 128 
1431 263 272 273 264 1188 1269 1278 1197 
1432 1188 1269 1278 1197 1189 1270 1279 1198 
1433 1189 1270 1279 1198 1190 1271 1280 1199 
1434 1190 1271 1280 1199 1191 1272 1281 1200 
1435 1191 1272 1281 1200 1192 1273 1282 1201 
1436 1192 1273 1282 1201 1193 1274 1283 1202 
1437 1193 1274 1283 1202 1194 1275 1284 1203 
1438 1194 1275 1284 1203 1195 1276 1285 1204 
1439 1195 1276 1285 1204 1196 1277 1286 1205 
1440 1196 1277 1286 1205 128 119 120 129 
1441 264 273 274 265 1197 1278 1287 1206 
1442 1197 1278 1287 1206 1198 1279 1288 1207 
1443 1198 1279 1288 1207 1199 1280 1289 1208 
1444 1199 1280 1289 1208 1200 1281 1290 1209 
1445 1200 1281 1290 1209 1201 1282 1291 1210 
1446 1201 1282 1291 1210 1202 1283 1292 1211 
1447 1202 1283 1292 1211 1203 1284 1293 1212 
1448 1203 1284 1293 1212 1204 1285 1294 1213 
1449 1204 1285 1294 1213 1205 1286 1295 1214 
1450 1205 1286 1295 1214 129 120 121 130 
1451 265 274 275 266 1206 1287 1296 1215 
1452 1206 1287 1296 1215 1207 1288 1297 1216 
1453 1207 1288 1297 1216 1208 1289 1298 1217 
1454 1208 1289 1298 1217 1209 1290 1299 1218 
1455 1209 1290 1299 1218 1210 1291 1300 1219 
1456 1210 1291 1300 1219 1211 1292 1301 1220 
1457 1211 1292 1301 1220 1212 1293 1302 1221 
1458 1212 1293 1302 1221 1213 1294 1303 1222 
1459 1213 1294 1303 1222 1214 1295 1304 1223 
1460 1214 1295 1304 1223 130 121 122 131 
1461 266 275 276 267 1215 1296 1305 1224 
1462 1215 1296 1305 1224 1216 1297 1306 1225 
1463 1216 1297 1306 1225 1217 1298 1307 1226 
1464 1217 1298 1307 1226 1218 1299 1308 1227 
1465 1218 1299 1308 1227 1219 1300 1309 1228 
1466 1219 1300 1309 1228 1220 1301 1310 1229 
1467 1220 1301 1310 1229 1221 1302 1311 1230 
1468 1221 1302 1311 1230 1222 1303 1312 1231 
1469 1222 1303 1312 1231 1223 1304 1313 1232 
1470 1223 1304 1313 1232 131 122 123 132 
1471 267 276 277 268 1224 1305 1314 1233 
1472 1224 1305 1314 1233 1225 1306 1315 1234 
1473 1225 1306 1315 1234 1226 1307 1316 1235 
1474 1226 1307 1316 1235 1227 1308 1317 1236 
1475 1227 1308 1317 1236 1228 1309 1318 1237 
1476 1228 1309 1318 1237 1229 1310 1319 1238 
1477 1229 1310 1319 1238 1230 1311 1320 1239 
1478 1230 1311 1320 1239 1231 1312 1321 1240 
1479 1231 1312 1321 1240 1232 1313 1322 1241 
1480 1232 1313 1322 1241 132 123 124 133 
1481 268 277 278 269 1233 1314 1323 1242 
1482 1233 1314 1323 1242 1234 1315 1324 1243 
1483 1234 1315 1324 1243 1235 1316 1325 1244 
1484 1235 1316 1325 1244 1236 1317 1326 1245 
1485 1236 1317 1326 1245 1237 1318 1327 1246 
1486 1237 1318 1327 1246 1238 1319 1328 1247 
1487 1238 1319 1328 1247 1239 1320 1329 1248 
1488 1239 1320 1329 1248 1240 1321 1330 1249 
1489 1240 1321 1330 1249 1241 1322 1331 1250 
1490 1241 1322 1331 1250 133 124 125 134 
1491 269 278 35 34 1242 1323 530 539 
1492 1242 1323 530 539 1243 1324 529 538 
1493 1243 1324 529 538 1244 1325 528 537 
1494 1244 1325 528 537 1245 1326 527 536 
1495 1245 1326 527 536 1246 1327 526 535 
1496 1246 1327 526 535 1247 1328 525 534 
1497 1247 1328 525 534 1248 1329 524 533 
1498 1248 1329 524 533 1249 1330 523 532 
1499 1249 1330 523 532 1250 1331 522 531 
1500 1250 1331 522 531 134 125 9 10 
1501 71 8 116 270 449 72 279 1251 
1502 449 72 279 1251 448 73 288 1252 
1503 448 73 288 1252 447 74 297 1253 
1504 447 74 297 1253 446 75 306 1254 
1505 446 75 306 1254 445 76 315 1255 
1506 445 76 315 1255 444 77 324 1256 
1507 444 77 324 1256 443 78 333 1257 
1508 443 78 333 1257 442 79 342 1258 
1509 442 79 342 1258 441 80 351 1259 
1510 441 80 351 1259 45 5 98 117 
1511 270 116 115 271 1251 279 280 1260 
1512 1251 279 280 1260 1252 288 289 1261 
1513 1252 288 289 1261 1253 297 298 1262 
1514 1253 297 298 1262 1254 306 307 1263 
1515 1254 306 307 1263 1255 315 316 1264 
1516 1255 315 316 1264 1256 324 325 1265 
1517 1256 324 325 1265 1257 333 334 1266 
1518 1257 333 334 1266 1258 342 343 1267 
1519 1258 342 343 1267 1259 351 352 1268 
1520 1259 351 352 1268 117 98 97 118 
1521 271 115 114 272 1260 280 281 1269 
1522 1260 280 281 1269 1261 289 290 1270 
1523 1261 289 290 1270 1262 298 299 1271 
1524 1262 298 299 1271 1263 307 308 1272 
1525 1263 307 308 1272 1264 316 317 1273 
1526 1264 316 317 1273 1265 325 326 1274 
1527 1265 325 326 1274 1266 334 335 1275 
1528 1266 334 335 1275 1267 343 344 1276 
1529 1267 343 344 1276 1268 352 353 1277 
1530 1268 352 353 1277 118 97 96 119 
1531 272 114 113 273 1269 281 282 1278 
1532 1269 281 282 1278 1270 290 291 1279 
1533 1270 290 291 1279 1271 299 300 1280 
1534 1271 299 300 1280 1272 308 309 1281 
1535 1272 308 309 1281 1273 317 318 1282 
1536 1273 317 318 1282 1274 326 327 1283 
1537 1274 326 327 1283 1275 335 336 1284 
1538 1275 335 336 1284 1276 344 345 1285 
1539 1276 344 345 1285 1277 353 354 1286 
1540 1277 353 354 1286 119 96 95 120 
1541 273 113 112 274 1278 282 283 1287 
1542 1278 282 283 1287 1279 291 292 1288 
1543 1279 291 292 1288 1280 300 301 1289 
1544 1280 300 301 1289 1281 309 310 1290 
1545 1281 309 310 1290 1282 318 319 1291 
1546 1282 318 319 1291 1283 327 328 1292 
1547 1283 327 328 1292 1284 336 337 1293 
1548 1284 336 337 1293 1285 345 346 1294 
1549 1285 345 346 1294 1286 354 355 1295 
1550 1286 354 355 1295 120 95 94 121 
1551 274 112 111 275 1287 283 284 1296 
1552 1287 283 284 1296 1288 292 293 1297 
1553 1288 292 293 1297 1289 301 302 1298 
1554 1289 301 302 1298 1290 310 311 1299 
1555 1290 310 311 1299 1291 319 320 1300 
1556 1291 319 320 1300 1292 328 329 1301 
1557 1292 328 329 1301 1293 337 338 1302 
1558 1293 337 338 1302 1294 346 347 1303 
1559 1294 346 347 1303 1295 355 356 1304 
1560 1295 355 356 1304 121 94 93 122 
1561 275 111 110 276 1296 284 285 1305 
1562 1296 284 285 1305 1297 293 294 1306 
1563 1297 293 294 1306 1298 302 303 1307 
1564 1298 302 303 1307 1299 311 312 1308 
1565 1299 311 312 1308 1300 320 321 1309 
1566 1300 320 321 1309 1301 329 330 1310 
1567 1301 329 330 1310 1302 338 339 1311 
1568 1302 338 339 1311 1303 347 348 1312 
1569 1303 347 348 1312 1304 356 357 1313 
1570 1304 356 357 1313 122 93 92 123 
1571 276 110 109 277 1305 285 286 1314 
1572 1305 285 286 1314 1306 294 295 1315 
1573 1306 294 295 1315 1307 303 304 1316 
1574 1307 303 304 1316 1308 312 313 1317 
1575 1308 312 313 1317 1309 321 322 1318 
1576 1309 321 322 1318 1310 330 331 1319 
1577 1310 330 331 1319 1311 339 340 1320 
1578 1311 339 340 1320 1312 348 349 1321 
1579 1312 348 349 1321 1313 357 358 1322 
1580 1313 357 358 1322 123 92 91 124 
1581 277 109 108 278 1314 286 287 1323 
1582 1314 286 287 1323 1315 295 296 1324 
1583 1315 295 296 1324 1316 304 305 1325 
1584 1316 304 305 1325 1317 313 314 1326 
1585 1317 313 314 1326 1318 322 323 1327 
1586 1318 322 323 1327 1319 331 332 1328 
1587 1319 331 332 1328 1320 340 341 1329 
1588 1320 340 341 1329 1321 349 350 1330 
1589 1321 349 350 1330 1322 358 359 1331 
1590 1322 358 359 1331 124 91 90 125 
1591 278 108 4 35 1323 287 36 530 
1592 1323 287 36 530 1324 296 37 529 
1593 1324 296 37 529 1325 305 38 528 
1594 1325 305 38 528 1326 314 39 527 
1595 1326 314 39 527 1327 323 40 526 
1596 1327 323 40 526 1328 332 41 525 
1597 1328 332 41 525 1329 341 42 524 
1598 1329 341 42 524 1330 350 43 523 
1599 1330 350 43 523 1331 359 44 522 
1600 1331 359 44 522 125 90 1 9 
$EndElements
