$MeshFormat
4.1 0 8
$EndMeshFormat
$Entities
12 27 11 2
1 1 1 1 0 
2 1 1 0 0 
3 1 0 0 0 
4 0 1 1 0 
5 0 1 0 0 
6 0 0 1 0 
7 1 0 1 0 
8 0 0 0 0 
9 2 0 0 0 
10 2 1 1 0 
11 2 0 1 0 
12 2 1 0 0 
1 0 1 1 1 1 1 0 2 4 -1 
2 1 1 1 1 1 1 0 2 1 -1 
3 1 0 1 1 1 1 0 2 1 -7 
4 0 0 1 1 0 1 0 2 7 -6 
5 0 0 0 0 0 1 0 2 6 -8 
6 0 0 0 0 1 0 0 2 8 -5 
7 0 1 0 0 1 0 0 2 5 -5 
8 0 1 0 1 1 0 0 2 5 -2 
9 1 1 0 1 1 0 0 2 2 -2 
10 1 1 0 1 1 0 0 2 2 -2 
11 1 1 0 1 1 1 0 2 2 -1 
12 0 1 0 0 1 1 0 2 5 -4 
13 0 0 1 0 1 1 0 2 4 -6 
14 0 0 0 1 0 0 0 2 8 -3 
15 1 0 0 1 1 0 0 2 3 -2 
16 1 1 0 1 1 0 0 2 2 -2 
17 1 1 0 1 1 0 0 2 2 -2 
18 1 0 0 1 0 0 0 2 3 -3 
19 1 0 0 1 0 1 0 2 3 -7 
20 2 1 0 2 1 1 0 2 10 -12 
21 1 1 0 2 1 0 0 2 12 -2 
22 1 1 1 2 1 1 0 2 10 -1 
23 1 0 1 2 0 1 0 2 11 -7 
24 2 0 1 2 1 1 0 2 10 -11 
25 2 0 0 2 1 0 0 2 9 -12 
26 1 0 0 2 0 0 0 2 3 -9 
27 2 0 0 2 0 1 0 2 9 -11 
1 0 0 0 0 1 1 1 1 4 12 13 5 6 
2 0 1 0 1 1 1 1 3 4 8 11 -1 -12 
3 0 0 0 1 1 0 1 6 4 15 -8 -6 14 
4 1 0 0 1 1 1 0 4 15 11 3 -19 
5 0 0 1 1 1 1 1 5 4 1 3 4 -13 
6 0 0 0 1 0 1 1 4 4 14 19 4 5 
7 1 0 1 2 1 1 1 5 4 23 -3 -22 24 
8 2 0 0 2 1 1 1 2 4 27 -24 20 -25 
9 1 0 0 2 0 1 1 4 4 26 27 23 -19 
10 1 0 0 2 1 0 1 6 4 26 25 21 -15 
11 1 1 0 2 1 1 1 3 4 22 -11 -21 -20 
1 0 0 0 1 1 1 1 1 6 2 3 4 5 6 1 
2 1 0 0 2 1 1 1 1 6 11 7 9 10 8 4 
$EndEntities
$Nodes
45 1723 1 1723
0 1 0 1
1
1 1 1
0 2 0 1
2
1 1 0
0 3 0 1
3
1 0 0
0 4 0 1
4
0 1 1
0 5 0 1
5
0 1 0
0 6 0 1
6
0 0 1
0 7 0 1
7
1 0 1
0 8 0 1
8
0 0 0
0 9 0 1
9
2 0 0
0 10 0 1
10
2 1 1
0 11 0 1
11
2 0 1
0 12 0 1
12
2 1 0
1 1 0 8
13
14
15
16
17
18
19
20
0.1111111111109082 1 1
0.2222222222217143 1 1
0.333333333332501 1 1
0.4444444444432878 1 1
0.5555555555543833 1 1
0.6666666666657874 1 1
0.7777777777771916 1 1
0.8888888888885959 1 1
1 3 0 8
21
22
23
24
25
26
27
28
1 0.8888888888884262 1
1 0.777777777777932 1
1 0.6666666666675918 1
1 0.5555555555572513 1
1 0.4444444444462943 1
1 0.3333333333347207 1
1 0.2222222222231471 1
1 0.1111111111115736 1
1 4 0 8
29
30
31
32
33
34
35
36
0.8888888888884262 0 1
0.777777777777932 0 1
0.6666666666675918 0 1
0.5555555555572513 0 1
0.4444444444462943 0 1
0.3333333333347207 0 1
0.2222222222231471 0 1
0.1111111111115736 0 1
1 5 0 8
37
38
39
40
41
42
43
44
0 0 0.8888888888884262
0 0 0.777777777777932
0 0 0.6666666666675918
0 0 0.5555555555572513
0 0 0.4444444444462943
0 0 0.3333333333347207
0 0 0.2222222222231471
0 0 0.1111111111115736
1 6 0 8
45
46
47
48
49
50
51
52
0 0.1111111111109082 0
0 0.2222222222217143 0
0 0.333333333332501 0
0 0.4444444444432878 0
0 0.5555555555543833 0
0 0.6666666666657874 0
0 0.7777777777771916 0
0 0.8888888888885959 0
1 8 0 8
53
54
55
56
57
58
59
60
0.1111111111109082 1 0
0.2222222222217143 1 0
0.333333333332501 1 0
0.4444444444432878 1 0
0.5555555555543833 1 0
0.6666666666657874 1 0
0.7777777777771916 1 0
0.8888888888885959 1 0
1 11 0 8
61
62
63
64
65
66
67
68
1 1 0.1111111111109082
1 1 0.2222222222217143
1 1 0.333333333332501
1 1 0.4444444444432878
1 1 0.5555555555543833
1 1 0.6666666666657874
1 1 0.7777777777771916
1 1 0.8888888888885959
1 12 0 8
69
70
71
72
73
74
75
76
0 1 0.1111111111109082
0 1 0.2222222222217143
0 1 0.333333333332501
0 1 0.4444444444432878
0 1 0.5555555555543833
0 1 0.6666666666657874
0 1 0.7777777777771916
0 1 0.8888888888885959
1 13 0 8
77
78
79
80
81
82
83
84
0 0.8888888888884262 1
0 0.777777777777932 1
0 0.6666666666675918 1
0 0.5555555555572513 1
0 0.4444444444462943 1
0 0.3333333333347207 1
0 0.2222222222231471 1
0 0.1111111111115736 1
1 14 0 8
85
86
87
88
89
90
91
92
0.1111111111109082 0 0
0.2222222222217143 0 0
0.333333333332501 0 0
0.4444444444432878 0 0
0.5555555555543833 0 0
0.6666666666657874 0 0
0.7777777777771916 0 0
0.8888888888885959 0 0
1 15 0 8
93
94
95
96
97
98
99
100
1 0.1111111111109082 0
1 0.2222222222217143 0
1 0.333333333332501 0
1 0.4444444444432878 0
1 0.5555555555543833 0
1 0.6666666666657874 0
1 0.7777777777771916 0
1 0.8888888888885959 0
1 19 0 8
101
102
103
104
105
106
107
108
1 0 0.1111111111109082
1 0 0.2222222222217143
1 0 0.333333333332501
1 0 0.4444444444432878
1 0 0.5555555555543833
1 0 0.6666666666657874
1 0 0.7777777777771916
1 0 0.8888888888885959
1 20 0 8
109
110
111
112
113
114
115
116
2 1 0.8888888888884262
2 1 0.777777777777932
2 1 0.6666666666675918
2 1 0.5555555555572513
2 1 0.4444444444462943
2 1 0.3333333333347207
2 1 0.2222222222231471
2 1 0.1111111111115736
1 21 0 8
117
118
119
120
121
122
123
124
1.888888888888889 1 0
1.777777777777778 1 0
1.666666666666667 1 0
1.555555555555556 1 0
1.444444444444444 1 0
1.333333333333333 1 0
1.222222222222222 1 0
1.111111111111111 1 0
1 22 0 8
125
126
127
128
129
130
131
132
1.888888888888889 1 1
1.777777777777778 1 1
1.666666666666667 1 1
1.555555555555556 1 1
1.444444444444444 1 1
1.333333333333333 1 1
1.222222222222222 1 1
1.111111111111111 1 1
1 23 0 8
133
134
135
136
137
138
139
140
1.888888888888889 0 1
1.777777777777778 0 1
1.666666666666667 0 1
1.555555555555556 0 1
1.444444444444444 0 1
1.333333333333333 0 1
1.222222222222222 0 1
1.111111111111111 0 1
1 24 0 8
141
142
143
144
145
146
147
148
2 0.8888888888884262 1
2 0.777777777777932 1
2 0.6666666666675918 1
2 0.5555555555572513 1
2 0.4444444444462943 1
2 0.3333333333347207 1
2 0.2222222222231471 1
2 0.1111111111115736 1
1 25 0 8
149
150
151
152
153
154
155
156
2 0.1111111111109082 0
2 0.2222222222217143 0
2 0.333333333332501 0
2 0.4444444444432878 0
2 0.5555555555543833 0
2 0.6666666666657874 0
2 0.7777777777771916 0
2 0.8888888888885959 0
1 26 0 8
157
158
159
160
161
162
163
164
1.111111111111111 0 0
1.222222222222222 0 0
1.333333333333333 0 0
1.444444444444444 0 0
1.555555555555556 0 0
1.666666666666667 0 0
1.777777777777778 0 0
1.888888888888889 0 0
1 27 0 8
165
166
167
168
169
170
171
172
2 0 0.1111111111109082
2 0 0.2222222222217143
2 0 0.333333333332501
2 0 0.4444444444432878
2 0 0.5555555555543833
2 0 0.6666666666657874
2 0 0.7777777777771916
2 0 0.8888888888885959
2 1 0 64
173
174
175
176
177
178
179
180
181
182
183
184
185
186
187
188
189
190
191
192
193
194
195
196
197
198
199
200
201
202
203
204
205
206
207
208
209
210
211
212
213
214
215
216
217
218
219
220
221
222
223
224
225
226
227
228
229
230
231
232
233
234
235
236
0 0.888888888888577 0.1111111111109822
0 0.7777777777772737 0.1111111111110561
0 0.666666666665988 0.11111111111113
0 0.555555555554702 0.1111111111112039
0 0.4444444444436219 0.1111111111112779
0 0.3333333333327477 0.1111111111113518
0 0.2222222222218735 0.1111111111114257
0 0.1111111111109821 0.1111111111114996
0 0.8888888888885581 0.2222222222218735
0 0.7777777777773562 0.2222222222220327
0 0.6666666666661885 0.2222222222221919
0 0.5555555555550207 0.2222222222223511
0 0.4444444444439559 0.2222222222225103
0 0.3333333333329943 0.2222222222226695
0 0.2222222222220327 0.2222222222228287
0 0.1111111111110561 0.2222222222229879
0 0.8888888888885391 0.3333333333327477
0 0.7777777777774384 0.3333333333329944
0 0.666666666666389 0.3333333333332409
0 0.5555555555553393 0.3333333333334875
0 0.44444444444429 0.3333333333337342
0 0.3333333333332409 0.3333333333339808
0 0.2222222222221919 0.3333333333342274
0 0.11111111111113 0.3333333333344741
0 0.8888888888885206 0.444444444443622
0 0.7777777777775206 0.4444444444439559
0 0.6666666666665892 0.44444444444429
0 0.5555555555556579 0.4444444444446241
0 0.4444444444446241 0.4444444444449581
0 0.3333333333334876 0.4444444444452921
0 0.2222222222223511 0.4444444444456261
0 0.1111111111112039 0.4444444444459603
0 0.8888888888885015 0.5555555555547022
0 0.7777777777776029 0.5555555555550208
0 0.66666666666679 0.5555555555553394
0 0.5555555555559768 0.5555555555556579
0 0.444444444444958 0.5555555555559767
0 0.3333333333337342 0.5555555555562953
0 0.2222222222225103 0.555555555556614
0 0.1111111111112779 0.5555555555569326
0 0.8888888888884828 0.666666666665988
0 0.7777777777776853 0.6666666666661885
0 0.6666666666669903 0.666666666666389
0 0.5555555555562952 0.6666666666665895
0 0.4444444444452922 0.66666666666679
0 0.3333333333339809 0.6666666666669903
0 0.2222222222226695 0.666666666667191
0 0.1111111111113518 0.6666666666673913
0 0.8888888888884638 0.7777777777772739
0 0.7777777777777675 0.777777777777356
0 0.666666666667191 0.7777777777774384
0 0.5555555555566141 0.7777777777775208
0 0.4444444444456261 0.7777777777776029
0 0.3333333333342274 0.7777777777776853
0 0.2222222222228287 0.7777777777777675
0 0.1111111111114257 0.7777777777778496
0 0.8888888888884451 0.8888888888885771
0 0.7777777777778496 0.8888888888885582
0 0.6666666666673913 0.8888888888885393
0 0.5555555555569327 0.8888888888885205
0 0.4444444444459602 0.8888888888885016
0 0.3333333333344741 0.8888888888884827
0 0.2222222222229879 0.8888888888884641
0 0.1111111111114996 0.888888888888445
2 2 0 64
237
238
239
240
241
242
243
244
245
246
247
248
249
250
251
252
253
254
255
256
257
258
259
260
261
262
263
264
265
266
267
268
269
270
271
272
273
274
275
276
277
278
279
280
281
282
283
284
285
286
287
288
289
290
291
292
293
294
295
296
297
298
299
300
0.1111111111109083 1 0.1111111111109082
0.1111111111109082 1 0.2222222222217143
0.1111111111109082 1 0.333333333332501
0.1111111111109082 1 0.4444444444432878
0.1111111111109082 1 0.5555555555543833
0.1111111111109082 1 0.6666666666657874
0.1111111111109082 1 0.7777777777771917
0.1111111111109082 1 0.8888888888885959
0.2222222222217143 1 0.1111111111109082
0.2222222222217142 1 0.2222222222217143
0.2222222222217143 1 0.333333333332501
0.2222222222217143 1 0.4444444444432878
0.2222222222217143 1 0.5555555555543833
0.2222222222217143 1 0.6666666666657874
0.2222222222217143 1 0.7777777777771916
0.2222222222217143 1 0.8888888888885959
0.333333333332501 1 0.1111111111109082
0.333333333332501 1 0.2222222222217143
0.333333333332501 1 0.333333333332501
0.333333333332501 1 0.4444444444432879
0.333333333332501 1 0.5555555555543833
0.333333333332501 1 0.6666666666657874
0.333333333332501 1 0.7777777777771916
0.333333333332501 1 0.8888888888885957
0.4444444444432877 1 0.1111111111109082
0.444444444443288 1 0.2222222222217143
0.4444444444432879 1 0.333333333332501
0.4444444444432878 1 0.4444444444432879
0.4444444444432878 1 0.5555555555543833
0.4444444444432879 1 0.6666666666657874
0.4444444444432878 1 0.7777777777771917
0.4444444444432878 1 0.888888888888596
0.5555555555543833 1 0.1111111111109082
0.5555555555543833 1 0.2222222222217143
0.5555555555543833 1 0.333333333332501
0.5555555555543833 1 0.4444444444432878
0.5555555555543833 1 0.5555555555543833
0.5555555555543833 1 0.6666666666657874
0.5555555555543833 1 0.7777777777771916
0.5555555555543833 1 0.8888888888885959
0.6666666666657872 1 0.1111111111109082
0.6666666666657874 1 0.2222222222217143
0.6666666666657874 1 0.333333333332501
0.6666666666657874 1 0.4444444444432879
0.6666666666657874 1 0.5555555555543833
0.6666666666657874 1 0.6666666666657874
0.6666666666657874 1 0.7777777777771916
0.6666666666657874 1 0.8888888888885957
0.7777777777771915 1 0.1111111111109082
0.7777777777771916 1 0.2222222222217143
0.7777777777771918 1 0.333333333332501
0.7777777777771917 1 0.4444444444432878
0.7777777777771914 1 0.5555555555543833
0.7777777777771916 1 0.6666666666657874
0.7777777777771916 1 0.7777777777771916
0.7777777777771916 1 0.8888888888885959
0.8888888888885959 1 0.1111111111109082
0.8888888888885959 1 0.2222222222217143
0.8888888888885957 1 0.333333333332501
0.888888888888596 1 0.4444444444432878
0.8888888888885959 1 0.5555555555543833
0.8888888888885957 1 0.6666666666657874
0.8888888888885959 1 0.7777777777771916
0.8888888888885959 1 0.8888888888885959
2 3 0 64
301
302
303
304
305
306
307
308
309
310
311
312
313
314
315
316
317
318
319
320
321
322
323
324
325
326
327
328
329
330
331
332
333
334
335
336
337
338
339
340
341
342
343
344
345
346
347
348
349
350
351
352
353
354
355
356
357
358
359
360
361
362
363
364
0.8888888888885959 0.1111111111109082 0
0.7777777777771917 0.1111111111109082 0
0.6666666666657874 0.1111111111109082 0
0.5555555555543833 0.1111111111109082 0
0.4444444444432878 0.1111111111109083 0
0.333333333332501 0.1111111111109082 0
0.2222222222217143 0.1111111111109082 0
0.1111111111109082 0.1111111111109082 0
0.8888888888885959 0.2222222222217143 0
0.7777777777771916 0.2222222222217142 0
0.6666666666657874 0.2222222222217143 0
0.5555555555543833 0.2222222222217143 0
0.4444444444432878 0.2222222222217143 0
0.333333333332501 0.2222222222217143 0
0.2222222222217143 0.2222222222217143 0
0.1111111111109082 0.2222222222217143 0
0.8888888888885957 0.3333333333325009 0
0.7777777777771916 0.333333333332501 0
0.6666666666657874 0.333333333332501 0
0.5555555555543833 0.333333333332501 0
0.4444444444432879 0.333333333332501 0
0.333333333332501 0.333333333332501 0
0.2222222222217143 0.333333333332501 0
0.1111111111109082 0.333333333332501 0
0.888888888888596 0.444444444443288 0
0.7777777777771917 0.444444444443288 0
0.6666666666657874 0.4444444444432878 0
0.5555555555543833 0.4444444444432878 0
0.4444444444432879 0.4444444444432878 0
0.333333333332501 0.4444444444432878 0
0.2222222222217143 0.4444444444432878 0
0.1111111111109082 0.4444444444432879 0
0.8888888888885959 0.5555555555543833 0
0.7777777777771916 0.5555555555543833 0
0.6666666666657874 0.5555555555543833 0
0.5555555555543833 0.5555555555543833 0
0.4444444444432878 0.5555555555543833 0
0.333333333332501 0.5555555555543833 0
0.2222222222217143 0.5555555555543833 0
0.1111111111109082 0.5555555555543833 0
0.8888888888885957 0.6666666666657874 0
0.7777777777771916 0.6666666666657874 0
0.6666666666657874 0.6666666666657874 0
0.5555555555543833 0.6666666666657874 0
0.4444444444432879 0.6666666666657874 0
0.333333333332501 0.6666666666657874 0
0.2222222222217143 0.6666666666657874 0
0.1111111111109082 0.6666666666657874 0
0.8888888888885959 0.7777777777771916 0
0.7777777777771916 0.7777777777771916 0
0.6666666666657874 0.7777777777771914 0
0.5555555555543833 0.7777777777771916 0
0.4444444444432878 0.7777777777771916 0
0.333333333332501 0.7777777777771916 0
0.2222222222217143 0.7777777777771916 0
0.1111111111109082 0.7777777777771917 0
0.8888888888885959 0.8888888888885956 0
0.7777777777771916 0.8888888888885959 0
0.6666666666657874 0.888888888888596 0
0.5555555555543833 0.8888888888885959 0
0.4444444444432878 0.8888888888885959 0
0.333333333332501 0.888888888888596 0
0.2222222222217143 0.8888888888885959 0
0.1111111111109082 0.8888888888885959 0
2 4 0 64
365
366
367
368
369
370
371
372
373
374
375
376
377
378
379
380
381
382
383
384
385
386
387
388
389
390
391
392
393
394
395
396
397
398
399
400
401
402
403
404
405
406
407
408
409
410
411
412
413
414
415
416
417
418
419
420
421
422
423
424
425
426
427
428
1 0.1111111111109822 0.1111111111109082
1 0.1111111111110561 0.2222222222217143
1 0.11111111111113 0.333333333332501
1 0.1111111111112039 0.4444444444432878
1 0.1111111111112779 0.5555555555543833
1 0.1111111111113518 0.6666666666657874
1 0.1111111111114257 0.7777777777771916
1 0.1111111111114996 0.888888888888596
1 0.2222222222218735 0.1111111111109082
1 0.2222222222220326 0.2222222222217143
1 0.2222222222221919 0.333333333332501
1 0.2222222222223511 0.4444444444432878
1 0.2222222222225103 0.5555555555543833
1 0.2222222222226695 0.6666666666657874
1 0.2222222222228287 0.7777777777771916
1 0.2222222222229879 0.8888888888885959
1 0.3333333333327477 0.1111111111109082
1 0.3333333333329943 0.2222222222217143
1 0.3333333333332409 0.333333333332501
1 0.3333333333334875 0.4444444444432878
1 0.3333333333337342 0.5555555555543833
1 0.3333333333339808 0.6666666666657874
1 0.3333333333342274 0.7777777777771916
1 0.3333333333344741 0.888888888888596
1 0.4444444444436219 0.1111111111109082
1 0.4444444444439559 0.2222222222217143
1 0.44444444444429 0.333333333332501
1 0.4444444444446241 0.4444444444432878
1 0.4444444444449581 0.5555555555543833
1 0.4444444444452922 0.6666666666657874
1 0.4444444444456261 0.7777777777771916
1 0.4444444444459602 0.8888888888885959
1 0.5555555555547019 0.1111111111109082
1 0.5555555555550206 0.2222222222217143
1 0.5555555555553394 0.333333333332501
1 0.5555555555556581 0.4444444444432878
1 0.5555555555559767 0.5555555555543833
1 0.5555555555562953 0.6666666666657874
1 0.555555555556614 0.7777777777771916
1 0.5555555555569326 0.8888888888885959
1 0.666666666665988 0.1111111111109082
1 0.6666666666661885 0.2222222222217143
1 0.666666666666389 0.333333333332501
1 0.6666666666665895 0.4444444444432879
1 0.66666666666679 0.5555555555543833
1 0.6666666666669903 0.6666666666657874
1 0.6666666666671908 0.7777777777771916
1 0.6666666666673913 0.8888888888885957
1 0.7777777777772739 0.1111111111109082
1 0.7777777777773562 0.2222222222217143
1 0.7777777777774384 0.333333333332501
1 0.7777777777775206 0.4444444444432878
1 0.7777777777776029 0.5555555555543833
1 0.7777777777776851 0.6666666666657874
1 0.7777777777777675 0.7777777777771917
1 0.7777777777778496 0.8888888888885959
1 0.8888888888885769 0.1111111111109082
1 0.8888888888885582 0.2222222222217143
1 0.8888888888885393 0.333333333332501
1 0.8888888888885205 0.4444444444432878
1 0.8888888888885016 0.5555555555543833
1 0.8888888888884827 0.6666666666657874
1 0.8888888888884638 0.7777777777771916
1 0.888888888888445 0.8888888888885959
2 5 0 64
429
430
431
432
433
434
435
436
437
438
439
440
441
442
443
444
445
446
447
448
449
450
451
452
453
454
455
456
457
458
459
460
461
462
463
464
465
466
467
468
469
470
471
472
473
474
475
476
477
478
479
480
481
482
483
484
485
486
487
488
489
490
491
492
0.1111111111109822 0.8888888888884262 1
0.1111111111110561 0.777777777777932 1
0.11111111111113 0.6666666666675918 1
0.1111111111112039 0.5555555555572513 1
0.1111111111112779 0.4444444444462942 1
0.1111111111113518 0.3333333333347207 1
0.1111111111114257 0.2222222222231471 1
0.1111111111114996 0.1111111111115736 1
0.2222222222218735 0.8888888888884262 1
0.2222222222220326 0.777777777777932 1
0.2222222222221919 0.6666666666675918 1
0.2222222222223511 0.5555555555572513 1
0.2222222222225103 0.4444444444462943 1
0.2222222222226695 0.3333333333347207 1
0.2222222222228287 0.2222222222231471 1
0.2222222222229879 0.1111111111115736 1
0.3333333333327477 0.8888888888884262 1
0.3333333333329943 0.777777777777932 1
0.3333333333332411 0.6666666666675918 1
0.3333333333334875 0.5555555555572513 1
0.3333333333337342 0.4444444444462943 1
0.3333333333339808 0.3333333333347207 1
0.3333333333342274 0.2222222222231471 1
0.3333333333344741 0.1111111111115736 1
0.444444444443622 0.8888888888884262 1
0.4444444444439559 0.777777777777932 1
0.4444444444442899 0.6666666666675918 1
0.4444444444446241 0.5555555555572513 1
0.444444444444958 0.4444444444462943 1
0.4444444444452922 0.3333333333347207 1
0.4444444444456261 0.2222222222231471 1
0.4444444444459603 0.1111111111115736 1
0.5555555555547019 0.8888888888884262 1
0.5555555555550206 0.777777777777932 1
0.5555555555553392 0.6666666666675918 1
0.5555555555556581 0.5555555555572513 1
0.5555555555559767 0.4444444444462943 1
0.5555555555562953 0.3333333333347207 1
0.555555555556614 0.2222222222231471 1
0.5555555555569326 0.1111111111115736 1
0.6666666666659882 0.8888888888884263 1
0.6666666666661885 0.777777777777932 1
0.666666666666389 0.6666666666675918 1
0.6666666666665892 0.5555555555572513 1
0.6666666666667898 0.4444444444462943 1
0.6666666666669903 0.3333333333347207 1
0.6666666666671908 0.2222222222231471 1
0.6666666666673913 0.1111111111115736 1
0.7777777777772739 0.8888888888884262 1
0.7777777777773562 0.777777777777932 1
0.7777777777774384 0.6666666666675918 1
0.7777777777775208 0.5555555555572513 1
0.7777777777776029 0.4444444444462943 1
0.7777777777776851 0.3333333333347207 1
0.7777777777777675 0.2222222222231471 1
0.7777777777778496 0.1111111111115736 1
0.8888888888885771 0.8888888888884262 1
0.8888888888885582 0.777777777777932 1
0.8888888888885391 0.6666666666675918 1
0.8888888888885205 0.5555555555572513 1
0.8888888888885016 0.4444444444462943 1
0.8888888888884827 0.3333333333347207 1
0.8888888888884638 0.2222222222231471 1
0.888888888888445 0.1111111111115736 1
2 6 0 64
493
494
495
496
497
498
499
500
501
502
503
504
505
506
507
508
509
510
511
512
513
514
515
516
517
518
519
520
521
522
523
524
525
526
527
528
529
530
531
532
533
534
535
536
537
538
539
540
541
542
543
544
545
546
547
548
549
550
551
552
553
554
555
556
0.1111111111109822 0 0.1111111111114997
0.1111111111110561 0 0.2222222222229879
0.11111111111113 0 0.3333333333344741
0.1111111111112039 0 0.4444444444459603
0.1111111111112779 0 0.5555555555569326
0.1111111111113518 0 0.6666666666673913
0.1111111111114257 0 0.7777777777778495
0.1111111111114996 0 0.888888888888445
0.2222222222218735 0 0.1111111111114257
0.2222222222220326 0 0.2222222222228287
0.2222222222221919 0 0.3333333333342274
0.2222222222223511 0 0.4444444444456261
0.2222222222225103 0 0.5555555555566142
0.2222222222226695 0 0.6666666666671908
0.2222222222228287 0 0.7777777777777675
0.2222222222229879 0 0.8888888888884641
0.3333333333327478 0 0.1111111111113518
0.3333333333329944 0 0.2222222222226695
0.3333333333332409 0 0.3333333333339809
0.3333333333334875 0 0.4444444444452922
0.3333333333337342 0 0.5555555555562953
0.3333333333339808 0 0.6666666666669903
0.3333333333342274 0 0.7777777777776853
0.3333333333344741 0 0.8888888888884827
0.4444444444436218 0 0.1111111111112779
0.4444444444439559 0 0.2222222222225103
0.44444444444429 0 0.3333333333337342
0.4444444444446241 0 0.4444444444449581
0.444444444444958 0 0.5555555555559767
0.4444444444452922 0 0.66666666666679
0.4444444444456261 0 0.7777777777776029
0.4444444444459602 0 0.8888888888885016
0.5555555555547019 0 0.1111111111112039
0.5555555555550206 0 0.2222222222223511
0.5555555555553392 0 0.3333333333334875
0.5555555555556581 0 0.4444444444446241
0.5555555555559767 0 0.5555555555556581
0.5555555555562953 0 0.6666666666665892
0.555555555556614 0 0.7777777777775206
0.5555555555569326 0 0.8888888888885205
0.666666666665988 0 0.11111111111113
0.6666666666661885 0 0.2222222222221919
0.666666666666389 0 0.3333333333332409
0.6666666666665892 0 0.44444444444429
0.66666666666679 0 0.5555555555553392
0.6666666666669903 0 0.666666666666389
0.666666666667191 0 0.7777777777774384
0.6666666666673913 0 0.8888888888885393
0.7777777777772737 0 0.1111111111110561
0.777777777777356 0 0.2222222222220327
0.7777777777774384 0 0.3333333333329944
0.7777777777775208 0 0.4444444444439559
0.7777777777776029 0 0.5555555555550208
0.7777777777776851 0 0.6666666666661882
0.7777777777777675 0 0.7777777777773562
0.7777777777778496 0 0.8888888888885582
0.8888888888885771 0 0.1111111111109822
0.8888888888885582 0 0.2222222222218735
0.8888888888885391 0 0.3333333333327477
0.8888888888885205 0 0.444444444443622
0.8888888888885016 0 0.5555555555547019
0.8888888888884827 0 0.666666666665988
0.8888888888884638 0 0.7777777777772739
0.888888888888445 0 0.8888888888885769
2 7 0 64
557
558
559
560
561
562
563
564
565
566
567
568
569
570
571
572
573
574
575
576
577
578
579
580
581
582
583
584
585
586
587
588
589
590
591
592
593
594
595
596
597
598
599
600
601
602
603
604
605
606
607
608
609
610
611
612
613
614
615
616
617
618
619
620
1.888888888888889 0.1111111111115736 1
1.888888888888889 0.2222222222231471 1
1.888888888888889 0.3333333333347207 1
1.888888888888889 0.4444444444462943 1
1.888888888888889 0.5555555555572513 1
1.888888888888889 0.6666666666675918 1
1.888888888888889 0.777777777777932 1
1.888888888888889 0.8888888888884262 1
1.777777777777777 0.1111111111115736 1
1.777777777777778 0.2222222222231471 1
1.777777777777778 0.3333333333347207 1
1.777777777777778 0.4444444444462943 1
1.777777777777778 0.5555555555572513 1
1.777777777777778 0.6666666666675918 1
1.777777777777778 0.777777777777932 1
1.777777777777778 0.8888888888884262 1
1.666666666666667 0.1111111111115736 1
1.666666666666667 0.2222222222231471 1
1.666666666666667 0.3333333333347207 1
1.666666666666667 0.4444444444462943 1
1.666666666666667 0.5555555555572513 1
1.666666666666667 0.6666666666675918 1
1.666666666666667 0.777777777777932 1
1.666666666666667 0.8888888888884263 1
1.555555555555555 0.1111111111115736 1
1.555555555555555 0.2222222222231471 1
1.555555555555555 0.3333333333347207 1
1.555555555555556 0.4444444444462943 1
1.555555555555556 0.5555555555572513 1
1.555555555555555 0.6666666666675918 1
1.555555555555556 0.777777777777932 1
1.555555555555556 0.8888888888884262 1
1.444444444444444 0.1111111111115736 1
1.444444444444444 0.2222222222231471 1
1.444444444444444 0.3333333333347207 1
1.444444444444445 0.4444444444462943 1
1.444444444444444 0.5555555555572513 1
1.444444444444444 0.6666666666675918 1
1.444444444444444 0.777777777777932 1
1.444444444444444 0.8888888888884262 1
1.333333333333333 0.1111111111115736 1
1.333333333333333 0.2222222222231471 1
1.333333333333333 0.3333333333347207 1
1.333333333333333 0.4444444444462943 1
1.333333333333333 0.5555555555572513 1
1.333333333333333 0.6666666666675918 1
1.333333333333333 0.777777777777932 1
1.333333333333333 0.8888888888884262 1
1.222222222222222 0.1111111111115736 1
1.222222222222222 0.2222222222231471 1
1.222222222222223 0.3333333333347207 1
1.222222222222222 0.4444444444462943 1
1.222222222222222 0.5555555555572513 1
1.222222222222222 0.6666666666675918 1
1.222222222222222 0.777777777777932 1
1.222222222222222 0.8888888888884262 1
1.111111111111111 0.1111111111115736 1
1.111111111111111 0.2222222222231471 1
1.111111111111111 0.3333333333347207 1
1.111111111111111 0.4444444444462943 1
1.111111111111111 0.5555555555572513 1
1.111111111111111 0.6666666666675918 1
1.111111111111111 0.777777777777932 1
1.111111111111111 0.8888888888884262 1
2 8 0 64
621
622
623
624
625
626
627
628
629
630
631
632
633
634
635
636
637
638
639
640
641
642
643
644
645
646
647
648
649
650
651
652
653
654
655
656
657
658
659
660
661
662
663
664
665
666
667
668
669
670
671
672
673
674
675
676
677
678
679
680
681
682
683
684
2 0.1111111111109822 0.1111111111109822
2 0.2222222222218735 0.1111111111110561
2 0.3333333333327477 0.11111111111113
2 0.4444444444436219 0.1111111111112039
2 0.5555555555547019 0.1111111111112779
2 0.666666666665988 0.1111111111113518
2 0.7777777777772737 0.1111111111114257
2 0.8888888888885771 0.1111111111114996
2 0.1111111111110561 0.2222222222218735
2 0.2222222222220327 0.2222222222220326
2 0.3333333333329944 0.2222222222221919
2 0.4444444444439559 0.2222222222223511
2 0.5555555555550208 0.2222222222225103
2 0.6666666666661885 0.2222222222226695
2 0.7777777777773562 0.2222222222228287
2 0.8888888888885582 0.2222222222229879
2 0.11111111111113 0.3333333333327478
2 0.2222222222221919 0.3333333333329944
2 0.3333333333332409 0.3333333333332409
2 0.44444444444429 0.3333333333334875
2 0.5555555555553392 0.3333333333337342
2 0.666666666666389 0.3333333333339808
2 0.7777777777774384 0.3333333333342274
2 0.8888888888885393 0.3333333333344741
2 0.1111111111112039 0.4444444444436218
2 0.2222222222223511 0.4444444444439559
2 0.3333333333334875 0.44444444444429
2 0.4444444444446241 0.4444444444446241
2 0.5555555555556581 0.444444444444958
2 0.6666666666665892 0.4444444444452922
2 0.7777777777775206 0.4444444444456261
2 0.8888888888885205 0.4444444444459602
2 0.1111111111112779 0.5555555555547019
2 0.2222222222225103 0.5555555555550206
2 0.3333333333337342 0.5555555555553392
2 0.444444444444958 0.5555555555556581
2 0.5555555555559767 0.5555555555559767
2 0.66666666666679 0.5555555555562953
2 0.7777777777776029 0.555555555556614
2 0.8888888888885016 0.5555555555569326
2 0.1111111111113518 0.666666666665988
2 0.2222222222226695 0.6666666666661885
2 0.3333333333339809 0.666666666666389
2 0.4444444444452922 0.6666666666665892
2 0.5555555555562953 0.66666666666679
2 0.6666666666669903 0.6666666666669903
2 0.7777777777776853 0.666666666667191
2 0.8888888888884827 0.6666666666673913
2 0.1111111111114257 0.7777777777772737
2 0.2222222222228287 0.777777777777356
2 0.3333333333342274 0.7777777777774384
2 0.4444444444456261 0.7777777777775208
2 0.555555555556614 0.7777777777776029
2 0.666666666667191 0.7777777777776851
2 0.7777777777777675 0.7777777777777675
2 0.8888888888884638 0.7777777777778496
2 0.1111111111114996 0.8888888888885771
2 0.2222222222229879 0.8888888888885582
2 0.3333333333344741 0.8888888888885391
2 0.4444444444459602 0.8888888888885205
2 0.5555555555569326 0.8888888888885016
2 0.6666666666673913 0.8888888888884827
2 0.7777777777778496 0.8888888888884638
2 0.888888888888445 0.888888888888445
2 9 0 64
685
686
687
688
689
690
691
692
693
694
695
696
697
698
699
700
701
702
703
704
705
706
707
708
709
710
711
712
713
714
715
716
717
718
719
720
721
722
723
724
725
726
727
728
729
730
731
732
733
734
735
736
737
738
739
740
741
742
743
744
745
746
747
748
1.111111111111111 0 0.1111111111109082
1.111111111111111 0 0.2222222222217143
1.111111111111111 0 0.333333333332501
1.111111111111111 0 0.4444444444432878
1.111111111111111 0 0.5555555555543833
1.111111111111111 0 0.6666666666657874
1.111111111111111 0 0.7777777777771916
1.111111111111111 0 0.8888888888885959
1.222222222222222 0 0.1111111111109082
1.222222222222222 0 0.2222222222217143
1.222222222222222 0 0.333333333332501
1.222222222222222 0 0.4444444444432878
1.222222222222222 0 0.5555555555543833
1.222222222222222 0 0.6666666666657874
1.222222222222222 0 0.7777777777771917
1.222222222222222 0 0.8888888888885959
1.333333333333333 0 0.1111111111109082
1.333333333333333 0 0.2222222222217143
1.333333333333333 0 0.333333333332501
1.333333333333333 0 0.4444444444432879
1.333333333333334 0 0.5555555555543833
1.333333333333334 0 0.6666666666657874
1.333333333333333 0 0.7777777777771916
1.333333333333334 0 0.8888888888885957
1.444444444444444 0 0.1111111111109082
1.444444444444444 0 0.2222222222217143
1.444444444444444 0 0.333333333332501
1.444444444444445 0 0.4444444444432878
1.444444444444444 0 0.5555555555543833
1.444444444444444 0 0.6666666666657874
1.444444444444444 0 0.7777777777771916
1.444444444444444 0 0.8888888888885959
1.555555555555556 0 0.1111111111109082
1.555555555555556 0 0.2222222222217143
1.555555555555556 0 0.333333333332501
1.555555555555556 0 0.4444444444432878
1.555555555555556 0 0.5555555555543833
1.555555555555556 0 0.6666666666657874
1.555555555555556 0 0.7777777777771916
1.555555555555555 0 0.8888888888885959
1.666666666666667 0 0.1111111111109082
1.666666666666667 0 0.2222222222217143
1.666666666666667 0 0.333333333332501
1.666666666666666 0 0.4444444444432879
1.666666666666666 0 0.5555555555543833
1.666666666666667 0 0.6666666666657874
1.666666666666666 0 0.7777777777771916
1.666666666666667 0 0.8888888888885957
1.777777777777778 0 0.1111111111109082
1.777777777777778 0 0.2222222222217143
1.777777777777778 0 0.333333333332501
1.777777777777777 0 0.4444444444432878
1.777777777777777 0 0.5555555555543833
1.777777777777778 0 0.6666666666657874
1.777777777777778 0 0.7777777777771917
1.777777777777778 0 0.8888888888885959
1.888888888888889 0 0.1111111111109082
1.888888888888888 0 0.2222222222217143
1.888888888888889 0 0.333333333332501
1.888888888888889 0 0.4444444444432878
1.888888888888889 0 0.5555555555543833
1.888888888888889 0 0.6666666666657874
1.888888888888889 0 0.7777777777771916
1.888888888888889 0 0.8888888888885959
2 10 0 64
749
750
751
752
753
754
755
756
757
758
759
760
761
762
763
764
765
766
767
768
769
770
771
772
773
774
775
776
777
778
779
780
781
782
783
784
785
786
787
788
789
790
791
792
793
794
795
796
797
798
799
800
801
802
803
804
805
806
807
808
809
810
811
812
1.111111111111111 0.1111111111109082 0
1.111111111111111 0.2222222222217143 0
1.111111111111111 0.333333333332501 0
1.111111111111111 0.4444444444432878 0
1.111111111111111 0.5555555555543833 0
1.111111111111111 0.6666666666657874 0
1.111111111111111 0.7777777777771916 0
1.111111111111111 0.8888888888885959 0
1.222222222222222 0.1111111111109082 0
1.222222222222222 0.2222222222217143 0
1.222222222222222 0.333333333332501 0
1.222222222222222 0.4444444444432878 0
1.222222222222222 0.5555555555543833 0
1.222222222222222 0.6666666666657874 0
1.222222222222222 0.7777777777771917 0
1.222222222222222 0.8888888888885959 0
1.333333333333333 0.1111111111109082 0
1.333333333333333 0.2222222222217143 0
1.333333333333333 0.333333333332501 0
1.333333333333333 0.4444444444432879 0
1.333333333333334 0.5555555555543833 0
1.333333333333334 0.6666666666657874 0
1.333333333333333 0.7777777777771916 0
1.333333333333334 0.8888888888885957 0
1.444444444444444 0.1111111111109082 0
1.444444444444444 0.2222222222217143 0
1.444444444444444 0.333333333332501 0
1.444444444444445 0.4444444444432878 0
1.444444444444444 0.5555555555543833 0
1.444444444444444 0.6666666666657874 0
1.444444444444444 0.7777777777771916 0
1.444444444444444 0.8888888888885959 0
1.555555555555556 0.1111111111109082 0
1.555555555555556 0.2222222222217143 0
1.555555555555556 0.333333333332501 0
1.555555555555556 0.4444444444432878 0
1.555555555555556 0.5555555555543833 0
1.555555555555556 0.6666666666657874 0
1.555555555555556 0.7777777777771916 0
1.555555555555555 0.8888888888885959 0
1.666666666666667 0.1111111111109082 0
1.666666666666667 0.2222222222217143 0
1.666666666666667 0.333333333332501 0
1.666666666666666 0.4444444444432879 0
1.666666666666666 0.5555555555543833 0
1.666666666666667 0.6666666666657874 0
1.666666666666666 0.7777777777771916 0
1.666666666666667 0.8888888888885957 0
1.777777777777778 0.1111111111109082 0
1.777777777777778 0.2222222222217143 0
1.777777777777778 0.333333333332501 0
1.777777777777777 0.4444444444432878 0
1.777777777777777 0.5555555555543833 0
1.777777777777778 0.6666666666657874 0
1.777777777777778 0.7777777777771917 0
1.777777777777778 0.8888888888885959 0
1.888888888888889 0.1111111111109082 0
1.888888888888888 0.2222222222217143 0
1.888888888888889 0.333333333332501 0
1.888888888888889 0.4444444444432878 0
1.888888888888889 0.5555555555543833 0
1.888888888888889 0.6666666666657874 0
1.888888888888889 0.7777777777771916 0
1.888888888888889 0.8888888888885959 0
2 11 0 64
813
814
815
816
817
818
819
820
821
822
823
824
825
826
827
828
829
830
831
832
833
834
835
836
837
838
839
840
841
842
843
844
845
846
847
848
849
850
851
852
853
854
855
856
857
858
859
860
861
862
863
864
865
866
867
868
869
870
871
872
873
874
875
876
1.888888888888889 1 0.8888888888884451
1.888888888888889 1 0.7777777777778496
1.888888888888889 1 0.6666666666673913
1.888888888888889 1 0.5555555555569327
1.888888888888889 1 0.4444444444459602
1.888888888888889 1 0.3333333333344741
1.888888888888889 1 0.2222222222229879
1.888888888888889 1 0.1111111111114996
1.777777777777778 1 0.8888888888884638
1.777777777777778 1 0.7777777777777675
1.777777777777778 1 0.666666666667191
1.777777777777777 1 0.5555555555566141
1.777777777777778 1 0.4444444444456261
1.777777777777778 1 0.3333333333342274
1.777777777777778 1 0.2222222222228287
1.777777777777778 1 0.1111111111114257
1.666666666666667 1 0.8888888888884828
1.666666666666667 1 0.7777777777776853
1.666666666666667 1 0.6666666666669903
1.666666666666667 1 0.5555555555562952
1.666666666666667 1 0.4444444444452922
1.666666666666667 1 0.3333333333339809
1.666666666666667 1 0.2222222222226695
1.666666666666667 1 0.1111111111113518
1.555555555555556 1 0.8888888888885015
1.555555555555556 1 0.7777777777776029
1.555555555555555 1 0.66666666666679
1.555555555555555 1 0.5555555555559768
1.555555555555556 1 0.4444444444449581
1.555555555555555 1 0.3333333333337342
1.555555555555556 1 0.2222222222225103
1.555555555555556 1 0.1111111111112779
1.444444444444444 1 0.8888888888885206
1.444444444444444 1 0.7777777777775206
1.444444444444444 1 0.6666666666665892
1.444444444444444 1 0.5555555555556579
1.444444444444444 1 0.4444444444446241
1.444444444444444 1 0.3333333333334876
1.444444444444444 1 0.2222222222223511
1.444444444444444 1 0.1111111111112039
1.333333333333333 1 0.8888888888885392
1.333333333333333 1 0.7777777777774384
1.333333333333333 1 0.666666666666389
1.333333333333333 1 0.5555555555553393
1.333333333333333 1 0.44444444444429
1.333333333333333 1 0.3333333333332409
1.333333333333333 1 0.2222222222221919
1.333333333333333 1 0.11111111111113
1.222222222222223 1 0.8888888888885584
1.222222222222222 1 0.7777777777773562
1.222222222222223 1 0.6666666666661882
1.222222222222222 1 0.5555555555550207
1.222222222222222 1 0.4444444444439559
1.222222222222222 1 0.3333333333329943
1.222222222222222 1 0.2222222222220327
1.222222222222222 1 0.1111111111110561
1.111111111111111 1 0.888888888888577
1.111111111111111 1 0.7777777777772739
1.111111111111111 1 0.666666666665988
1.111111111111111 1 0.5555555555547018
1.111111111111111 1 0.444444444443622
1.111111111111111 1 0.3333333333327477
1.111111111111111 1 0.2222222222218735
1.111111111111111 1 0.1111111111109822
3 1 0 512
877
878
879
880
881
882
883
884
885
886
887
888
889
890
891
892
893
894
895
896
897
898
899
900
901
902
903
904
905
906
907
908
909
910
911
912
913
914
915
916
917
918
919
920
921
922
923
924
925
926
927
928
929
930
931
932
933
934
935
936
937
938
939
940
941
942
943
944
945
946
947
948
949
950
951
952
953
954
955
956
957
958
959
960
961
962
963
964
965
966
967
968
969
970
971
972
973
974
975
976
977
978
979
980
981
982
983
984
985
986
987
988
989
990
991
992
993
994
995
996
997
998
999
1000
1001
1002
1003
1004
1005
1006
1007
1008
1009
1010
1011
1012
1013
1014
1015
1016
1017
1018
1019
1020
1021
1022
1023
1024
1025
1026
1027
1028
1029
1030
1031
1032
1033
1034
1035
1036
1037
1038
1039
1040
1041
1042
1043
1044
1045
1046
1047
1048
1049
1050
1051
1052
1053
1054
1055
1056
1057
1058
1059
1060
1061
1062
1063
1064
1065
1066
1067
1068
1069
1070
1071
1072
1073
1074
1075
1076
1077
1078
1079
1080
1081
1082
1083
1084
1085
1086
1087
1088
1089
1090
1091
1092
1093
1094
1095
1096
1097
1098
1099
1100
1101
1102
1103
1104
1105
1106
1107
1108
1109
1110
1111
1112
1113
1114
1115
1116
1117
1118
1119
1120
1121
1122
1123
1124
1125
1126
1127
1128
1129
1130
1131
1132
1133
1134
1135
1136
1137
1138
1139
1140
1141
1142
1143
1144
1145
1146
1147
1148
1149
1150
1151
1152
1153
1154
1155
1156
1157
1158
1159
1160
1161
1162
1163
1164
1165
1166
1167
1168
1169
1170
1171
1172
1173
1174
1175
1176
1177
1178
1179
1180
1181
1182
1183
1184
1185
1186
1187
1188
1189
1190
1191
1192
1193
1194
1195
1196
1197
1198
1199
1200
1201
1202
1203
1204
1205
1206
1207
1208
1209
1210
1211
1212
1213
1214
1215
1216
1217
1218
1219
1220
1221
1222
1223
1224
1225
1226
1227
1228
1229
1230
1231
1232
1233
1234
1235
1236
1237
1238
1239
1240
1241
1242
1243
1244
1245
1246
1247
1248
1249
1250
1251
1252
1253
1254
1255
1256
1257
1258
1259
1260
1261
1262
1263
1264
1265
1266
1267
1268
1269
1270
1271
1272
1273
1274
1275
1276
1277
1278
1279
1280
1281
1282
1283
1284
1285
1286
1287
1288
1289
1290
1291
1292
1293
1294
1295
1296
1297
1298
1299
1300
1301
1302
1303
1304
1305
1306
1307
1308
1309
1310
1311
1312
1313
1314
1315
1316
1317
1318
1319
1320
1321
1322
1323
1324
1325
1326
1327
1328
1329
1330
1331
1332
1333
1334
1335
1336
1337
1338
1339
1340
1341
1342
1343
1344
1345
1346
1347
1348
1349
1350
1351
1352
1353
1354
1355
1356
1357
1358
1359
1360
1361
1362
1363
1364
1365
1366
1367
1368
1369
1370
1371
1372
1373
1374
1375
1376
1377
1378
1379
1380
1381
1382
1383
1384
1385
1386
1387
1388
0.1111111111109165 0.8888888888885771 0.1111111111109739
0.1111111111109247 0.7777777777772737 0.1111111111110397
0.1111111111109329 0.6666666666659882 0.1111111111111054
0.1111111111109411 0.5555555555547023 0.111111111111171
0.1111111111109493 0.444444444443622 0.1111111111112368
0.1111111111109576 0.3333333333327477 0.1111111111113025
0.1111111111109657 0.2222222222218735 0.1111111111113683
0.111111111110974 0.1111111111109822 0.111111111111434
0.1111111111109246 0.8888888888885582 0.2222222222218558
0.1111111111109411 0.777777777777356 0.2222222222219972
0.1111111111109575 0.6666666666661886 0.2222222222221389
0.1111111111109739 0.5555555555550208 0.2222222222222804
0.1111111111109904 0.4444444444439559 0.2222222222224218
0.1111111111110068 0.3333333333329943 0.2222222222225634
0.1111111111110232 0.2222222222220327 0.2222222222227049
0.1111111111110396 0.111111111111056 0.2222222222228463
0.1111111111109329 0.8888888888885393 0.3333333333327203
0.1111111111109575 0.7777777777774386 0.3333333333329395
0.1111111111109821 0.6666666666663892 0.3333333333331587
0.1111111111110068 0.5555555555553393 0.3333333333333778
0.1111111111110314 0.4444444444442899 0.3333333333335974
0.1111111111110561 0.3333333333332409 0.3333333333338165
0.1111111111110807 0.2222222222221919 0.3333333333340355
0.1111111111111053 0.11111111111113 0.3333333333342549
0.111111111110941 0.8888888888885207 0.4444444444435849
0.1111111111109739 0.7777777777775202 0.4444444444438818
0.1111111111110068 0.6666666666665892 0.4444444444441786
0.1111111111110396 0.5555555555556581 0.4444444444444758
0.1111111111110724 0.4444444444446241 0.4444444444447727
0.1111111111111054 0.3333333333334876 0.4444444444450695
0.1111111111111382 0.2222222222223511 0.4444444444453663
0.1111111111111711 0.1111111111112039 0.4444444444456633
0.1111111111109492 0.8888888888885015 0.5555555555546668
0.1111111111109904 0.7777777777776027 0.5555555555549498
0.1111111111110314 0.6666666666667902 0.5555555555552328
0.1111111111110726 0.5555555555559765 0.5555555555555162
0.1111111111111136 0.444444444444958 0.5555555555557996
0.1111111111111547 0.333333333333734 0.5555555555560829
0.1111111111111957 0.2222222222225103 0.5555555555563658
0.1111111111112368 0.1111111111112779 0.5555555555566489
0.1111111111109575 0.8888888888884825 0.6666666666659659
0.1111111111110068 0.7777777777776853 0.666666666666144
0.1111111111110561 0.6666666666669903 0.6666666666663221
0.1111111111111054 0.5555555555562953 0.6666666666665003
0.1111111111111547 0.4444444444452923 0.6666666666666787
0.111111111111204 0.333333333333981 0.6666666666668567
0.1111111111112532 0.2222222222226695 0.6666666666670351
0.1111111111113025 0.1111111111113518 0.6666666666672126
0.1111111111109657 0.8888888888884638 0.7777777777772645
0.1111111111110232 0.7777777777777672 0.7777777777773381
0.1111111111110807 0.6666666666671908 0.777777777777411
0.1111111111111382 0.5555555555566143 0.7777777777774841
0.1111111111111958 0.4444444444456261 0.777777777777557
0.1111111111112532 0.3333333333342274 0.7777777777776302
0.1111111111113107 0.2222222222228288 0.7777777777777033
0.1111111111113682 0.1111111111114257 0.7777777777777763
0.1111111111109739 0.8888888888884452 0.8888888888885791
0.1111111111110397 0.7777777777778492 0.8888888888885625
0.1111111111111054 0.6666666666673915 0.8888888888885456
0.1111111111111711 0.5555555555569328 0.8888888888885291
0.1111111111112368 0.4444444444459602 0.8888888888885125
0.1111111111113025 0.3333333333344741 0.888888888888495
0.1111111111113682 0.222222222222988 0.8888888888884788
0.1111111111114339 0.1111111111114996 0.888888888888462
0.222222222221732 0.8888888888885771 0.1111111111109657
0.2222222222217496 0.7777777777772737 0.1111111111110232
0.2222222222217674 0.6666666666659878 0.1111111111110807
0.2222222222217849 0.5555555555547023 0.1111111111111382
0.2222222222218027 0.4444444444436217 0.1111111111111957
0.2222222222218204 0.3333333333327477 0.1111111111112532
0.2222222222218382 0.2222222222218735 0.1111111111113107
0.2222222222218559 0.1111111111109822 0.1111111111113682
0.2222222222217496 0.8888888888885583 0.2222222222218382
0.2222222222217849 0.7777777777773565 0.2222222222219619
0.2222222222218203 0.6666666666661885 0.2222222222220858
0.2222222222218556 0.5555555555550208 0.2222222222222095
0.2222222222218911 0.4444444444439559 0.2222222222223334
0.2222222222219263 0.3333333333329943 0.2222222222224572
0.2222222222219619 0.2222222222220327 0.2222222222225811
0.2222222222219972 0.1111111111110561 0.2222222222227048
0.2222222222217674 0.8888888888885395 0.3333333333326928
0.2222222222218204 0.7777777777774382 0.3333333333328848
0.2222222222218735 0.666666666666389 0.3333333333330767
0.2222222222219266 0.5555555555553396 0.3333333333332682
0.2222222222219797 0.4444444444442899 0.3333333333334602
0.2222222222220327 0.3333333333332409 0.3333333333336518
0.2222222222220858 0.2222222222221919 0.3333333333338437
0.2222222222221388 0.11111111111113 0.3333333333340355
0.2222222222217851 0.8888888888885207 0.4444444444435477
0.2222222222218558 0.7777777777775201 0.4444444444438075
0.2222222222219266 0.6666666666665892 0.4444444444440675
0.2222222222219973 0.5555555555556581 0.4444444444443273
0.222222222222068 0.4444444444446241 0.4444444444445871
0.2222222222221388 0.3333333333334876 0.4444444444448468
0.2222222222222096 0.2222222222223511 0.4444444444451066
0.2222222222222804 0.1111111111112039 0.4444444444453664
0.2222222222218027 0.8888888888885015 0.5555555555546313
0.2222222222218911 0.7777777777776028 0.5555555555548791
0.2222222222219796 0.6666666666667902 0.5555555555551268
0.2222222222220682 0.5555555555559765 0.5555555555553749
0.2222222222221564 0.444444444444958 0.5555555555556226
0.222222222222245 0.3333333333337342 0.5555555555558704
0.2222222222223334 0.2222222222225103 0.5555555555561181
0.2222222222224218 0.1111111111112779 0.5555555555563659
0.2222222222218204 0.8888888888884827 0.6666666666659433
0.2222222222219266 0.7777777777776852 0.6666666666660994
0.2222222222220327 0.66666666666699 0.6666666666662552
0.2222222222221388 0.5555555555562953 0.6666666666664114
0.222222222222245 0.4444444444452922 0.6666666666665675
0.2222222222223511 0.333333333333981 0.666666666666723
0.2222222222224572 0.2222222222226695 0.666666666666879
0.2222222222225634 0.1111111111113518 0.6666666666670346
0.2222222222218381 0.8888888888884637 0.7777777777772558
0.2222222222219618 0.7777777777777674 0.77777777777732
0.2222222222220858 0.666666666667191 0.777777777777384
0.2222222222222095 0.5555555555566142 0.7777777777774475
0.2222222222223334 0.4444444444456261 0.7777777777775118
0.2222222222224572 0.3333333333342274 0.7777777777775758
0.222222222222581 0.2222222222228287 0.7777777777776398
0.2222222222227049 0.1111111111114257 0.7777777777777034
0.2222222222218559 0.8888888888884453 0.8888888888885814
0.2222222222219972 0.7777777777778495 0.8888888888885673
0.2222222222221388 0.6666666666673915 0.8888888888885517
0.2222222222222804 0.555555555556933 0.8888888888885376
0.2222222222224218 0.4444444444459602 0.8888888888885227
0.2222222222225634 0.3333333333344741 0.8888888888885083
0.222222222222705 0.2222222222229879 0.8888888888884935
0.2222222222228463 0.1111111111114996 0.8888888888884788
0.3333333333325285 0.8888888888885773 0.1111111111109575
0.3333333333325559 0.7777777777772736 0.1111111111110068
0.3333333333325832 0.6666666666659882 0.1111111111110561
0.3333333333326108 0.5555555555547023 0.1111111111111054
0.3333333333326381 0.444444444443622 0.1111111111111547
0.3333333333326656 0.3333333333327477 0.1111111111112039
0.3333333333326929 0.2222222222218735 0.1111111111112532
0.3333333333327204 0.1111111111109822 0.1111111111113025
0.3333333333325558 0.8888888888885583 0.2222222222218204
0.3333333333326106 0.7777777777773561 0.2222222222219266
0.3333333333326655 0.6666666666661885 0.2222222222220327
0.3333333333327204 0.5555555555550208 0.2222222222221388
0.3333333333327751 0.4444444444439559 0.222222222222245
0.3333333333328299 0.3333333333329943 0.2222222222223511
0.3333333333328848 0.2222222222220327 0.2222222222224572
0.3333333333329395 0.111111111111056 0.2222222222225634
0.3333333333325831 0.8888888888885393 0.3333333333326655
0.3333333333326655 0.7777777777774383 0.3333333333328299
0.3333333333327478 0.6666666666663892 0.3333333333329944
0.3333333333328299 0.5555555555553394 0.3333333333331586
0.3333333333329121 0.44444444444429 0.3333333333333232
0.3333333333329943 0.3333333333332409 0.3333333333334876
0.3333333333330764 0.2222222222221919 0.333333333333652
0.3333333333331587 0.11111111111113 0.3333333333338165
0.3333333333326106 0.8888888888885202 0.4444444444435108
0.3333333333327202 0.7777777777775203 0.4444444444437333
0.3333333333328299 0.6666666666665895 0.4444444444439558
0.3333333333329395 0.5555555555556582 0.4444444444441786
0.3333333333330491 0.4444444444446241 0.4444444444444013
0.3333333333331588 0.3333333333334876 0.4444444444446239
0.3333333333332682 0.2222222222223511 0.4444444444448467
0.3333333333333778 0.1111111111112039 0.4444444444450694
0.3333333333326381 0.8888888888885017 0.5555555555545957
0.333333333332775 0.7777777777776029 0.5555555555548083
0.3333333333329121 0.6666666666667902 0.5555555555550208
0.333333333333049 0.5555555555559765 0.5555555555552334
0.3333333333331861 0.444444444444958 0.5555555555554458
0.3333333333333232 0.3333333333337342 0.5555555555556579
0.3333333333334602 0.2222222222225103 0.5555555555558704
0.3333333333335973 0.1111111111112779 0.555555555556083
0.3333333333326655 0.8888888888884833 0.6666666666659209
0.3333333333328299 0.7777777777776852 0.6666666666660548
0.3333333333329944 0.6666666666669903 0.6666666666661886
0.3333333333331587 0.5555555555562953 0.6666666666663219
0.333333333333323 0.4444444444452923 0.6666666666664559
0.3333333333334876 0.333333333333981 0.6666666666665894
0.3333333333336518 0.2222222222226695 0.6666666666667229
0.3333333333338162 0.1111111111113518 0.6666666666668564
0.3333333333326928 0.8888888888884643 0.7777777777772462
0.3333333333328845 0.7777777777777674 0.7777777777773016
0.3333333333330767 0.666666666667191 0.7777777777773562
0.3333333333332683 0.5555555555566142 0.7777777777774111
0.33333333333346 0.4444444444456261 0.777777777777466
0.3333333333336518 0.3333333333342274 0.7777777777775213
0.3333333333338436 0.2222222222228287 0.7777777777775756
0.3333333333340355 0.1111111111114257 0.77777777777763
0.3333333333327203 0.888888888888445 0.8888888888885834
0.3333333333329395 0.7777777777778494 0.8888888888885705
0.3333333333331587 0.6666666666673915 0.8888888888885584
0.3333333333333778 0.5555555555569327 0.8888888888885456
0.3333333333335974 0.4444444444459602 0.8888888888885327
0.3333333333338165 0.3333333333344741 0.8888888888885206
0.3333333333340356 0.2222222222229879 0.888888888888508
0.3333333333342549 0.1111111111114996 0.8888888888884954
0.4444444444433247 0.8888888888885769 0.1111111111109493
0.4444444444433617 0.7777777777772739 0.1111111111109904
0.444444444443399 0.666666666665988 0.1111111111110314
0.4444444444434363 0.5555555555547022 0.1111111111110725
0.4444444444434734 0.444444444443622 0.1111111111111136
0.4444444444435104 0.3333333333327478 0.1111111111111547
0.4444444444435475 0.2222222222218735 0.1111111111111957
0.4444444444435845 0.1111111111109822 0.1111111111112368
0.444444444443362 0.8888888888885581 0.2222222222218028
0.4444444444434364 0.777777777777356 0.2222222222218912
0.4444444444435108 0.6666666666661886 0.2222222222219796
0.444444444443585 0.5555555555550208 0.2222222222220682
0.444444444443659 0.4444444444439559 0.2222222222221566
0.4444444444437333 0.3333333333329943 0.222222222222245
0.4444444444438075 0.2222222222220327 0.2222222222223335
0.4444444444438818 0.1111111111110561 0.2222222222224219
0.4444444444433992 0.8888888888885393 0.3333333333326381
0.4444444444435106 0.7777777777774382 0.3333333333327751
0.4444444444436219 0.6666666666663891 0.3333333333329122
0.4444444444437331 0.5555555555553394 0.3333333333330489
0.4444444444438447 0.44444444444429 0.3333333333331861
0.444444444443956 0.3333333333332409 0.3333333333333232
0.4444444444440672 0.2222222222221919 0.3333333333334602
0.4444444444441786 0.11111111111113 0.3333333333335973
0.444444444443436 0.8888888888885207 0.4444444444434738
0.4444444444435847 0.7777777777775202 0.444444444443659
0.444444444443733 0.6666666666665894 0.4444444444438447
0.4444444444438816 0.5555555555556581 0.4444444444440303
0.4444444444440303 0.4444444444446241 0.444444444444216
0.4444444444441786 0.3333333333334876 0.444444444444401
0.4444444444443272 0.2222222222223511 0.4444444444445869
0.4444444444444756 0.1111111111112039 0.4444444444447727
0.4444444444434736 0.8888888888885015 0.5555555555545605
0.4444444444436589 0.7777777777776027 0.5555555555547373
0.4444444444438447 0.6666666666667902 0.5555555555549146
0.44444444444403 0.5555555555559766 0.5555555555550915
0.4444444444442156 0.4444444444449579 0.5555555555552685
0.4444444444444015 0.3333333333337341 0.5555555555554453
0.444444444444587 0.2222222222225103 0.5555555555556226
0.4444444444447725 0.1111111111112779 0.5555555555557996
0.4444444444435108 0.8888888888884825 0.6666666666658988
0.4444444444437333 0.7777777777776851 0.6666666666660104
0.4444444444439558 0.6666666666669903 0.6666666666661215
0.4444444444441787 0.5555555555562952 0.666666666666233
0.4444444444444012 0.4444444444452922 0.6666666666663446
0.444444444444624 0.3333333333339809 0.6666666666664559
0.4444444444448467 0.2222222222226695 0.6666666666665673
0.4444444444450695 0.1111111111113518 0.6666666666666785
0.4444444444435478 0.8888888888884636 0.7777777777772376
0.4444444444438075 0.7777777777777672 0.7777777777772827
0.4444444444440673 0.6666666666671908 0.7777777777773285
0.4444444444443273 0.5555555555566142 0.7777777777773743
0.444444444444587 0.4444444444456261 0.7777777777774201
0.4444444444448468 0.3333333333342274 0.7777777777774659
0.4444444444451066 0.2222222222228288 0.7777777777775117
0.4444444444453665 0.1111111111114257 0.7777777777775574
0.444444444443585 0.888888888888445 0.8888888888885854
0.4444444444438819 0.7777777777778492 0.8888888888885752
0.4444444444441785 0.6666666666673915 0.8888888888885642
0.4444444444444754 0.5555555555569329 0.8888888888885539
0.4444444444447725 0.4444444444459602 0.8888888888885439
0.4444444444450695 0.3333333333344741 0.8888888888885327
0.4444444444453663 0.2222222222229879 0.8888888888885225
0.4444444444456634 0.1111111111114996 0.8888888888885119
0.5555555555544187 0.8888888888885764 0.1111111111109411
0.555555555554454 0.7777777777772744 0.1111111111109739
0.5555555555544895 0.6666666666659882 0.1111111111110068
0.5555555555545247 0.5555555555547024 0.1111111111110397
0.5555555555545604 0.4444444444436217 0.1111111111110725
0.5555555555545957 0.3333333333327477 0.1111111111111054
0.5555555555546308 0.2222222222218735 0.1111111111111382
0.5555555555546661 0.1111111111109822 0.1111111111111711
0.5555555555544541 0.888888888888558 0.2222222222217851
0.5555555555545252 0.7777777777773562 0.2222222222218558
0.5555555555545956 0.6666666666661885 0.2222222222219265
0.5555555555546665 0.5555555555550208 0.2222222222219973
0.5555555555547373 0.4444444444439559 0.2222222222220681
0.5555555555548082 0.3333333333329943 0.2222222222221388
0.5555555555548786 0.2222222222220327 0.2222222222222096
0.5555555555549494 0.111111111111056 0.2222222222222803
0.5555555555544895 0.8888888888885395 0.3333333333326107
0.5555555555545958 0.7777777777774382 0.3333333333327203
0.5555555555547016 0.6666666666663892 0.3333333333328299
0.5555555555548082 0.5555555555553394 0.3333333333329395
0.5555555555549143 0.4444444444442899 0.3333333333330491
0.5555555555550202 0.3333333333332409 0.3333333333331587
0.5555555555551268 0.2222222222221919 0.3333333333332683
0.5555555555552328 0.11111111111113 0.3333333333333779
0.5555555555545247 0.8888888888885204 0.4444444444434361
0.5555555555546664 0.7777777777775203 0.4444444444435848
0.5555555555548082 0.6666666666665896 0.4444444444437331
0.5555555555549497 0.5555555555556582 0.4444444444438819
0.5555555555550915 0.4444444444446241 0.4444444444440304
0.5555555555552332 0.3333333333334876 0.4444444444441785
0.5555555555553749 0.2222222222223511 0.4444444444443273
0.5555555555555162 0.1111111111112039 0.4444444444444757
0.5555555555545605 0.8888888888885016 0.5555555555545247
0.5555555555547373 0.7777777777776028 0.555555555554667
0.5555555555549142 0.6666666666667902 0.5555555555548082
0.5555555555550915 0.5555555555559766 0.5555555555549498
0.5555555555552685 0.444444444444958 0.5555555555550915
0.5555555555554453 0.3333333333337342 0.5555555555552333
0.5555555555556226 0.2222222222225103 0.5555555555553749
0.5555555555557996 0.1111111111112779 0.5555555555555163
0.5555555555545956 0.8888888888884827 0.6666666666658766
0.5555555555548077 0.7777777777776853 0.6666666666659656
0.5555555555550207 0.6666666666669903 0.6666666666660549
0.5555555555552334 0.5555555555562953 0.666666666666144
0.5555555555554458 0.4444444444452922 0.666666666666233
0.5555555555556579 0.333333333333981 0.6666666666663219
0.5555555555558704 0.2222222222226695 0.6666666666664114
0.555555555556083 0.1111111111113518 0.6666666666665
0.5555555555546313 0.8888888888884637 0.7777777777772287
0.555555555554879 0.7777777777777675 0.7777777777772648
0.5555555555551268 0.6666666666671905 0.7777777777773012
0.5555555555553745 0.5555555555566143 0.7777777777773378
0.5555555555556227 0.4444444444456261 0.7777777777773744
0.5555555555558704 0.3333333333342274 0.7777777777774113
0.5555555555561182 0.2222222222228287 0.7777777777774479
0.5555555555563664 0.1111111111114257 0.777777777777484
0.5555555555546663 0.8888888888884449 0.8888888888885876
0.5555555555549495 0.7777777777778494 0.8888888888885795
0.5555555555552328 0.6666666666673915 0.8888888888885706
0.5555555555555163 0.5555555555569328 0.8888888888885623
0.5555555555557996 0.4444444444459602 0.888888888888554
0.555555555556083 0.3333333333344741 0.888888888888546
0.555555555556366 0.2222222222229879 0.8888888888885375
0.5555555555566489 0.1111111111114996 0.8888888888885289
0.6666666666658096 0.8888888888885771 0.1111111111109329
0.6666666666658316 0.7777777777772737 0.1111111111109575
0.6666666666658541 0.666666666665988 0.1111111111109821
0.6666666666658765 0.5555555555547024 0.1111111111110068
0.6666666666658986 0.4444444444436219 0.1111111111110314
0.666666666665921 0.3333333333327477 0.1111111111110561
0.6666666666659432 0.2222222222218735 0.1111111111110808
0.6666666666659656 0.1111111111109822 0.1111111111111054
0.6666666666658322 0.8888888888885582 0.2222222222217674
0.6666666666658766 0.7777777777773562 0.2222222222218204
0.6666666666659213 0.6666666666661885 0.2222222222218735
0.6666666666659656 0.5555555555550203 0.2222222222219266
0.66666666666601 0.4444444444439559 0.2222222222219796
0.6666666666660548 0.3333333333329943 0.2222222222220327
0.6666666666660994 0.2222222222220327 0.2222222222220858
0.6666666666661438 0.111111111111056 0.2222222222221389
0.6666666666658543 0.8888888888885393 0.3333333333325831
0.6666666666659211 0.7777777777774384 0.3333333333326655
0.6666666666659878 0.6666666666663891 0.3333333333327478
0.6666666666660548 0.5555555555553394 0.3333333333328299
0.6666666666661214 0.44444444444429 0.3333333333329121
0.6666666666661885 0.3333333333332408 0.3333333333329943
0.6666666666662551 0.2222222222221919 0.3333333333330764
0.666666666666322 0.11111111111113 0.3333333333331587
0.6666666666658767 0.8888888888885202 0.4444444444433992
0.6666666666659656 0.7777777777775202 0.4444444444435106
0.6666666666660548 0.6666666666665892 0.444444444443622
0.6666666666661435 0.5555555555556581 0.4444444444437334
0.6666666666662331 0.4444444444446241 0.4444444444438447
0.666666666666322 0.3333333333334876 0.4444444444439558
0.6666666666664111 0.2222222222223511 0.4444444444440674
0.6666666666665 0.1111111111112039 0.4444444444441786
0.6666666666658986 0.8888888888885016 0.5555555555544895
0.6666666666660104 0.7777777777776028 0.5555555555545957
0.6666666666661214 0.6666666666667902 0.5555555555547017
0.6666666666662331 0.5555555555559765 0.5555555555548082
0.6666666666663446 0.4444444444449581 0.5555555555549143
0.6666666666664559 0.3333333333337342 0.5555555555550208
0.6666666666665673 0.2222222222225103 0.5555555555551268
0.6666666666666785 0.1111111111112779 0.5555555555552328
0.6666666666659213 0.8888888888884828 0.6666666666658543
0.6666666666660548 0.7777777777776848 0.6666666666659211
0.6666666666661885 0.66666666666699 0.6666666666659877
0.666666666666322 0.5555555555562951 0.6666666666660548
0.6666666666664558 0.4444444444452922 0.6666666666661214
0.6666666666665894 0.3333333333339809 0.6666666666661885
0.666666666666723 0.2222222222226695 0.6666666666662553
0.6666666666668568 0.1111111111113518 0.6666666666663219
0.6666666666659438 0.8888888888884643 0.7777777777772185
0.6666666666660994 0.7777777777777674 0.7777777777772467
0.6666666666662552 0.6666666666671905 0.7777777777772743
0.6666666666664109 0.5555555555566137 0.7777777777773016
0.666666666666567 0.4444444444456261 0.7777777777773287
0.6666666666667229 0.3333333333342274 0.7777777777773562
0.6666666666668792 0.2222222222228287 0.777777777777384
0.6666666666670351 0.1111111111114257 0.7777777777774112
0.6666666666659659 0.8888888888884454 0.8888888888885894
0.666666666666144 0.7777777777778495 0.8888888888885829
0.6666666666663222 0.6666666666673915 0.8888888888885769
0.6666666666665002 0.5555555555569328 0.8888888888885711
0.6666666666666783 0.4444444444459602 0.8888888888885649
0.6666666666668568 0.3333333333344742 0.8888888888885584
0.6666666666670349 0.2222222222229879 0.888888888888552
0.6666666666672125 0.1111111111114996 0.8888888888885456
0.7777777777772003 0.8888888888885766 0.1111111111109246
0.7777777777772097 0.7777777777772741 0.1111111111109411
0.7777777777772189 0.666666666665988 0.1111111111109575
0.777777777777228 0.5555555555547022 0.1111111111109739
0.777777777777237 0.444444444443622 0.1111111111109904
0.7777777777772461 0.3333333333327477 0.1111111111110068
0.7777777777772555 0.2222222222218735 0.1111111111110232
0.7777777777772644 0.1111111111109822 0.1111111111110397
0.7777777777772098 0.8888888888885582 0.2222222222217496
0.7777777777772286 0.7777777777773561 0.2222222222217849
0.7777777777772465 0.6666666666661885 0.2222222222218204
0.7777777777772648 0.5555555555550203 0.2222222222218559
0.777777777777283 0.4444444444439559 0.2222222222218911
0.7777777777773012 0.3333333333329942 0.2222222222219266
0.7777777777773196 0.2222222222220327 0.2222222222219619
0.7777777777773376 0.111111111111056 0.2222222222219972
0.7777777777772196 0.8888888888885395 0.3333333333325559
0.7777777777772472 0.7777777777774382 0.3333333333326108
0.7777777777772743 0.666666666666389 0.3333333333326655
0.7777777777773021 0.5555555555553394 0.3333333333327203
0.7777777777773291 0.4444444444442899 0.3333333333327752
0.7777777777773563 0.3333333333332409 0.3333333333328299
0.777777777777384 0.2222222222221919 0.3333333333328847
0.7777777777774111 0.11111111111113 0.3333333333329397
0.7777777777772282 0.8888888888885202 0.4444444444433621
0.7777777777772646 0.7777777777775202 0.4444444444434363
0.7777777777773012 0.6666666666665894 0.4444444444435108
0.777777777777338 0.5555555555556581 0.4444444444435851
0.7777777777773748 0.4444444444446241 0.444444444443659
0.777777777777411 0.3333333333334876 0.4444444444437331
0.7777777777774477 0.2222222222223511 0.4444444444438077
0.7777777777774839 0.1111111111112039 0.4444444444438818
0.7777777777772373 0.8888888888885015 0.5555555555544539
0.7777777777772825 0.7777777777776028 0.5555555555545252
0.7777777777773287 0.6666666666667902 0.5555555555545957
0.7777777777773743 0.5555555555559765 0.5555555555546664
0.7777777777774203 0.4444444444449582 0.5555555555547378
0.7777777777774655 0.3333333333337342 0.5555555555548082
0.7777777777775114 0.2222222222225103 0.5555555555548795
0.7777777777775575 0.1111111111112779 0.5555555555549498
0.7777777777772463 0.8888888888884827 0.6666666666658322
0.7777777777773018 0.7777777777776853 0.6666666666658768
0.7777777777773563 0.66666666666699 0.6666666666659211
0.7777777777774113 0.5555555555562953 0.6666666666659655
0.777777777777466 0.4444444444452922 0.6666666666660105
0.7777777777775204 0.3333333333339809 0.6666666666660546
0.7777777777775758 0.2222222222226695 0.6666666666660994
0.77777777777763 0.1111111111113518 0.6666666666661435
0.777777777777256 0.8888888888884638 0.7777777777772101
0.77777777777732 0.7777777777777674 0.7777777777772285
0.777777777777384 0.6666666666671904 0.7777777777772467
0.7777777777774475 0.5555555555566137 0.7777777777772648
0.7777777777775119 0.4444444444456261 0.7777777777772834
0.7777777777775758 0.3333333333342275 0.7777777777773021
0.7777777777776396 0.2222222222228287 0.77777777777732
0.7777777777777034 0.1111111111114257 0.7777777777773381
0.7777777777772648 0.8888888888884446 0.8888888888885919
0.7777777777773383 0.7777777777778495 0.8888888888885874
0.7777777777774111 0.6666666666673915 0.8888888888885833
0.7777777777774841 0.5555555555569327 0.8888888888885791
0.7777777777775572 0.4444444444459602 0.8888888888885751
0.7777777777776302 0.333333333334474 0.8888888888885704
0.7777777777777037 0.2222222222229879 0.8888888888885669
0.7777777777777763 0.1111111111114996 0.8888888888885623
0.8888888888885942 0.8888888888885766 0.1111111111109164
0.8888888888885919 0.7777777777772742 0.1111111111109246
0.88888888888859 0.6666666666659882 0.1111111111109329
0.8888888888885876 0.5555555555547022 0.1111111111109411
0.8888888888885857 0.444444444443622 0.1111111111109493
0.8888888888885839 0.3333333333327475 0.1111111111109575
0.8888888888885813 0.2222222222218735 0.1111111111109657
0.888888888888579 0.1111111111109822 0.111111111110974
0.8888888888885919 0.8888888888885583 0.222222222221732
0.8888888888885876 0.7777777777773562 0.2222222222217496
0.8888888888885834 0.6666666666661883 0.2222222222217674
0.8888888888885791 0.5555555555550203 0.2222222222217849
0.8888888888885753 0.4444444444439559 0.2222222222218027
0.8888888888885706 0.3333333333329943 0.2222222222218204
0.8888888888885668 0.2222222222220327 0.222222222221838
0.8888888888885624 0.1111111111110561 0.2222222222218557
0.8888888888885894 0.8888888888885395 0.3333333333325285
0.8888888888885829 0.7777777777774383 0.3333333333325559
0.8888888888885769 0.6666666666663892 0.3333333333325832
0.8888888888885705 0.5555555555553394 0.3333333333326106
0.8888888888885648 0.4444444444442899 0.3333333333326381
0.888888888888558 0.3333333333332409 0.3333333333326655
0.8888888888885517 0.2222222222221919 0.3333333333326929
0.888888888888545 0.11111111111113 0.3333333333327201
0.8888888888885874 0.8888888888885202 0.4444444444433252
0.8888888888885794 0.7777777777775201 0.4444444444433623
0.8888888888885704 0.6666666666665894 0.4444444444433993
0.8888888888885623 0.5555555555556582 0.4444444444434363
0.8888888888885539 0.4444444444446241 0.4444444444434734
0.8888888888885457 0.3333333333334874 0.4444444444435104
0.8888888888885371 0.2222222222223511 0.4444444444435479
0.8888888888885289 0.1111111111112039 0.4444444444435851
0.8888888888885856 0.8888888888885015 0.5555555555544187
0.8888888888885753 0.7777777777776028 0.555555555554454
0.8888888888885642 0.6666666666667902 0.5555555555544894
0.888888888888554 0.5555555555559767 0.5555555555545248
0.8888888888885436 0.4444444444449581 0.5555555555545604
0.888888888888533 0.3333333333337342 0.5555555555545957
0.8888888888885229 0.2222222222225103 0.5555555555546312
0.888888888888512 0.1111111111112779 0.5555555555546661
0.8888888888885832 0.8888888888884828 0.6666666666658096
0.8888888888885706 0.7777777777776853 0.6666666666658319
0.8888888888885579 0.6666666666669903 0.6666666666658541
0.8888888888885454 0.5555555555562952 0.6666666666658765
0.8888888888885328 0.4444444444452922 0.6666666666658989
0.8888888888885205 0.333333333333981 0.6666666666659211
0.8888888888885077 0.2222222222226695 0.6666666666659435
0.8888888888884954 0.1111111111113518 0.6666666666659656
0.8888888888885814 0.8888888888884637 0.7777777777772009
0.8888888888885671 0.7777777777777672 0.7777777777772105
0.8888888888885517 0.6666666666671904 0.7777777777772189
0.8888888888885376 0.5555555555566137 0.777777777777228
0.8888888888885227 0.4444444444456261 0.7777777777772371
0.8888888888885083 0.3333333333342274 0.7777777777772468
0.888888888888493 0.2222222222228287 0.7777777777772558
0.8888888888884785 0.1111111111114257 0.7777777777772646
0.8888888888885791 0.8888888888884446 0.8888888888885937
0.8888888888885625 0.7777777777778495 0.8888888888885919
0.8888888888885457 0.6666666666673915 0.8888888888885896
0.888888888888529 0.5555555555569328 0.8888888888885876
0.8888888888885125 0.4444444444459602 0.8888888888885857
0.8888888888884952 0.3333333333344739 0.888888888888584
0.8888888888884785 0.2222222222229879 0.888888888888581
0.8888888888884618 0.1111111111114996 0.888888888888579
3 2 0 335
1389
1390
1391
1392
1393
1394
1395
1396
1397
1398
1399
1400
1401
1402
1403
1404
1405
1406
1407
1408
1409
1410
1411
1412
1413
1414
1415
1416
1417
1418
1419
1420
1421
1422
1423
1424
1425
1426
1427
1428
1429
1430
1431
1432
1433
1434
1435
1436
1437
1438
1439
1440
1441
1442
1443
1444
1445
1446
1447
1448
1449
1450
1451
1452
1453
1454
1455
1456
1457
1458
1459
1460
1461
1462
1463
1464
1465
1466
1467
1468
1469
1470
1471
1472
1473
1474
1475
1476
1477
1478
1479
1480
1481
1482
1483
1484
1485
1486
1487
1488
1489
1490
1491
1492
1493
1494
1495
1496
1497
1498
1499
1500
1501
1502
1503
1504
1505
1506
1507
1508
1509
1510
1511
1512
1513
1514
1515
1516
1517
1518
1519
1520
1521
1522
1523
1524
1525
1526
1527
1528
1529
1530
1531
1532
1533
1534
1535
1536
1537
1538
1539
1540
1541
1542
1543
1544
1545
1546
1547
1548
1549
1550
1551
1552
1553
1554
1555
1556
1557
1558
1559
1560
1561
1562
1563
1564
1565
1566
1567
1568
1569
1570
1571
1572
1573
1574
1575
1576
1577
1578
1579
1580
1581
1582
1583
1584
1585
1586
1587
1588
1589
1590
1591
1592
1593
1594
1595
1596
1597
1598
1599
1600
1601
1602
1603
1604
1605
1606
1607
1608
1609
1610
1611
1612
1613
1614
1615
1616
1617
1618
1619
1620
1621
1622
1623
1624
1625
1626
1627
1628
1629
1630
1631
1632
1633
1634
1635
1636
1637
1638
1639
1640
1641
1642
1643
1644
1645
1646
1647
1648
1649
1650
1651
1652
1653
1654
1655
1656
1657
1658
1659
1660
1661
1662
1663
1664
1665
1666
1667
1668
1669
1670
1671
1672
1673
1674
1675
1676
1677
1678
1679
1680
1681
1682
1683
1684
1685
1686
1687
1688
1689
1690
1691
1692
1693
1694
1695
1696
1697
1698
1699
1700
1701
1702
1703
1704
1705
1706
1707
1708
1709
1710
1711
1712
1713
1714
1715
1716
1717
1718
1719
1720
1721
1722
1723
1.963787853454281 0.8233375918071355 0.02731502691653314
1.156670925139881 0.9637878534528534 0.02731502691700655
1.387818655327788 0.9746266638344178 0.2414595760418901
1.49000425847401 0.9726849730857234 0.9637878534541384
1.381940207627566 0.8527757240759414 0.912244885544519
1.96378785345342 0.02731502691624962 0.7122264806959889
1.972684973085658 0.03621214654925266 0.6211068526392665
1.855646153979766 0.3948484331869024 0.9712080575841333
1.873553891027264 0.6145679854309946 0.9783708350309325
1.873553891027571 0.5034568743199879 0.9783708350308967
1.873743167671311 0.8301973051918384 0.9213087672255397
1.718765347906183 0.9783708350299866 0.8735538910271159
1.612181344675078 0.9746266638340004 0.7585404239607452
1.970570100751196 0.503772699017455 0.2527901329677285
1.823337591806949 0.9637878534533807 0.02731502691680432
1.503549586437892 0.9749201746930078 0.2435917477173137
1.978370835030477 0.7256790965399765 0.1264461089756898
1.857705190699593 0.6067478501364112 0.02977189663616993
1.972684973085974 0.398884630416158 0.03621214654830119
1.978370835030531 0.126446108975185 0.3923457632060926
1.758540423961191 0.2788480113411626 0.02537333616816611
1.444444444445488 0.5000000000004674 0.5555555555543449
1.288194444444839 0.3888888888887655 0.3333333333323699
1.277966030789911 0.6666666666665909 0.3888888888878945
1.584590206502751 0.277777777777108 0.4154097934973951
1.253472222222837 0.5555555555560705 0.7222222222214895
1.277777777778437 0.2777777777783251 0.6666666666657409
1.628387140439366 0.6511100278752289 0.3251859073426727
1.384354114698586 0.7222222222227619 0.8112951648720071
1.712513792897803 0.6676717520779302 0.6676717520779283
1.548620142401663 0.7246359649498041 0.2753640350503053
1.222222222222734 0.777777777777366 0.6111111111100853
1.709811335498733 0.3703262817169047 0.7098113354987545
1.192289993306725 0.222222222221996 0.2777777777771077
1.19228999330666 0.4444444444447564 0.4999999999988355
1.188949152801721 0.6111111111106045 0.2222222222215237
1.722222222222222 0.3591514114934186 0.2073534835253445
1.188888888889304 0.222222222222473 0.4999999999988356
1.168373866445617 0.6111111111113833 0.5555555555546787
1.177777777778317 0.3888888888899268 0.7777777777771888
1.173611111111763 0.7222222222224791 0.7777777777776054
1.167980536512392 0.7777777777775797 0.2777777777771077
1.480388435736183 0.7500000000004026 0.5198403103445313
1.771893946939983 0.5896724580538466 0.133715116506661
1.160161479250382 0.3888888888884751 0.2222222222216268
1.152323006491499 0.5555555555556007 0.3888888888878944
1.185042735043163 0.2029914529920613 0.8141025641020878
1.780895342277883 0.8040973281788946 0.1928856621944527
1.405118063105158 0.556207310861112 0.2414320061843376
1.362306455562983 0.7809216755394611 0.2541111366117844
1.149451974565141 0.3333333333332112 0.3888888888878944
1.680891633929086 0.4863952190495401 0.4972460047315637
1.431488177228155 0.415920569330165 0.7707400711656843
1.166666666666915 0.8333333333330205 0.4444444444433944
1.780504371603804 0.5166820438207214 0.3229603229379518
1.833333333332896 0.8333333333331183 0.7184441748103468
1.779176080170004 0.5636917845131578 0.725018827007223
1.145000951294119 0.55555555555633 0.8333333333328937
1.146482994809096 0.1666666666670106 0.6666666666657441
1.51101979856296 0.2332420207847121 0.638526578793338
1.55023063854528 0.7856802769922778 0.7091266799705692
1.686532246323415 0.8105705823802585 0.8678529338536115
1.144444444444761 0.3333333333339258 0.6111111111100854
1.481786095760038 0.3431835196217148 0.2237795913851631
1.370130952827826 0.2021203722026811 0.3916367663169672
1.132824391172313 0.5000000000007938 0.6666666666655869
1.534498552953081 0.5831081786307121 0.7178592834892528
1.781980762564116 0.669241733991791 0.4685566780582729
1.350994687921953 0.3489384120309758 0.5029726800809243
1.722222222222222 0.1583267646806479 0.1836404080493594
1.731175642841934 0.2177455119123651 0.4457041628184035
1.342038389648669 0.6440812050772935 0.5921919776486965
1.821115525666275 0.3967307460994427 0.8211155256666431
1.523844757849221 0.4668189842326524 0.3751257280192213
1.137962323748505 0.6953710095846158 0.4175932318059201
1.120221286583948 0.222222222222009 0.1666666666663112
1.128326081241265 0.6326753783375173 0.6882309338918285
1.11294245508228 0.8639508470668337 0.7838686623502819
1.329394026357966 0.5146437882989824 0.4353079571086466
1.598415737656496 0.5120146578345651 0.187983048375145
1.111683062683612 0.7222222222221965 0.5555555555542421
1.836186313872455 0.4615053963242305 0.1902512516255431
1.108986751553206 0.4999999999994882 0.2222222222215753
1.108986751553058 0.3888888888881847 0.1111111111108742
1.312584112372081 0.307144062053339 0.1759076634391956
1.105703360737412 0.4444444444445845 0.3888888888878944
1.109713786051445 0.2236724177236016 0.3851131865299831
1.111550780478167 0.7777777777771047 0.1666666666663112
1.263488769977125 0.4268441482146233 0.6344711002689302
1.40672158846478 0.2230908612307098 0.8060432381947261
1.104273504273702 0.3333333333336533 0.4999999999988355
1.450172125399991 0.6340439584322214 0.3918973467031799
1.798938638655871 0.2010613613441882 0.7752745302718983
1.101267462670654 0.5000000000004674 0.5555555555543449
1.657635561045991 0.8099979850998147 0.5540218428293511
1.821388222688616 0.6981532765039646 0.8316555188252622
1.386995873073173 0.7971748935425305 0.656298638947804
1.711201185222022 0.8174828776027906 0.3705308263898971
1.339752262784272 0.8269144038827901 0.4211932210901813
1.107991847772728 0.1111111111114335 0.8333333333328938
1.834340077888732 0.1786675890679989 0.3131188886576358
1.096650000472647 0.1111111111109769 0.3888888888878944
1.107447854298517 0.4949622035448362 0.116294557630404
1.838235906182476 0.6651981065204631 0.268720702521281
1.477442506150197 0.8498675545614774 0.3291843851228365
1.490303761258995 0.831794713480565 0.1685723834619662
1.102614379085164 0.1666666666668941 0.5555555555544518
1.607838707618088 0.2347362174806173 0.8102916675194065
1.097294814573503 0.8333333333330523 0.5555555555542849
1.820857589156388 0.3795185842859211 0.4404294843158746
1.087832402606052 0.8436151051359717 0.6747132901073477
1.344223242383137 0.8740635095409562 0.1287840610099342
1.237494202737909 0.4918466114399486 0.1521214661580203
1.272668260099281 0.8476675464741267 0.8342384227996463
1.102641905302246 0.6666666666664497 0.2777777777771077
1.096425626185489 0.6666666666658777 0.1666666666663112
1.576042375455809 0.6108747808681474 0.5531777328174445
1.12295644265065 0.3062538685813145 0.8604127980859803
1.102415500051223 0.8569544990337764 0.8787621619616695
1.097407995765031 0.4355067824033735 0.8390132073010828
1.097569444444778 0.3333333333340796 0.7222222222214896
1.098619877065676 0.1111111111109126 0.1666666666663112
1.095694444444629 0.6666666666668477 0.8333333333328937
1.514816553220778 0.1719121388063178 0.2821553936217011
1.557991762757291 0.425969223124514 0.6578746253255373
1.097277830740772 0.8888888888888806 0.1666666666663113
1.593191544323303 0.4580791698659047 0.8279615009228896
1.69006978453158 0.1807766067468038 0.624458301342248
1.279811787005659 0.4785502655126578 0.8564386271624929
1.847297912235069 0.7004423412111215 0.1396224990749155
1.253540783161478 0.7324100425686225 0.1644394994726465
1.658575613178568 0.7033206024324133 0.1579017497012393
1.270572061412334 0.633743144984475 0.8474184241588891
1.096225979097807 0.1111111111112093 0.2777777777771077
1.339328728209141 0.1685003678124931 0.5539690001281443
1.68483461598627 0.8488879357651897 0.7234648446065143
1.266400671851621 0.5275411337294568 0.3080030834796533
1.089716076934549 0.3333333333330083 0.2777777777771077
1.506395489857671 0.3585758101336599 0.5254267927029892
1.474000495886407 0.8486270810190292 0.848627081018995
1.266593792014362 0.1532366939091097 0.1506548709253374
1.093177105663524 0.8333333333329889 0.3333333333326581
1.671591452026219 0.4023023151682721 0.3590759184297863
1.099174986755444 0.5757901949240645 0.4797653606304595
1.085192417756887 0.7222222222223377 0.6666666666654327
1.829328189628457 0.2928910370843422 0.5987010863152931
1.395838366160044 0.5451698411972317 0.6868082386945638
1.658408926375413 0.6330253716558113 0.8294309220946654
1.866539580652634 0.5335234615167844 0.8367170363441815
1.431215579128837 0.3428371981717329 0.3706899997561393
1.82556345427039 0.8372053502885248 0.5044372911316336
1.445935478757582 0.6848930978526 0.1684762304193036
1.611111111111013 0.9401429728330417 0.9105646822597113
1.667281021090454 0.3300912296855338 0.5482292565841738
1.825048808386674 0.4655050138780236 0.5903381384765396
1.088119566676502 0.2222222222222215 0.2777777777771077
1.498284870541208 0.1533842589909962 0.490254413133457
1.275009952766949 0.5323101475852743 0.554938637270375
1.238158720499025 0.1423067689186355 0.3896169352765142
1.413680071427476 0.5639285572771803 0.8439570360773828
1.401790254400716 0.3859058346157929 0.6328156875890782
1.857181010578721 0.142818989421145 0.4802739111988793
1.073601376188181 0.4374252505713939 0.7449980510166864
1.634324301397617 0.8410847976544044 0.2223301844692753
1.0890368616954 0.4303697782829985 0.485925333837117
1.078030617947826 0.5555555555566591 0.7222222222214896
1.285968291857623 0.1349714361495734 0.7212303757485284
1.288542553034104 0.3113462887407604 0.8533567850611611
1.291855550012523 0.6885486429515643 0.7135969451219839
1.089759955864358 0.5141487132942465 0.3191846200381256
1.092946641570663 0.2275337558337338 0.7277120870797728
1.083776576091065 0.1111111111113669 0.7222222222214895
1.588335069505151 0.860226608859692 0.8010912987705134
1.089078699031385 0.2362183629229839 0.4860038592982939
1.218962706340328 0.3328990813637374 0.4818928650178326
1.088624773518563 0.4191155236985733 0.6364400318567505
1.07954652203803 0.2217187453985467 0.8327762211886446
1.381069993978815 0.4401589373400679 0.1450466220323547
1.848955927317765 0.2614451968626956 0.172579069122233
1.225925292373688 0.7104927085486366 0.5055024559392831
1.531129302273391 0.7109909787037743 0.8371707804810987
1.473376903640471 0.6868091989969026 0.6452298921167952
1.261585770848794 0.2704724083653589 0.3772661091904989
1.088219370138344 0.2356892859183304 0.6245781748058583
1.500894304438997 0.8711882788697308 0.6003213625406111
1.882634136357257 0.8188799658582294 0.1220695937012333
1.313048141765025 0.6545062925406548 0.2583271187075247
1.082173214373998 0.5654598368242533 0.6210153923784413
1.219165418182239 0.462174212844655 0.3897633693650867
1.08821937013833 0.097644047415532 0.6245781748059109
1.421093769710848 0.1922819881485006 0.1548240569009928
1.815383102323723 0.8781865216843829 0.8561985360133706
1.583051393379836 0.7593241074617801 0.4144501133970354
1.603292964687682 0.2641320953648612 0.1498238831377866
1.85414519187584 0.7146729830362786 0.6057730053788897
1.083642014331039 0.423742942034332 0.2984792801868922
1.088549589055505 0.5970004280812267 0.9029995719199168
1.088446237517438 0.3203901199495716 0.1796098800495965
1.850102918019158 0.5338909148760131 0.4569563559605594
1.727781697723891 0.4987071198780481 0.8723589802598877
1.654351723778877 0.5351248151093635 0.6500822961581696
1.868919487464023 0.1310805125360183 0.6198918733910588
1.877573938274156 0.4389328657856897 0.3065081064645238
1.852825389986693 0.8034714020486077 0.3241507541792672
1.179507607693892 0.4663993123320833 0.2925286288079368
1.075585679676642 0.7420405222656135 0.3600481892882991
1.26883329604452 0.8702031523890221 0.3083103194327738
1.724531348439868 0.6078218099041637 0.2517645259854407
1.069659292419067 0.666666666666578 0.4999999999988356
1.217738421604378 0.8724347656045496 0.7047053820241027
1.078839205780813 0.6034232147791251 0.3410212296641449
1.395905962692419 0.4638561100316622 0.3342168591415216
1.688823537428754 0.2643054586328694 0.3136282988967735
1.088415530735285 0.09752327402831047 0.4864121629159691
1.0882590604441 0.5972014635060504 0.09720146350678785
1.088283536642303 0.736180146825871 0.9028468134921827
1.064075567868719 0.500000000000141 0.4444444444433186
1.072141851274356 0.3847420656120686 0.559585163825876
1.924012379538203 0.3406461600746307 0.8757696507224813
1.084178538139495 0.7417905705737016 0.7582094294256763
1.865958101065858 0.5536412398943795 0.2539418739460015
1.651018029342857 0.5235448111275587 0.3176099249050784
1.586288410684012 0.8887042616100357 0.6947654628901369
1.074074074074231 0.8333333333330205 0.4444444444433944
1.687003678552678 0.3494788975809134 0.8520007031458392
1.199360461180506 0.3079090749687183 0.1288098612053982
1.305198249580643 0.3913924403227078 0.752339103800598
1.30790608279929 0.6096089284130753 0.126209750015537
1.342374977065955 0.7637249005998804 0.5368534479675309
1.610812431942139 0.1306283062855942 0.3916367451627771
1.080299632158437 0.5784034987276877 0.2549298346046291
1.234282398064642 0.5894702416657355 0.4630563641299453
1.448307157974523 0.6246359539192173 0.5209500307497713
1.08065051244025 0.508048750215729 0.8979560054961601
1.06460125049425 0.3888888888902171 0.8888888888886369
1.891920757321138 0.2777777777771079 0.0457217247253758
1.077574441872826 0.3689220797774015 0.4244776353317977
1.088224973526055 0.9029069966523144 0.2637596700135927
1.833333333333333 0.4962611076844223 0.8985830473775176
1.797217119778374 0.604842135104229 0.8935306793843109
1.22004948951754 0.1246921865179587 0.5734057190266076
1.062059079008359 0.3888888888884751 0.2222222222216268
1.220929186389693 0.8557801985980155 0.1884816454514959
1.078913703324582 0.7497200005050881 0.4719422227263275
1.077964791183232 0.6499701629630283 0.5944146074060264
1.500699832003241 0.3226408849884697 0.8627584220701301
1.32632652225554 0.2029157600247437 0.262604621188152
1.890545606522452 0.5896059440006518 0.1431733181293807
1.064076998366722 0.2785179076153865 0.5560430808943282
1.062635826257213 0.7777777777775797 0.2777777777771077
1.42309359506062 0.4356354715598253 0.452090882447499
1.064216959890667 0.7222222222216309 0.1111111111106683
1.304348768694684 0.1409022174825395 0.8630447906578499
1.500000000000151 0.9498475896697056 0.116843342551075
1.050000055555472 0.05555555555547259 0.05555555555545412
1.050000055555466 0.05555555555550955 0.1666666666663112
1.050000055555478 0.05555555555554652 0.2777777777771077
1.050000055555495 0.05555555555558349 0.3888888888878944
1.050000055555581 0.05555555555562045 0.4999999999988356
1.050000055555667 0.05555555555565742 0.6111111111100853
1.050000055555684 0.05555555555569437 0.7222222222214896
1.050000055555701 0.05555555555573133 0.8333333333328937
1.050000055555717 0.0555555555557683 0.9444444444442979
1.050000055555451 0.1666666666663695 0.05555555555545411
1.050000055555447 0.1666666666664861 0.1666666666663112
1.050000055555462 0.1666666666666027 0.2777777777771077
1.050000055555481 0.1666666666667193 0.3888888888878944
1.05000005555557 0.1666666666668358 0.4999999999988356
1.05834445828511 0.1666666666669656 0.6310645589774302
1.050000055555678 0.1666666666670689 0.7222222222214896
1.050000055555697 0.1666666666671855 0.8333333333328937
1.050000055555716 0.1666666666673021 0.944444444444298
1.050000055555447 0.2777777777772091 0.05555555555545411
1.039755015042315 0.2755461892630558 0.1688982551806708
1.050000055555459 0.2777777777776149 0.2777777777771077
1.050000055555478 0.2777777777778179 0.3888888888878944
1.050000055555568 0.2777777777780208 0.4999999999988356
1.043047966100064 0.2781962775286557 0.6059216377245907
1.042565891621222 0.2690983068970372 0.7221847266487648
1.050000055555696 0.2777777777786296 0.8333333333328937
1.050000055555716 0.2777777777788324 0.9444444444442979
1.050000055555447 0.3888888888880396 0.05555555555545411
1.041892644630345 0.3799821150691269 0.1680659329780022
1.050000055555459 0.3888888888886203 0.2777777777771077
1.050000055555478 0.3888888888889106 0.3888888888878944
1.050000055555568 0.3888888888892009 0.4999999999988356
1.030158175938795 0.380144621181118 0.6018373608003977
1.050000055555676 0.3888888888897816 0.7222222222214896
1.045920326753082 0.3901816691301236 0.8347784372088954
1.050000055555716 0.3888888888903623 0.944444444444298
1.050000055555505 0.4999999999989988 0.05555555555545411
1.046368392575853 0.4968126941626455 0.1660294662963438
1.05000005555547 0.4999999999996515 0.2777777777771077
1.050000055555467 0.4999999999999779 0.3888888888878944
1.050000055555533 0.5000000000003042 0.4999999999988356
1.050000055555599 0.5000000000006306 0.6111111111100853
1.050000055555596 0.5000000000009569 0.7222222222214896
1.050000055555592 0.5000000000012832 0.8333333333328937
1.050000055555589 0.5000000000016096 0.9444444444442979
1.050000055555563 0.6111111111102152 0.05555555555545412
1.050000055555513 0.6111111111104748 0.1666666666663112
1.050000055555482 0.6111111111107344 0.2777777777771077
1.041316582674674 0.6120519537997421 0.404464562715645
1.050000055555498 0.6111111111112535 0.4999999999988356
1.050000055555541 0.6111111111115131 0.6111111111100853
1.050000055555515 0.6111111111117726 0.7222222222214896
1.050000055555488 0.6111111111120322 0.8333333333328936
1.050000055555461 0.6111111111122918 0.9444444444442979
1.050000055555563 0.7222222222215602 0.05555555555545412
1.050000055555513 0.7222222222217016 0.1666666666663112
1.041017687109132 0.7235285562128326 0.2865916192755192
1.044444499999911 0.7222222222219843 0.3888888888878945
1.050000055555498 0.7222222222221257 0.4999999999988356
1.050000055555541 0.722222222222267 0.6111111111100853
1.050000055555514 0.7222222222224084 0.7222222222214896
1.050000055555488 0.7222222222225497 0.8333333333328936
1.050000055555461 0.7222222222226912 0.9444444444442979
1.050000055555564 0.8333333333329095 0.05555555555545411
1.050000055555519 0.8333333333329414 0.1666666666663112
1.040237512109292 0.8348488044425967 0.283769814175041
1.041540174691026 0.8211261538104335 0.3841892168728634
1.041221755188193 0.8227925526068933 0.4969667267801898
1.050000055555562 0.833333333333068 0.6111111111100853
1.05000005555554 0.8333333333330997 0.7222222222214896
1.050000055555517 0.8333333333331314 0.8333333333328937
1.050000055555494 0.8333333333331632 0.9444444444442979
1.050000055555578 0.9444444444442932 0.05555555555545411
1.050000055555559 0.9444444444442838 0.1666666666663112
1.050000055555559 0.9444444444442743 0.2777777777771077
1.050000055555563 0.944444444444265 0.3888888888878944
1.050000055555637 0.9444444444442555 0.4999999999988356
1.050000055555711 0.9444444444442461 0.6111111111100853
1.050000055555715 0.9444444444442366 0.7222222222214896
1.050000055555719 0.9444444444442273 0.8333333333328937
1.050000055555723 0.9444444444442178 0.9444444444442979
$EndNodes
$Elements
13 5232 1 5232
2 1 3 81
1 5 69 173 52 
2 52 173 174 51 
3 51 174 175 50 
4 50 175 176 49 
5 49 176 177 48 
6 48 177 178 47 
7 47 178 179 46 
8 46 179 180 45 
9 45 180 44 8 
10 69 70 181 173 
11 173 181 182 174 
12 174 182 183 175 
13 175 183 184 176 
14 176 184 185 177 
15 177 185 186 178 
16 178 186 187 179 
17 179 187 188 180 
18 180 188 43 44 
19 70 71 189 181 
20 181 189 190 182 
21 182 190 191 183 
22 183 191 192 184 
23 184 192 193 185 
24 185 193 194 186 
25 186 194 195 187 
26 187 195 196 188 
27 188 196 42 43 
28 71 72 197 189 
29 189 197 198 190 
30 190 198 199 191 
31 191 199 200 192 
32 192 200 201 193 
33 193 201 202 194 
34 194 202 203 195 
35 195 203 204 196 
36 196 204 41 42 
37 72 73 205 197 
38 197 205 206 198 
39 198 206 207 199 
40 199 207 208 200 
41 200 208 209 201 
42 201 209 210 202 
43 202 210 211 203 
44 203 211 212 204 
45 204 212 40 41 
46 73 74 213 205 
47 205 213 214 206 
48 206 214 215 207 
49 207 215 216 208 
50 208 216 217 209 
51 209 217 218 210 
52 210 218 219 211 
53 211 219 220 212 
54 212 220 39 40 
55 74 75 221 213 
56 213 221 222 214 
57 214 222 223 215 
58 215 223 224 216 
59 216 224 225 217 
60 217 225 226 218 
61 218 226 227 219 
62 219 227 228 220 
63 220 228 38 39 
64 75 76 229 221 
65 221 229 230 222 
66 222 230 231 223 
67 223 231 232 224 
68 224 232 233 225 
69 225 233 234 226 
70 226 234 235 227 
71 227 235 236 228 
72 228 236 37 38 
73 76 4 77 229 
74 229 77 78 230 
75 230 78 79 231 
76 231 79 80 232 
77 232 80 81 233 
78 233 81 82 234 
79 234 82 83 235 
80 235 83 84 236 
81 236 84 6 37 
2 2 3 81
82 5 53 237 69 
83 69 237 238 70 
84 70 238 239 71 
85 71 239 240 72 
86 72 240 241 73 
87 73 241 242 74 
88 74 242 243 75 
89 75 243 244 76 
90 76 244 13 4 
91 53 54 245 237 
92 237 245 246 238 
93 238 246 247 239 
94 239 247 248 240 
95 240 248 249 241 
96 241 249 250 242 
97 242 250 251 243 
98 243 251 252 244 
99 244 252 14 13 
100 54 55 253 245 
101 245 253 254 246 
102 246 254 255 247 
103 247 255 256 248 
104 248 256 257 249 
105 249 257 258 250 
106 250 258 259 251 
107 251 259 260 252 
108 252 260 15 14 
109 55 56 261 253 
110 253 261 262 254 
111 254 262 263 255 
112 255 263 264 256 
113 256 264 265 257 
114 257 265 266 258 
115 258 266 267 259 
116 259 267 268 260 
117 260 268 16 15 
118 56 57 269 261 
119 261 269 270 262 
120 262 270 271 263 
121 263 271 272 264 
122 264 272 273 265 
123 265 273 274 266 
124 266 274 275 267 
125 267 275 276 268 
126 268 276 17 16 
127 57 58 277 269 
128 269 277 278 270 
129 270 278 279 271 
130 271 279 280 272 
131 272 280 281 273 
132 273 281 282 274 
133 274 282 283 275 
134 275 283 284 276 
135 276 284 18 17 
136 58 59 285 277 
137 277 285 286 278 
138 278 286 287 279 
139 279 287 288 280 
140 280 288 289 281 
141 281 289 290 282 
142 282 290 291 283 
143 283 291 292 284 
144 284 292 19 18 
145 59 60 293 285 
146 285 293 294 286 
147 286 294 295 287 
148 287 295 296 288 
149 288 296 297 289 
150 289 297 298 290 
151 290 298 299 291 
152 291 299 300 292 
153 292 300 20 19 
154 60 2 61 293 
155 293 61 62 294 
156 294 62 63 295 
157 295 63 64 296 
158 296 64 65 297 
159 297 65 66 298 
160 298 66 67 299 
161 299 67 68 300 
162 300 68 1 20 
2 3 3 81
163 3 93 301 92 
164 92 301 302 91 
165 91 302 303 90 
166 90 303 304 89 
167 89 304 305 88 
168 88 305 306 87 
169 87 306 307 86 
170 86 307 308 85 
171 85 308 45 8 
172 93 94 309 301 
173 301 309 310 302 
174 302 310 311 303 
175 303 311 312 304 
176 304 312 313 305 
177 305 313 314 306 
178 306 314 315 307 
179 307 315 316 308 
180 308 316 46 45 
181 94 95 317 309 
182 309 317 318 310 
183 310 318 319 311 
184 311 319 320 312 
185 312 320 321 313 
186 313 321 322 314 
187 314 322 323 315 
188 315 323 324 316 
189 316 324 47 46 
190 95 96 325 317 
191 317 325 326 318 
192 318 326 327 319 
193 319 327 328 320 
194 320 328 329 321 
195 321 329 330 322 
196 322 330 331 323 
197 323 331 332 324 
198 324 332 48 47 
199 96 97 333 325 
200 325 333 334 326 
201 326 334 335 327 
202 327 335 336 328 
203 328 336 337 329 
204 329 337 338 330 
205 330 338 339 331 
206 331 339 340 332 
207 332 340 49 48 
208 97 98 341 333 
209 333 341 342 334 
210 334 342 343 335 
211 335 343 344 336 
212 336 344 345 337 
213 337 345 346 338 
214 338 346 347 339 
215 339 347 348 340 
216 340 348 50 49 
217 98 99 349 341 
218 341 349 350 342 
219 342 350 351 343 
220 343 351 352 344 
221 344 352 353 345 
222 345 353 354 346 
223 346 354 355 347 
224 347 355 356 348 
225 348 356 51 50 
226 99 100 357 349 
227 349 357 358 350 
228 350 358 359 351 
229 351 359 360 352 
230 352 360 361 353 
231 353 361 362 354 
232 354 362 363 355 
233 355 363 364 356 
234 356 364 52 51 
235 100 2 60 357 
236 357 60 59 358 
237 358 59 58 359 
238 359 58 57 360 
239 360 57 56 361 
240 361 56 55 362 
241 362 55 54 363 
242 363 54 53 364 
243 364 53 5 52 
2 5 3 81
244 4 13 429 77 
245 77 429 430 78 
246 78 430 431 79 
247 79 431 432 80 
248 80 432 433 81 
249 81 433 434 82 
250 82 434 435 83 
251 83 435 436 84 
252 84 436 36 6 
253 13 14 437 429 
254 429 437 438 430 
255 430 438 439 431 
256 431 439 440 432 
257 432 440 441 433 
258 433 441 442 434 
259 434 442 443 435 
260 435 443 444 436 
261 436 444 35 36 
262 14 15 445 437 
263 437 445 446 438 
264 438 446 447 439 
265 439 447 448 440 
266 440 448 449 441 
267 441 449 450 442 
268 442 450 451 443 
269 443 451 452 444 
270 444 452 34 35 
271 15 16 453 445 
272 445 453 454 446 
273 446 454 455 447 
274 447 455 456 448 
275 448 456 457 449 
276 449 457 458 450 
277 450 458 459 451 
278 451 459 460 452 
279 452 460 33 34 
280 16 17 461 453 
281 453 461 462 454 
282 454 462 463 455 
283 455 463 464 456 
284 456 464 465 457 
285 457 465 466 458 
286 458 466 467 459 
287 459 467 468 460 
288 460 468 32 33 
289 17 18 469 461 
290 461 469 470 462 
291 462 470 471 463 
292 463 471 472 464 
293 464 472 473 465 
294 465 473 474 466 
295 466 474 475 467 
296 467 475 476 468 
297 468 476 31 32 
298 18 19 477 469 
299 469 477 478 470 
300 470 478 479 471 
301 471 479 480 472 
302 472 480 481 473 
303 473 481 482 474 
304 474 482 483 475 
305 475 483 484 476 
306 476 484 30 31 
307 19 20 485 477 
308 477 485 486 478 
309 478 486 487 479 
310 479 487 488 480 
311 480 488 489 481 
312 481 489 490 482 
313 482 490 491 483 
314 483 491 492 484 
315 484 492 29 30 
316 20 1 21 485 
317 485 21 22 486 
318 486 22 23 487 
319 487 23 24 488 
320 488 24 25 489 
321 489 25 26 490 
322 490 26 27 491 
323 491 27 28 492 
324 492 28 7 29 
2 6 3 81
325 8 85 493 44 
326 44 493 494 43 
327 43 494 495 42 
328 42 495 496 41 
329 41 496 497 40 
330 40 497 498 39 
331 39 498 499 38 
332 38 499 500 37 
333 37 500 36 6 
334 85 86 501 493 
335 493 501 502 494 
336 494 502 503 495 
337 495 503 504 496 
338 496 504 505 497 
339 497 505 506 498 
340 498 506 507 499 
341 499 507 508 500 
342 500 508 35 36 
343 86 87 509 501 
344 501 509 510 502 
345 502 510 511 503 
346 503 511 512 504 
347 504 512 513 505 
348 505 513 514 506 
349 506 514 515 507 
350 507 515 516 508 
351 508 516 34 35 
352 87 88 517 509 
353 509 517 518 510 
354 510 518 519 511 
355 511 519 520 512 
356 512 520 521 513 
357 513 521 522 514 
358 514 522 523 515 
359 515 523 524 516 
360 516 524 33 34 
361 88 89 525 517 
362 517 525 526 518 
363 518 526 527 519 
364 519 527 528 520 
365 520 528 529 521 
366 521 529 530 522 
367 522 530 531 523 
368 523 531 532 524 
369 524 532 32 33 
370 89 90 533 525 
371 525 533 534 526 
372 526 534 535 527 
373 527 535 536 528 
374 528 536 537 529 
375 529 537 538 530 
376 530 538 539 531 
377 531 539 540 532 
378 532 540 31 32 
379 90 91 541 533 
380 533 541 542 534 
381 534 542 543 535 
382 535 543 544 536 
383 536 544 545 537 
384 537 545 546 538 
385 538 546 547 539 
386 539 547 548 540 
387 540 548 30 31 
388 91 92 549 541 
389 541 549 550 542 
390 542 550 551 543 
391 543 551 552 544 
392 544 552 553 545 
393 545 553 554 546 
394 546 554 555 547 
395 547 555 556 548 
396 548 556 29 30 
397 92 3 101 549 
398 549 101 102 550 
399 550 102 103 551 
400 551 103 104 552 
401 552 104 105 553 
402 553 105 106 554 
403 554 106 107 555 
404 555 107 108 556 
405 556 108 7 29 
2 7 2 162
406 132 21 1 
407 613 7 28 
408 140 7 613 
409 10 564 125 
410 141 564 10 
411 11 133 148 
412 620 22 21 
413 620 21 132 
414 619 23 22 
415 619 22 620 
416 618 24 23 
417 618 23 619 
418 617 25 24 
419 617 24 618 
420 616 26 25 
421 616 25 617 
422 615 27 26 
423 615 26 616 
424 614 28 27 
425 614 27 615 
426 613 28 614 
427 125 572 126 
428 564 572 125 
429 126 580 127 
430 572 580 126 
431 127 588 128 
432 580 588 127 
433 128 596 129 
434 588 596 128 
435 129 604 130 
436 596 604 129 
437 130 612 131 
438 604 612 130 
439 131 620 132 
440 612 620 131 
441 133 134 557 
442 148 133 557 
443 134 135 565 
444 557 134 565 
445 135 136 573 
446 565 135 573 
447 136 137 581 
448 573 136 581 
449 137 138 589 
450 581 137 589 
451 138 139 597 
452 589 138 597 
453 139 140 605 
454 597 139 605 
455 605 140 613 
456 142 563 141 
457 141 563 564 
458 143 562 142 
459 142 562 563 
460 144 561 143 
461 143 561 562 
462 145 560 144 
463 144 560 561 
464 146 559 145 
465 145 559 560 
466 147 558 146 
467 146 558 559 
468 148 557 147 
469 147 557 558 
470 557 565 558 
471 558 566 559 
472 558 565 566 
473 559 567 560 
474 559 566 567 
475 560 568 561 
476 560 567 568 
477 561 569 562 
478 561 568 569 
479 562 570 563 
480 562 569 570 
481 563 571 564 
482 563 570 571 
483 564 571 572 
484 565 573 566 
485 566 574 567 
486 566 573 574 
487 567 575 568 
488 567 574 575 
489 568 576 569 
490 568 575 576 
491 569 577 570 
492 569 576 577 
493 570 578 571 
494 570 577 578 
495 571 579 572 
496 571 578 579 
497 572 579 580 
498 573 581 574 
499 574 582 575 
500 574 581 582 
501 575 583 576 
502 575 582 583 
503 576 584 577 
504 576 583 584 
505 577 585 578 
506 577 584 585 
507 578 586 579 
508 578 585 586 
509 579 587 580 
510 579 586 587 
511 580 587 588 
512 581 589 582 
513 582 590 583 
514 582 589 590 
515 583 591 584 
516 583 590 591 
517 584 592 585 
518 584 591 592 
519 585 593 586 
520 585 592 593 
521 586 594 587 
522 586 593 594 
523 587 595 588 
524 587 594 595 
525 588 595 596 
526 589 597 590 
527 590 598 591 
528 590 597 598 
529 591 599 592 
530 591 598 599 
531 592 600 593 
532 592 599 600 
533 593 601 594 
534 593 600 601 
535 594 602 595 
536 594 601 602 
537 595 603 596 
538 595 602 603 
539 596 603 604 
540 597 605 598 
541 598 606 599 
542 598 605 606 
543 599 607 600 
544 599 606 607 
545 600 608 601 
546 600 607 608 
547 601 609 602 
548 601 608 609 
549 602 610 603 
550 602 609 610 
551 603 611 604 
552 603 610 611 
553 604 611 612 
554 605 613 606 
555 606 614 607 
556 606 613 614 
557 607 615 608 
558 607 614 615 
559 608 616 609 
560 608 615 616 
561 609 617 610 
562 609 616 617 
563 610 618 611 
564 610 617 618 
565 611 619 612 
566 611 618 619 
567 612 619 620 
2 8 2 162
568 9 165 149 
569 109 141 10 
570 677 11 148 
571 172 11 677 
572 12 628 116 
573 156 628 12 
574 110 684 109 
575 684 141 109 
576 111 676 110 
577 676 684 110 
578 112 668 111 
579 668 676 111 
580 113 660 112 
581 660 668 112 
582 114 652 113 
583 652 660 113 
584 115 644 114 
585 644 652 114 
586 116 636 115 
587 636 644 115 
588 628 636 116 
589 684 142 141 
590 683 143 142 
591 683 142 684 
592 682 144 143 
593 682 143 683 
594 681 145 144 
595 681 144 682 
596 680 146 145 
597 680 145 681 
598 679 147 146 
599 679 146 680 
600 678 148 147 
601 678 147 679 
602 677 148 678 
603 149 621 150 
604 149 165 621 
605 150 622 151 
606 150 621 622 
607 151 623 152 
608 151 622 623 
609 152 624 153 
610 152 623 624 
611 153 625 154 
612 153 624 625 
613 154 626 155 
614 154 625 626 
615 155 627 156 
616 155 626 627 
617 156 627 628 
618 165 166 621 
619 166 167 629 
620 621 166 629 
621 167 168 637 
622 629 167 637 
623 168 169 645 
624 637 168 645 
625 169 170 653 
626 645 169 653 
627 170 171 661 
628 653 170 661 
629 171 172 669 
630 661 171 669 
631 669 172 677 
632 621 629 622 
633 622 630 623 
634 622 629 630 
635 623 631 624 
636 623 630 631 
637 624 632 625 
638 624 631 632 
639 625 633 626 
640 625 632 633 
641 626 634 627 
642 626 633 634 
643 627 635 628 
644 627 634 635 
645 628 635 636 
646 629 637 630 
647 630 638 631 
648 630 637 638 
649 631 639 632 
650 631 638 639 
651 632 640 633 
652 632 639 640 
653 633 641 634 
654 633 640 641 
655 634 642 635 
656 634 641 642 
657 635 643 636 
658 635 642 643 
659 636 643 644 
660 637 645 638 
661 638 646 639 
662 638 645 646 
663 639 647 640 
664 639 646 647 
665 640 648 641 
666 640 647 648 
667 641 649 642 
668 641 648 649 
669 642 650 643 
670 642 649 650 
671 643 651 644 
672 643 650 651 
673 644 651 652 
674 645 653 646 
675 646 654 647 
676 646 653 654 
677 647 655 648 
678 647 654 655 
679 648 656 649 
680 648 655 656 
681 649 657 650 
682 649 656 657 
683 650 658 651 
684 650 657 658 
685 651 659 652 
686 651 658 659 
687 652 659 660 
688 653 661 654 
689 654 662 655 
690 654 661 662 
691 655 663 656 
692 655 662 663 
693 656 664 657 
694 656 663 664 
695 657 665 658 
696 657 664 665 
697 658 666 659 
698 658 665 666 
699 659 667 660 
700 659 666 667 
701 660 667 668 
702 661 669 662 
703 662 670 663 
704 662 669 670 
705 663 671 664 
706 663 670 671 
707 664 672 665 
708 664 671 672 
709 665 673 666 
710 665 672 673 
711 666 674 667 
712 666 673 674 
713 667 675 668 
714 667 674 675 
715 668 675 676 
716 669 677 670 
717 670 678 671 
718 670 677 678 
719 671 679 672 
720 671 678 679 
721 672 680 673 
722 672 679 680 
723 673 681 674 
724 673 680 681 
725 674 682 675 
726 674 681 682 
727 675 683 676 
728 675 682 683 
729 676 683 684 
2 9 2 162
730 3 157 101 
731 108 692 7 
732 7 692 140 
733 164 9 741 
734 741 9 165 
735 133 172 11 
736 101 685 102 
737 101 157 685 
738 102 686 103 
739 102 685 686 
740 103 687 104 
741 103 686 687 
742 104 688 105 
743 104 687 688 
744 105 689 106 
745 105 688 689 
746 106 690 107 
747 106 689 690 
748 107 691 108 
749 107 690 691 
750 108 691 692 
751 134 748 133 
752 748 172 133 
753 135 740 134 
754 740 748 134 
755 136 732 135 
756 732 740 135 
757 137 724 136 
758 724 732 136 
759 138 716 137 
760 716 724 137 
761 139 708 138 
762 708 716 138 
763 140 700 139 
764 700 708 139 
765 692 700 140 
766 157 158 685 
767 158 159 693 
768 685 158 693 
769 159 160 701 
770 693 159 701 
771 160 161 709 
772 701 160 709 
773 161 162 717 
774 709 161 717 
775 162 163 725 
776 717 162 725 
777 163 164 733 
778 725 163 733 
779 733 164 741 
780 742 165 166 
781 741 165 742 
782 743 166 167 
783 742 166 743 
784 744 167 168 
785 743 167 744 
786 745 168 169 
787 744 168 745 
788 746 169 170 
789 745 169 746 
790 747 170 171 
791 746 170 747 
792 748 171 172 
793 747 171 748 
794 685 693 686 
795 686 694 687 
796 686 693 694 
797 687 695 688 
798 687 694 695 
799 688 696 689 
800 688 695 696 
801 689 697 690 
802 689 696 697 
803 690 698 691 
804 690 697 698 
805 691 699 692 
806 691 698 699 
807 692 699 700 
808 693 701 694 
809 694 702 695 
810 694 701 702 
811 695 703 696 
812 695 702 703 
813 696 704 697 
814 696 703 704 
815 697 705 698 
816 697 704 705 
817 698 706 699 
818 698 705 706 
819 699 707 700 
820 699 706 707 
821 700 707 708 
822 701 709 702 
823 702 710 703 
824 702 709 710 
825 703 711 704 
826 703 710 711 
827 704 712 705 
828 704 711 712 
829 705 713 706 
830 705 712 713 
831 706 714 707 
832 706 713 714 
833 707 715 708 
834 707 714 715 
835 708 715 716 
836 709 717 710 
837 710 718 711 
838 710 717 718 
839 711 719 712 
840 711 718 719 
841 712 720 713 
842 712 719 720 
843 713 721 714 
844 713 720 721 
845 714 722 715 
846 714 721 722 
847 715 723 716 
848 715 722 723 
849 716 723 724 
850 717 725 718 
851 718 726 719 
852 718 725 726 
853 719 727 720 
854 719 726 727 
855 720 728 721 
856 720 727 728 
857 721 729 722 
858 721 728 729 
859 722 730 723 
860 722 729 730 
861 723 731 724 
862 723 730 731 
863 724 731 732 
864 725 733 726 
865 726 734 727 
866 726 733 734 
867 727 735 728 
868 727 734 735 
869 728 736 729 
870 728 735 736 
871 729 737 730 
872 729 736 737 
873 730 738 731 
874 730 737 738 
875 731 739 732 
876 731 738 739 
877 732 739 740 
878 733 741 734 
879 734 742 735 
880 734 741 742 
881 735 743 736 
882 735 742 743 
883 736 744 737 
884 736 743 744 
885 737 745 738 
886 737 744 745 
887 738 746 739 
888 738 745 746 
889 739 747 740 
890 739 746 747 
891 740 747 748 
2 10 2 162
892 100 756 2 
893 2 756 124 
894 3 157 93 
895 805 9 149 
896 164 9 805 
897 117 156 12 
898 93 749 94 
899 93 157 749 
900 94 750 95 
901 94 749 750 
902 95 751 96 
903 95 750 751 
904 96 752 97 
905 96 751 752 
906 97 753 98 
907 97 752 753 
908 98 754 99 
909 98 753 754 
910 99 755 100 
911 99 754 755 
912 100 755 756 
913 118 812 117 
914 812 156 117 
915 119 804 118 
916 804 812 118 
917 120 796 119 
918 796 804 119 
919 121 788 120 
920 788 796 120 
921 122 780 121 
922 780 788 121 
923 123 772 122 
924 772 780 122 
925 124 764 123 
926 764 772 123 
927 756 764 124 
928 806 149 150 
929 805 149 806 
930 807 150 151 
931 806 150 807 
932 808 151 152 
933 807 151 808 
934 809 152 153 
935 808 152 809 
936 810 153 154 
937 809 153 810 
938 811 154 155 
939 810 154 811 
940 812 155 156 
941 811 155 812 
942 157 158 749 
943 158 159 757 
944 749 158 757 
945 159 160 765 
946 757 159 765 
947 160 161 773 
948 765 160 773 
949 161 162 781 
950 773 161 781 
951 162 163 789 
952 781 162 789 
953 163 164 797 
954 789 163 797 
955 797 164 805 
956 749 757 750 
957 750 758 751 
958 750 757 758 
959 751 759 752 
960 751 758 759 
961 752 760 753 
962 752 759 760 
963 753 761 754 
964 753 760 761 
965 754 762 755 
966 754 761 762 
967 755 763 756 
968 755 762 763 
969 756 763 764 
970 757 765 758 
971 758 766 759 
972 758 765 766 
973 759 767 760 
974 759 766 767 
975 760 768 761 
976 760 767 768 
977 761 769 762 
978 761 768 769 
979 762 770 763 
980 762 769 770 
981 763 771 764 
982 763 770 771 
983 764 771 772 
984 765 773 766 
985 766 774 767 
986 766 773 774 
987 767 775 768 
988 767 774 775 
989 768 776 769 
990 768 775 776 
991 769 777 770 
992 769 776 777 
993 770 778 771 
994 770 777 778 
995 771 779 772 
996 771 778 779 
997 772 779 780 
998 773 781 774 
999 774 782 775 
1000 774 781 782 
1001 775 783 776 
1002 775 782 783 
1003 776 784 777 
1004 776 783 784 
1005 777 785 778 
1006 777 784 785 
1007 778 786 779 
1008 778 785 786 
1009 779 787 780 
1010 779 786 787 
1011 780 787 788 
1012 781 789 782 
1013 782 790 783 
1014 782 789 790 
1015 783 791 784 
1016 783 790 791 
1017 784 792 785 
1018 784 791 792 
1019 785 793 786 
1020 785 792 793 
1021 786 794 787 
1022 786 793 794 
1023 787 795 788 
1024 787 794 795 
1025 788 795 796 
1026 789 797 790 
1027 790 798 791 
1028 790 797 798 
1029 791 799 792 
1030 791 798 799 
1031 792 800 793 
1032 792 799 800 
1033 793 801 794 
1034 793 800 801 
1035 794 802 795 
1036 794 801 802 
1037 795 803 796 
1038 795 802 803 
1039 796 803 804 
1040 797 805 798 
1041 798 806 799 
1042 798 805 806 
1043 799 807 800 
1044 799 806 807 
1045 800 808 801 
1046 800 807 808 
1047 801 809 802 
1048 801 808 809 
1049 802 810 803 
1050 802 809 810 
1051 803 811 804 
1052 803 810 811 
1053 804 811 812 
2 11 2 162
1054 869 1 68 
1055 132 1 869 
1056 124 61 2 
1057 10 125 109 
1058 116 820 12 
1059 12 820 117 
1060 876 62 61 
1061 876 61 124 
1062 875 63 62 
1063 875 62 876 
1064 874 64 63 
1065 874 63 875 
1066 873 65 64 
1067 873 64 874 
1068 872 66 65 
1069 872 65 873 
1070 871 67 66 
1071 871 66 872 
1072 870 68 67 
1073 870 67 871 
1074 869 68 870 
1075 109 813 110 
1076 109 125 813 
1077 110 814 111 
1078 110 813 814 
1079 111 815 112 
1080 111 814 815 
1081 112 816 113 
1082 112 815 816 
1083 113 817 114 
1084 113 816 817 
1085 114 818 115 
1086 114 817 818 
1087 115 819 116 
1088 115 818 819 
1089 116 819 820 
1090 117 828 118 
1091 820 828 117 
1092 118 836 119 
1093 828 836 118 
1094 119 844 120 
1095 836 844 119 
1096 120 852 121 
1097 844 852 120 
1098 121 860 122 
1099 852 860 121 
1100 122 868 123 
1101 860 868 122 
1102 123 876 124 
1103 868 876 123 
1104 125 126 813 
1105 126 127 821 
1106 813 126 821 
1107 127 128 829 
1108 821 127 829 
1109 128 129 837 
1110 829 128 837 
1111 129 130 845 
1112 837 129 845 
1113 130 131 853 
1114 845 130 853 
1115 131 132 861 
1116 853 131 861 
1117 861 132 869 
1118 813 821 814 
1119 814 822 815 
1120 814 821 822 
1121 815 823 816 
1122 815 822 823 
1123 816 824 817 
1124 816 823 824 
1125 817 825 818 
1126 817 824 825 
1127 818 826 819 
1128 818 825 826 
1129 819 827 820 
1130 819 826 827 
1131 820 827 828 
1132 821 829 822 
1133 822 830 823 
1134 822 829 830 
1135 823 831 824 
1136 823 830 831 
1137 824 832 825 
1138 824 831 832 
1139 825 833 826 
1140 825 832 833 
1141 826 834 827 
1142 826 833 834 
1143 827 835 828 
1144 827 834 835 
1145 828 835 836 
1146 829 837 830 
1147 830 838 831 
1148 830 837 838 
1149 831 839 832 
1150 831 838 839 
1151 832 840 833 
1152 832 839 840 
1153 833 841 834 
1154 833 840 841 
1155 834 842 835 
1156 834 841 842 
1157 835 843 836 
1158 835 842 843 
1159 836 843 844 
1160 837 845 838 
1161 838 846 839 
1162 838 845 846 
1163 839 847 840 
1164 839 846 847 
1165 840 848 841 
1166 840 847 848 
1167 841 849 842 
1168 841 848 849 
1169 842 850 843 
1170 842 849 850 
1171 843 851 844 
1172 843 850 851 
1173 844 851 852 
1174 845 853 846 
1175 846 854 847 
1176 846 853 854 
1177 847 855 848 
1178 847 854 855 
1179 848 856 849 
1180 848 855 856 
1181 849 857 850 
1182 849 856 857 
1183 850 858 851 
1184 850 857 858 
1185 851 859 852 
1186 851 858 859 
1187 852 859 860 
1188 853 861 854 
1189 854 862 855 
1190 854 861 862 
1191 855 863 856 
1192 855 862 863 
1193 856 864 857 
1194 856 863 864 
1195 857 865 858 
1196 857 864 865 
1197 858 866 859 
1198 858 865 866 
1199 859 867 860 
1200 859 866 867 
1201 860 867 868 
1202 861 869 862 
1203 862 870 863 
1204 862 869 870 
1205 863 871 864 
1206 863 870 871 
1207 864 872 865 
1208 864 871 872 
1209 865 873 866 
1210 865 872 873 
1211 866 874 867 
1212 866 873 874 
1213 867 875 868 
1214 867 874 875 
1215 868 875 876 
3 1 5 729
1216 5 53 237 69 52 364 877 173 
1217 52 364 877 173 51 356 878 174 
1218 51 356 878 174 50 348 879 175 
1219 50 348 879 175 49 340 880 176 
1220 49 340 880 176 48 332 881 177 
1221 48 332 881 177 47 324 882 178 
1222 47 324 882 178 46 316 883 179 
1223 46 316 883 179 45 308 884 180 
1224 45 308 884 180 8 85 493 44 
1225 69 237 238 70 173 877 885 181 
1226 173 877 885 181 174 878 886 182 
1227 174 878 886 182 175 879 887 183 
1228 175 879 887 183 176 880 888 184 
1229 176 880 888 184 177 881 889 185 
1230 177 881 889 185 178 882 890 186 
1231 178 882 890 186 179 883 891 187 
1232 179 883 891 187 180 884 892 188 
1233 180 884 892 188 44 493 494 43 
1234 70 238 239 71 181 885 893 189 
1235 181 885 893 189 182 886 894 190 
1236 182 886 894 190 183 887 895 191 
1237 183 887 895 191 184 888 896 192 
1238 184 888 896 192 185 889 897 193 
1239 185 889 897 193 186 890 898 194 
1240 186 890 898 194 187 891 899 195 
1241 187 891 899 195 188 892 900 196 
1242 188 892 900 196 43 494 495 42 
1243 71 239 240 72 189 893 901 197 
1244 189 893 901 197 190 894 902 198 
1245 190 894 902 198 191 895 903 199 
1246 191 895 903 199 192 896 904 200 
1247 192 896 904 200 193 897 905 201 
1248 193 897 905 201 194 898 906 202 
1249 194 898 906 202 195 899 907 203 
1250 195 899 907 203 196 900 908 204 
1251 196 900 908 204 42 495 496 41 
1252 72 240 241 73 197 901 909 205 
1253 197 901 909 205 198 902 910 206 
1254 198 902 910 206 199 903 911 207 
1255 199 903 911 207 200 904 912 208 
1256 200 904 912 208 201 905 913 209 
1257 201 905 913 209 202 906 914 210 
1258 202 906 914 210 203 907 915 211 
1259 203 907 915 211 204 908 916 212 
1260 204 908 916 212 41 496 497 40 
1261 73 241 242 74 205 909 917 213 
1262 205 909 917 213 206 910 918 214 
1263 206 910 918 214 207 911 919 215 
1264 207 911 919 215 208 912 920 216 
1265 208 912 920 216 209 913 921 217 
1266 209 913 921 217 210 914 922 218 
1267 210 914 922 218 211 915 923 219 
1268 211 915 923 219 212 916 924 220 
1269 212 916 924 220 40 497 498 39 
1270 74 242 243 75 213 917 925 221 
1271 213 917 925 221 214 918 926 222 
1272 214 918 926 222 215 919 927 223 
1273 215 919 927 223 216 920 928 224 
1274 216 920 928 224 217 921 929 225 
1275 217 921 929 225 218 922 930 226 
1276 218 922 930 226 219 923 931 227 
1277 219 923 931 227 220 924 932 228 
1278 220 924 932 228 39 498 499 38 
1279 75 243 244 76 221 925 933 229 
1280 221 925 933 229 222 926 934 230 
1281 222 926 934 230 223 927 935 231 
1282 223 927 935 231 224 928 936 232 
1283 224 928 936 232 225 929 937 233 
1284 225 929 937 233 226 930 938 234 
1285 226 930 938 234 227 931 939 235 
1286 227 931 939 235 228 932 940 236 
1287 228 932 940 236 38 499 500 37 
1288 76 244 13 4 229 933 429 77 
1289 229 933 429 77 230 934 430 78 
1290 230 934 430 78 231 935 431 79 
1291 231 935 431 79 232 936 432 80 
1292 232 936 432 80 233 937 433 81 
1293 233 937 433 81 234 938 434 82 
1294 234 938 434 82 235 939 435 83 
1295 235 939 435 83 236 940 436 84 
1296 236 940 436 84 37 500 36 6 
1297 53 54 245 237 364 363 941 877 
1298 364 363 941 877 356 355 942 878 
1299 356 355 942 878 348 347 943 879 
1300 348 347 943 879 340 339 944 880 
1301 340 339 944 880 332 331 945 881 
1302 332 331 945 881 324 323 946 882 
1303 324 323 946 882 316 315 947 883 
1304 316 315 947 883 308 307 948 884 
1305 308 307 948 884 85 86 501 493 
1306 237 245 246 238 877 941 949 885 
1307 877 941 949 885 878 942 950 886 
1308 878 942 950 886 879 943 951 887 
1309 879 943 951 887 880 944 952 888 
1310 880 944 952 888 881 945 953 889 
1311 881 945 953 889 882 946 954 890 
1312 882 946 954 890 883 947 955 891 
1313 883 947 955 891 884 948 956 892 
1314 884 948 956 892 493 501 502 494 
1315 238 246 247 239 885 949 957 893 
1316 885 949 957 893 886 950 958 894 
1317 886 950 958 894 887 951 959 895 
1318 887 951 959 895 888 952 960 896 
1319 888 952 960 896 889 953 961 897 
1320 889 953 961 897 890 954 962 898 
1321 890 954 962 898 891 955 963 899 
1322 891 955 963 899 892 956 964 900 
1323 892 956 964 900 494 502 503 495 
1324 239 247 248 240 893 957 965 901 
1325 893 957 965 901 894 958 966 902 
1326 894 958 966 902 895 959 967 903 
1327 895 959 967 903 896 960 968 904 
1328 896 960 968 904 897 961 969 905 
1329 897 961 969 905 898 962 970 906 
1330 898 962 970 906 899 963 971 907 
1331 899 963 971 907 900 964 972 908 
1332 900 964 972 908 495 503 504 496 
1333 240 248 249 241 901 965 973 909 
1334 901 965 973 909 902 966 974 910 
1335 902 966 974 910 903 967 975 911 
1336 903 967 975 911 904 968 976 912 
1337 904 968 976 912 905 969 977 913 
1338 905 969 977 913 906 970 978 914 
1339 906 970 978 914 907 971 979 915 
1340 907 971 979 915 908 972 980 916 
1341 908 972 980 916 496 504 505 497 
1342 241 249 250 242 909 973 981 917 
1343 909 973 981 917 910 974 982 918 
1344 910 974 982 918 911 975 983 919 
1345 911 975 983 919 912 976 984 920 
1346 912 976 984 920 913 977 985 921 
1347 913 977 985 921 914 978 986 922 
1348 914 978 986 922 915 979 987 923 
1349 915 979 987 923 916 980 988 924 
1350 916 980 988 924 497 505 506 498 
1351 242 250 251 243 917 981 989 925 
1352 917 981 989 925 918 982 990 926 
1353 918 982 990 926 919 983 991 927 
1354 919 983 991 927 920 984 992 928 
1355 920 984 992 928 921 985 993 929 
1356 921 985 993 929 922 986 994 930 
1357 922 986 994 930 923 987 995 931 
1358 923 987 995 931 924 988 996 932 
1359 924 988 996 932 498 506 507 499 
1360 243 251 252 244 925 989 997 933 
1361 925 989 997 933 926 990 998 934 
1362 926 990 998 934 927 991 999 935 
1363 927 991 999 935 928 992 1000 936 
1364 928 992 1000 936 929 993 1001 937 
1365 929 993 1001 937 930 994 1002 938 
1366 930 994 1002 938 931 995 1003 939 
1367 931 995 1003 939 932 996 1004 940 
1368 932 996 1004 940 499 507 508 500 
1369 244 252 14 13 933 997 437 429 
1370 933 997 437 429 934 998 438 430 
1371 934 998 438 430 935 999 439 431 
1372 935 999 439 431 936 1000 440 432 
1373 936 1000 440 432 937 1001 441 433 
1374 937 1001 441 433 938 1002 442 434 
1375 938 1002 442 434 939 1003 443 435 
1376 939 1003 443 435 940 1004 444 436 
1377 940 1004 444 436 500 508 35 36 
1378 54 55 253 245 363 362 1005 941 
1379 363 362 1005 941 355 354 1006 942 
1380 355 354 1006 942 347 346 1007 943 
1381 347 346 1007 943 339 338 1008 944 
1382 339 338 1008 944 331 330 1009 945 
1383 331 330 1009 945 323 322 1010 946 
1384 323 322 1010 946 315 314 1011 947 
1385 315 314 1011 947 307 306 1012 948 
1386 307 306 1012 948 86 87 509 501 
1387 245 253 254 246 941 1005 1013 949 
1388 941 1005 1013 949 942 1006 1014 950 
1389 942 1006 1014 950 943 1007 1015 951 
1390 943 1007 1015 951 944 1008 1016 952 
1391 944 1008 1016 952 945 1009 1017 953 
1392 945 1009 1017 953 946 1010 1018 954 
1393 946 1010 1018 954 947 1011 1019 955 
1394 947 1011 1019 955 948 1012 1020 956 
1395 948 1012 1020 956 501 509 510 502 
1396 246 254 255 247 949 1013 1021 957 
1397 949 1013 1021 957 950 1014 1022 958 
1398 950 1014 1022 958 951 1015 1023 959 
1399 951 1015 1023 959 952 1016 1024 960 
1400 952 1016 1024 960 953 1017 1025 961 
1401 953 1017 1025 961 954 1018 1026 962 
1402 954 1018 1026 962 955 1019 1027 963 
1403 955 1019 1027 963 956 1020 1028 964 
1404 956 1020 1028 964 502 510 511 503 
1405 247 255 256 248 957 1021 1029 965 
1406 957 1021 1029 965 958 1022 1030 966 
1407 958 1022 1030 966 959 1023 1031 967 
1408 959 1023 1031 967 960 1024 1032 968 
1409 960 1024 1032 968 961 1025 1033 969 
1410 961 1025 1033 969 962 1026 1034 970 
1411 962 1026 1034 970 963 1027 1035 971 
1412 963 1027 1035 971 964 1028 1036 972 
1413 964 1028 1036 972 503 511 512 504 
1414 248 256 257 249 965 1029 1037 973 
1415 965 1029 1037 973 966 1030 1038 974 
1416 966 1030 1038 974 967 1031 1039 975 
1417 967 1031 1039 975 968 1032 1040 976 
1418 968 1032 1040 976 969 1033 1041 977 
1419 969 1033 1041 977 970 1034 1042 978 
1420 970 1034 1042 978 971 1035 1043 979 
1421 971 1035 1043 979 972 1036 1044 980 
1422 972 1036 1044 980 504 512 513 505 
1423 249 257 258 250 973 1037 1045 981 
1424 973 1037 1045 981 974 1038 1046 982 
1425 974 1038 1046 982 975 1039 1047 983 
1426 975 1039 1047 983 976 1040 1048 984 
1427 976 1040 1048 984 977 1041 1049 985 
1428 977 1041 1049 985 978 1042 1050 986 
1429 978 1042 1050 986 979 1043 1051 987 
1430 979 1043 1051 987 980 1044 1052 988 
1431 980 1044 1052 988 505 513 514 506 
1432 250 258 259 251 981 1045 1053 989 
1433 981 1045 1053 989 982 1046 1054 990 
1434 982 1046 1054 990 983 1047 1055 991 
1435 983 1047 1055 991 984 1048 1056 992 
1436 984 1048 1056 992 985 1049 1057 993 
1437 985 1049 1057 993 986 1050 1058 994 
1438 986 1050 1058 994 987 1051 1059 995 
1439 987 1051 1059 995 988 1052 1060 996 
1440 988 1052 1060 996 506 514 515 507 
1441 251 259 260 252 989 1053 1061 997 
1442 989 1053 1061 997 990 1054 1062 998 
1443 990 1054 1062 998 991 1055 1063 999 
1444 991 1055 1063 999 992 1056 1064 1000 
1445 992 1056 1064 1000 993 1057 1065 1001 
1446 993 1057 1065 1001 994 1058 1066 1002 
1447 994 1058 1066 1002 995 1059 1067 1003 
1448 995 1059 1067 1003 996 1060 1068 1004 
1449 996 1060 1068 1004 507 515 516 508 
1450 252 260 15 14 997 1061 445 437 
1451 997 1061 445 437 998 1062 446 438 
1452 998 1062 446 438 999 1063 447 439 
1453 999 1063 447 439 1000 1064 448 440 
1454 1000 1064 448 440 1001 1065 449 441 
1455 1001 1065 449 441 1002 1066 450 442 
1456 1002 1066 450 442 1003 1067 451 443 
1457 1003 1067 451 443 1004 1068 452 444 
1458 1004 1068 452 444 508 516 34 35 
1459 55 56 261 253 362 361 1069 1005 
1460 362 361 1069 1005 354 353 1070 1006 
1461 354 353 1070 1006 346 345 1071 1007 
1462 346 345 1071 1007 338 337 1072 1008 
1463 338 337 1072 1008 330 329 1073 1009 
1464 330 329 1073 1009 322 321 1074 1010 
1465 322 321 1074 1010 314 313 1075 1011 
1466 314 313 1075 1011 306 305 1076 1012 
1467 306 305 1076 1012 87 88 517 509 
1468 253 261 262 254 1005 1069 1077 1013 
1469 1005 1069 1077 1013 1006 1070 1078 1014 
1470 1006 1070 1078 1014 1007 1071 1079 1015 
1471 1007 1071 1079 1015 1008 1072 1080 1016 
1472 1008 1072 1080 1016 1009 1073 1081 1017 
1473 1009 1073 1081 1017 1010 1074 1082 1018 
1474 1010 1074 1082 1018 1011 1075 1083 1019 
1475 1011 1075 1083 1019 1012 1076 1084 1020 
1476 1012 1076 1084 1020 509 517 518 510 
1477 254 262 263 255 1013 1077 1085 1021 
1478 1013 1077 1085 1021 1014 1078 1086 1022 
1479 1014 1078 1086 1022 1015 1079 1087 1023 
1480 1015 1079 1087 1023 1016 1080 1088 1024 
1481 1016 1080 1088 1024 1017 1081 1089 1025 
1482 1017 1081 1089 1025 1018 1082 1090 1026 
1483 1018 1082 1090 1026 1019 1083 1091 1027 
1484 1019 1083 1091 1027 1020 1084 1092 1028 
1485 1020 1084 1092 1028 510 518 519 511 
1486 255 263 264 256 1021 1085 1093 1029 
1487 1021 1085 1093 1029 1022 1086 1094 1030 
1488 1022 1086 1094 1030 1023 1087 1095 1031 
1489 1023 1087 1095 1031 1024 1088 1096 1032 
1490 1024 1088 1096 1032 1025 1089 1097 1033 
1491 1025 1089 1097 1033 1026 1090 1098 1034 
1492 1026 1090 1098 1034 1027 1091 1099 1035 
1493 1027 1091 1099 1035 1028 1092 1100 1036 
1494 1028 1092 1100 1036 511 519 520 512 
1495 256 264 265 257 1029 1093 1101 1037 
1496 1029 1093 1101 1037 1030 1094 1102 1038 
1497 1030 1094 1102 1038 1031 1095 1103 1039 
1498 1031 1095 1103 1039 1032 1096 1104 1040 
1499 1032 1096 1104 1040 1033 1097 1105 1041 
1500 1033 1097 1105 1041 1034 1098 1106 1042 
1501 1034 1098 1106 1042 1035 1099 1107 1043 
1502 1035 1099 1107 1043 1036 1100 1108 1044 
1503 1036 1100 1108 1044 512 520 521 513 
1504 257 265 266 258 1037 1101 1109 1045 
1505 1037 1101 1109 1045 1038 1102 1110 1046 
1506 1038 1102 1110 1046 1039 1103 1111 1047 
1507 1039 1103 1111 1047 1040 1104 1112 1048 
1508 1040 1104 1112 1048 1041 1105 1113 1049 
1509 1041 1105 1113 1049 1042 1106 1114 1050 
1510 1042 1106 1114 1050 1043 1107 1115 1051 
1511 1043 1107 1115 1051 1044 1108 1116 1052 
1512 1044 1108 1116 1052 513 521 522 514 
1513 258 266 267 259 1045 1109 1117 1053 
1514 1045 1109 1117 1053 1046 1110 1118 1054 
1515 1046 1110 1118 1054 1047 1111 1119 1055 
1516 1047 1111 1119 1055 1048 1112 1120 1056 
1517 1048 1112 1120 1056 1049 1113 1121 1057 
1518 1049 1113 1121 1057 1050 1114 1122 1058 
1519 1050 1114 1122 1058 1051 1115 1123 1059 
1520 1051 1115 1123 1059 1052 1116 1124 1060 
1521 1052 1116 1124 1060 514 522 523 515 
1522 259 267 268 260 1053 1117 1125 1061 
1523 1053 1117 1125 1061 1054 1118 1126 1062 
1524 1054 1118 1126 1062 1055 1119 1127 1063 
1525 1055 1119 1127 1063 1056 1120 1128 1064 
1526 1056 1120 1128 1064 1057 1121 1129 1065 
1527 1057 1121 1129 1065 1058 1122 1130 1066 
1528 1058 1122 1130 1066 1059 1123 1131 1067 
1529 1059 1123 1131 1067 1060 1124 1132 1068 
1530 1060 1124 1132 1068 515 523 524 516 
1531 260 268 16 15 1061 1125 453 445 
1532 1061 1125 453 445 1062 1126 454 446 
1533 1062 1126 454 446 1063 1127 455 447 
1534 1063 1127 455 447 1064 1128 456 448 
1535 1064 1128 456 448 1065 1129 457 449 
1536 1065 1129 457 449 1066 1130 458 450 
1537 1066 1130 458 450 1067 1131 459 451 
1538 1067 1131 459 451 1068 1132 460 452 
1539 1068 1132 460 452 516 524 33 34 
1540 56 57 269 261 361 360 1133 1069 
1541 361 360 1133 1069 353 352 1134 1070 
1542 353 352 1134 1070 345 344 1135 1071 
1543 345 344 1135 1071 337 336 1136 1072 
1544 337 336 1136 1072 329 328 1137 1073 
1545 329 328 1137 1073 321 320 1138 1074 
1546 321 320 1138 1074 313 312 1139 1075 
1547 313 312 1139 1075 305 304 1140 1076 
1548 305 304 1140 1076 88 89 525 517 
1549 261 269 270 262 1069 1133 1141 1077 
1550 1069 1133 1141 1077 1070 1134 1142 1078 
1551 1070 1134 1142 1078 1071 1135 1143 1079 
1552 1071 1135 1143 1079 1072 1136 1144 1080 
1553 1072 1136 1144 1080 1073 1137 1145 1081 
1554 1073 1137 1145 1081 1074 1138 1146 1082 
1555 1074 1138 1146 1082 1075 1139 1147 1083 
1556 1075 1139 1147 1083 1076 1140 1148 1084 
1557 1076 1140 1148 1084 517 525 526 518 
1558 262 270 271 263 1077 1141 1149 1085 
1559 1077 1141 1149 1085 1078 1142 1150 1086 
1560 1078 1142 1150 1086 1079 1143 1151 1087 
1561 1079 1143 1151 1087 1080 1144 1152 1088 
1562 1080 1144 1152 1088 1081 1145 1153 1089 
1563 1081 1145 1153 1089 1082 1146 1154 1090 
1564 1082 1146 1154 1090 1083 1147 1155 1091 
1565 1083 1147 1155 1091 1084 1148 1156 1092 
1566 1084 1148 1156 1092 518 526 527 519 
1567 263 271 272 264 1085 1149 1157 1093 
1568 1085 1149 1157 1093 1086 1150 1158 1094 
1569 1086 1150 1158 1094 1087 1151 1159 1095 
1570 1087 1151 1159 1095 1088 1152 1160 1096 
1571 1088 1152 1160 1096 1089 1153 1161 1097 
1572 1089 1153 1161 1097 1090 1154 1162 1098 
1573 1090 1154 1162 1098 1091 1155 1163 1099 
1574 1091 1155 1163 1099 1092 1156 1164 1100 
1575 1092 1156 1164 1100 519 527 528 520 
1576 264 272 273 265 1093 1157 1165 1101 
1577 1093 1157 1165 1101 1094 1158 1166 1102 
1578 1094 1158 1166 1102 1095 1159 1167 1103 
1579 1095 1159 1167 1103 1096 1160 1168 1104 
1580 1096 1160 1168 1104 1097 1161 1169 1105 
1581 1097 1161 1169 1105 1098 1162 1170 1106 
1582 1098 1162 1170 1106 1099 1163 1171 1107 
1583 1099 1163 1171 1107 1100 1164 1172 1108 
1584 1100 1164 1172 1108 520 528 529 521 
1585 265 273 274 266 1101 1165 1173 1109 
1586 1101 1165 1173 1109 1102 1166 1174 1110 
1587 1102 1166 1174 1110 1103 1167 1175 1111 
1588 1103 1167 1175 1111 1104 1168 1176 1112 
1589 1104 1168 1176 1112 1105 1169 1177 1113 
1590 1105 1169 1177 1113 1106 1170 1178 1114 
1591 1106 1170 1178 1114 1107 1171 1179 1115 
1592 1107 1171 1179 1115 1108 1172 1180 1116 
1593 1108 1172 1180 1116 521 529 530 522 
1594 266 274 275 267 1109 1173 1181 1117 
1595 1109 1173 1181 1117 1110 1174 1182 1118 
1596 1110 1174 1182 1118 1111 1175 1183 1119 
1597 1111 1175 1183 1119 1112 1176 1184 1120 
1598 1112 1176 1184 1120 1113 1177 1185 1121 
1599 1113 1177 1185 1121 1114 1178 1186 1122 
1600 1114 1178 1186 1122 1115 1179 1187 1123 
1601 1115 1179 1187 1123 1116 1180 1188 1124 
1602 1116 1180 1188 1124 522 530 531 523 
1603 267 275 276 268 1117 1181 1189 1125 
1604 1117 1181 1189 1125 1118 1182 1190 1126 
1605 1118 1182 1190 1126 1119 1183 1191 1127 
1606 1119 1183 1191 1127 1120 1184 1192 1128 
1607 1120 1184 1192 1128 1121 1185 1193 1129 
1608 1121 1185 1193 1129 1122 1186 1194 1130 
1609 1122 1186 1194 1130 1123 1187 1195 1131 
1610 1123 1187 1195 1131 1124 1188 1196 1132 
1611 1124 1188 1196 1132 523 531 532 524 
1612 268 276 17 16 1125 1189 461 453 
1613 1125 1189 461 453 1126 1190 462 454 
1614 1126 1190 462 454 1127 1191 463 455 
1615 1127 1191 463 455 1128 1192 464 456 
1616 1128 1192 464 456 1129 1193 465 457 
1617 1129 1193 465 457 1130 1194 466 458 
1618 1130 1194 466 458 1131 1195 467 459 
1619 1131 1195 467 459 1132 1196 468 460 
1620 1132 1196 468 460 524 532 32 33 
1621 57 58 277 269 360 359 1197 1133 
1622 360 359 1197 1133 352 351 1198 1134 
1623 352 351 1198 1134 344 343 1199 1135 
1624 344 343 1199 1135 336 335 1200 1136 
1625 336 335 1200 1136 328 327 1201 1137 
1626 328 327 1201 1137 320 319 1202 1138 
1627 320 319 1202 1138 312 311 1203 1139 
1628 312 311 1203 1139 304 303 1204 1140 
1629 304 303 1204 1140 89 90 533 525 
1630 269 277 278 270 1133 1197 1205 1141 
1631 1133 1197 1205 1141 1134 1198 1206 1142 
1632 1134 1198 1206 1142 1135 1199 1207 1143 
1633 1135 1199 1207 1143 1136 1200 1208 1144 
1634 1136 1200 1208 1144 1137 1201 1209 1145 
1635 1137 1201 1209 1145 1138 1202 1210 1146 
1636 1138 1202 1210 1146 1139 1203 1211 1147 
1637 1139 1203 1211 1147 1140 1204 1212 1148 
1638 1140 1204 1212 1148 525 533 534 526 
1639 270 278 279 271 1141 1205 1213 1149 
1640 1141 1205 1213 1149 1142 1206 1214 1150 
1641 1142 1206 1214 1150 1143 1207 1215 1151 
1642 1143 1207 1215 1151 1144 1208 1216 1152 
1643 1144 1208 1216 1152 1145 1209 1217 1153 
1644 1145 1209 1217 1153 1146 1210 1218 1154 
1645 1146 1210 1218 1154 1147 1211 1219 1155 
1646 1147 1211 1219 1155 1148 1212 1220 1156 
1647 1148 1212 1220 1156 526 534 535 527 
1648 271 279 280 272 1149 1213 1221 1157 
1649 1149 1213 1221 1157 1150 1214 1222 1158 
1650 1150 1214 1222 1158 1151 1215 1223 1159 
1651 1151 1215 1223 1159 1152 1216 1224 1160 
1652 1152 1216 1224 1160 1153 1217 1225 1161 
1653 1153 1217 1225 1161 1154 1218 1226 1162 
1654 1154 1218 1226 1162 1155 1219 1227 1163 
1655 1155 1219 1227 1163 1156 1220 1228 1164 
1656 1156 1220 1228 1164 527 535 536 528 
1657 272 280 281 273 1157 1221 1229 1165 
1658 1157 1221 1229 1165 1158 1222 1230 1166 
1659 1158 1222 1230 1166 1159 1223 1231 1167 
1660 1159 1223 1231 1167 1160 1224 1232 1168 
1661 1160 1224 1232 1168 1161 1225 1233 1169 
1662 1161 1225 1233 1169 1162 1226 1234 1170 
1663 1162 1226 1234 1170 1163 1227 1235 1171 
1664 1163 1227 1235 1171 1164 1228 1236 1172 
1665 1164 1228 1236 1172 528 536 537 529 
1666 273 281 282 274 1165 1229 1237 1173 
1667 1165 1229 1237 1173 1166 1230 1238 1174 
1668 1166 1230 1238 1174 1167 1231 1239 1175 
1669 1167 1231 1239 1175 1168 1232 1240 1176 
1670 1168 1232 1240 1176 1169 1233 1241 1177 
1671 1169 1233 1241 1177 1170 1234 1242 1178 
1672 1170 1234 1242 1178 1171 1235 1243 1179 
1673 1171 1235 1243 1179 1172 1236 1244 1180 
1674 1172 1236 1244 1180 529 537 538 530 
1675 274 282 283 275 1173 1237 1245 1181 
1676 1173 1237 1245 1181 1174 1238 1246 1182 
1677 1174 1238 1246 1182 1175 1239 1247 1183 
1678 1175 1239 1247 1183 1176 1240 1248 1184 
1679 1176 1240 1248 1184 1177 1241 1249 1185 
1680 1177 1241 1249 1185 1178 1242 1250 1186 
1681 1178 1242 1250 1186 1179 1243 1251 1187 
1682 1179 1243 1251 1187 1180 1244 1252 1188 
1683 1180 1244 1252 1188 530 538 539 531 
1684 275 283 284 276 1181 1245 1253 1189 
1685 1181 1245 1253 1189 1182 1246 1254 1190 
1686 1182 1246 1254 1190 1183 1247 1255 1191 
1687 1183 1247 1255 1191 1184 1248 1256 1192 
1688 1184 1248 1256 1192 1185 1249 1257 1193 
1689 1185 1249 1257 1193 1186 1250 1258 1194 
1690 1186 1250 1258 1194 1187 1251 1259 1195 
1691 1187 1251 1259 1195 1188 1252 1260 1196 
1692 1188 1252 1260 1196 531 539 540 532 
1693 276 284 18 17 1189 1253 469 461 
1694 1189 1253 469 461 1190 1254 470 462 
1695 1190 1254 470 462 1191 1255 471 463 
1696 1191 1255 471 463 1192 1256 472 464 
1697 1192 1256 472 464 1193 1257 473 465 
1698 1193 1257 473 465 1194 1258 474 466 
1699 1194 1258 474 466 1195 1259 475 467 
1700 1195 1259 475 467 1196 1260 476 468 
1701 1196 1260 476 468 532 540 31 32 
1702 58 59 285 277 359 358 1261 1197 
1703 359 358 1261 1197 351 350 1262 1198 
1704 351 350 1262 1198 343 342 1263 1199 
1705 343 342 1263 1199 335 334 1264 1200 
1706 335 334 1264 1200 327 326 1265 1201 
1707 327 326 1265 1201 319 318 1266 1202 
1708 319 318 1266 1202 311 310 1267 1203 
1709 311 310 1267 1203 303 302 1268 1204 
1710 303 302 1268 1204 90 91 541 533 
1711 277 285 286 278 1197 1261 1269 1205 
1712 1197 1261 1269 1205 1198 1262 1270 1206 
1713 1198 1262 1270 1206 1199 1263 1271 1207 
1714 1199 1263 1271 1207 1200 1264 1272 1208 
1715 1200 1264 1272 1208 1201 1265 1273 1209 
1716 1201 1265 1273 1209 1202 1266 1274 1210 
1717 1202 1266 1274 1210 1203 1267 1275 1211 
1718 1203 1267 1275 1211 1204 1268 1276 1212 
1719 1204 1268 1276 1212 533 541 542 534 
1720 278 286 287 279 1205 1269 1277 1213 
1721 1205 1269 1277 1213 1206 1270 1278 1214 
1722 1206 1270 1278 1214 1207 1271 1279 1215 
1723 1207 1271 1279 1215 1208 1272 1280 1216 
1724 1208 1272 1280 1216 1209 1273 1281 1217 
1725 1209 1273 1281 1217 1210 1274 1282 1218 
1726 1210 1274 1282 1218 1211 1275 1283 1219 
1727 1211 1275 1283 1219 1212 1276 1284 1220 
1728 1212 1276 1284 1220 534 542 543 535 
1729 279 287 288 280 1213 1277 1285 1221 
1730 1213 1277 1285 1221 1214 1278 1286 1222 
1731 1214 1278 1286 1222 1215 1279 1287 1223 
1732 1215 1279 1287 1223 1216 1280 1288 1224 
1733 1216 1280 1288 1224 1217 1281 1289 1225 
1734 1217 1281 1289 1225 1218 1282 1290 1226 
1735 1218 1282 1290 1226 1219 1283 1291 1227 
1736 1219 1283 1291 1227 1220 1284 1292 1228 
1737 1220 1284 1292 1228 535 543 544 536 
1738 280 288 289 281 1221 1285 1293 1229 
1739 1221 1285 1293 1229 1222 1286 1294 1230 
1740 1222 1286 1294 1230 1223 1287 1295 1231 
1741 1223 1287 1295 1231 1224 1288 1296 1232 
1742 1224 1288 1296 1232 1225 1289 1297 1233 
1743 1225 1289 1297 1233 1226 1290 1298 1234 
1744 1226 1290 1298 1234 1227 1291 1299 1235 
1745 1227 1291 1299 1235 1228 1292 1300 1236 
1746 1228 1292 1300 1236 536 544 545 537 
1747 281 289 290 282 1229 1293 1301 1237 
1748 1229 1293 1301 1237 1230 1294 1302 1238 
1749 1230 1294 1302 1238 1231 1295 1303 1239 
1750 1231 1295 1303 1239 1232 1296 1304 1240 
1751 1232 1296 1304 1240 1233 1297 1305 1241 
1752 1233 1297 1305 1241 1234 1298 1306 1242 
1753 1234 1298 1306 1242 1235 1299 1307 1243 
1754 1235 1299 1307 1243 1236 1300 1308 1244 
1755 1236 1300 1308 1244 537 545 546 538 
1756 282 290 291 283 1237 1301 1309 1245 
1757 1237 1301 1309 1245 1238 1302 1310 1246 
1758 1238 1302 1310 1246 1239 1303 1311 1247 
1759 1239 1303 1311 1247 1240 1304 1312 1248 
1760 1240 1304 1312 1248 1241 1305 1313 1249 
1761 1241 1305 1313 1249 1242 1306 1314 1250 
1762 1242 1306 1314 1250 1243 1307 1315 1251 
1763 1243 1307 1315 1251 1244 1308 1316 1252 
1764 1244 1308 1316 1252 538 546 547 539 
1765 283 291 292 284 1245 1309 1317 1253 
1766 1245 1309 1317 1253 1246 1310 1318 1254 
1767 1246 1310 1318 1254 1247 1311 1319 1255 
1768 1247 1311 1319 1255 1248 1312 1320 1256 
1769 1248 1312 1320 1256 1249 1313 1321 1257 
1770 1249 1313 1321 1257 1250 1314 1322 1258 
1771 1250 1314 1322 1258 1251 1315 1323 1259 
1772 1251 1315 1323 1259 1252 1316 1324 1260 
1773 1252 1316 1324 1260 539 547 548 540 
1774 284 292 19 18 1253 1317 477 469 
1775 1253 1317 477 469 1254 1318 478 470 
1776 1254 1318 478 470 1255 1319 479 471 
1777 1255 1319 479 471 1256 1320 480 472 
1778 1256 1320 480 472 1257 1321 481 473 
1779 1257 1321 481 473 1258 1322 482 474 
1780 1258 1322 482 474 1259 1323 483 475 
1781 1259 1323 483 475 1260 1324 484 476 
1782 1260 1324 484 476 540 548 30 31 
1783 59 60 293 285 358 357 1325 1261 
1784 358 357 1325 1261 350 349 1326 1262 
1785 350 349 1326 1262 342 341 1327 1263 
1786 342 341 1327 1263 334 333 1328 1264 
1787 334 333 1328 1264 326 325 1329 1265 
1788 326 325 1329 1265 318 317 1330 1266 
1789 318 317 1330 1266 310 309 1331 1267 
1790 310 309 1331 1267 302 301 1332 1268 
1791 302 301 1332 1268 91 92 549 541 
1792 285 293 294 286 1261 1325 1333 1269 
1793 1261 1325 1333 1269 1262 1326 1334 1270 
1794 1262 1326 1334 1270 1263 1327 1335 1271 
1795 1263 1327 1335 1271 1264 1328 1336 1272 
1796 1264 1328 1336 1272 1265 1329 1337 1273 
1797 1265 1329 1337 1273 1266 1330 1338 1274 
1798 1266 1330 1338 1274 1267 1331 1339 1275 
1799 1267 1331 1339 1275 1268 1332 1340 1276 
1800 1268 1332 1340 1276 541 549 550 542 
1801 286 294 295 287 1269 1333 1341 1277 
1802 1269 1333 1341 1277 1270 1334 1342 1278 
1803 1270 1334 1342 1278 1271 1335 1343 1279 
1804 1271 1335 1343 1279 1272 1336 1344 1280 
1805 1272 1336 1344 1280 1273 1337 1345 1281 
1806 1273 1337 1345 1281 1274 1338 1346 1282 
1807 1274 1338 1346 1282 1275 1339 1347 1283 
1808 1275 1339 1347 1283 1276 1340 1348 1284 
1809 1276 1340 1348 1284 542 550 551 543 
1810 287 295 296 288 1277 1341 1349 1285 
1811 1277 1341 1349 1285 1278 1342 1350 1286 
1812 1278 1342 1350 1286 1279 1343 1351 1287 
1813 1279 1343 1351 1287 1280 1344 1352 1288 
1814 1280 1344 1352 1288 1281 1345 1353 1289 
1815 1281 1345 1353 1289 1282 1346 1354 1290 
1816 1282 1346 1354 1290 1283 1347 1355 1291 
1817 1283 1347 1355 1291 1284 1348 1356 1292 
1818 1284 1348 1356 1292 543 551 552 544 
1819 288 296 297 289 1285 1349 1357 1293 
1820 1285 1349 1357 1293 1286 1350 1358 1294 
1821 1286 1350 1358 1294 1287 1351 1359 1295 
1822 1287 1351 1359 1295 1288 1352 1360 1296 
1823 1288 1352 1360 1296 1289 1353 1361 1297 
1824 1289 1353 1361 1297 1290 1354 1362 1298 
1825 1290 1354 1362 1298 1291 1355 1363 1299 
1826 1291 1355 1363 1299 1292 1356 1364 1300 
1827 1292 1356 1364 1300 544 552 553 545 
1828 289 297 298 290 1293 1357 1365 1301 
1829 1293 1357 1365 1301 1294 1358 1366 1302 
1830 1294 1358 1366 1302 1295 1359 1367 1303 
1831 1295 1359 1367 1303 1296 1360 1368 1304 
1832 1296 1360 1368 1304 1297 1361 1369 1305 
1833 1297 1361 1369 1305 1298 1362 1370 1306 
1834 1298 1362 1370 1306 1299 1363 1371 1307 
1835 1299 1363 1371 1307 1300 1364 1372 1308 
1836 1300 1364 1372 1308 545 553 554 546 
1837 290 298 299 291 1301 1365 1373 1309 
1838 1301 1365 1373 1309 1302 1366 1374 1310 
1839 1302 1366 1374 1310 1303 1367 1375 1311 
1840 1303 1367 1375 1311 1304 1368 1376 1312 
1841 1304 1368 1376 1312 1305 1369 1377 1313 
1842 1305 1369 1377 1313 1306 1370 1378 1314 
1843 1306 1370 1378 1314 1307 1371 1379 1315 
1844 1307 1371 1379 1315 1308 1372 1380 1316 
1845 1308 1372 1380 1316 546 554 555 547 
1846 291 299 300 292 1309 1373 1381 1317 
1847 1309 1373 1381 1317 1310 1374 1382 1318 
1848 1310 1374 1382 1318 1311 1375 1383 1319 
1849 1311 1375 1383 1319 1312 1376 1384 1320 
1850 1312 1376 1384 1320 1313 1377 1385 1321 
1851 1313 1377 1385 1321 1314 1378 1386 1322 
1852 1314 1378 1386 1322 1315 1379 1387 1323 
1853 1315 1379 1387 1323 1316 1380 1388 1324 
1854 1316 1380 1388 1324 547 555 556 548 
1855 292 300 20 19 1317 1381 485 477 
1856 1317 1381 485 477 1318 1382 486 478 
1857 1318 1382 486 478 1319 1383 487 479 
1858 1319 1383 487 479 1320 1384 488 480 
1859 1320 1384 488 480 1321 1385 489 481 
1860 1321 1385 489 481 1322 1386 490 482 
1861 1322 1386 490 482 1323 1387 491 483 
1862 1323 1387 491 483 1324 1388 492 484 
1863 1324 1388 492 484 548 556 29 30 
1864 60 2 61 293 357 100 421 1325 
1865 357 100 421 1325 349 99 413 1326 
1866 349 99 413 1326 341 98 405 1327 
1867 341 98 405 1327 333 97 397 1328 
1868 333 97 397 1328 325 96 389 1329 
1869 325 96 389 1329 317 95 381 1330 
1870 317 95 381 1330 309 94 373 1331 
1871 309 94 373 1331 301 93 365 1332 
1872 301 93 365 1332 92 3 101 549 
1873 293 61 62 294 1325 421 422 1333 
1874 1325 421 422 1333 1326 413 414 1334 
1875 1326 413 414 1334 1327 405 406 1335 
1876 1327 405 406 1335 1328 397 398 1336 
1877 1328 397 398 1336 1329 389 390 1337 
1878 1329 389 390 1337 1330 381 382 1338 
1879 1330 381 382 1338 1331 373 374 1339 
1880 1331 373 374 1339 1332 365 366 1340 
1881 1332 365 366 1340 549 101 102 550 
1882 294 62 63 295 1333 422 423 1341 
1883 1333 422 423 1341 1334 414 415 1342 
1884 1334 414 415 1342 1335 406 407 1343 
1885 1335 406 407 1343 1336 398 399 1344 
1886 1336 398 399 1344 1337 390 391 1345 
1887 1337 390 391 1345 1338 382 383 1346 
1888 1338 382 383 1346 1339 374 375 1347 
1889 1339 374 375 1347 1340 366 367 1348 
1890 1340 366 367 1348 550 102 103 551 
1891 295 63 64 296 1341 423 424 1349 
1892 1341 423 424 1349 1342 415 416 1350 
1893 1342 415 416 1350 1343 407 408 1351 
1894 1343 407 408 1351 1344 399 400 1352 
1895 1344 399 400 1352 1345 391 392 1353 
1896 1345 391 392 1353 1346 383 384 1354 
1897 1346 383 384 1354 1347 375 376 1355 
1898 1347 375 376 1355 1348 367 368 1356 
1899 1348 367 368 1356 551 103 104 552 
1900 296 64 65 297 1349 424 425 1357 
1901 1349 424 425 1357 1350 416 417 1358 
1902 1350 416 417 1358 1351 408 409 1359 
1903 1351 408 409 1359 1352 400 401 1360 
1904 1352 400 401 1360 1353 392 393 1361 
1905 1353 392 393 1361 1354 384 385 1362 
1906 1354 384 385 1362 1355 376 377 1363 
1907 1355 376 377 1363 1356 368 369 1364 
1908 1356 368 369 1364 552 104 105 553 
1909 297 65 66 298 1357 425 426 1365 
1910 1357 425 426 1365 1358 417 418 1366 
1911 1358 417 418 1366 1359 409 410 1367 
1912 1359 409 410 1367 1360 401 402 1368 
1913 1360 401 402 1368 1361 393 394 1369 
1914 1361 393 394 1369 1362 385 386 1370 
1915 1362 385 386 1370 1363 377 378 1371 
1916 1363 377 378 1371 1364 369 370 1372 
1917 1364 369 370 1372 553 105 106 554 
1918 298 66 67 299 1365 426 427 1373 
1919 1365 426 427 1373 1366 418 419 1374 
1920 1366 418 419 1374 1367 410 411 1375 
1921 1367 410 411 1375 1368 402 403 1376 
1922 1368 402 403 1376 1369 394 395 1377 
1923 1369 394 395 1377 1370 386 387 1378 
1924 1370 386 387 1378 1371 378 379 1379 
1925 1371 378 379 1379 1372 370 371 1380 
1926 1372 370 371 1380 554 106 107 555 
1927 299 67 68 300 1373 427 428 1381 
1928 1373 427 428 1381 1374 419 420 1382 
1929 1374 419 420 1382 1375 411 412 1383 
1930 1375 411 412 1383 1376 403 404 1384 
1931 1376 403 404 1384 1377 395 396 1385 
1932 1377 395 396 1385 1378 387 388 1386 
1933 1378 387 388 1386 1379 379 380 1387 
1934 1379 379 380 1387 1380 371 372 1388 
1935 1380 371 372 1388 555 107 108 556 
1936 300 68 1 20 1381 428 21 485 
1937 1381 428 21 485 1382 420 22 486 
1938 1382 420 22 486 1383 412 23 487 
1939 1383 412 23 487 1384 404 24 488 
1940 1384 404 24 488 1385 396 25 489 
1941 1385 396 25 489 1386 388 26 490 
1942 1386 388 26 490 1387 380 27 491 
1943 1387 380 27 491 1388 372 28 492 
1944 1388 372 28 492 556 108 7 29 
3 2 4 3207
1945 1454 1482 1423 1564 
1946 1420 1442 864 1617 
1947 1485 1528 1449 1611 
1948 1416 1462 1437 1610 
1949 608 1508 1506 1623 
1950 1415 1509 1451 1559 
1951 723 1448 1478 1496 
1952 664 1445 1461 1537 
1953 1442 1487 864 1617 
1954 1416 1437 1462 1480 
1955 1443 1596 1470 1610 
1956 1485 1449 1573 1611 
1957 383 1439 1664 1526 
1958 1691 408 1532 1597 
1959 1412 1434 1463 1503 
1960 1414 1427 1465 1557 
1961 1422 1439 1433 1526 
1962 1416 1505 1462 1610 
1963 1416 1480 1462 1505 
1964 608 1428 1506 1508 
1965 1462 1468 1437 1610 
1966 1416 1437 1468 1610 
1967 1498 1591 1489 1601 
1968 1416 1419 1437 1480 
1969 792 800 1432 1470 
1970 1411 1433 1422 1439 
1971 715 723 1448 1478 
1972 1468 1470 1432 1596 
1973 1415 1435 1509 1559 
1974 413 1706 1476 1640 
1975 1412 1424 1434 1503 
1976 1416 1437 1419 1468 
1977 1428 1551 1454 1564 
1978 663 1534 1461 1543 
1979 671 1481 1461 1534 
1980 1410 1462 1440 1527 
1981 724 1478 581 1496 
1982 1429 1511 1521 1604 
1983 1448 1496 722 1516 
1984 714 1478 1448 1555 
1985 1436 1416 1520 1596 
1986 423 1718 424 1612 
1987 1719 425 424 1612 
1988 424 425 1710 1612 
1989 423 424 1709 1612 
1990 1438 1493 1391 1595 
1991 1451 1559 1509 1572 
1992 856 1485 1420 1617 
1993 1462 1505 1440 1610 
1994 714 1448 1523 1555 
1995 1412 1620 1467 1621 
1996 777 1437 1468 1540 
1997 1664 1439 383 1625 
1998 1406 1432 809 1636 
1999 1447 1451 1426 1572 
2000 1423 1482 1454 1546 
2001 723 1478 724 1496 
2002 1463 1503 1434 1599 
2003 664 1461 672 1537 
2004 663 1461 664 1543 
2005 664 1461 1445 1543 
2006 1410 1440 1513 1527 
2007 1412 1480 1438 1487 
2008 623 1470 1407 1624 
2009 1415 1435 1428 1509 
2010 1419 1468 1437 1540 
2011 1416 1436 1486 1596 
2012 573 1481 732 1496 
2013 1436 1492 1486 1596 
2014 1448 1415 1523 1555 
2015 1410 1440 1462 1505 
2016 608 1446 1508 1622 
2017 777 1468 1437 1566 
2018 1412 1442 1430 1463 
2019 1407 1470 807 1624 
2020 1655 1475 376 1562 
2021 1447 1559 1451 1572 
2022 1412 1460 1620 1621 
2023 1427 1420 1465 1557 
2024 1428 1446 1414 1454 
2025 1420 1485 856 1598 
2026 1423 1477 1454 1564 
2027 1418 1456 1543 1589 
2028 1448 1523 1457 1527 
2029 1429 1502 1507 1604 
2030 1440 1456 1416 1505 
2031 1412 1430 1424 1503 
2032 1719 1497 425 1612 
2033 1440 1456 1443 1610 
2034 1416 1440 1505 1610 
2035 1448 1478 1415 1555 
2036 428 1713 427 1507 
2037 427 1722 428 1507 
2038 1452 1462 1437 1600 
2039 1449 1418 1524 1536 
2040 1457 1527 1523 1545 
2041 1457 1527 1453 1538 
2042 722 1448 723 1496 
2043 1433 1411 1501 1593 
2044 1410 1505 1462 1621 
2045 1412 1463 1430 1503 
2046 1440 1543 1456 1589 
2047 1412 1430 1442 1595 
2048 864 1442 1420 1497 
2049 1441 1448 1513 1634 
2050 1461 1481 567 1613 
2051 567 1481 1461 1607 
2052 1411 1473 1433 1501 
2053 1454 1477 1428 1564 
2054 716 589 724 1478 
2055 581 724 589 1478 
2056 1414 1460 1427 1557 
2057 403 1695 1446 1554 
2058 403 1446 1686 1554 
2059 714 715 1448 1478 
2060 1452 1468 1462 1531 
2061 1452 1425 1468 1531 
2062 1416 1505 1456 1581 
2063 1414 1446 1429 1465 
2064 407 1594 1700 1599 
2065 1467 1620 1460 1621 
2066 423 1530 1718 1612 
2067 722 1496 723 1516 
2068 1438 1487 1480 1493 
2069 1414 1427 1454 1465 
2070 823 1524 1483 1539 
2071 1391 1493 1438 1494 
2072 1685 394 402 1454 
2073 394 1684 402 1454 
2074 1410 1440 1505 1513 
2075 854 1502 1485 1528 
2076 1415 1451 1447 1559 
2077 1417 1502 1393 1528 
2078 385 1606 1675 1637 
2079 846 1485 1573 1611 
2080 611 1429 1521 1604 
2081 1483 1505 1449 1570 
2082 1425 1443 1470 1610 
2083 1451 1428 1477 1564 
2084 639 1489 1498 1591 
2085 375 1475 1655 1544 
2086 1664 1475 375 1544 
2087 846 1528 1485 1611 
2088 1424 1504 762 1603 
2089 723 1496 731 1516 
2090 1470 1596 1468 1610 
2091 608 1428 1508 1517 
2092 1412 1480 1467 1525 
2093 1664 384 1562 1625 
2094 1457 1453 1527 1545 
2095 1419 1480 1438 1540 
2096 1694 1465 410 1533 
2097 1449 1483 1418 1505 
2098 1419 1520 1468 1540 
2099 671 1461 663 1534 
2100 1413 1452 1462 1531 
2101 1448 1457 1523 1549 
2102 1422 1411 1439 1571 
2103 841 849 1493 1573 
2104 1416 1486 1436 1520 
2105 1438 1540 1480 1575 
2106 1418 1455 1449 1570 
2107 627 626 634 1405 
2108 627 634 635 1405 
2109 638 637 645 1408 
2110 562 561 569 1397 
2111 560 568 561 1398 
2112 829 830 822 1400 
2113 821 829 822 1400 
2114 722 714 715 1448 
2115 715 723 722 1448 
2116 1449 1524 1450 1536 
2117 1443 1492 1587 1609 
2118 808 807 1407 1470 
2119 1496 1513 1448 1634 
2120 1418 1449 1505 1570 
2121 1443 1456 1416 1610 
2122 717 1579 1512 1582 
2123 1430 1438 1412 1575 
2124 823 1444 1524 1539 
2125 1438 1480 1412 1575 
2126 1487 1573 848 1617 
2127 1718 1530 873 1612 
2128 1437 1462 1452 1468 
2129 732 1481 731 1496 
2130 1428 1451 1509 1564 
2131 716 724 723 1478 
2132 716 723 715 1478 
2133 1415 1478 1448 1549 
2134 1422 1433 1411 1473 
2135 1476 1519 1504 1640 
2136 1412 1438 1430 1595 
2137 1416 1456 1443 1596 
2138 1418 1450 1484 1524 
2139 873 1497 1719 1612 
2140 856 1420 864 1617 
2141 573 574 1481 1496 
2142 1423 1451 1477 1564 
2143 1461 1534 1421 1543 
2144 1391 1494 1438 1500 
2145 1418 1543 1456 1583 
2146 1399 683 1484 1580 
2147 1438 1480 1419 1493 
2148 856 864 1487 1617 
2149 1400 1524 1450 1561 
2150 784 1468 1452 1582 
2151 1423 1457 1563 1577 
2152 1414 1454 1427 1546 
2153 1423 1467 1457 1577 
2154 565 740 732 1481 
2155 573 565 732 1481 
2156 1515 1536 1455 1548 
2157 1483 1573 841 1581 
2158 600 1517 1441 1556 
2159 1415 1523 1426 1563 
2160 1448 1523 1415 1549 
2161 1428 1509 1551 1564 
2162 871 1499 1497 1598 
2163 1456 1492 1443 1596 
2164 1413 1452 1531 1601 
2165 1462 1505 1480 1621 
2166 1427 1460 1414 1546 
2167 718 1512 1458 1582 
2168 1455 1548 1536 1569 
2169 1441 591 1556 1634 
2170 395 387 1676 1551 
2171 1677 387 395 1551 
2172 1467 1480 1437 1525 
2173 1411 1501 1525 1566 
2174 1391 1500 1438 1595 
2175 1425 1531 1452 1601 
2176 1418 1505 1456 1589 
2177 784 1452 1468 1566 
2178 1412 1480 1525 1575 
2179 731 1496 1481 1516 
2180 718 717 1512 1582 
2181 1426 1447 1415 1451 
2182 1440 1416 1456 1610 
2183 1439 1433 1526 1584 
2184 747 669 1394 1590 
2185 1415 1428 1451 1509 
2186 1423 1564 1482 1606 
2187 1414 1428 1454 1477 
2188 1711 1499 418 1533 
2189 1440 1527 1462 1531 
2190 1415 1523 1457 1549 
2191 581 1478 582 1496 
2192 1410 1621 1462 1639 
2193 1412 1617 1460 1621 
2194 1456 1505 1440 1589 
2195 1459 1516 1413 1545 
2196 1436 1520 1486 1552 
2197 1457 1467 1423 1546 
2198 853 1393 1502 1528 
2199 1420 1465 1429 1533 
2200 730 722 723 1516 
2201 723 731 730 1516 
2202 1428 607 1506 1556 
2203 1454 1482 1427 1546 
2204 639 1567 1489 1591 
2205 1409 1458 1425 1582 
2206 1415 1451 1477 1563 
2207 1423 1451 1564 1606 
2208 1413 1516 1542 1545 
2209 650 1456 1492 1587 
2210 1448 1523 1527 1545 
2211 378 1559 1657 1572 
2212 1680 1471 390 1630 
2213 718 1458 717 1582 
2214 1415 1478 1549 1615 
2215 1424 762 1504 1519 
2216 1425 1468 792 1582 
2217 1456 1505 1483 1581 
2218 1720 1497 871 1499 
2219 1506 1508 1677 1623 
2220 1504 1519 762 1640 
2221 1448 1527 1457 1549 
2222 781 1579 717 1582 
2223 1448 1496 1421 1513 
2224 1426 1451 1415 1563 
2225 1415 1457 1523 1563 
2226 842 1493 1486 1581 
2227 639 1489 638 1498 
2228 1431 1480 1487 1493 
2229 1412 1480 1617 1621 
2230 1458 1489 742 1567 
2231 611 1429 1502 1521 
2232 585 1536 1548 1569 
2233 1429 611 1502 1604 
2234 1418 1449 1455 1536 
2235 1453 1538 1527 1545 
2236 1411 1525 1501 1593 
2237 1457 1546 1477 1549 
2238 635 1405 1518 1574 
2239 1416 1480 1505 1581 
2240 585 1536 1515 1548 
2241 419 1466 1713 1608 
2242 1411 1566 1525 1600 
2243 1431 1483 1449 1570 
2244 1412 1434 1424 1525 
2245 599 600 1441 1556 
2246 379 1658 1559 1565 
2247 379 1559 1667 1565 
2248 599 1441 591 1556 
2249 1467 1525 1437 1600 
2250 1413 1531 1527 1542 
2251 1457 1423 1477 1546 
2252 1412 1480 1487 1617 
2253 1431 1573 1487 1617 
2254 1518 1520 1432 1596 
2255 1427 1460 1420 1557 
2256 1454 1477 1423 1546 
2257 1412 1467 1480 1621 
2258 1448 1478 1441 1549 
2259 1437 1525 1480 1575 
2260 624 1407 623 1470 
2261 1462 1527 1413 1531 
2262 1518 1574 1436 1592 
2263 858 1391 1493 1595 
2264 846 854 1485 1528 
2265 1412 1442 1487 1595 
2266 1420 1469 1465 1533 
2267 1410 1546 1467 1639 
2268 1416 1486 1520 1552 
2269 1427 1465 1420 1469 
2270 1499 1533 1429 1608 
2271 1462 1531 1468 1610 
2272 1489 1498 1459 1550 
2273 1461 1481 1421 1534 
2274 566 565 573 1481 
2275 573 574 566 1481 
2276 830 1524 1400 1561 
2277 1425 1458 1409 1567 
2278 567 1461 1396 1607 
2279 1393 1417 603 1502 
2280 810 1406 809 1636 
2281 400 1682 399 1599 
2282 399 1691 400 1599 
2283 1415 1447 1435 1559 
2284 1485 1502 1417 1528 
2285 1452 1566 1411 1600 
2286 1440 1527 1531 1542 
2287 1411 1433 1439 1593 
2288 784 792 1468 1582 
2289 1450 1524 1400 1580 
2290 804 1403 828 1574 
2291 1414 1548 1535 1557 
2292 1417 1455 1535 1570 
2293 1418 1445 1543 1583 
2294 793 1468 1432 1520 
2295 427 1466 1722 1507 
2296 1424 1434 1503 1599 
2297 1427 1423 1482 1532 
2298 1429 1465 1446 1511 
2299 151 623 152 1407 
2300 624 152 623 1407 
2301 653 169 170 1395 
2302 170 661 653 1395 
2303 845 837 129 1392 
2304 128 129 837 1392 
2305 747 170 746 1394 
2306 171 170 747 1394 
2307 155 812 811 1389 
2308 812 155 156 1389 
2309 812 118 804 1403 
2310 118 812 117 1403 
2311 764 124 756 1390 
2312 124 764 123 1390 
2313 388 1669 1506 1623 
2314 1457 1467 1411 1577 
2315 856 1487 848 1617 
2316 1695 1511 1446 1554 
2317 1461 1481 671 1607 
2318 1558 1599 1434 1619 
2319 1448 1542 1516 1545 
2320 1397 682 1537 1628 
2321 1496 1515 1513 1634 
2322 629 742 1489 1567 
2323 1457 1411 1563 1577 
2324 1467 1546 1457 1639 
2325 694 1422 1547 1635 
2326 1448 1441 1513 1549 
2327 842 1486 841 1581 
2328 777 1468 785 1540 
2329 423 1709 1530 1612 
2330 742 741 1458 1567 
2331 847 846 1485 1573 
2332 650 1492 642 1587 
2333 1661 1464 751 1586 
2334 1481 1496 574 1613 
2335 1452 1413 1462 1538 
2336 1450 1524 1449 1561 
2337 1413 1516 1459 1542 
2338 799 1425 1409 1567 
2339 792 1425 800 1470 
2340 1446 1508 1686 1554 
2341 1415 1477 1457 1563 
2342 1424 1430 1412 1575 
2343 425 1497 1710 1612 
2344 1456 1583 1543 1587 
2345 1457 1523 1453 1545 
2346 1411 1473 1501 1566 
2347 1437 1468 1452 1566 
2348 809 1406 801 1432 
2349 714 715 1478 1555 
2350 727 1489 1458 1618 
2351 1441 1549 1478 1615 
2352 400 1682 1599 1605 
2353 1448 1513 1421 1542 
2354 729 1545 1516 1618 
2355 864 1497 1420 1598 
2356 1486 1493 842 1552 
2357 665 1543 1445 1583 
2358 855 856 1485 1598 
2359 783 784 1452 1582 
2360 380 1668 388 1506 
2361 388 1669 380 1506 
2362 1421 1513 1496 1515 
2363 1418 1483 1456 1505 
2364 1420 1429 1499 1533 
2365 805 1458 741 1567 
2366 1443 1456 1440 1587 
2367 1666 1451 386 1572 
2368 1660 614 1488 1565 
2369 1410 1462 1527 1639 
2370 1516 1545 1459 1618 
2371 870 1466 1721 1499 
2372 374 1653 1464 1544 
2373 1489 1601 1458 1618 
2374 1424 1558 1434 1619 
2375 1415 1451 1428 1477 
2376 1425 1470 1468 1610 
2377 819 1436 1574 1592 
2378 842 1493 1404 1552 
2379 717 1458 781 1582 
2380 1485 1502 854 1598 
2381 1433 1584 1439 1593 
2382 1435 1555 1488 1560 
2383 1418 1505 1455 1570 
2384 608 1428 1517 1556 
2385 1543 1583 657 1587 
2386 1431 1505 1483 1570 
2387 1437 1480 1467 1600 
2388 674 1484 1445 1537 
2389 1413 1542 1448 1545 
2390 1436 1518 1492 1596 
2391 1450 1524 1418 1536 
2392 589 590 582 1478 
2393 581 589 582 1478 
2394 864 1442 865 1487 
2395 1465 1469 1427 1633 
2396 1414 1454 1446 1554 
2397 1412 1460 1568 1620 
2398 1441 1478 1448 1634 
2399 1459 1545 1413 1618 
2400 1443 1492 1456 1587 
2401 1452 1473 1411 1566 
2402 742 629 621 1567 
2403 742 621 741 1567 
2404 1685 1454 402 1554 
2405 1436 1520 1518 1596 
2406 1448 1421 1496 1516 
2407 1418 1484 1444 1524 
2408 1462 1621 1480 1639 
2409 1467 1546 1460 1620 
2410 1431 1480 1493 1581 
2411 632 1470 1402 1636 
2412 1480 1540 1437 1575 
2413 1439 1526 383 1625 
2414 608 1508 1446 1517 
2415 592 591 1441 1634 
2416 1691 1532 400 1599 
2417 1417 1535 1455 1548 
2418 743 1408 1489 1550 
2419 664 665 1445 1537 
2420 822 1400 1524 1580 
2421 607 608 1428 1506 
2422 566 1481 574 1613 
2423 1417 1535 1557 1570 
2424 763 1519 1476 1640 
2425 1448 1421 1516 1542 
2426 850 851 843 1404 
2427 842 850 843 1404 
2428 380 1506 1669 1565 
2429 1456 1543 1440 1587 
2430 1434 1423 1532 1605 
2431 1424 1501 1603 1616 
2432 567 566 1481 1607 
2433 610 1521 1511 1604 
2434 793 792 1432 1468 
2435 1465 1533 1469 1633 
2436 1418 1484 1450 1536 
2437 847 846 1573 1611 
2438 1454 1465 1427 1576 
2439 1414 1521 1548 1557 
2440 1413 1527 1538 1545 
2441 1414 1535 1517 1615 
2442 842 841 1493 1581 
2443 1473 1538 1411 1635 
2444 1424 1434 1599 1619 
2445 1436 1486 827 1552 
2446 851 1404 1493 1494 
2447 1410 1535 1455 1570 
2448 1420 1429 1465 1557 
2449 402 1454 1684 1576 
2450 768 1473 1501 1614 
2451 1691 408 400 1532 
2452 1692 400 408 1532 
2453 1413 1527 1448 1542 
2454 1424 1434 1558 1593 
2455 567 1481 566 1613 
2456 401 1532 1692 1633 
2457 1438 1519 1500 1540 
2458 1452 1411 1473 1538 
2459 1446 1521 1511 1585 
2460 557 677 748 1481 
2461 1419 1416 1468 1520 
2462 1455 1536 1449 1569 
2463 1459 1489 735 1618 
2464 1430 1503 1463 1594 
2465 1433 1422 1526 1586 
2466 1419 1437 1480 1540 
2467 384 1665 376 1562 
2468 376 1664 384 1562 
2469 824 823 1483 1539 
2470 729 1516 1459 1618 
2471 1414 1446 1465 1554 
2472 1422 1473 1411 1571 
2473 1429 1446 1414 1521 
2474 599 600 592 1441 
2475 592 591 599 1441 
2476 1431 1487 1480 1617 
2477 864 1420 856 1598 
2478 1437 1540 777 1616 
2479 1410 1467 1621 1639 
2480 595 1417 1393 1528 
2481 1709 416 415 1594 
2482 416 1700 415 1594 
2483 1432 1520 1468 1596 
2484 1493 1552 1486 1581 
2485 592 1515 1441 1548 
2486 1412 1442 1463 1568 
2487 1428 1435 1415 1556 
2488 1497 1499 1711 1533 
2489 621 805 741 1567 
2490 740 565 748 1481 
2491 557 748 565 1481 
2492 558 678 557 1481 
2493 557 678 677 1481 
2494 646 639 638 1498 
2495 639 646 647 1498 
2496 1511 1585 610 1604 
2497 1423 1477 1451 1563 
2498 1412 1568 1460 1617 
2499 424 1718 873 1612 
2500 873 1719 424 1612 
2501 665 657 1543 1583 
2502 796 1436 836 1552 
2503 635 1574 1518 1592 
2504 784 776 1452 1566 
2505 400 1599 1532 1605 
2506 1410 1505 1455 1513 
2507 1511 1521 610 1585 
2508 750 373 1652 1464 
2509 750 1661 373 1464 
2510 1452 1468 1425 1582 
2511 674 1484 1444 1583 
2512 1412 1487 1438 1595 
2513 646 1534 1498 1550 
2514 1423 1553 1474 1625 
2515 872 425 1719 1497 
2516 872 1720 425 1497 
2517 849 848 1487 1573 
2518 1420 1460 1427 1568 
2519 1414 1477 1454 1546 
2520 1414 1465 1429 1557 
2521 1423 1479 1553 1625 
2522 787 1520 1494 1540 
2523 1414 1446 1428 1517 
2524 1450 1449 1536 1569 
2525 1432 1518 802 1520 
2526 874 1718 423 1530 
2527 1423 1457 1477 1563 
2528 739 731 732 1481 
2529 732 740 739 1481 
2530 1411 1538 1452 1600 
2531 1480 1621 1467 1639 
2532 1493 1494 1404 1552 
2533 714 1448 722 1545 
2534 1445 1461 1421 1543 
2535 611 1507 1502 1604 
2536 1396 1461 568 1627 
2537 795 1520 1436 1552 
2538 582 1496 1478 1634 
2539 427 1721 870 1466 
2540 427 870 1722 1466 
2541 1698 1476 414 1638 
2542 414 1476 1707 1638 
2543 1434 1474 1423 1605 
2544 694 1529 1422 1635 
2545 1414 1465 1454 1554 
2546 1424 1603 762 1616 
2547 1417 1521 1429 1557 
2548 1485 1557 1502 1598 
2549 823 831 1483 1524 
2550 1413 1512 1452 1601 
2551 727 735 1489 1618 
2552 791 1425 792 1582 
2553 1418 1543 1445 1589 
2554 1410 1467 1546 1621 
2555 404 1695 1585 1622 
2556 386 1509 1667 1572 
2557 1425 1452 1582 1601 
2558 1443 1416 1596 1610 
2559 1418 1483 1449 1524 
2560 777 1566 1437 1616 
2561 1453 1523 1457 1571 
2562 791 1409 1425 1582 
2563 1410 1535 1570 1621 
2564 378 386 1667 1572 
2565 378 1666 386 1572 
2566 380 1669 614 1565 
2567 1660 380 614 1565 
2568 1720 871 426 1499 
2569 871 1721 426 1499 
2570 1459 1498 1489 1601 
2571 1423 1479 1451 1606 
2572 1449 1485 1417 1528 
2573 1399 1484 571 1580 
2574 1450 1561 1449 1569 
2575 1410 1570 1505 1621 
2576 768 1501 1473 1566 
2577 727 735 1458 1489 
2578 731 1481 739 1516 
2579 1435 1506 1428 1509 
2580 1446 1511 1465 1554 
2581 1482 1532 1423 1605 
2582 394 1684 1454 1564 
2583 663 671 664 1461 
2584 671 672 664 1461 
2585 724 581 732 1496 
2586 732 581 573 1496 
2587 799 791 1409 1425 
2588 374 1662 382 1586 
2589 382 1663 374 1586 
2590 1435 1447 1555 1560 
2591 1413 1448 1527 1545 
2592 1410 1455 1505 1570 
2593 1505 1581 1480 1621 
2594 787 1494 1520 1552 
2595 1525 1566 1437 1600 
2596 1431 1573 1483 1581 
2597 1423 1474 1439 1625 
2598 1427 1423 1532 1620 
2599 803 1518 1436 1520 
2600 1466 1502 861 1507 
2601 1680 1491 397 1603 
2602 1420 1568 1442 1617 
2603 1412 1487 1442 1568 
2604 1423 1439 1479 1625 
2605 394 1454 1685 1551 
2606 1421 1515 1496 1613 
2607 368 1490 1655 1602 
2608 1538 1571 1411 1635 
2609 859 851 858 1391 
2610 830 838 831 1401 
2611 791 798 799 1409 
2612 866 1442 1530 1595 
2613 796 795 1436 1552 
2614 1453 1512 711 1635 
2615 1410 1513 1455 1535 
2616 1425 1443 1531 1591 
2617 721 1516 729 1545 
2618 1500 1519 771 1540 
2619 1417 1429 1502 1557 
2620 1417 1502 1485 1557 
2621 401 1576 1532 1633 
2622 1497 1499 1420 1598 
2623 776 775 1452 1566 
2624 1422 1439 1526 1544 
2625 737 1459 729 1516 
2626 675 1444 674 1484 
2627 1430 1424 1503 1504 
2628 756 1514 1476 1631 
2629 568 560 567 1396 
2630 567 560 559 1396 
2631 647 1498 646 1534 
2632 1517 1535 1441 1615 
2633 826 1486 1436 1592 
2634 1460 1546 1467 1621 
2635 873 1530 1442 1612 
2636 1535 1548 1417 1557 
2637 1419 1493 1480 1581 
2638 608 607 1428 1556 
2639 819 1574 636 1592 
2640 1414 1428 1477 1615 
2641 1713 1466 427 1507 
2642 789 781 717 1458 
2643 725 789 717 1458 
2644 805 797 741 1458 
2645 741 797 733 1458 
2646 784 783 791 1582 
2647 784 791 792 1582 
2648 1558 1593 1471 1619 
2649 739 1481 738 1516 
2650 1431 1480 1581 1621 
2651 855 1485 854 1598 
2652 1466 1499 1429 1608 
2653 781 1458 789 1582 
2654 820 828 1403 1574 
2655 1474 1439 1584 1593 
2656 372 1660 613 1488 
2657 372 613 1651 1488 
2658 1434 1532 1423 1620 
2659 1421 1515 1588 1589 
2660 694 1522 1422 1529 
2661 558 1481 566 1607 
2662 1414 1517 1535 1548 
2663 1558 1599 1682 1605 
2664 1451 1509 386 1572 
2665 1431 1617 1480 1621 
2666 1422 1522 1510 1529 
2667 1458 1512 726 1618 
2668 611 1521 610 1604 
2669 608 1508 616 1622 
2670 868 1514 1390 1631 
2671 608 616 1508 1623 
2672 603 1502 1417 1521 
2673 747 748 669 1481 
2674 748 677 669 1481 
2675 387 1509 1676 1551 
2676 775 1473 1452 1566 
2677 592 1441 1515 1634 
2678 1459 1516 737 1550 
2679 873 1442 1497 1612 
2680 1421 1588 1445 1589 
2681 1447 1426 1495 1572 
2682 724 732 731 1496 
2683 724 731 723 1496 
2684 827 1436 826 1486 
2685 776 775 783 1452 
2686 783 784 776 1452 
2687 1663 1544 374 1586 
2688 1457 1411 1467 1639 
2689 717 718 1512 1579 
2690 1414 1477 1535 1615 
2691 797 1458 805 1567 
2692 1682 1558 399 1599 
2693 834 1486 842 1552 
2694 1414 1535 1477 1546 
2695 1440 1505 1513 1589 
2696 1456 1492 1486 1592 
2697 1424 1593 1558 1619 
2698 684 683 1399 1580 
2699 762 1519 1424 1616 
2700 1709 416 1594 1612 
2701 1417 1502 1429 1521 
2702 1435 1488 614 1565 
2703 1431 1581 1505 1621 
2704 607 608 1506 1623 
2705 1479 1562 384 1625 
2706 1415 1447 1426 1629 
2707 565 566 558 1481 
2708 558 557 565 1481 
2709 1451 1572 1666 1637 
2710 721 713 714 1545 
2711 714 722 721 1545 
2712 1421 1440 1542 1589 
2713 651 650 1456 1592 
2714 784 785 777 1468 
2715 664 1445 665 1543 
2716 1694 1554 402 1576 
2717 699 1488 1555 1560 
2718 1475 1426 1562 1602 
2719 1677 395 1508 1551 
2720 1441 1513 1515 1634 
2721 808 1407 624 1470 
2722 603 1393 595 1417 
2723 1454 1427 1482 1576 
2724 1658 1560 1559 1565 
2725 785 1468 793 1520 
2726 842 834 841 1486 
2727 841 834 833 1486 
2728 1494 1520 1419 1540 
2729 635 1405 634 1518 
2730 768 1501 760 1614 
2731 1713 1507 420 1604 
2732 1452 1473 775 1579 
2733 1452 1538 1473 1635 
2734 386 1509 1451 1564 
2735 711 1512 1453 1545 
2736 651 1456 1539 1592 
2737 1459 1601 1489 1618 
2738 1492 1518 1436 1592 
2739 1509 1559 1506 1565 
2740 1440 1421 1543 1589 
2741 1475 1490 1655 1544 
2742 372 1651 692 1488 
2743 729 1459 728 1618 
2744 1430 1463 1442 1594 
2745 1512 1538 1452 1635 
2746 1482 1423 1553 1605 
2747 1415 1435 1555 1556 
2748 796 804 836 1436 
2749 804 828 836 1436 
2750 1437 1566 1452 1600 
2751 1410 1513 1535 1549 
2752 1396 1607 1461 1627 
2753 1423 1482 1553 1606 
2754 1422 1475 1439 1544 
2755 1423 1427 1482 1546 
2756 750 1464 1652 1510 
2757 1437 1525 1501 1566 
2758 1413 1512 1453 1538 
2759 1686 1508 1446 1622 
2760 405 1603 1688 1640 
2761 1422 1544 1526 1586 
2762 1417 1485 1449 1570 
2763 1467 1600 1480 1639 
2764 872 1497 864 1598 
2765 1492 1518 1432 1596 
2766 787 1520 795 1552 
2767 558 678 1481 1607 
2768 1483 1486 833 1539 
2769 840 841 1483 1573 
2770 1443 1498 1440 1531 
2771 714 1523 706 1555 
2772 1413 1538 1453 1545 
2773 1680 1491 1471 1630 
2774 853 845 1393 1528 
2775 1502 1557 1429 1598 
2776 787 788 1494 1552 
2777 787 786 1520 1540 
2778 635 1518 1492 1592 
2779 1449 1483 1431 1573 
2780 827 1486 826 1552 
2781 1452 1579 775 1582 
2782 1430 1519 1438 1575 
2783 799 1470 1425 1567 
2784 1421 1542 1440 1543 
2785 1460 1557 1535 1570 
2786 1422 1433 1473 1614 
2787 1486 1492 1436 1592 
2788 388 1506 1677 1623 
2789 1451 1426 1572 1637 
2790 1429 1502 1466 1507 
2791 567 568 1396 1461 
2792 754 1504 762 1640 
2793 582 1478 590 1634 
2794 738 730 731 1516 
2795 731 739 738 1516 
2796 1536 1588 1515 1589 
2797 1418 1484 1445 1583 
2798 1513 1527 1440 1542 
2799 632 1402 633 1636 
2800 563 571 1399 1484 
2801 660 1444 816 1539 
2802 711 1512 710 1635 
2803 871 1497 872 1598 
2804 1425 1531 1443 1610 
2805 1442 1497 1469 1568 
2806 1474 1553 1423 1605 
2807 1410 1546 1460 1621 
2808 846 854 847 1485 
2809 854 855 847 1485 
2810 1441 1535 1517 1548 
2811 1698 1504 1476 1638 
2812 1445 1588 1536 1589 
2813 1512 1582 1452 1601 
2814 811 1518 1405 1574 
2815 1444 1484 1450 1524 
2816 1446 1508 1428 1517 
2817 1417 1569 1455 1570 
2818 703 1453 711 1635 
2819 664 672 665 1537 
2820 673 665 672 1537 
2821 830 822 1400 1524 
2822 1423 1553 1479 1606 
2823 728 729 736 1459 
2824 736 729 737 1459 
2825 1413 1452 1512 1538 
2826 1453 1538 1512 1635 
2827 1481 1496 1421 1516 
2828 651 1539 1456 1583 
2829 563 1399 683 1484 
2830 660 1444 1539 1583 
2831 866 1595 1530 1626 
2832 666 665 1445 1583 
2833 609 1446 608 1622 
2834 1416 1456 1486 1581 
2835 1441 1556 1517 1615 
2836 799 1470 1567 1624 
2837 736 1459 735 1618 
2838 632 640 633 1402 
2839 633 640 641 1402 
2840 674 1444 675 1583 
2841 1464 1510 757 1529 
2842 1468 1520 1416 1596 
2843 1453 1523 712 1545 
2844 1416 1520 1419 1552 
2845 1455 1513 1441 1535 
2846 1498 1534 1459 1550 
2847 768 767 1473 1614 
2848 373 1662 374 1464 
2849 374 1653 373 1464 
2850 584 1515 592 1548 
2851 603 611 1502 1521 
2852 1430 1442 1530 1594 
2853 869 1466 861 1507 
2854 585 1515 584 1548 
2855 1478 1496 1448 1634 
2856 1458 1601 1512 1618 
2857 694 1547 695 1635 
2858 1410 1535 1460 1546 
2859 1433 1422 1586 1614 
2860 1433 1501 1473 1614 
2861 1453 1512 1413 1545 
2862 1498 1531 1459 1542 
2863 1506 1509 1435 1559 
2864 1587 1591 1443 1609 
2865 1454 402 1554 1576 
2866 770 1540 1519 1616 
2867 819 1436 827 1574 
2868 762 1519 763 1640 
2869 1498 1531 1443 1591 
2870 827 1436 828 1574 
2871 815 816 668 1444 
2872 660 668 816 1444 
2873 1424 1525 1434 1593 
2874 761 1603 1501 1616 
2875 1428 1556 1415 1615 
2876 1411 1439 1577 1593 
2877 826 1486 834 1552 
2878 1483 1486 1456 1581 
2879 802 801 809 1406 
2880 810 802 809 1406 
2881 1451 1479 1426 1637 
2882 787 795 788 1552 
2883 796 788 795 1552 
2884 418 419 1703 1608 
2885 1712 419 418 1608 
2886 617 1446 609 1622 
2887 1483 1505 1431 1581 
2888 1694 1465 1554 1576 
2889 1414 1460 1535 1546 
2890 651 1456 650 1583 
2891 851 1493 1391 1494 
2892 1422 1473 1571 1635 
2893 1532 1597 1692 1633 
2894 1470 1432 1596 1609 
2895 1482 1532 401 1576 
2896 408 1463 1700 1632 
2897 857 856 864 1487 
2898 864 865 857 1487 
2899 1429 1511 1446 1521 
2900 859 1500 1391 1595 
2901 742 1458 734 1489 
2902 660 1539 659 1583 
2903 1437 1462 1480 1600 
2904 658 657 1583 1587 
2905 660 659 1444 1583 
2906 1439 1562 1479 1625 
2907 1454 1482 1684 1576 
2908 1722 869 428 1507 
2909 428 869 1723 1507 
2910 631 1567 639 1591 
2911 799 807 1470 1624 
2912 365 749 1652 1510 
2913 1643 749 365 1510 
2914 721 1545 729 1618 
2915 1416 1419 1486 1552 
2916 1668 1506 380 1565 
2917 661 1394 669 1590 
2918 589 1478 716 1641 
2919 1430 1424 1504 1519 
2920 1423 1439 1474 1577 
2921 409 1701 417 1469 
2922 417 1702 409 1469 
2923 1457 1563 1411 1571 
2924 1419 1552 1493 1581 
2925 1512 1579 710 1635 
2926 638 1489 639 1567 
2927 747 1394 746 1590 
2928 1417 1548 1455 1569 
2929 1439 1584 1526 1625 
2930 1442 1568 1487 1617 
2931 1477 1549 1535 1615 
2932 1684 1482 1454 1564 
2933 798 1409 1458 1567 
2934 401 1692 409 1633 
2935 409 1693 401 1633 
2936 1444 1484 1418 1583 
2937 1469 1497 1420 1568 
2938 1712 418 1499 1608 
2939 1676 1509 386 1564 
2940 1443 1440 1498 1587 
2941 1513 1448 1527 1542 
2942 1411 1439 1563 1577 
2943 1429 1420 1499 1598 
2944 825 1539 1486 1592 
2945 1415 1555 1478 1556 
2946 1441 1515 1455 1548 
2947 681 1397 682 1537 
2948 866 1442 874 1530 
2949 1424 1599 1503 1619 
2950 1421 1542 1513 1589 
2951 726 1458 718 1512 
2952 1473 1411 1571 1635 
2953 1425 1468 1531 1610 
2954 847 1485 855 1573 
2955 1424 1603 1471 1619 
2956 659 667 1444 1583 
2957 398 1681 390 1471 
2958 390 1680 398 1471 
2959 843 842 1404 1552 
2960 1426 1475 1439 1571 
2961 826 1436 827 1592 
2962 609 1521 1446 1585 
2963 1439 1426 1479 1562 
2964 1423 1451 1479 1563 
2965 736 1459 737 1550 
2966 1521 1417 1548 1557 
2967 391 1682 392 1474 
2968 392 1673 391 1474 
2969 1429 1499 1466 1598 
2970 421 1706 756 1514 
2971 421 756 1715 1514 
2972 1402 1470 1609 1636 
2973 1426 1602 1547 1629 
2974 695 1547 703 1635 
2975 384 1479 1665 1562 
2976 743 744 1408 1550 
2977 1457 1477 1415 1549 
2978 1414 1517 1428 1615 
2979 1420 1557 1485 1598 
2980 802 1518 803 1520 
2981 1427 1463 1532 1597 
2982 1429 1521 1414 1557 
2983 1494 1552 788 1642 
2984 634 1518 1405 1636 
2985 1474 1577 1439 1593 
2986 1480 1600 1462 1639 
2987 1456 1483 1418 1583 
2988 1430 1504 1476 1519 
2989 802 1432 1406 1518 
2990 1692 1532 408 1597 
2991 1692 401 400 1532 
2992 400 401 1683 1532 
2993 712 1453 704 1523 
2994 1428 1415 1477 1615 
2995 1413 1459 1531 1542 
2996 1513 1542 1440 1589 
2997 874 873 1718 1530 
2998 1424 1471 1593 1619 
2999 394 1676 386 1564 
3000 1675 394 386 1564 
3001 781 782 1579 1582 
3002 1412 1525 1424 1575 
3003 683 675 1484 1580 
3004 755 1476 1706 1640 
3005 1417 1449 1569 1570 
3006 771 1519 770 1540 
3007 607 1506 615 1623 
3008 824 823 831 1483 
3009 824 831 832 1483 
3010 1421 1461 1445 1588 
3011 1528 1561 1449 1611 
3012 1444 1484 675 1580 
3013 585 1548 586 1569 
3014 1441 1535 1513 1549 
3015 1446 1585 1695 1622 
3016 864 872 1442 1497 
3017 872 871 1720 1497 
3018 873 872 1719 1497 
3019 804 828 1436 1574 
3020 1501 1525 1437 1616 
3021 675 1444 667 1583 
3022 1411 1538 1457 1571 
3023 393 1482 1684 1564 
3024 703 711 710 1635 
3025 703 710 702 1635 
3026 711 1453 712 1545 
3027 1466 1507 1713 1608 
3028 604 853 1393 1502 
3029 660 659 667 1444 
3030 667 668 660 1444 
3031 764 756 1476 1631 
3032 694 1510 1522 1529 
3033 718 726 725 1458 
3034 734 742 741 1458 
3035 725 717 718 1458 
3036 734 741 733 1458 
3037 1406 1518 1432 1636 
3038 416 1700 1594 1632 
3039 376 1475 1664 1562 
3040 707 1478 1555 1641 
3041 1439 1475 1426 1562 
3042 796 836 844 1552 
3043 844 788 796 1552 
3044 844 788 1552 1642 
3045 800 1425 799 1470 
3046 1512 1545 711 1618 
3047 1420 1429 1557 1598 
3048 832 1483 833 1539 
3049 1438 1500 1494 1540 
3050 763 764 1476 1631 
3051 1689 1603 1504 1619 
3052 623 1567 1470 1624 
3053 1494 1500 1391 1642 
3054 1530 1595 1430 1626 
3055 674 675 667 1583 
3056 667 666 674 1583 
3057 843 1404 1494 1552 
3058 827 1436 819 1592 
3059 825 833 1486 1539 
3060 793 1432 794 1520 
3061 1455 1536 1515 1589 
3062 871 870 1721 1499 
3063 1460 1546 1427 1620 
3064 1423 1479 1439 1563 
3065 592 593 585 1548 
3066 585 584 592 1548 
3067 1455 1513 1505 1589 
3068 384 1674 385 1479 
3069 385 1665 384 1479 
3070 825 1486 826 1592 
3071 1475 1490 1426 1602 
3072 375 1664 376 1475 
3073 376 1655 375 1475 
3074 384 1664 383 1625 
3075 383 1673 384 1625 
3076 704 1523 1547 1629 
3077 1713 419 427 1466 
3078 427 419 1712 1466 
3079 786 785 793 1520 
3080 793 794 786 1520 
3081 747 739 740 1481 
3082 740 748 747 1481 
3083 669 677 670 1481 
3084 677 678 670 1481 
3085 1421 1481 1461 1613 
3086 1423 1474 1434 1577 
3087 868 1390 764 1631 
3088 637 743 1408 1489 
3089 1424 1501 1491 1603 
3090 861 1466 862 1502 
3091 1443 1470 1596 1609 
3092 401 1482 1683 1532 
3093 1443 1531 1440 1610 
3094 727 1458 726 1618 
3095 1478 1556 591 1634 
3096 1430 1530 1442 1595 
3097 605 1488 1435 1641 
3098 1441 1513 1455 1515 
3099 755 763 1476 1640 
3100 1455 1535 1441 1548 
3101 779 1494 1500 1540 
3102 704 1523 1453 1547 
3103 816 823 824 1539 
3104 1506 1559 1435 1565 
3105 825 817 1539 1592 
3106 783 1452 775 1582 
3107 1434 1532 1463 1599 
3108 865 1487 1442 1595 
3109 1415 1556 1478 1615 
3110 1509 1559 1667 1572 
3111 738 1516 1481 1590 
3112 1460 1427 1568 1620 
3113 775 1579 774 1582 
3114 1532 1599 1434 1605 
3115 716 1478 715 1641 
3116 707 1478 715 1555 
3117 1506 1508 1428 1509 
3118 1450 1541 1400 1561 
3119 613 1435 605 1488 
3120 671 1481 670 1607 
3121 1481 1516 1421 1534 
3122 827 826 834 1552 
3123 834 835 827 1552 
3124 849 848 856 1487 
3125 849 856 857 1487 
3126 1526 1544 1663 1586 
3127 717 710 718 1579 
3128 710 717 709 1579 
3129 1413 1527 1462 1538 
3130 393 1683 401 1482 
3131 393 401 1684 1482 
3132 1685 1551 1454 1554 
3133 654 1534 646 1550 
3134 747 1481 669 1590 
3135 1525 1575 1437 1616 
3136 1424 1525 1501 1616 
3137 1423 1427 1546 1620 
3138 1455 1569 1449 1570 
3139 1424 1519 1430 1575 
3140 1424 1575 1525 1616 
3141 1435 614 1506 1565 
3142 726 1512 718 1618 
3143 1481 1534 662 1590 
3144 710 1512 718 1579 
3145 800 799 807 1470 
3146 800 807 808 1470 
3147 768 1473 767 1566 
3148 382 1526 1663 1586 
3149 655 1498 1534 1543 
3150 831 1483 1524 1611 
3151 594 586 1548 1569 
3152 1454 1551 394 1564 
3153 1427 1532 1463 1620 
3154 1555 1556 1435 1641 
3155 750 751 1661 1464 
3156 654 647 646 1534 
3157 655 647 654 1534 
3158 599 591 1478 1556 
3159 1438 1519 1430 1631 
3160 1417 1557 1485 1570 
3161 1448 1513 1527 1549 
3162 1496 1613 1515 1634 
3163 779 1500 771 1540 
3164 1425 1567 1470 1591 
3165 599 1478 598 1556 
3166 832 824 1483 1539 
3167 1689 1504 406 1619 
3168 793 792 800 1432 
3169 800 801 793 1432 
3170 1471 1491 1424 1501 
3171 1415 1426 1523 1629 
3172 1424 1491 1471 1603 
3173 799 1567 1409 1624 
3174 830 1401 1524 1561 
3175 614 1435 613 1488 
3176 763 1476 1519 1631 
3177 803 804 796 1436 
3178 795 803 796 1436 
3179 1424 1504 1603 1619 
3180 1433 1472 1501 1614 
3181 1453 1571 1538 1635 
3182 1709 415 1530 1594 
3183 1412 1434 1525 1620 
3184 680 1537 1461 1627 
3185 703 1547 1453 1635 
3186 1440 1531 1498 1542 
3187 1669 1506 614 1565 
3188 1594 1612 416 1632 
3189 1475 1490 1422 1547 
3190 1653 1510 1464 1544 
3191 1675 393 394 1564 
3192 394 393 1684 1564 
3193 1426 1490 1475 1547 
3194 827 828 820 1574 
3195 820 819 827 1574 
3196 1673 1584 1474 1625 
3197 1459 1531 1498 1601 
3198 1439 1475 1422 1571 
3199 1487 1493 1438 1595 
3200 832 833 825 1539 
3201 832 825 824 1539 
3202 1426 1479 1451 1563 
3203 1422 1464 1544 1586 
3204 695 703 702 1635 
3205 702 694 695 1635 
3206 630 1489 638 1567 
3207 1464 1586 1422 1614 
3208 825 818 817 1592 
3209 818 825 826 1592 
3210 1422 1510 1464 1529 
3211 759 767 760 1614 
3212 768 760 767 1614 
3213 1414 1521 1517 1548 
3214 1458 1582 1512 1601 
3215 1455 1505 1418 1589 
3216 866 1530 874 1626 
3217 1419 1486 1552 1581 
3218 1660 614 613 1488 
3219 715 1478 707 1641 
3220 1428 1506 1435 1556 
3221 1428 1509 1508 1551 
3222 1464 751 1586 1614 
3223 641 1591 1587 1609 
3224 1430 1503 1476 1504 
3225 1412 1463 1434 1620 
3226 781 773 717 1579 
3227 709 717 773 1579 
3228 559 567 1396 1607 
3229 702 710 1579 1635 
3230 817 652 1539 1592 
3231 1419 1520 1494 1552 
3232 1465 1511 1429 1608 
3233 631 1470 1567 1591 
3234 1426 1495 1572 1637 
3235 1414 1535 1460 1557 
3236 1442 1420 1497 1568 
3237 1435 1506 606 1556 
3238 805 806 798 1567 
3239 798 797 805 1567 
3240 1433 1491 1471 1501 
3241 1439 1411 1563 1571 
3242 1438 1430 1595 1631 
3243 1643 365 685 1510 
3244 858 1493 1487 1595 
3245 1460 1557 1485 1617 
3246 1469 1497 1442 1632 
3247 406 1690 398 1619 
3248 398 1689 406 1619 
3249 1459 1534 1516 1550 
3250 655 1498 647 1534 
3251 798 1458 797 1567 
3252 655 656 1498 1543 
3253 1423 1563 1439 1577 
3254 1426 1490 1547 1602 
3255 1463 1532 1434 1620 
3256 1410 1460 1535 1621 
3257 390 1471 1681 1584 
3258 585 586 1536 1569 
3259 1478 1556 1441 1615 
3260 1425 1470 1443 1591 
3261 572 1450 1400 1580 
3262 803 1436 1518 1574 
3263 414 1698 413 1476 
3264 413 1707 414 1476 
3265 1423 1577 1434 1620 
3266 777 785 778 1540 
3267 786 778 785 1540 
3268 1421 1496 1481 1613 
3269 378 1667 1559 1572 
3270 620 428 1723 1507 
3271 1457 1538 1411 1639 
3272 1656 377 369 1495 
3273 1657 369 377 1495 
3274 1442 1612 1594 1632 
3275 407 1690 406 1503 
3276 406 1699 407 1503 
3277 761 762 1603 1616 
3278 1434 1599 1558 1605 
3279 737 1550 1516 1590 
3280 1474 1584 1439 1625 
3281 810 1518 1406 1636 
3282 1456 1486 1483 1539 
3283 1456 1539 1483 1583 
3284 1484 1537 682 1628 
3285 669 1481 670 1590 
3286 747 739 1481 1590 
3287 1431 1570 1449 1573 
3288 1479 1562 1426 1637 
3289 1709 1594 1530 1612 
3290 1420 1427 1469 1568 
3291 680 1398 681 1627 
3292 1491 1501 761 1603 
3293 1498 1440 1542 1543 
3294 762 1504 754 1603 
3295 602 1521 1417 1548 
3296 587 1528 1561 1569 
3297 1498 1543 656 1587 
3298 1476 1514 1707 1638 
3299 1460 1420 1557 1617 
3300 1446 1511 1695 1585 
3301 678 670 1481 1607 
3302 1435 1447 1415 1555 
3303 760 1501 1472 1614 
3304 840 841 833 1483 
3305 833 832 840 1483 
3306 853 1502 854 1528 
3307 1441 1556 1478 1634 
3308 719 718 1512 1618 
3309 1439 1479 1426 1563 
3310 1519 1540 1438 1575 
3311 711 1545 712 1618 
3312 1423 1467 1577 1620 
3313 1452 1579 1512 1635 
3314 1460 1570 1535 1621 
3315 803 1436 795 1520 
3316 805 621 806 1567 
3317 622 806 621 1567 
3318 578 1450 1536 1569 
3319 1485 1557 1420 1617 
3320 1460 1485 1557 1570 
3321 1457 1538 1453 1571 
3322 1547 1602 696 1629 
3323 421 1715 876 1514 
3324 1421 1513 1515 1589 
3325 848 847 855 1573 
3326 1438 1494 1419 1540 
3327 391 1474 1673 1584 
3328 1438 1493 1419 1494 
3329 862 869 870 1466 
3330 869 862 861 1466 
3331 650 642 649 1587 
3332 642 641 649 1587 
3333 757 758 1464 1529 
3334 623 631 1470 1567 
3335 1449 1528 1417 1569 
3336 587 1561 1450 1569 
3337 374 1464 1662 1586 
3338 728 1459 736 1618 
3339 1424 1471 1501 1593 
3340 593 594 586 1548 
3341 586 585 593 1548 
3342 1433 1472 1471 1491 
3343 1411 1600 1467 1639 
3344 1440 1531 1462 1610 
3345 722 729 721 1516 
3346 730 729 722 1516 
3347 638 639 631 1567 
3348 631 630 638 1567 
3349 1498 1542 1534 1543 
3350 381 389 1671 1472 
3351 389 381 1670 1472 
3352 602 603 1417 1521 
3353 719 727 726 1618 
3354 719 726 718 1618 
3355 820 1403 812 1574 
3356 775 1473 767 1579 
3357 1419 1416 1486 1581 
3358 594 1548 1417 1569 
3359 1535 1549 1441 1615 
3360 763 764 756 1476 
3361 756 755 763 1476 
3362 1676 387 386 1509 
3363 1667 386 387 1509 
3364 1476 1504 1503 1638 
3365 1478 1556 1555 1641 
3366 840 1573 1483 1611 
3367 799 792 791 1425 
3368 800 792 799 1425 
3369 712 1545 720 1618 
3370 749 750 1652 1510 
3371 704 1547 696 1629 
3372 811 810 1405 1518 
3373 592 1515 584 1634 
3374 655 1534 663 1543 
3375 1426 1547 1475 1571 
3376 670 1481 662 1590 
3377 738 1481 739 1590 
3378 618 610 1585 1604 
3379 372 371 1659 1488 
3380 372 1650 371 1488 
3381 702 1529 694 1635 
3382 574 581 582 1496 
3383 574 573 581 1496 
3384 874 1442 873 1530 
3385 1426 1562 1495 1637 
3386 1412 1525 1467 1620 
3387 864 856 863 1598 
3388 855 863 856 1598 
3389 851 1494 1391 1642 
3390 1449 1524 1483 1611 
3391 763 1519 1500 1631 
3392 1442 1568 1469 1632 
3393 598 599 591 1478 
3394 591 590 598 1478 
3395 651 659 1539 1583 
3396 1682 1474 391 1558 
3397 395 1686 396 1508 
3398 396 1677 395 1508 
3399 1516 1550 1534 1590 
3400 1434 1577 1525 1620 
3401 1445 1543 1421 1589 
3402 1463 1427 1568 1597 
3403 404 1585 1687 1622 
3404 1447 1495 1426 1629 
3405 817 818 652 1592 
3406 644 652 818 1592 
3407 782 783 775 1582 
3408 775 774 782 1582 
3409 873 1442 872 1497 
3410 1710 1497 417 1632 
3411 393 1482 1564 1606 
3412 635 636 1574 1592 
3413 1418 1536 1455 1589 
3414 423 874 1530 1626 
3415 735 734 1458 1489 
3416 1426 1547 1523 1629 
3417 830 1400 1541 1561 
3418 1413 1531 1459 1601 
3419 629 1489 630 1567 
3420 1423 1546 1467 1620 
3421 702 1579 1529 1635 
3422 843 1494 1404 1642 
3423 651 650 658 1583 
3424 658 659 651 1583 
3425 808 1470 624 1636 
3426 1450 1484 1444 1580 
3427 648 1498 656 1587 
3428 411 412 1695 1511 
3429 1704 412 411 1511 
3430 1397 1537 1627 1628 
3431 1442 1530 1594 1612 
3432 1469 1568 1427 1597 
3433 650 643 642 1592 
3434 651 643 650 1592 
3435 577 1515 585 1536 
3436 1421 1534 1542 1543 
3437 719 1512 711 1618 
3438 1676 1551 1509 1564 
3439 1442 1594 1463 1632 
3440 388 615 1669 1623 
3441 418 1533 1499 1608 
3442 851 1404 850 1493 
3443 1456 1486 1539 1592 
3444 1461 1607 680 1627 
3445 1693 1576 401 1633 
3446 826 827 819 1592 
3447 818 826 819 1592 
3448 408 1597 1463 1632 
3449 1455 1515 1513 1589 
3450 393 1683 1482 1553 
3451 579 1450 578 1569 
3452 674 682 1484 1537 
3453 577 1515 1536 1588 
3454 703 704 711 1453 
3455 704 712 711 1453 
3456 1412 1487 1568 1617 
3457 728 735 727 1618 
3458 728 736 735 1618 
3459 393 392 1683 1553 
3460 393 1674 392 1553 
3461 609 1517 1446 1521 
3462 608 1446 609 1517 
3463 1471 1472 1433 1630 
3464 1462 1538 1527 1639 
3465 616 1622 1508 1623 
3466 641 1402 1591 1609 
3467 374 1544 1464 1586 
3468 862 1502 1466 1598 
3469 560 1398 680 1627 
3470 391 1681 399 1558 
3471 399 1682 391 1558 
3472 767 1473 766 1579 
3473 605 700 1488 1641 
3474 757 758 750 1464 
3475 1459 1534 1498 1542 
3476 1416 1419 1480 1581 
3477 396 1687 616 1622 
3478 1490 1522 1422 1547 
3479 616 1678 396 1623 
3480 388 1678 615 1623 
3481 1439 1563 1426 1571 
3482 719 711 712 1618 
3483 712 720 719 1618 
3484 572 580 1400 1450 
3485 1704 1604 1511 1608 
3486 861 1502 612 1507 
3487 743 1489 735 1550 
3488 635 634 1492 1518 
3489 1463 1568 1469 1597 
3490 766 1529 1473 1614 
3491 1472 1491 1433 1501 
3492 767 1473 775 1566 
3493 1495 1562 1426 1602 
3494 1397 1537 561 1627 
3495 616 617 609 1622 
3496 609 608 616 1622 
3497 607 615 608 1623 
3498 608 615 616 1623 
3499 425 417 1710 1497 
3500 1711 417 425 1497 
3501 1472 1586 751 1614 
3502 1452 1538 1462 1600 
3503 1683 1532 1482 1605 
3504 1446 1517 1414 1521 
3505 1712 1466 419 1608 
3506 1446 617 1585 1622 
3507 395 394 1685 1551 
3508 395 1676 394 1551 
3509 658 657 665 1583 
3510 666 658 665 1583 
3511 1432 1518 1492 1636 
3512 812 1403 804 1574 
3513 656 655 663 1543 
3514 663 664 656 1543 
3515 1532 1576 1427 1633 
3516 1437 1566 1501 1616 
3517 390 1681 391 1584 
3518 391 1672 390 1584 
3519 1410 1527 1549 1639 
3520 587 1528 588 1561 
3521 594 602 1417 1548 
3522 566 567 559 1607 
3523 558 566 559 1607 
3524 1692 1597 409 1633 
3525 590 1478 591 1634 
3526 754 762 755 1640 
3527 755 762 763 1640 
3528 1429 1511 1604 1608 
3529 720 1545 721 1618 
3530 1421 1534 1516 1542 
3531 1430 1626 1595 1631 
3532 1464 1422 1529 1614 
3533 377 1656 376 1562 
3534 377 376 1665 1562 
3535 1496 583 1613 1634 
3536 1516 1534 1481 1590 
3537 590 1478 589 1641 
3538 406 1689 405 1504 
3539 405 1698 406 1504 
3540 570 1450 571 1484 
3541 1701 416 417 1632 
3542 1710 417 416 1632 
3543 1431 1485 1573 1617 
3544 713 712 1523 1545 
3545 609 610 1521 1585 
3546 1475 1547 1422 1571 
3547 1410 1527 1513 1549 
3548 774 1579 782 1582 
3549 411 419 1704 1608 
3550 419 411 1703 1608 
3551 1495 1602 1426 1629 
3552 1424 1501 1525 1593 
3553 1466 1502 1429 1598 
3554 587 1541 1450 1561 
3555 787 1494 779 1540 
3556 704 1453 703 1547 
3557 1421 1461 1588 1613 
3558 1449 1570 1485 1573 
3559 411 1704 1511 1608 
3560 416 408 1700 1632 
3561 416 1701 408 1632 
3562 575 1496 583 1613 
3563 418 1703 1533 1608 
3564 1473 1579 1452 1635 
3565 1463 1594 1700 1632 
3566 804 1436 803 1574 
3567 568 1461 1588 1627 
3568 832 840 1483 1611 
3569 1445 1484 1418 1536 
3570 1515 1613 583 1634 
3571 728 720 721 1618 
3572 721 729 728 1618 
3573 871 872 864 1598 
3574 864 863 871 1598 
3575 1492 1596 1432 1609 
3576 383 382 1672 1526 
3577 383 1663 382 1526 
3578 1471 1491 1472 1630 
3579 1525 1577 1467 1620 
3580 1413 1545 1512 1618 
3581 1447 1415 1555 1629 
3582 614 606 613 1435 
3583 613 606 605 1435 
3584 1411 1467 1525 1577 
3585 849 1487 850 1493 
3586 426 1712 418 1499 
3587 418 1711 426 1499 
3588 1578 1602 1495 1629 
3589 1430 1626 1476 1638 
3590 727 735 734 1458 
3591 734 726 727 1458 
3592 789 1458 790 1582 
3593 602 610 603 1521 
3594 603 610 611 1521 
3595 604 1393 603 1502 
3596 1445 1461 1537 1588 
3597 1473 1529 1422 1614 
3598 595 1417 1528 1569 
3599 394 1551 1676 1564 
3600 858 850 1487 1493 
3601 1459 1516 1534 1542 
3602 1649 370 1560 1578 
3603 782 789 790 1582 
3604 782 781 789 1582 
3605 1649 371 691 1560 
3606 777 1540 778 1616 
3607 714 706 707 1555 
3608 714 707 715 1555 
3609 1540 1575 1519 1616 
3610 758 1464 1529 1614 
3611 399 1681 398 1619 
3612 398 1690 399 1619 
3613 423 1709 415 1530 
3614 415 1708 423 1530 
3615 596 1393 845 1528 
3616 777 769 1566 1616 
3617 1476 1503 1430 1638 
3618 410 1533 1465 1633 
3619 669 670 662 1590 
3620 662 661 669 1590 
3621 747 746 739 1590 
3622 738 739 746 1590 
3623 568 1588 1461 1613 
3624 818 819 636 1592 
3625 636 644 818 1592 
3626 1427 1532 1482 1576 
3627 1712 1499 1466 1608 
3628 1489 1567 1458 1601 
3629 1444 1524 1450 1580 
3630 1490 696 1547 1602 
3631 1435 1556 606 1641 
3632 1559 1560 1488 1565 
3633 701 1529 702 1579 
3634 794 1432 802 1520 
3635 1457 1549 1527 1639 
3636 400 1532 1683 1605 
3637 571 1484 1450 1580 
3638 695 1522 1490 1547 
3639 1432 1492 1609 1636 
3640 409 1701 1469 1597 
3641 868 876 1390 1514 
3642 1474 1558 1682 1605 
3643 714 713 706 1523 
3644 705 706 713 1523 
3645 1463 1568 1427 1620 
3646 1447 1435 1559 1560 
3647 615 1506 1669 1623 
3648 754 1603 1504 1640 
3649 1438 1595 1500 1631 
3650 1433 1501 1471 1593 
3651 1465 1429 1533 1608 
3652 1463 1594 1503 1599 
3653 1684 1482 401 1576 
3654 1488 1559 1435 1560 
3655 392 1474 1682 1605 
3656 583 1515 584 1613 
3657 1673 1474 392 1625 
3658 683 562 563 1484 
3659 562 683 682 1484 
3660 406 1504 1503 1619 
3661 587 588 1541 1561 
3662 1701 417 1469 1632 
3663 629 743 637 1489 
3664 743 629 742 1489 
3665 377 1495 1656 1562 
3666 377 1666 378 1572 
3667 378 1657 377 1572 
3668 1449 1483 1573 1611 
3669 700 699 1488 1641 
3670 705 1523 704 1629 
3671 760 1491 1472 1501 
3672 675 683 676 1580 
3673 684 676 683 1580 
3674 384 1673 392 1625 
3675 392 1674 384 1625 
3676 832 1483 831 1611 
3677 1416 1468 1596 1610 
3678 623 631 624 1470 
3679 631 632 624 1470 
3680 412 618 1696 1585 
3681 774 775 767 1579 
3682 767 766 774 1579 
3683 1595 1626 867 1631 
3684 651 1539 652 1592 
3685 675 676 1444 1580 
3686 606 1435 614 1506 
3687 595 594 1417 1569 
3688 579 578 586 1569 
3689 587 579 586 1569 
3690 409 1469 1702 1633 
3691 1421 1588 1515 1613 
3692 751 1670 381 1472 
3693 389 1670 752 1472 
3694 372 692 1650 1488 
3695 1650 691 371 1488 
3696 622 621 629 1567 
3697 629 630 622 1567 
3698 712 704 705 1523 
3699 705 713 712 1523 
3700 574 1496 575 1613 
3701 706 1555 1523 1629 
3702 1431 1460 1570 1617 
3703 587 1450 579 1569 
3704 693 757 1510 1529 
3705 1442 1463 1568 1632 
3706 655 656 648 1498 
3707 648 647 655 1498 
3708 374 1663 375 1544 
3709 375 1654 374 1544 
3710 1681 1471 398 1619 
3711 1471 1584 390 1630 
3712 1538 1600 1411 1639 
3713 1501 1566 769 1616 
3714 1648 689 369 1578 
3715 415 1700 407 1594 
3716 407 1699 415 1594 
3717 574 582 575 1496 
3718 582 583 575 1496 
3719 608 1517 600 1556 
3720 1460 1431 1570 1621 
3721 588 1528 1392 1541 
3722 406 1503 1690 1619 
3723 865 1442 866 1595 
3724 1435 1559 1488 1565 
3725 857 1487 865 1595 
3726 402 401 1693 1576 
3727 402 1684 401 1576 
3728 765 1529 701 1579 
3729 567 568 1461 1613 
3730 1523 1555 1415 1629 
3731 1471 1558 1681 1584 
3732 1674 1479 384 1625 
3733 1485 1570 1460 1617 
3734 1528 1541 588 1561 
3735 702 710 709 1579 
3736 709 701 702 1579 
3737 1492 1518 634 1636 
3738 607 606 1506 1556 
3739 657 658 650 1587 
3740 650 649 657 1587 
3741 381 1671 382 1586 
3742 381 382 1662 1586 
3743 648 1498 1587 1591 
3744 584 1515 576 1613 
3745 681 561 1397 1537 
3746 758 1529 766 1614 
3747 369 689 1647 1602 
3748 385 1479 1674 1606 
3749 1419 1494 1493 1552 
3750 1512 1579 1452 1582 
3751 637 1408 638 1489 
3752 672 1461 680 1537 
3753 763 1500 764 1631 
3754 412 1705 618 1604 
3755 1517 1521 601 1548 
3756 778 779 771 1540 
3757 771 770 778 1540 
3758 1411 1525 1467 1600 
3759 853 854 846 1528 
3760 846 845 853 1528 
3761 1415 1549 1477 1615 
3762 1401 830 1541 1561 
3763 765 701 773 1579 
3764 709 773 701 1579 
3765 417 1497 1469 1632 
3766 616 396 1622 1623 
3767 841 848 849 1573 
3768 841 840 848 1573 
3769 1431 1460 1617 1621 
3770 418 1703 410 1533 
3771 410 1702 418 1533 
3772 612 1502 611 1507 
3773 690 1560 1447 1578 
3774 1443 1587 1498 1591 
3775 1656 1562 1495 1602 
3776 1431 1485 1570 1573 
3777 1679 389 752 1491 
3778 1434 1474 1558 1593 
3779 1657 1495 377 1572 
3780 857 850 849 1487 
3781 857 858 850 1487 
3782 1683 1482 1553 1605 
3783 628 819 820 1574 
3784 819 628 636 1574 
3785 393 1553 1482 1606 
3786 778 786 779 1540 
3787 787 779 786 1540 
3788 423 1717 874 1626 
3789 598 1556 1478 1641 
3790 737 1516 738 1590 
3791 1392 1528 837 1541 
3792 647 1498 648 1591 
3793 1440 1543 1498 1587 
3794 410 1693 409 1633 
3795 409 1702 410 1633 
3796 1425 1458 1567 1601 
3797 1527 1538 1457 1639 
3798 767 766 1473 1614 
3799 622 806 1567 1624 
3800 1400 1450 580 1541 
3801 639 1498 647 1591 
3802 367 1646 687 1490 
3803 1665 1479 385 1637 
3804 407 1503 1699 1594 
3805 699 691 1488 1560 
3806 1473 1529 766 1579 
3807 763 771 1500 1519 
3808 1503 1594 407 1599 
3809 1444 822 1524 1580 
3810 600 1517 601 1548 
3811 397 1680 389 1491 
3812 389 1679 397 1491 
3813 864 872 865 1442 
3814 865 872 873 1442 
3815 866 873 874 1442 
3816 873 866 865 1442 
3817 595 594 602 1417 
3818 595 602 603 1417 
3819 1420 1460 1568 1617 
3820 1418 1445 1536 1589 
3821 1675 393 1564 1606 
3822 1438 1500 1519 1631 
3823 583 1496 582 1634 
3824 743 735 736 1550 
3825 736 744 743 1550 
3826 641 640 1587 1591 
3827 1645 367 687 1522 
3828 686 366 1645 1522 
3829 1465 1427 1576 1633 
3830 598 1478 590 1641 
3831 576 575 583 1613 
3832 583 584 576 1613 
3833 1428 1517 1556 1615 
3834 1512 1601 1413 1618 
3835 578 1536 586 1569 
3836 1495 1572 1657 1578 
3837 1409 1567 798 1624 
3838 1484 1536 1445 1628 
3839 605 1435 606 1641 
3840 412 404 1695 1585 
3841 1696 404 412 1585 
3842 1655 368 367 1490 
3843 368 1646 367 1490 
3844 1431 1570 1485 1617 
3845 684 1399 813 1580 
3846 1469 1568 1463 1632 
3847 613 692 1651 1488 
3848 781 782 774 1579 
3849 781 774 773 1579 
3850 1434 1558 1474 1605 
3851 784 792 785 1468 
3852 793 785 792 1468 
3853 643 635 1492 1592 
3854 735 743 742 1489 
3855 735 742 734 1489 
3856 391 1558 1474 1584 
3857 407 1691 399 1599 
3858 399 1690 407 1599 
3859 428 620 1714 1507 
3860 402 1694 403 1554 
3861 403 1685 402 1554 
3862 1644 366 686 1510 
3863 685 365 1644 1510 
3864 631 632 1470 1591 
3865 368 1646 1490 1602 
3866 1537 1588 1461 1627 
3867 624 1470 632 1636 
3868 399 1558 1681 1619 
3869 648 1587 640 1591 
3870 859 1500 1595 1631 
3871 1710 1612 1497 1632 
3872 365 1653 366 1510 
3873 365 366 1644 1510 
3874 601 1521 602 1548 
3875 808 624 809 1636 
3876 624 625 809 1636 
3877 378 1667 379 1559 
3878 1658 378 379 1559 
3879 397 1491 1679 1603 
3880 1422 1529 1473 1635 
3881 1690 1503 407 1599 
3882 369 1657 370 1578 
3883 370 1648 369 1578 
3884 1463 1597 1469 1632 
3885 1404 1494 851 1642 
3886 869 861 620 1507 
3887 861 612 620 1507 
3888 1469 1533 1702 1633 
3889 604 853 845 1393 
3890 596 604 845 1393 
3891 627 156 155 1389 
3892 628 156 627 1389 
3893 128 596 129 1392 
3894 128 588 596 1392 
3895 117 828 118 1403 
3896 820 828 117 1403 
3897 170 171 661 1394 
3898 661 171 669 1394 
3899 868 876 123 1390 
3900 123 876 124 1390 
3901 151 808 807 1407 
3902 808 151 152 1407 
3903 169 745 746 1395 
3904 746 170 169 1395 
3905 367 366 1654 1522 
3906 366 367 1645 1522 
3907 682 675 674 1484 
3908 683 675 682 1484 
3909 876 1716 421 1514 
3910 867 1595 866 1626 
3911 1532 1427 1597 1633 
3912 768 769 1501 1566 
3913 428 1714 420 1507 
3914 420 1713 428 1507 
3915 751 1464 750 1614 
3916 559 1396 560 1607 
3917 693 749 685 1510 
3918 749 693 757 1510 
3919 1681 1558 391 1584 
3920 698 1578 1447 1629 
3921 1702 1533 410 1633 
3922 1492 634 1609 1636 
3923 708 716 715 1641 
3924 715 707 708 1641 
3925 1430 1514 1476 1626 
3926 1656 369 368 1602 
3927 368 369 1647 1602 
3928 392 1553 1674 1625 
3929 1474 1553 392 1625 
3930 584 1515 583 1634 
3931 412 1704 420 1604 
3932 420 1705 412 1604 
3933 826 825 833 1486 
3934 833 834 826 1486 
3935 571 570 578 1450 
3936 578 579 571 1450 
3937 412 1585 1511 1604 
3938 698 1447 690 1560 
3939 1430 1530 1626 1638 
3940 1432 1609 1470 1636 
3941 795 794 802 1520 
3942 802 803 795 1520 
3943 613 700 692 1488 
3944 613 605 700 1488 
3945 730 737 729 1516 
3946 730 738 737 1516 
3947 567 566 574 1613 
3948 574 575 567 1613 
3949 397 1688 405 1603 
3950 405 1689 397 1603 
3951 654 1534 1550 1590 
3952 706 1523 705 1629 
3953 1454 1554 1465 1576 
3954 596 845 1392 1528 
3955 1443 1596 1492 1609 
3956 1425 1582 1458 1601 
3957 596 1392 588 1528 
3958 1434 1577 1474 1593 
3959 381 1472 1671 1586 
3960 421 422 1707 1514 
3961 421 1716 422 1514 
3962 1476 1626 1514 1638 
3963 657 656 1543 1587 
3964 642 1492 634 1609 
3965 370 1658 371 1560 
3966 371 1649 370 1560 
3967 608 600 607 1556 
3968 599 607 600 1556 
3969 797 789 733 1458 
3970 725 733 789 1458 
3971 1674 1553 1479 1625 
3972 643 635 642 1492 
3973 635 634 642 1492 
3974 823 1444 822 1524 
3975 572 1399 571 1580 
3976 420 1507 1714 1604 
3977 680 1461 672 1607 
3978 369 1495 1657 1578 
3979 831 1524 1401 1611 
3980 412 1695 1511 1585 
3981 423 1708 422 1626 
3982 422 1717 423 1626 
3983 379 1668 380 1565 
3984 380 1659 379 1565 
3985 1681 1558 1471 1619 
3986 641 640 648 1587 
3987 648 649 641 1587 
3988 704 696 697 1629 
3989 697 705 704 1629 
3990 593 600 601 1548 
3991 593 592 600 1548 
3992 585 586 578 1536 
3993 578 577 585 1536 
3994 814 1444 676 1580 
3995 626 634 1405 1636 
3996 1412 1568 1463 1620 
3997 862 1466 870 1598 
3998 1484 1445 1537 1628 
3999 392 1553 1474 1605 
4000 868 764 1500 1631 
4001 647 648 640 1591 
4002 640 639 647 1591 
4003 620 1723 869 1507 
4004 845 837 1392 1528 
4005 1643 685 749 1510 
4006 1437 1575 1540 1616 
4007 708 589 716 1641 
4008 708 597 589 1641 
4009 413 1476 1698 1640 
4010 1656 1495 369 1602 
4011 1401 1524 1561 1611 
4012 672 1461 671 1607 
4013 597 590 589 1641 
4014 598 590 597 1641 
4015 377 1495 1562 1637 
4016 1514 1626 1430 1631 
4017 816 817 660 1539 
4018 652 660 817 1539 
4019 698 1447 1555 1629 
4020 576 1515 577 1588 
4021 643 1492 642 1592 
4022 664 665 657 1543 
4023 664 657 656 1543 
4024 585 577 584 1515 
4025 576 584 577 1515 
4026 1715 756 876 1514 
4027 758 750 1464 1614 
4028 1402 1609 633 1636 
4029 371 1488 691 1560 
4030 843 1552 1494 1642 
4031 1495 1578 369 1602 
4032 609 1446 617 1585 
4033 1528 1449 1561 1569 
4034 1470 1591 1402 1609 
4035 696 1602 697 1629 
4036 1479 1553 1674 1606 
4037 1430 1476 1514 1631 
4038 798 790 797 1458 
4039 789 797 790 1458 
4040 601 1517 609 1521 
4041 844 836 843 1552 
4042 836 835 843 1552 
4043 1688 1603 754 1640 
4044 1716 422 1514 1626 
4045 412 1511 1704 1604 
4046 835 834 842 1552 
4047 843 835 842 1552 
4048 694 693 1510 1529 
4049 756 1390 876 1514 
4050 778 1540 770 1616 
4051 409 1692 408 1597 
4052 409 408 1701 1597 
4053 830 1401 831 1524 
4054 803 1518 811 1574 
4055 858 1487 857 1595 
4056 1433 1584 1471 1630 
4057 844 1552 843 1642 
4058 416 1709 424 1612 
4059 424 1710 416 1612 
4060 392 1682 400 1605 
4061 400 1683 392 1605 
4062 598 606 1556 1641 
4063 780 779 1494 1500 
4064 814 815 668 1444 
4065 814 668 676 1444 
4066 1402 1470 632 1591 
4067 385 1674 393 1606 
4068 393 1675 385 1606 
4069 814 676 813 1580 
4070 813 676 684 1580 
4071 1536 1588 1445 1628 
4072 1422 1571 1547 1635 
4073 577 1588 1536 1628 
4074 760 761 1491 1501 
4075 875 1626 1514 1631 
4076 813 1399 564 1580 
4077 615 614 1669 1506 
4078 1451 1606 1479 1637 
4079 570 563 562 1484 
4080 563 570 571 1484 
4081 767 759 766 1614 
4082 766 759 758 1614 
4083 377 1572 1495 1637 
4084 1505 1570 1431 1621 
4085 1683 1553 392 1605 
4086 595 1528 587 1569 
4087 802 1406 810 1518 
4088 811 1405 627 1574 
4089 812 1389 628 1574 
4090 1674 1553 393 1606 
4091 759 760 1472 1614 
4092 629 637 630 1489 
4093 638 630 637 1489 
4094 412 618 1585 1604 
4095 1497 1612 1442 1632 
4096 572 1400 821 1580 
4097 624 632 625 1636 
4098 633 625 632 1636 
4099 1699 1594 1503 1638 
4100 861 853 612 1502 
4101 604 612 853 1502 
4102 674 681 682 1537 
4103 673 681 674 1537 
4104 689 369 1578 1602 
4105 794 795 787 1520 
4106 787 786 794 1520 
4107 695 687 1490 1522 
4108 645 1408 744 1550 
4109 1434 1525 1577 1593 
4110 377 1665 385 1637 
4111 385 1666 377 1637 
4112 576 1515 1588 1613 
4113 1701 1597 408 1632 
4114 577 1536 578 1628 
4115 405 1504 1689 1603 
4116 689 1602 1578 1629 
4117 1476 1504 1698 1640 
4118 680 681 1537 1627 
4119 1665 1562 1479 1637 
4120 690 1447 698 1578 
4121 1397 1627 569 1628 
4122 399 1690 1599 1619 
4123 763 762 770 1519 
4124 770 771 763 1519 
4125 765 766 1529 1579 
4126 859 1391 858 1595 
4127 806 798 1567 1624 
4128 699 698 691 1560 
4129 691 698 690 1560 
4130 414 415 1699 1638 
4131 414 1708 415 1638 
4132 688 696 1490 1602 
4133 811 627 1389 1574 
4134 382 1671 390 1630 
4135 390 1672 382 1630 
4136 644 651 652 1592 
4137 644 643 651 1592 
4138 396 1508 1686 1622 
4139 1677 1508 396 1623 
4140 761 753 1491 1603 
4141 841 849 842 1493 
4142 842 849 850 1493 
4143 654 662 1534 1590 
4144 389 1472 752 1491 
4145 868 1500 867 1631 
4146 24 404 1696 1585 
4147 404 24 1687 1585 
4148 370 1649 106 1578 
4149 106 1648 370 1578 
4150 858 857 865 1595 
4151 865 866 858 1595 
4152 594 601 602 1548 
4153 593 601 594 1548 
4154 838 1401 1561 1611 
4155 1710 416 1612 1632 
4156 838 1401 1541 1561 
4157 423 1530 1708 1626 
4158 842 850 1404 1493 
4159 859 867 1500 1631 
4160 404 1687 396 1622 
4161 396 1686 404 1622 
4162 388 1677 396 1623 
4163 388 396 1678 1623 
4164 390 1584 1672 1630 
4165 1469 409 1597 1633 
4166 762 770 1519 1616 
4167 641 633 1402 1609 
4168 830 1400 829 1541 
4169 104 368 1647 1602 
4170 1646 368 104 1602 
4171 1503 1504 1424 1619 
4172 652 651 659 1539 
4173 659 660 652 1539 
4174 694 1510 686 1522 
4175 377 1562 1665 1637 
4176 1519 1575 1424 1616 
4177 760 752 1472 1491 
4178 576 1588 568 1613 
4179 595 1393 596 1528 
4180 698 1555 706 1629 
4181 1430 1519 1476 1631 
4182 695 1490 696 1547 
4183 711 719 718 1512 
4184 718 710 711 1512 
4185 847 839 846 1611 
4186 838 846 839 1611 
4187 1479 1606 385 1637 
4188 1469 1597 1701 1632 
4189 787 788 780 1494 
4190 780 779 787 1494 
4191 22 1705 420 1604 
4192 420 1714 22 1604 
4193 611 619 1507 1604 
4194 1687 1585 617 1622 
4195 642 634 641 1609 
4196 641 634 633 1609 
4197 1427 1469 1597 1633 
4198 397 1679 97 1603 
4199 397 97 1688 1603 
4200 1433 1471 1584 1593 
4201 655 654 662 1534 
4202 662 663 655 1534 
4203 1411 1577 1525 1593 
4204 1445 1588 1537 1628 
4205 399 1599 1558 1619 
4206 794 793 801 1432 
4207 794 801 802 1432 
4208 1558 1474 1584 1593 
4209 1671 1586 1472 1630 
4210 23 412 618 1696 
4211 23 412 1705 618 
4212 424 64 873 1718 
4213 1717 874 63 423 
4214 423 874 63 1718 
4215 424 64 1719 873 
4216 872 65 1719 425 
4217 61 421 876 1716 
4218 421 61 876 1715 
4219 65 872 1720 425 
4220 687 1645 103 367 
4221 367 103 687 1646 
4222 102 686 1644 366 
4223 102 686 366 1645 
4224 426 1720 66 871 
4225 1721 426 66 871 
4226 95 381 751 1670 
4227 751 381 95 1661 
4228 25 1687 616 396 
4229 427 67 870 1721 
4230 67 427 870 1722 
4231 373 750 94 1661 
4232 1652 750 94 373 
4233 428 1722 68 869 
4234 1723 428 68 869 
4235 389 96 752 1670 
4236 685 365 101 1644 
4237 101 1643 365 685 
4238 1678 25 616 396 
4239 96 389 752 1679 
4240 749 93 365 1652 
4241 365 1643 93 749 
4242 620 1714 21 428 
4243 369 105 1647 689 
4244 108 372 692 1650 
4245 369 1648 105 689 
4246 108 372 1651 692 
4247 107 371 691 1649 
4248 107 371 1650 691 
4249 428 21 620 1723 
4250 388 1678 26 615 
4251 26 388 615 1669 
4252 380 27 614 1669 
4253 27 380 614 1660 
4254 28 372 1660 613 
4255 28 372 613 1651 
4256 756 421 100 1706 
4257 100 1715 421 756 
4258 587 586 594 1569 
4259 595 587 594 1569 
4260 823 822 830 1524 
4261 830 831 823 1524 
4262 1503 1594 1430 1638 
4263 413 1698 405 1640 
4264 405 1697 413 1640 
4265 62 1717 422 1626 
4266 422 1716 62 1626 
4267 604 603 611 1502 
4268 604 611 612 1502 
4269 1547 1571 1453 1635 
4270 780 1500 1494 1642 
4271 770 769 777 1616 
4272 777 778 770 1616 
4273 635 627 1405 1574 
4274 1708 1626 1530 1638 
4275 657 649 656 1587 
4276 649 648 656 1587 
4277 698 697 1578 1629 
4278 761 760 768 1501 
4279 768 769 761 1501 
4280 580 579 587 1450 
4281 572 564 1399 1580 
4282 1459 1413 1601 1618 
4283 693 765 757 1529 
4284 693 701 765 1529 
4285 367 1490 687 1522 
4286 854 1502 862 1598 
4287 1672 1526 382 1630 
4288 801 1406 802 1432 
4289 838 837 1528 1561 
4290 776 769 768 1566 
4291 776 777 769 1566 
4292 764 771 772 1500 
4293 763 771 764 1500 
4294 1503 1599 1690 1619 
4295 832 839 840 1611 
4296 832 831 839 1611 
4297 1708 1530 415 1638 
4298 813 684 564 1399 
4299 614 615 607 1506 
4300 607 606 614 1506 
4301 641 1402 640 1591 
4302 1666 1572 377 1637 
4303 761 1501 769 1616 
4304 1649 1560 690 1578 
4305 1698 1504 405 1640 
4306 859 1595 867 1631 
4307 628 820 812 1574 
4308 875 867 1626 1631 
4309 567 575 568 1613 
4310 576 568 575 1613 
4311 745 1395 653 1590 
4312 686 1510 366 1522 
4313 633 1609 634 1636 
4314 562 570 1484 1628 
4315 405 1504 1603 1640 
4316 668 667 675 1444 
4317 675 676 668 1444 
4318 823 815 822 1444 
4319 822 815 814 1444 
4320 661 1395 746 1590 
4321 860 868 772 1500 
4322 868 764 772 1500 
4323 689 697 1602 1629 
4324 867 868 860 1500 
4325 860 859 867 1500 
4326 415 1594 1699 1638 
4327 382 1586 1671 1630 
4328 636 635 643 1592 
4329 643 644 636 1592 
4330 803 810 811 1518 
4331 802 810 803 1518 
4332 569 1397 561 1627 
4333 697 689 1578 1629 
4334 822 1444 814 1580 
4335 1473 1529 1579 1635 
4336 768 767 775 1566 
4337 776 768 775 1566 
4338 773 774 766 1579 
4339 765 773 766 1579 
4340 591 584 583 1634 
4341 592 584 591 1634 
4342 625 810 809 1636 
4343 625 626 810 1636 
4344 609 610 602 1521 
4345 602 601 609 1521 
4346 817 816 824 1539 
4347 824 825 817 1539 
4348 847 1573 839 1611 
4349 780 1494 788 1642 
4350 1471 1558 1584 1593 
4351 838 1401 830 1541 
4352 837 1541 1528 1561 
4353 588 587 595 1528 
4354 845 846 838 1528 
4355 838 837 845 1528 
4356 588 595 596 1528 
4357 605 708 700 1641 
4358 597 708 605 1641 
4359 645 744 745 1550 
4360 745 653 645 1550 
4361 707 1555 699 1641 
4362 698 705 697 1629 
4363 698 706 705 1629 
4364 572 571 1450 1580 
4365 599 598 606 1556 
4366 606 607 599 1556 
4367 746 1394 661 1590 
4368 688 1490 1646 1602 
4369 1472 1433 1586 1614 
4370 780 852 860 1500 
4371 860 772 780 1500 
4372 618 610 617 1585 
4373 609 617 610 1585 
4374 1679 1491 753 1603 
4375 697 689 690 1578 
4376 690 698 697 1578 
4377 821 813 572 1580 
4378 572 813 564 1580 
4379 1530 1594 415 1638 
4380 703 695 696 1547 
4381 704 703 696 1547 
4382 734 733 726 1458 
4383 725 726 733 1458 
4384 170 746 661 1395 
4385 152 624 808 1407 
4386 124 876 756 1390 
4387 804 118 828 1403 
4388 129 596 845 1392 
4389 627 155 811 1389 
4390 746 170 661 1394 
4391 1672 1584 1526 1630 
4392 563 571 564 1399 
4393 564 571 572 1399 
4394 382 1526 1586 1630 
4395 839 1573 840 1611 
4396 1447 1578 1495 1629 
4397 696 688 689 1602 
4398 696 689 697 1602 
4399 1443 1591 1470 1609 
4400 694 702 701 1529 
4401 701 693 694 1529 
4402 1462 1600 1538 1639 
4403 611 610 618 1604 
4404 618 619 611 1604 
4405 1472 1586 1433 1630 
4406 1447 1572 1495 1578 
4407 1526 1584 1433 1630 
4408 754 753 761 1603 
4409 761 762 754 1603 
4410 854 861 862 1502 
4411 854 853 861 1502 
4412 760 753 752 1491 
4413 760 761 753 1491 
4414 867 866 874 1626 
4415 874 875 867 1626 
4416 695 687 688 1490 
4417 688 696 695 1490 
4418 855 854 862 1598 
4419 862 863 855 1598 
4420 619 1714 1507 1604 
4421 713 720 712 1545 
4422 721 720 713 1545 
4423 687 695 694 1522 
4424 687 694 686 1522 
4425 1508 1622 396 1623 
4426 758 765 766 1529 
4427 757 765 758 1529 
4428 780 772 779 1500 
4429 779 772 771 1500 
4430 1449 1561 1524 1611 
4431 1643 101 3 157 
4432 93 157 1643 3 
4433 558 559 146 1607 
4434 147 558 146 1607 
4435 147 678 558 1607 
4436 811 804 803 1574 
4437 812 804 811 1574 
4438 608 609 601 1517 
4439 601 600 608 1517 
4440 147 146 679 1607 
4441 679 678 147 1607 
4442 616 1687 617 1622 
4443 616 615 1678 1623 
4444 612 611 619 1507 
4445 612 619 620 1507 
4446 829 1400 580 1541 
4447 653 654 1550 1590 
4448 745 1550 737 1590 
4449 1716 1514 875 1626 
4450 868 875 876 1514 
4451 623 630 631 1567 
4452 623 622 630 1567 
4453 694 693 686 1510 
4454 685 686 693 1510 
4455 707 700 708 1641 
4456 700 707 699 1641 
4457 791 783 790 1582 
4458 783 782 790 1582 
4459 780 852 1500 1642 
4460 570 577 578 1628 
4461 570 569 577 1628 
4462 754 755 1697 1640 
4463 860 852 859 1500 
4464 821 1400 822 1580 
4465 590 591 583 1634 
4466 583 582 590 1634 
4467 672 680 673 1537 
4468 680 681 673 1537 
4469 863 870 871 1598 
4470 862 870 863 1598 
4471 816 668 112 815 
4472 668 814 111 815 
4473 814 668 111 676 
4474 113 816 817 660 
4475 143 562 683 682 
4476 668 816 112 660 
4477 684 142 563 683 
4478 562 142 683 563 
4479 684 109 813 564 
4480 817 114 652 818 
4481 142 562 683 143 
4482 572 821 126 813 
4483 125 572 126 813 
4484 125 572 813 564 
4485 130 604 853 845 
4486 131 853 612 861 
4487 620 132 861 869 
4488 139 605 708 700 
4489 589 137 716 724 
4490 565 748 134 740 
4491 613 700 140 692 
4492 732 565 135 740 
4493 708 589 138 716 
4494 581 732 136 724 
4495 596 604 129 845 
4496 604 130 129 845 
4497 853 131 612 130 
4498 604 612 130 853 
4499 131 620 861 612 
4500 131 620 132 861 
4501 676 813 110 814 
4502 597 139 605 708 
4503 589 138 716 137 
4504 134 557 748 565 
4505 597 139 708 138 
4506 732 136 135 573 
4507 137 589 581 724 
4508 557 134 748 133 
4509 565 732 135 573 
4510 140 605 700 613 
4511 589 708 138 597 
4512 565 134 135 740 
4513 605 700 139 140 
4514 732 581 136 573 
4515 136 137 581 724 
4516 166 621 742 629 
4517 150 621 622 806 
4518 684 141 109 564 
4519 167 629 743 637 
4520 119 804 836 796 
4521 804 119 836 118 
4522 804 118 836 828 
4523 112 668 111 815 
4524 621 165 805 149 
4525 796 836 119 844 
4526 652 660 113 817 
4527 644 652 114 818 
4528 119 120 796 844 
4529 844 120 796 788 
4530 109 125 813 564 
4531 117 812 628 820 
4532 636 818 115 819 
4533 564 10 109 125 
4534 110 111 676 814 
4535 805 741 165 621 
4536 780 852 121 860 
4537 113 816 660 112 
4538 150 621 806 149 
4539 621 166 742 165 
4540 772 860 122 868 
4541 629 167 743 166 
4542 629 166 743 742 
4543 110 684 813 676 
4544 628 812 117 156 
4545 149 621 806 805 
4546 621 165 742 741 
4547 747 171 669 748 
4548 677 748 133 557 
4549 122 780 860 772 
4550 780 122 860 121 
4551 165 9 805 149 
4552 636 818 644 115 
4553 133 172 748 677 
4554 9 805 741 165 
4555 628 819 116 820 
4556 123 772 122 868 
4557 123 772 868 764 
4558 628 12 117 820 
4559 773 161 781 717 
4560 709 161 773 717 
4561 161 709 773 160 
4562 717 789 162 781 
4563 789 717 162 725 
4564 733 789 163 725 
4565 765 701 693 159 
4566 162 789 725 163 
4567 757 159 765 693 
4568 685 158 749 693 
4569 749 693 158 757 
4570 757 159 693 158 
4571 733 163 797 164 
4572 158 685 749 157 
4573 805 164 9 741 
4574 797 733 164 741 
4575 805 797 164 741 
4576 701 160 159 765 
4577 789 733 163 797 
4578 773 701 160 709 
4579 781 161 162 717 
4580 701 773 160 765 
4581 669 172 748 171 
4582 10 564 109 141 
4583 628 117 12 156 
4584 133 677 557 148 
4585 142 684 563 141 
4586 636 819 116 628 
4587 678 558 557 147 
4588 133 172 677 11 
4589 114 817 652 113 
4590 678 148 147 557 
4591 677 133 11 148 
4592 172 669 748 677 
4593 154 625 810 153 
4594 810 153 625 809 
4595 625 154 810 626 
4596 809 152 624 808 
4597 168 744 745 645 
4598 678 148 557 677 
4599 116 12 628 820 
4600 819 116 115 636 
4601 644 114 115 818 
4602 168 745 169 645 
4603 152 153 809 624 
4604 564 684 141 563 
4605 653 169 745 645 
4606 153 625 809 624 
4607 684 110 813 109 
4608 751 758 759 1614 
4609 758 751 750 1614 
4610 745 653 1550 1590 
4611 560 568 1398 1627 
4612 1649 691 690 1560 
4613 577 569 1588 1628 
4614 1588 1627 1537 1628 
4615 692 700 699 1488 
4616 699 691 692 1488 
4617 1430 1594 1530 1638 
4618 653 654 646 1550 
4619 653 646 645 1550 
4620 744 736 737 1550 
4621 737 745 744 1550 
4622 1526 1433 1586 1630 
4623 752 751 759 1472 
4624 759 760 752 1472 
4625 628 635 636 1574 
4626 628 627 635 1574 
4627 752 1670 751 1472 
4628 692 691 1650 1488 
4629 140 1651 613 692 
4630 132 620 1723 869 
4631 1715 124 876 756 
4632 749 685 1643 157 
4633 598 597 605 1641 
4634 605 606 598 1641 
4635 659 666 667 1583 
4636 666 659 658 1583 
4637 811 1389 812 1574 
4638 631 639 632 1591 
4639 639 640 632 1591 
4640 751 759 1472 1614 
4641 628 1389 627 1574 
4642 559 560 145 1607 
4643 145 146 559 1607 
4644 572 571 579 1450 
4645 579 580 572 1450 
4646 745 746 1395 1590 
4647 1679 752 753 1491 
4648 866 867 859 1595 
4649 858 866 859 1595 
4650 687 1646 688 1490 
4651 145 560 680 1607 
4652 686 1645 687 1522 
4653 617 1687 24 1585 
4654 618 617 1696 1585 
4655 653 1395 661 1590 
4656 1649 690 106 1578 
4657 619 1714 620 1507 
4658 699 707 706 1555 
4659 706 698 699 1555 
4660 622 1567 623 1624 
4661 1644 686 685 1510 
4662 690 689 1648 1578 
4663 1646 104 688 1602 
4664 117 812 820 1403 
4665 868 123 764 1390 
4666 628 812 156 1389 
4667 169 653 745 1395 
4668 171 747 669 1394 
4669 1647 689 688 1602 
4670 1716 876 875 1514 
4671 22 1714 619 1604 
4672 619 618 1705 1604 
4673 97 1679 753 1603 
4674 654 661 662 1590 
4675 738 746 745 1590 
4676 745 737 738 1590 
4677 653 661 654 1590 
4678 754 1688 753 1603 
4679 145 680 146 1607 
4680 146 680 679 1607 
4681 560 1396 568 1627 
4682 640 1402 632 1591 
4683 62 1716 875 1626 
4684 762 761 769 1616 
4685 762 769 770 1616 
4686 874 1717 875 1626 
4687 840 839 847 1573 
4688 840 847 848 1573 
4689 569 1627 1588 1628 
4690 799 1409 798 1624 
4691 568 1588 569 1627 
4692 838 1541 837 1561 
4693 720 727 719 1618 
4694 728 727 720 1618 
4695 576 577 569 1588 
4696 569 568 576 1588 
4697 821 822 814 1580 
4698 814 813 821 1580 
4699 623 1407 151 1624 
4700 616 26 25 1678 
4701 25 24 617 1687 
4702 98 753 1688 97 
4703 97 96 752 1679 
4704 98 753 754 1688 
4705 688 105 1647 104 
4706 96 751 1670 95 
4707 689 106 1648 105 
4708 754 99 98 1697 
4709 1697 754 99 755 
4710 750 95 1661 751 
4711 100 755 1706 99 
4712 755 100 1706 756 
4713 95 750 1661 94 
4714 93 157 749 1643 
4715 101 1643 685 157 
4716 2 756 124 1715 
4717 2 756 1715 100 
4718 94 749 750 1652 
4719 1678 616 26 615 
4720 1645 103 686 687 
4721 21 132 1723 1 
4722 103 104 687 1646 
4723 686 102 103 1645 
4724 615 27 26 1669 
4725 1669 615 27 614 
4726 24 618 1696 23 
4727 686 685 102 1644 
4728 66 65 872 1720 
4729 1679 752 97 753 
4730 94 749 1652 93 
4731 1660 27 28 614 
4732 614 28 1660 613 
4733 96 751 752 1670 
4734 106 689 1648 690 
4735 1651 28 7 613 
4736 7 140 1651 613 
4737 1649 107 106 690 
4738 1649 691 107 690 
4739 1723 68 1 869 
4740 685 101 102 1644 
4741 65 873 1719 64 
4742 870 68 67 1722 
4743 132 21 1723 620 
4744 1650 692 108 691 
4745 108 107 1650 691 
4746 67 871 1721 66 
4747 1705 619 23 618 
4748 1646 104 687 688 
4749 105 688 1647 689 
4750 692 7 1651 108 
4751 1722 870 68 869 
4752 1 132 1723 869 
4753 619 23 22 1705 
4754 871 67 1721 870 
4755 1720 872 66 871 
4756 7 692 1651 140 
4757 63 875 874 1717 
4758 876 62 1716 875 
4759 63 62 875 1717 
4760 874 64 63 1718 
4761 1687 617 25 616 
4762 876 62 61 1716 
4763 618 24 1696 617 
4764 873 65 1719 872 
4765 1718 874 64 873 
4766 124 61 1715 876 
4767 61 124 1715 2 
4768 22 619 1714 620 
4769 1714 21 22 620 
4770 633 634 626 1636 
4771 625 633 626 1636 
4772 843 1404 851 1642 
4773 678 671 670 1607 
4774 679 671 678 1607 
4775 807 151 1407 1624 
4776 690 1648 106 1578 
4777 617 24 1696 1585 
4778 104 1647 688 1602 
4779 22 619 1705 1604 
4780 97 753 1688 1603 
4781 62 875 1717 1626 
4782 120 121 788 1642 
4783 121 780 788 1642 
4784 588 1392 128 1541 
4785 672 671 679 1607 
4786 679 680 672 1607 
4787 838 830 837 1541 
4788 829 837 830 1541 
4789 623 151 622 1624 
4790 622 151 150 1624 
4791 128 1392 837 1541 
4792 127 829 580 1541 
4793 807 150 151 1624 
4794 150 807 806 1624 
4795 844 851 852 1642 
4796 844 843 851 1642 
4797 128 837 829 1541 
4798 829 127 128 1541 
4799 127 580 588 1541 
4800 128 127 588 1541 
4801 121 852 780 1642 
4802 120 788 844 1642 
4803 120 844 852 1642 
4804 852 121 120 1642 
4805 799 806 807 1624 
4806 806 799 798 1624 
4807 150 806 622 1624 
4808 595 603 596 1393 
4809 596 603 604 1393 
4810 564 684 563 1399 
4811 563 684 683 1399 
4812 408 1691 1463 1597 
4813 1532 1463 1691 1597 
4814 1532 1691 1463 1599 
4815 1654 374 1653 366 
4816 1654 1653 374 1544 
4817 1510 1654 1653 366 
4818 1510 1653 1654 1544 
4819 1522 1654 1510 366 
4820 1522 1510 1654 1544 
4821 375 1654 1655 367 
4822 375 1655 1654 1544 
4823 1655 1654 1490 367 
4824 1655 1490 1654 1544 
4825 1490 1654 1522 367 
4826 1490 1522 1654 1544 
4827 1526 1663 1664 383 
4828 1526 1664 1663 1544 
4829 375 1664 1663 383 
4830 375 1663 1664 1544 
4831 1711 426 1720 425 
4832 1720 426 1711 1499 
4833 1720 1497 1711 425 
4834 1711 1497 1720 1499 
4835 426 1712 1721 427 
4836 426 1721 1712 1499 
4837 1466 1721 1712 427 
4838 1466 1712 1721 1499 
4839 1464 1662 1661 373 
4840 1464 1661 1662 1586 
4841 381 1661 1662 373 
4842 381 1662 1661 1586 
4843 1703 410 1694 411 
4844 1703 1694 410 1533 
4845 1465 1694 1703 1533 
4846 1608 1465 1703 1533 
4847 1702 418 1711 417 
4848 1702 1711 418 1533 
4849 1497 1702 1711 417 
4850 1497 1711 1702 1533 
4851 1469 1702 1497 417 
4852 1469 1497 1702 1533 
4853 403 1685 1686 395 
4854 403 1686 1685 1554 
4855 1508 1686 1551 395 
4856 1508 1551 1686 1554 
4857 1686 1685 1551 395 
4858 1686 1551 1685 1554 
4859 1694 403 1695 411 
4860 1694 1695 403 1554 
4861 1511 1694 1695 411 
4862 1511 1695 1694 1554 
4863 1465 1511 1694 1554 
4864 1470 1468 792 1425 
4865 1470 792 1468 1432 
4866 1551 1677 1509 1508 
4867 1551 1509 1677 387 
4868 1506 1509 1677 1508 
4869 1659 379 1658 371 
4870 1659 1658 379 1565 
4871 1560 1659 1658 371 
4872 1560 1658 1659 1565 
4873 1488 1659 1560 371 
4874 1488 1560 1659 1565 
4875 380 1659 1660 372 
4876 380 1660 1659 1565 
4877 1488 1660 1659 372 
4878 1488 1659 1660 1565 
4879 1493 1573 1581 841 
4880 1581 1573 1493 1431 
4881 1656 1562 1655 376 
4882 1655 1562 1656 1602 
4883 1655 368 1656 376 
4884 1656 368 1655 1602 
4885 370 1658 1657 378 
4886 1559 1657 1658 378 
4887 1493 1573 1487 1431 
4888 1487 1573 1493 849 
4889 1699 414 1698 406 
4890 1699 1698 414 1638 
4891 1504 1699 1698 406 
4892 1504 1698 1699 1638 
4893 1503 1699 1504 406 
4894 1503 1504 1699 1638 
4895 414 1708 1707 422 
4896 414 1707 1708 1638 
4897 1707 1708 1514 422 
4898 1707 1514 1708 1638 
4899 1514 1708 1626 422 
4900 1514 1626 1708 1638 
4901 1671 390 1680 389 
4902 1671 1680 390 1630 
4903 1491 1671 1680 389 
4904 1491 1680 1671 1630 
4905 1472 1671 1491 389 
4906 1472 1491 1671 1630 
4907 1599 1700 1463 1594 
4908 1446 1686 1695 403 
4909 1446 1695 1686 1622 
4910 404 1695 1686 403 
4911 404 1686 1695 1622 
4912 1564 1675 1451 386 
4913 1564 1451 1675 1606 
4914 1637 1675 1451 1606 
4915 365 1653 1652 373 
4916 365 1652 1653 1510 
4917 1464 1652 1653 373 
4918 1464 1653 1652 1510 
4919 1476 1707 1706 413 
4920 1476 1706 1707 1514 
4921 421 1706 1707 413 
4922 421 1707 1706 1514 
4923 1524 1539 1583 1483 
4924 1583 1539 1524 1444 
4925 1583 1418 1524 1483 
4926 1524 1418 1583 1444 
4927 645 638 1550 646 
4928 645 1550 638 1408 
4929 1489 638 1550 1408 
4930 569 562 1628 570 
4931 569 1628 562 1397 
4932 568 561 1627 569 
4933 568 1627 561 1398 
4934 1567 1601 1591 1425 
4935 1591 1601 1567 1489 
4936 1486 1596 1456 1416 
4937 1456 1596 1486 1492 
4938 1565 1667 1509 1559 
4939 385 1666 1675 386 
4940 385 1675 1666 1637 
4941 1451 1675 1666 386 
4942 1451 1666 1675 1637 
4943 1604 1608 1713 1507 
4944 1680 1603 1471 1491 
4945 1693 402 1694 410 
4946 1693 1694 402 1576 
4947 1465 1693 1694 410 
4948 1465 1694 1693 1576 
4949 1633 1693 1465 410 
4950 1633 1465 1693 1576 
4951 1625 1673 1526 383 
4952 1625 1526 1673 1584 
4953 1526 1673 1672 383 
4954 1526 1672 1673 1584 
4955 1672 1673 391 383 
4956 1672 391 1673 1584 
4957 848 1617 1485 856 
4958 1485 1617 848 1573 
4959 1485 855 848 856 
4960 848 855 1485 1573 
4961 1523 1563 1571 1426 
4962 1571 1563 1523 1457 
4963 1591 1601 1531 1425 
4964 1531 1601 1591 1498 
4965 662 1534 670 663 
4966 662 670 1534 1481 
4967 671 670 1534 663 
4968 671 1534 670 1481 
4969 1492 650 1592 1456 
4970 1492 1592 650 642 
4971 1565 1509 1668 1506 
4972 1509 1668 1677 387 
4973 1509 1677 1668 1506 
4974 1677 1668 388 387 
4975 1677 388 1668 1506 
4976 1486 841 1483 833 
4977 1486 1483 841 1581 
4978 1549 1546 1535 1410 
4979 1549 1535 1546 1477 
4980 1544 1439 1664 1475 
4981 1544 1664 1439 1526 
4982 1664 1439 1562 1475 
4983 1562 1439 1664 1625 
4984 1583 674 1445 666 
4985 1583 1445 674 1484 
4986 600 1441 1548 592 
4987 600 1548 1441 1517 
4988 1566 784 777 1468 
4989 1566 777 784 776 
4990 1545 722 1516 1448 
4991 1545 1516 722 721 
4992 851 858 1493 850 
4993 851 1493 858 1391 
4994 838 831 1611 839 
4995 838 1611 831 1401 
4996 791 798 1582 790 
4997 791 1582 798 1409 
4998 1458 1582 798 790 
4999 1458 798 1582 1409 
5000 1545 714 1523 713 
5001 1545 1523 714 1448 
5002 1520 785 1540 786 
5003 1520 1540 785 1468 
5004 1398 680 145 560 
5005 1398 145 680 681 
5006 144 1398 145 560 
5007 144 145 1398 681 
5008 561 1398 144 560 
5009 561 144 1398 681 
5010 1400 572 126 580 
5011 1400 126 572 821 
5012 127 1400 126 580 
5013 127 126 1400 821 
5014 829 1400 127 580 
5015 829 127 1400 821 
5016 1397 681 144 561 
5017 1397 144 681 682 
5018 143 1397 144 561 
5019 143 144 1397 682 
5020 562 1397 143 561 
5021 562 143 1397 682 
5022 1408 743 167 744 
5023 1408 167 743 637 
5024 168 1408 167 744 
5025 168 167 1408 637 
5026 645 1408 168 744 
5027 645 168 1408 637 
5028 1405 810 154 626 
5029 1405 154 810 811 
5030 155 1405 154 626 
5031 155 154 1405 811 
5032 627 1405 155 626 
5033 627 155 1405 811 
5034 1571 1523 1547 1453 
5035 1571 1547 1523 1426 
5036 1454 1554 1428 1446 
5037 1454 1428 1554 1551 
5038 1508 1428 1554 1446 
5039 1508 1554 1428 1551 
5040 1547 694 1522 1422 
5041 1547 1522 694 695 
5042 751 1586 381 1661 
5043 381 1586 751 1472 
5044 1627 681 561 1398 
5045 1627 561 681 1537 
5046 1555 1560 698 699 
5047 698 1560 1555 1447 
5048 1444 816 823 815 
5049 1444 823 816 1539 
5050 836 1552 828 835 
5051 836 828 1552 1436 
5052 827 828 1552 835 
5053 827 1552 828 1436 
5054 1609 642 1587 641 
5055 1609 1587 642 1492 
5056 674 1537 666 673 
5057 674 666 1537 1445 
5058 665 666 1537 673 
5059 665 1537 666 1445 
5060 1631 756 1390 764 
5061 1631 1390 756 1514 
5062 1560 1578 1559 1447 
5063 1572 1559 1578 1447 
5064 1572 1578 1559 1657 
5065 1488 1555 1641 699 
5066 1641 1555 1488 1435 
5067 1533 1497 1420 1469 
5068 1533 1420 1497 1499 
5069 1583 650 1587 1456 
5070 1583 1587 650 658 
5071 1628 562 682 1484 
5072 1628 682 562 1397 
5073 1550 735 1459 1489 
5074 1550 1459 735 736 
5075 1549 1639 1546 1410 
5076 1546 1639 1549 1457 
5077 1636 808 1432 809 
5078 1636 1432 808 1470 
5079 801 1432 808 809 
5080 1688 1640 1697 405 
5081 1697 1640 1688 754 
5082 1697 98 1688 405 
5083 1688 98 1697 754 
5084 1640 1706 1697 413 
5085 1640 1697 1706 755 
5086 99 1697 1706 413 
5087 99 1706 1697 755 
5088 578 1628 1484 570 
5089 1484 1628 578 1536 
5090 1484 1450 578 570 
5091 578 1450 1484 1536 
5092 1499 870 1598 871 
5093 1499 1598 870 1466 
5094 1391 1642 852 851 
5095 852 1642 1391 1500 
5096 852 859 1391 851 
5097 1391 859 852 1500 
5098 1405 1636 810 626 
5099 810 1636 1405 1518 
5100 1602 1475 1655 1562 
5101 1602 1655 1475 1490 
5102 1528 838 1611 846 
5103 1528 1611 838 1561 
5104 869 1466 1722 870 
5105 869 1722 1466 1507 
5106 1608 1507 1429 1466 
5107 1608 1429 1507 1604 
5108 1510 750 757 749 
5109 1510 757 750 1464 
5110 1544 1490 1422 1475 
5111 1544 1422 1490 1522 
5112 756 1476 1706 755 
5113 1706 1476 756 1514 
5114 1541 587 580 588 
5115 1541 580 587 1450 
5116 1544 1510 1422 1522 
5117 1544 1422 1510 1464 
5118 560 1607 1627 680 
5119 1627 1607 560 1396 
5120 1631 875 868 1514 
5121 1631 868 875 867 
5122 407 1691 1700 408 
5123 407 1700 1691 1599 
5124 1463 1700 1691 408 
5125 1463 1691 1700 1599 
5126 379 1668 1667 387 
5127 379 1667 1668 1565 
5128 1509 1667 1668 387 
5129 1509 1668 1667 1565 
5130 1608 1704 1713 419 
5131 1608 1713 1704 1604 
5132 420 1713 1704 419 
5133 420 1704 1713 1604 
5134 1689 397 1680 398 
5135 1689 1680 397 1603 
5136 1471 1619 1680 398 
5137 1471 1680 1619 1603 
5138 1619 1689 1680 398 
5139 1619 1680 1689 1603 
5140 1511 1694 1608 1465 
5141 1511 1608 1694 411 
5142 1703 1608 1694 1465 
5143 1703 1694 1608 411 
5144 638 1550 1498 1489 
5145 638 1498 1550 646 
5146 370 1578 1658 1560 
5147 370 1658 1578 1657 
5148 1559 1658 1578 1560 
5149 1559 1578 1658 1657 
5150 1432 808 800 801 
5151 1432 800 808 1470 
3 2 7 81
5152 3 93 365 101 1643 
5153 101 365 366 102 1644 
5154 102 366 367 103 1645 
5155 103 367 368 104 1646 
5156 104 368 369 105 1647 
5157 105 369 370 106 1648 
5158 106 370 371 107 1649 
5159 107 371 372 108 1650 
5160 108 372 28 7 1651 
5161 93 94 373 365 1652 
5162 365 373 374 366 1653 
5163 366 374 375 367 1654 
5164 367 375 376 368 1655 
5165 368 376 377 369 1656 
5166 369 377 378 370 1657 
5167 370 378 379 371 1658 
5168 371 379 380 372 1659 
5169 372 380 27 28 1660 
5170 94 95 381 373 1661 
5171 373 381 382 374 1662 
5172 374 382 383 375 1663 
5173 375 383 384 376 1664 
5174 376 384 385 377 1665 
5175 377 385 386 378 1666 
5176 378 386 387 379 1667 
5177 379 387 388 380 1668 
5178 380 388 26 27 1669 
5179 95 96 389 381 1670 
5180 381 389 390 382 1671 
5181 382 390 391 383 1672 
5182 383 391 392 384 1673 
5183 384 392 393 385 1674 
5184 385 393 394 386 1675 
5185 386 394 395 387 1676 
5186 387 395 396 388 1677 
5187 388 396 25 26 1678 
5188 96 97 397 389 1679 
5189 389 397 398 390 1680 
5190 390 398 399 391 1681 
5191 391 399 400 392 1682 
5192 392 400 401 393 1683 
5193 393 401 402 394 1684 
5194 394 402 403 395 1685 
5195 395 403 404 396 1686 
5196 396 404 24 25 1687 
5197 97 98 405 397 1688 
5198 397 405 406 398 1689 
5199 398 406 407 399 1690 
5200 399 407 408 400 1691 
5201 400 408 409 401 1692 
5202 401 409 410 402 1693 
5203 402 410 411 403 1694 
5204 403 411 412 404 1695 
5205 404 412 23 24 1696 
5206 98 99 413 405 1697 
5207 405 413 414 406 1698 
5208 406 414 415 407 1699 
5209 407 415 416 408 1700 
5210 408 416 417 409 1701 
5211 409 417 418 410 1702 
5212 410 418 419 411 1703 
5213 411 419 420 412 1704 
5214 412 420 22 23 1705 
5215 99 100 421 413 1706 
5216 413 421 422 414 1707 
5217 414 422 423 415 1708 
5218 415 423 424 416 1709 
5219 416 424 425 417 1710 
5220 417 425 426 418 1711 
5221 418 426 427 419 1712 
5222 419 427 428 420 1713 
5223 420 428 21 22 1714 
5224 100 2 61 421 1715 
5225 421 61 62 422 1716 
5226 422 62 63 423 1717 
5227 423 63 64 424 1718 
5228 424 64 65 425 1719 
5229 425 65 66 426 1720 
5230 426 66 67 427 1721 
5231 427 67 68 428 1722 
5232 428 68 1 21 1723 
$EndElements
