$MeshFormat
2.2 0 8
$EndMeshFormat
$PhysicalNames
7
2 11 "in"
2 22 "out"
2 33 "upper"
2 44 "bottom"
2 55 "front"
2 66 "back"
3 1 "domain"
$EndPhysicalNames
$Nodes
683
1 0 0 0
2 1 0 0
3 1 1 0
4 0 1 0
5 0 0 1
6 1 0 1
7 1 1 1
8 0 1 1
9 0.1249999999997731 0 0
10 0.2499999999994109 0 0
11 0.3749999999990461 0 0
12 0.4999999999986921 0 0
13 0.6249999999990109 0 0
14 0.7499999999993406 0 0
15 0.8749999999996703 0 0
16 1 0.1250000000005453 0
17 1 0.25 0
18 1 0.3750000000015858 0
19 1 0.5 0
20 1 0.6250000000011002 0
21 1 0.75 0
22 1 0.8749999999993874 0
23 0.8749999999997841 1 0
24 0.75 1 0
25 0.6249999999991247 1 0
26 0.5 1 0
27 0.3749999999991599 1 0
28 0.25 1 0
29 0.1249999999998869 1 0
30 0 0.8749999999995012 0
31 0 0.7500000000003471 0
32 0 0.625000000001214 0
33 0 0.5000000000020595 0
34 0 0.3750000000015609 0
35 0 0.2500000000010405 0
36 0 0.1250000000005203 0
37 0.1249999999997981 0 1
38 0.25 0 1
39 0.3749999999990711 0 1
40 0.5 0 1
41 0.6249999999988971 0 1
42 0.75 0 1
43 0.8749999999995565 0 1
44 1 0.1250000000005703 1
45 1 0.25 1
46 1 0.3750000000016108 1
47 1 0.5 1
48 1 0.6250000000009864 1
49 1 0.75 1
50 1 0.8749999999992736 1
51 0.8749999999998979 1 1
52 0.75 1 1
53 0.6249999999992385 1 1
54 0.5 1 1
55 0.3749999999992737 1 1
56 0.25 1 1
57 0.1250000000000007 1 1
58 0 0.874999999999615 1
59 0 0.75 1
60 0 0.6250000000013278 1
61 0 0.5 1
62 0 0.3750000000016747 1
63 0 0.25 1
64 0 0.125000000000634 1
65 0 0 0.1249999999997731
66 0 0 0.2499999999994109
67 0 0 0.3749999999990461
68 0 0 0.4999999999986921
69 0 0 0.6249999999990109
70 0 0 0.7499999999993406
71 0 0 0.8749999999996703
72 1 0 0.1249999999997981
73 1 0 0.25
74 1 0 0.3749999999990711
75 1 0 0.5
76 1 0 0.6249999999988971
77 1 0 0.75
78 1 0 0.8749999999995565
79 1 1 0.1249999999998232
80 1 1 0.25
81 1 1 0.3749999999990961
82 1 1 0.5
83 1 1 0.6249999999987833
84 1 1 0.75
85 1 1 0.8749999999994427
86 0 1 0.1249999999997981
87 0 1 0.25
88 0 1 0.3749999999990711
89 0 1 0.5
90 0 1 0.6249999999988971
91 0 1 0.75
92 0 1 0.8749999999995565
93 0.5636502498778836 0.8889321224093134 0
94 0.8917468245280192 0.4375000000006944 0
95 0.1082531754729046 0.4375000000018102 0
96 0.5626288251337376 0.1199348057040375 0
97 0.3295750891823586 0.8823803919680501 0
98 0.8923366612678225 0.6864783727985839 0
99 0.33077402607859 0.1182626851026575 0
100 0.104493186086008 0.6871891340159544 0
101 0.8941534943684395 0.1880296711604607 0
102 0.8010217976183355 0.8867878440695391 0
103 0.1082531754735054 0.1875000000007804 0
104 0.892147936168001 0.3125882785274746 0
105 0.7835605009959172 0.3750147130886194 0
106 0.783504791046125 0.5000024521817729 0
107 0.6752534725722721 0.4375028608789353 0
108 0.6752404735841038 0.5624999999996642 0
109 0.5669894646099239 0.5000004768133564 0
110 0.5669876591950178 0.6250000794681492 0
111 0.4587345439032416 0.562500092713583 0
112 0.4587345539332018 0.4375000949220043 0
113 0.350481089260256 0.5000000312729873 0
114 0.3504809959246207 0.3750000107321483 0
115 0.350481041060291 0.6250000206639708 0
116 0.6752405337647027 0.6875000132437954 0
117 0.6731604290061342 0.316128722863838 0
118 0.4587342026479999 0.3125000176103703 0
119 0.2422277716952008 0.5625000000002223 0
120 0.3504809471671422 0.2500000000021821 0
121 0.2476312321080509 0.31332537355436 0
122 0.566066286028598 0.7531467263513366 0
123 0.6782797205890114 0.813408640884701 0
124 0.4510011158160159 0.8133981518849098 0
125 0.2476765448197551 0.6866194456353006 0
126 0.4511842165230111 0.1892055349434791 0
127 0.3491699123473366 0.7494843635901973 0
128 0.1082531754734305 0.312500000001171 0
129 0.8918469876497672 0.5623301374970865 0
130 0.1082531754728386 0.5625000000011862 0
131 0.6983621776944942 0.1139839539917706 0
132 0.1893486560780838 0.8778924014423808 0
133 0.7729193043160446 0.2313877511254037 0
134 0.2422277716950286 0.4375000000010797 0
135 0.4570734263917501 0.6880882391120244 0
136 0.5666432368135432 0.3756053621817586 0
137 0.5625052108856645 0.253771534419097 0
138 0.7836105160613902 0.6248018292865658 0
139 0.7876291790446053 0.7508911561790297 0
140 0.09333219841577126 0.8079232685197715 0
141 0.8974008708219054 0.8086832845712829 0
142 0.8135972849675401 0.1043121070603255 0
143 0.1933620068392467 0.1034157830571582 0
144 0.2580830399623755 0.7890682058485461 0
145 0.2500733495371998 0.201088939440646 0
146 0.4374999999988691 0.08453570123957981 0
147 0.683590353616871 0.9178257214727108 0
148 0.653915189407215 0.2070413536208294 0
149 0.4374999999995799 0.918429670583078 0
150 0.09150635094619218 0.9084936490536438 0
151 0.9084936490539578 0.9084936490538512 0
152 0.9084936490539116 0.09150635094614602 0
153 0.09150635094641724 0.09150635094661741 0
154 0.1752404735836258 0.3750000000017724 0
155 0.1752404735844694 0.624999999999878 0
156 0.1752404735838852 0.5000000000011462 0
157 0.1753069388237848 0.2601613930763543 0
158 0.1746449973843436 0.7489644266068018 0
159 0.5636502498778836 0.8889321224093134 1
160 0.8917468245280192 0.4375000000006944 1
161 0.1082531754729046 0.4375000000018102 1
162 0.5626288251337376 0.1199348057040375 1
163 0.3295750891823586 0.8823803919680501 1
164 0.8923366612678225 0.6864783727985839 1
165 0.33077402607859 0.1182626851026575 1
166 0.104493186086008 0.6871891340159544 1
167 0.8941534943684395 0.1880296711604607 1
168 0.8010217976183355 0.8867878440695391 1
169 0.1082531754735054 0.1875000000007804 1
170 0.892147936168001 0.3125882785274746 1
171 0.7835605009959172 0.3750147130886194 1
172 0.783504791046125 0.5000024521817729 1
173 0.6752534725722721 0.4375028608789353 1
174 0.6752404735841038 0.5624999999996642 1
175 0.5669894646099239 0.5000004768133564 1
176 0.5669876591950178 0.6250000794681492 1
177 0.4587345439032416 0.562500092713583 1
178 0.4587345539332018 0.4375000949220043 1
179 0.350481089260256 0.5000000312729873 1
180 0.3504809959246207 0.3750000107321483 1
181 0.350481041060291 0.6250000206639708 1
182 0.6752405337647027 0.6875000132437954 1
183 0.6731604290061342 0.316128722863838 1
184 0.4587342026479999 0.3125000176103703 1
185 0.2422277716952008 0.5625000000002223 1
186 0.3504809471671422 0.2500000000021821 1
187 0.2476312321080509 0.31332537355436 1
188 0.566066286028598 0.7531467263513366 1
189 0.6782797205890114 0.813408640884701 1
190 0.4510011158160159 0.8133981518849098 1
191 0.2476765448197551 0.6866194456353006 1
192 0.4511842165230111 0.1892055349434791 1
193 0.3491699123473366 0.7494843635901973 1
194 0.1082531754734305 0.312500000001171 1
195 0.8918469876497672 0.5623301374970865 1
196 0.1082531754728386 0.5625000000011862 1
197 0.6983621776944942 0.1139839539917706 1
198 0.1893486560780838 0.8778924014423808 1
199 0.7729193043160446 0.2313877511254037 1
200 0.2422277716950286 0.4375000000010797 1
201 0.4570734263917501 0.6880882391120244 1
202 0.5666432368135432 0.3756053621817586 1
203 0.5625052108856645 0.253771534419097 1
204 0.7836105160613902 0.6248018292865658 1
205 0.7876291790446053 0.7508911561790297 1
206 0.09333219841577126 0.8079232685197715 1
207 0.8974008708219054 0.8086832845712829 1
208 0.8135972849675401 0.1043121070603255 1
209 0.1933620068392467 0.1034157830571582 1
210 0.2580830399623755 0.7890682058485461 1
211 0.2500733495371998 0.201088939440646 1
212 0.4374999999988691 0.08453570123957981 1
213 0.683590353616871 0.9178257214727108 1
214 0.653915189407215 0.2070413536208294 1
215 0.4374999999995799 0.918429670583078 1
216 0.09150635094619218 0.9084936490536438 1
217 0.9084936490539578 0.9084936490538512 1
218 0.9084936490539116 0.09150635094614602 1
219 0.09150635094641724 0.09150635094661741 1
220 0.1752404735836258 0.3750000000017724 1
221 0.1752404735844694 0.624999999999878 1
222 0.1752404735838852 0.5000000000011462 1
223 0.1753069388237848 0.2601613930763543 1
224 0.1746449973843436 0.7489644266068018 1
225 0.5624999999996454 0 0.8917468245278757
226 0.5624999999990076 0 0.1012049280402549
227 0.110724939175699 0 0.5640948631067922
228 0.8917468245278048 0 0.5624999999993732
229 0.3090423074066316 0 0.1189276714977746
230 0.3098918535617318 0 0.8929849573916864
231 0.8923366612674599 0 0.3135216272012829
232 0.1181536766277315 0 0.3265915722026478
233 0.8017356289903171 0 0.880260919417491
234 0.8017356289902469 0 0.1197390805824742
235 0.1094851921864472 0 0.7966579344028554
236 0.4370653089267682 0 0.8919531800051638
237 0.4999275514875845 0 0.7835280416352332
238 0.6174219305058585 0 0.7878676102528093
239 0.5599295422804635 0 0.67672308223059
240 0.4352235180111562 0 0.6766393978586565
241 0.4997897169708371 0 0.567112312554829
242 0.6160565717113197 0 0.5663301323662185
243 0.5593720561771778 0 0.4577203278294407
244 0.4369436288583931 0 0.4585859925777523
245 0.4948323095004026 0 0.3529163371494777
246 0.6249999999993398 0 0.3504809471663074
247 0.3755409966177939 0 0.3517252997840438
248 0.3125000000009471 0 0.4587341226387142
249 0.4355460475706038 0 0.2511555527727654
250 0.2537182143064732 0 0.345019613393228
251 0.1880514918279288 0 0.4523677814029244
252 0.2071445712454692 0 0.2269259356167185
253 0.2484147995535139 0 0.5667842540498925
254 0.1777384234130735 0 0.6767686862976112
255 0.3014840142980247 0 0.6821170180082229
256 0.2375567319218931 0 0.7868752851445806
257 0.8918451306510735 0 0.4376702711998142
258 0.7908286087695133 0 0.5026422960467885
259 0.7923416715858815 0 0.6241450112887185
260 0.7650028373332729 0 0.3701417565363992
261 0.7933944992708177 0 0.2458850251722355
262 0.8938113316889715 0 0.6863358746791792
263 0.7958797514632894 0 0.7470092565696611
264 0.6794353148074841 0 0.1053724390028132
265 0.6225129228080948 0 0.2147217776990619
266 0.3715653545485173 0 0.7850574568782428
267 0.6781723032256499 0 0.8941818466251226
268 0.4374999999991483 0 0.1082531754729755
269 0.372392612948812 0 0.5683288496146778
270 0.187499999999592 0 0.1057063823590677
271 0.8999867268660779 0 0.8078499499532963
272 0.8993267397636804 0 0.1909420139836816
273 0.1911333561245267 0 0.8971730864434794
274 0.6872160111931468 0 0.6813986883227887
275 0.09927172251336977 0 0.1874985737207029
276 0.3259986895243392 0 0.2446407069152983
277 0.6787944041561096 0 0.4683025766573532
278 0.0845357012389648 0 0.4374999999988691
279 0.07733755452397784 0 0.6874999999991759
280 0.5353822964608637 0 0.2634593118532535
281 0.9084936490538905 0 0.9084936490538905
282 0.9084936490535587 0 0.09150635094629882
283 0.09150635094629882 0 0.9084936490535587
284 0.0907593367801984 0 0.0907593367801984
285 0.7007922922411886 0 0.2775715827334306
286 0.7165063509460343 0 0.5624999999989649
287 0.4980831673242203 0 0.1783218053781564
288 0.3818289364749917 0 0.1756961695674449
289 0.7137278871246595 0 0.8026384437322296
290 0.7123762598583963 0 0.1947842744482764
291 0.5624999999996454 1 0.8917468245278757
292 0.5624999999990076 1 0.1012049280402549
293 0.110724939175699 1 0.5640948631067922
294 0.8917468245278048 1 0.5624999999993732
295 0.3090423074066316 1 0.1189276714977746
296 0.3098918535617318 1 0.8929849573916864
297 0.8923366612674599 1 0.3135216272012829
298 0.1181536766277315 1 0.3265915722026478
299 0.8017356289903171 1 0.880260919417491
300 0.8017356289902469 1 0.1197390805824742
301 0.1094851921864472 1 0.7966579344028554
302 0.4370653089267682 1 0.8919531800051638
303 0.4999275514875845 1 0.7835280416352332
304 0.6174219305058585 1 0.7878676102528093
305 0.5599295422804635 1 0.67672308223059
306 0.4352235180111562 1 0.6766393978586565
307 0.4997897169708371 1 0.567112312554829
308 0.6160565717113197 1 0.5663301323662185
309 0.5593720561771778 1 0.4577203278294407
310 0.4369436288583931 1 0.4585859925777523
311 0.4948323095004026 1 0.3529163371494777
312 0.6249999999993398 1 0.3504809471663074
313 0.3755409966177939 1 0.3517252997840438
314 0.3125000000009471 1 0.4587341226387142
315 0.4355460475706038 1 0.2511555527727654
316 0.2537182143064732 1 0.345019613393228
317 0.1880514918279288 1 0.4523677814029244
318 0.2071445712454692 1 0.2269259356167185
319 0.2484147995535139 1 0.5667842540498925
320 0.1777384234130735 1 0.6767686862976112
321 0.3014840142980247 1 0.6821170180082229
322 0.2375567319218931 1 0.7868752851445806
323 0.8918451306510735 1 0.4376702711998142
324 0.7908286087695133 1 0.5026422960467885
325 0.7923416715858815 1 0.6241450112887185
326 0.7650028373332729 1 0.3701417565363992
327 0.7933944992708177 1 0.2458850251722355
328 0.8938113316889715 1 0.6863358746791792
329 0.7958797514632894 1 0.7470092565696611
330 0.6794353148074841 1 0.1053724390028132
331 0.6225129228080948 1 0.2147217776990619
332 0.3715653545485173 1 0.7850574568782428
333 0.6781723032256499 1 0.8941818466251226
334 0.4374999999991483 1 0.1082531754729755
335 0.372392612948812 1 0.5683288496146778
336 0.187499999999592 1 0.1057063823590677
337 0.8999867268660779 1 0.8078499499532963
338 0.8993267397636804 1 0.1909420139836816
339 0.1911333561245267 1 0.8971730864434794
340 0.6872160111931468 1 0.6813986883227887
341 0.09927172251336977 1 0.1874985737207029
342 0.3259986895243392 1 0.2446407069152983
343 0.6787944041561096 1 0.4683025766573532
344 0.0845357012389648 1 0.4374999999988691
345 0.07733755452397784 1 0.6874999999991759
346 0.5353822964608637 1 0.2634593118532535
347 0.9084936490538905 1 0.9084936490538905
348 0.9084936490535587 1 0.09150635094629882
349 0.09150635094629882 1 0.9084936490535587
350 0.0907593367801984 1 0.0907593367801984
351 0.7007922922411886 1 0.2775715827334306
352 0.7165063509460343 1 0.5624999999989649
353 0.4980831673242203 1 0.1783218053781564
354 0.3818289364749917 1 0.1756961695674449
355 0.7137278871246595 1 0.8026384437322296
356 0.7123762598583963 1 0.1947842744482764
357 0 0.888932122409239 0.5636502498778651
358 0 0.4375000000005164 0.8917468245283071
359 0 0.4375000000018102 0.1082531754729046
360 0 0.119934805703957 0.5626288251339883
361 0 0.8823803919678915 0.3295750891824161
362 0 0.6864783727982164 0.8923366612678852
363 0 0.1182626851025106 0.3307740260788499
364 0 0.6871891340159336 0.104493186086024
365 0 0.1880296711605259 0.8941534943685655
366 0 0.8867878440695018 0.8010217976182537
367 0 0.1875000000007804 0.1082531754735054
368 0 0.562329728799968 0.8918451306516071
369 0 0.4999716214669445 0.7835100334103799
370 0 0.3749952702453094 0.7834963797820444
371 0 0.4374944819524247 0.6752436594309833
372 0 0.5624943505694474 0.6752437352845628
373 0 0.5000000000000836 0.5669872981122681
374 0 0.6249990584273619 0.566987841729002
375 0 0.5624998430709994 0.4587342132428883
376 0 0.4374999738458129 0.4587341377405245
377 0 0.4999999694862525 0.3504809647850573
378 0 0.6249999687587903 0.3504809652045955
379 0 0.3749999905562619 0.3504809526207139
380 0 0.6874989014982944 0.6752411078038506
381 0 0.316124085902184 0.6731481066139915
382 0 0.3124999940681783 0.4587341260656161
383 0 0.5624999999997643 0.2422277716956395
384 0 0.2500000000018577 0.350480947167728
385 0 0.3133253723285848 0.2476312294783287
386 0 0.7531463708867769 0.5660664121242134
387 0 0.8134084662166318 0.6782798039383673
388 0 0.8133980926406115 0.4510011368320471
389 0 0.6866194424822393 0.2476765402126838
390 0 0.1892055310196441 0.4511842037595686
391 0 0.7494843538703089 0.3491699072925143
392 0 0.3125000000011708 0.1082531754734304
393 0 0.5625000000011845 0.1082531754728376
394 0 0.8778924014423249 0.1893486560780724
395 0 0.1139839539918273 0.6983621776947448
396 0 0.3125874902348973 0.8921483912891937
397 0 0.6247954958551065 0.7836117195789899
398 0 0.6880879479424747 0.4570734127375434
399 0 0.4375000000006599 0.2422277716955442
400 0 0.3756030892950891 0.5666391043459573
401 0 0.2537703782000184 0.5625024535182008
402 0 0.2313841985400562 0.7729084488183462
403 0 0.7508898862048247 0.7876294891956215
404 0 0.8086831333839199 0.897400907744638
405 0 0.8079232685197525 0.09333219841576053
406 0 0.1043116841335226 0.8135959926464418
407 0 0.1034157830571353 0.1933620068392851
408 0 0.7890682032739138 0.2580830380299889
409 0 0.2010889394402653 0.2500733495378263
410 0 0.08453570123950953 0.4374999999988691
411 0 0.9178256865390746 0.6835903702866766
412 0 0.2070394844676086 0.6539100023558544
413 0 0.9184296705828929 0.4374999999995355
414 0 0.9084936490536039 0.09150635094620872
415 0 0.9084936490538963 0.9084936490538805
416 0 0.09150635094616114 0.9084936490539203
417 0 0.09150635094661741 0.09150635094641724
418 0 0.3750000000017722 0.1752404735836878
419 0 0.500000000001138 0.1752404735839211
420 0 0.6249999999993621 0.1752404735849011
421 0 0.2601613929869842 0.1753069386324618
422 0 0.7489644266068046 0.174644997384258
423 1 0.888932122409239 0.5636502498778651
424 1 0.4375000000005164 0.8917468245283071
425 1 0.4375000000018102 0.1082531754729046
426 1 0.119934805703957 0.5626288251339883
427 1 0.8823803919678915 0.3295750891824161
428 1 0.6864783727982164 0.8923366612678852
429 1 0.1182626851025106 0.3307740260788499
430 1 0.6871891340159336 0.104493186086024
431 1 0.1880296711605259 0.8941534943685655
432 1 0.8867878440695018 0.8010217976182537
433 1 0.1875000000007804 0.1082531754735054
434 1 0.562329728799968 0.8918451306516071
435 1 0.4999716214669445 0.7835100334103799
436 1 0.3749952702453094 0.7834963797820444
437 1 0.4374944819524247 0.6752436594309833
438 1 0.5624943505694474 0.6752437352845628
439 1 0.5000000000000836 0.5669872981122681
440 1 0.6249990584273619 0.566987841729002
441 1 0.5624998430709994 0.4587342132428883
442 1 0.4374999738458129 0.4587341377405245
443 1 0.4999999694862525 0.3504809647850573
444 1 0.6249999687587903 0.3504809652045955
445 1 0.3749999905562619 0.3504809526207139
446 1 0.6874989014982944 0.6752411078038506
447 1 0.316124085902184 0.6731481066139915
448 1 0.3124999940681783 0.4587341260656161
449 1 0.5624999999997643 0.2422277716956395
450 1 0.2500000000018577 0.350480947167728
451 1 0.3133253723285848 0.2476312294783287
452 1 0.7531463708867769 0.5660664121242134
453 1 0.8134084662166318 0.6782798039383673
454 1 0.8133980926406115 0.4510011368320471
455 1 0.6866194424822393 0.2476765402126838
456 1 0.1892055310196441 0.4511842037595686
457 1 0.7494843538703089 0.3491699072925143
458 1 0.3125000000011708 0.1082531754734304
459 1 0.5625000000011845 0.1082531754728376
460 1 0.8778924014423249 0.1893486560780724
461 1 0.1139839539918273 0.6983621776947448
462 1 0.3125874902348973 0.8921483912891937
463 1 0.6247954958551065 0.7836117195789899
464 1 0.6880879479424747 0.4570734127375434
465 1 0.4375000000006599 0.2422277716955442
466 1 0.3756030892950891 0.5666391043459573
467 1 0.2537703782000184 0.5625024535182008
468 1 0.2313841985400562 0.7729084488183462
469 1 0.7508898862048247 0.7876294891956215
470 1 0.8086831333839199 0.897400907744638
471 1 0.8079232685197525 0.09333219841576053
472 1 0.1043116841335226 0.8135959926464418
473 1 0.1034157830571353 0.1933620068392851
474 1 0.7890682032739138 0.2580830380299889
475 1 0.2010889394402653 0.2500733495378263
476 1 0.08453570123950953 0.4374999999988691
477 1 0.9178256865390746 0.6835903702866766
478 1 0.2070394844676086 0.6539100023558544
479 1 0.9184296705828929 0.4374999999995355
480 1 0.9084936490536039 0.09150635094620872
481 1 0.9084936490538963 0.9084936490538805
482 1 0.09150635094616114 0.9084936490539203
483 1 0.09150635094661741 0.09150635094641724
484 1 0.3750000000017722 0.1752404735836878
485 1 0.500000000001138 0.1752404735839211
486 1 0.6249999999993621 0.1752404735849011
487 1 0.2601613929869842 0.1753069386324618
488 1 0.7489644266068046 0.174644997384258
489 0.5 0.4999831913289696 0.4999997440184287
490 0.6878762006867344 0.6837756655717643 0.3189035168139646
491 0.6878736785491469 0.3162382746943728 0.3188421290208372
492 0.3126643460269012 0.6784755795476882 0.3126643471320739
493 0.3126663667864464 0.3214659350848957 0.3126663675173835
494 0.3182986688946593 0.6818911763283044 0.6881663236047719
495 0.3182533741934624 0.3181146274415573 0.6881664595776752
496 0.6830769573051838 0.6829793478320959 0.6830769866298947
497 0.6831006055278609 0.3170256326449087 0.6831002177915091
498 0.7541537296851686 0.4999792027446869 0.4823970145877775
499 0.5066211749409846 0.4795598352265851 0.2463986733715855
500 0.2448185195031532 0.4999998866627268 0.4948185698325444
501 0.494820101521849 0.5000000967132869 0.755181454691082
502 0.4982701786944102 0.7533143998504865 0.4740405363061821
503 0.4982695164065569 0.2466764099234613 0.4739468708768383
504 0.780001644853751 0.5000219035802064 0.2256791091107681
505 0.5003723506279051 0.7771685256499183 0.2280581161209615
506 0.5003754324044098 0.2228152177060682 0.2280567659806464
507 0.2246016856475771 0.5000146001561574 0.7808736896634929
508 0.7753852499906656 0.50001431359469 0.7753850494257341
509 0.2184828510900082 0.4999696912242283 0.2184828510899994
510 0.2192125025605801 0.2314589747585684 0.5010601134560057
511 0.2190291002393633 0.7689893086239258 0.5010547960577195
512 0.501776382161094 0.7738459286146513 0.7831897359631641
513 0.5017527362648021 0.2260446413373781 0.7827771188085157
514 0.7835560202206289 0.7742103199619291 0.5024814061708824
515 0.783136116728635 0.2256735629999874 0.5024473314251373
516 0.8020401563924725 0.8047890550536825 0.2090759506186382
517 0.1944340572811248 0.2075189296434559 0.1944340572751627
518 0.2122598024972562 0.8085307202009036 0.8008603026377907
519 0.201491740133161 0.7999588815801625 0.1943863347742783
520 0.7703053534881308 0.1887016671614529 0.1927159632371747
521 0.7772203703333689 0.809328516302843 0.8079280811106141
522 0.1887955091829344 0.3175885225647045 0.8227901404536833
523 0.5000883580811941 0.6500491469022586 0.6357311046155578
524 0.4939278182943425 0.3589090422489747 0.6275292604954402
525 0.6442955608021091 0.5024273338156513 0.6376209425385782
526 0.7753867614171002 0.1894591382265594 0.8052202509476601
527 0.3524579716494784 0.5014029958725915 0.3451372388292313
528 0.6310905687085218 0.5902166618270323 0.1739709895368452
529 0.3206113460134734 0.1802169226439532 0.8194530560633757
530 0.4174201354543242 0.622519350324646 0.1717126910635049
531 0.6485765456055428 0.6497940083421747 0.4951243649080578
532 0.6484413481495499 0.3503114938558413 0.4949598834441258
533 0.3480955282591808 0.506274909841093 0.6458592780348916
534 0.3623047226349322 0.6384971917423721 0.5160715012781238
535 0.8287054819478037 0.407226235744415 0.6205553176815816
536 0.5280996090456833 0.6142224865434156 0.3638239560994129
537 0.1835984048042887 0.1873140583111149 0.6877253474264307
538 0.8274817314326178 0.5894009031009688 0.6231905336868696
539 0.5800187502648787 0.8242481042092871 0.6236787301855398
540 0.1695487699972069 0.3994490102137289 0.6249873907076853
541 0.5803227303562836 0.1756536494610221 0.6234005857678052
542 0.3545546931855956 0.3543042849538551 0.5090938441825189
543 0.1695756402491715 0.6005311350765257 0.6250329780226596
544 0.6330722899205824 0.3852804980384116 0.1645389475508234
545 0.6242907024674408 0.4006893643689844 0.8312853696829522
546 0.6243145148156265 0.5992933534764665 0.8312691757086712
547 0.3986605586288173 0.824505251521212 0.608672724953782
548 0.3988714061499251 0.1754904688390888 0.6088167203068778
549 0.3539986295940487 0.8290566697228394 0.4000696148658707
550 0.3539656400794342 0.1709125749748059 0.4001016847770722
551 0.6517402786243542 0.4849007316886125 0.34242268066316
552 0.4053786536722147 0.3585892165903162 0.1670325103794389
553 0.8334362475344179 0.6365525450582229 0.4052995182355918
554 0.833437039669393 0.3633103812434098 0.4053878020274796
555 0.1709576313670979 0.5880430243294736 0.3624253283553987
556 0.1703318917314711 0.413091409835697 0.3625040804341076
557 0.4074382678943899 0.6327283459905971 0.8327646291518025
558 0.4075417319042353 0.3671510727023093 0.8327639689450468
559 0.6439352802756146 0.8321083459027296 0.4077311677497006
560 0.6437513998884498 0.1679213029174411 0.4074278367402266
561 0.8339307944003727 0.3407973069770183 0.2383147563032116
562 0.8371842849842668 0.6495202741550148 0.8371838593771923
563 0.468968265142796 0.3844575826586006 0.3807838666724354
564 0.8347001078501696 0.6427667555160511 0.1581143026818308
565 0.8368343202243285 0.1614855344129143 0.6497956574544825
566 0.1574932835264108 0.6425879280264732 0.8352029629421778
567 0.743423292986212 0.8429042534557551 0.6485588704578822
568 0.6521418415110758 0.7515279066055388 0.175379487279892
569 0.3506609802634064 0.1581963255820565 0.2075343433305851
570 0.2556900868871639 0.6487971830705854 0.1596784740662213
571 0.3605671588693325 0.8352689240296016 0.1573100196756788
572 0.8380110160378278 0.2068778829729762 0.345079641464401
573 0.836467660562787 0.3491708369921327 0.8364543017208668
574 0.2375819707626225 0.8464086693953579 0.648194420938865
575 0.1600591943870165 0.3613753128347307 0.1600591943870219
576 0.1944923863324976 0.8446232631519673 0.3546965802532795
577 0.8376437399642608 0.8471041888145405 0.3600298073778097
578 0.1937758682446072 0.1560762180360675 0.3537524402789114
579 0.6272953456537537 0.147203379864449 0.8527399068105925
580 0.3597025921532399 0.8421451163156779 0.8401139173335529
581 0.1608163765810931 0.1534838959854998 0.8469089236609555
582 0.6201776646274363 0.1510111281542548 0.147420936182926
583 0.8485268191934618 0.7316864913999607 0.6896436481028225
584 0.6211084957288532 0.8577394859244869 0.8562752135740525
585 0.8527357207280306 0.4999148558683113 0.3537702378376913
586 0.3483833601392904 0.4938110148044126 0.1478471263357781
587 0.5137532184023386 0.8763678396735169 0.3434952094076931
588 0.4968392410329713 0.1499375724430788 0.3592103482878654
589 0.6890141356416841 0.854950755421202 0.271107933205738
590 0.3508455993310631 0.4999175887650479 0.8540710714462959
591 0.1417916113582983 0.7361893267321016 0.6830054384375021
592 0.1369915284186032 0.3517572254458494 0.4908141554916821
593 0.1358589967235795 0.7174341659603829 0.298805846599105
594 0.1366345002540395 0.6486441098775148 0.4909672537309142
595 0.5556432684573155 0.3442646389552029 0.2760151850128989
596 0.8636696424327235 0.7025401883703301 0.2834390731730743
597 0.8749359273553834 0.4999285979198066 0.8749364535021013
598 0.5366439852423546 0.6850010736090755 0.1254499078124726
599 0.2852245730582653 0.7004697561271456 0.8627949656898383
600 0.132975703559806 0.2856659390354677 0.3015209222984795
601 0.8633535309849858 0.4319411460522983 0.1366464690148292
602 0.136429781752809 0.578744559153865 0.1364297817528095
603 0.4401431801697441 0.7223473924968404 0.3504778215699097
604 0.8756592031884871 0.8655325773885574 0.7242609100045623
605 0.7119359137602393 0.1387950525362983 0.5879883595619672
606 0.8603438368006916 0.2935458223349698 0.7047436792608891
607 0.1216386533600605 0.4999298220602285 0.8728026476031091
608 0.5159740688252098 0.5366406587403051 0.1219830628855012
609 0.6720278284766852 0.1358213231041952 0.2753298179162766
610 0.7505616805238829 0.3134327563535567 0.1250696604525915
611 0.5714776521703574 0.8632812211655292 0.1397946906874457
612 0.7092520930676086 0.8668249851411691 0.1255943965155881
613 0.8807144554787549 0.3195640090441231 0.527006984187117
614 0.6760417957899619 0.7272323307755614 0.8638811678570996
615 0.8728333782802284 0.2489811119282349 0.1222405854255196
616 0.5259611908706088 0.3102435980936046 0.1204937504762713
617 0.5259289507817819 0.3214121266514268 0.8819604999322079
618 0.2828361263690742 0.298574262658163 0.1348879486454809
619 0.1247881857137889 0.1247881857135296 0.4936841592271613
620 0.8779098025242019 0.6771984045745635 0.5294393390816193
621 0.1236504420720545 0.8748736969607364 0.4938391750942805
622 0.6820110517157512 0.2765563333332427 0.8649762413213415
623 0.4837054240687977 0.1312074139821161 0.1235801471717057
624 0.8625212468537962 0.8633699305185408 0.5769516506400193
625 0.1174365219616935 0.4999944020582417 0.69864845865394
626 0.4854849705203881 0.126272982815081 0.8806401270275098
627 0.6702385919062721 0.1326352736538532 0.7208924447193017
628 0.67256017464338 0.873128852644306 0.5352726073087024
629 0.8808897838298393 0.5325348347663716 0.5136025994355046
630 0.7083188667142271 0.5000048697272474 0.1131466267798827
631 0.3045857455141614 0.1238232356826259 0.5209973232954492
632 0.5262711701824485 0.6812216626252695 0.8815387241466706
633 0.3046942792328505 0.8762344980984748 0.520787296585275
634 0.1183245717069421 0.4999999135148113 0.4503629146844956
635 0.5282095650568276 0.879837979755838 0.5116694049222211
636 0.5280581134687294 0.1201396041012247 0.5115869140530952
637 0.5166197157863014 0.4622416827073108 0.8818018403475609
638 0.6969717737603053 0.5000036896944235 0.8837510347235487
639 0.3789378721032799 0.8696899301465002 0.2759627130421465
640 0.2853396323114061 0.3871718842702915 0.8838258926339757
641 0.1250176731396495 0.8760063843548649 0.7200161989412144
642 0.4181212241767333 0.1244109150487993 0.7370246011090908
643 0.8859789454258794 0.499994400044459 0.7019669913580819
644 0.5178816148505009 0.369012223695942 0.7579965843148946
645 0.6253240373551601 0.5232424353219538 0.4658852354188895
646 0.4315989409076798 0.264307742923765 0.3351306974837315
647 0.8784184450389882 0.8613144861332953 0.8784183606516167
648 0.3728998182421699 0.4794761172928296 0.4731822251125446
649 0.2586114342771967 0.6599560604499272 0.4339053177490546
650 0.5701804959621081 0.7423500183858988 0.3351114990870829
651 0.4870371181039284 0.8728494887614826 0.8805745949399024
652 0.4768885590036612 0.5213877481683329 0.6271726189555913
653 0.1279121336252288 0.2735850622870146 0.6003161637511866
654 0.1283790428341942 0.7109886564304816 0.1283790428341953
655 0.867757473350846 0.1173810025962554 0.1378912865562629
656 0.520113799803401 0.6289631932483397 0.5082079877130246
657 0.6499729715467372 0.8021486586590235 0.7368417556735297
658 0.7475268348612568 0.5700049804847339 0.3288737191446026
659 0.8762386647837201 0.1228868612463723 0.5000728838777874
660 0.8737338629714539 0.1262661370285378 0.8737338629714564
661 0.5206235357015696 0.3719364666342447 0.4990930828869486
662 0.6354350280665015 0.2635979941149577 0.2115829183385624
663 0.4975544255286857 0.8859122273338376 0.7096214277506226
664 0.5841884250690347 0.3010695973522547 0.3943312398270952
665 0.5172550661195739 0.628043687601212 0.7629301409264709
666 0.8886344383931405 0.7487855671081105 0.1122113737921954
667 0.4035984193862525 0.6077752428887213 0.3976051555147114
668 0.4173590904784382 0.2448052376051223 0.8836968770307446
669 0.1120285671489983 0.7487686679710349 0.8888006936352216
670 0.2528255497595944 0.3354108829568692 0.4285212078619399
671 0.1165864028906546 0.8586472111276136 0.1165864028906676
672 0.1055139356689258 0.5000000000001846 0.2783121752644796
673 0.4050427714284013 0.4107624586912402 0.7113363517432614
674 0.8729259987176395 0.8746509432436748 0.1390756229360677
675 0.7585158783998928 0.4208332985757116 0.3216255178566628
676 0.4059702810571963 0.2367947210998925 0.1181825712319462
677 0.1387642073839497 0.8753306641436313 0.873974348229409
678 0.6725042715946074 0.7497611266816748 0.5731541752739362
679 0.5264103133674123 0.6251181402082435 0.2371505365414477
680 0.3202025942130481 0.5716412260425564 0.2442673397166024
681 0.8757589072079943 0.5755531724036557 0.2560642478640722
682 0.3255134316143736 0.5722110047788036 0.7523918792972792
683 0.1582424828809943 0.1333978773602248 0.1105344744577841
$EndNodes
$Elements
3500
1 2 2 55 1 1 9 153
2 2 2 55 1 36 1 153
3 2 2 55 1 15 2 152
4 2 2 55 1 2 16 152
5 2 2 55 1 3 23 151
6 2 2 55 1 22 3 151
7 2 2 55 1 29 4 150
8 2 2 55 1 4 30 150
9 2 2 55 1 9 10 143
10 2 2 55 1 9 143 153
11 2 2 55 1 10 11 99
12 2 2 55 1 10 99 143
13 2 2 55 1 11 12 146
14 2 2 55 1 99 11 146
15 2 2 55 1 12 13 96
16 2 2 55 1 12 96 146
17 2 2 55 1 13 14 131
18 2 2 55 1 96 13 131
19 2 2 55 1 14 15 142
20 2 2 55 1 131 14 142
21 2 2 55 1 142 15 152
22 2 2 55 1 23 24 102
23 2 2 55 1 23 102 151
24 2 2 55 1 24 25 147
25 2 2 55 1 102 24 147
26 2 2 55 1 25 26 93
27 2 2 55 1 25 93 147
28 2 2 55 1 26 27 149
29 2 2 55 1 93 26 149
30 2 2 55 1 27 28 97
31 2 2 55 1 27 97 149
32 2 2 55 1 28 29 132
33 2 2 55 1 97 28 132
34 2 2 55 1 132 29 150
35 2 2 55 1 30 31 140
36 2 2 55 1 30 140 150
37 2 2 55 1 31 32 100
38 2 2 55 1 31 100 140
39 2 2 55 1 32 33 130
40 2 2 55 1 100 32 130
41 2 2 55 1 33 34 95
42 2 2 55 1 33 95 130
43 2 2 55 1 34 35 128
44 2 2 55 1 95 34 128
45 2 2 55 1 35 36 103
46 2 2 55 1 35 103 128
47 2 2 55 1 103 36 153
48 2 2 55 1 16 17 101
49 2 2 55 1 16 101 152
50 2 2 55 1 17 18 104
51 2 2 55 1 101 17 104
52 2 2 55 1 18 19 94
53 2 2 55 1 18 94 104
54 2 2 55 1 19 20 129
55 2 2 55 1 94 19 129
56 2 2 55 1 20 21 98
57 2 2 55 1 20 98 129
58 2 2 55 1 21 22 141
59 2 2 55 1 98 21 141
60 2 2 55 1 141 22 151
61 2 2 55 1 93 122 123
62 2 2 55 1 122 93 124
63 2 2 55 1 93 123 147
64 2 2 55 1 124 93 149
65 2 2 55 1 104 94 105
66 2 2 55 1 105 94 106
67 2 2 55 1 106 94 129
68 2 2 55 1 95 128 154
69 2 2 55 1 130 95 156
70 2 2 55 1 95 154 156
71 2 2 55 1 126 96 137
72 2 2 55 1 96 126 146
73 2 2 55 1 96 131 148
74 2 2 55 1 137 96 148
75 2 2 55 1 124 97 127
76 2 2 55 1 97 124 149
77 2 2 55 1 127 97 144
78 2 2 55 1 97 132 144
79 2 2 55 1 129 98 138
80 2 2 55 1 138 98 139
81 2 2 55 1 139 98 141
82 2 2 55 1 120 99 126
83 2 2 55 1 99 120 145
84 2 2 55 1 126 99 146
85 2 2 55 1 143 99 145
86 2 2 55 1 100 130 155
87 2 2 55 1 140 100 158
88 2 2 55 1 100 155 158
89 2 2 55 1 101 104 133
90 2 2 55 1 101 133 142
91 2 2 55 1 101 142 152
92 2 2 55 1 102 123 139
93 2 2 55 1 123 102 147
94 2 2 55 1 102 139 141
95 2 2 55 1 102 141 151
96 2 2 55 1 128 103 157
97 2 2 55 1 103 143 145
98 2 2 55 1 143 103 153
99 2 2 55 1 103 145 157
100 2 2 55 1 104 105 133
101 2 2 55 1 105 106 107
102 2 2 55 1 105 107 117
103 2 2 55 1 105 117 133
104 2 2 55 1 107 106 108
105 2 2 55 1 108 106 138
106 2 2 55 1 106 129 138
107 2 2 55 1 107 108 109
108 2 2 55 1 107 109 136
109 2 2 55 1 117 107 136
110 2 2 55 1 109 108 110
111 2 2 55 1 110 108 116
112 2 2 55 1 116 108 138
113 2 2 55 1 109 110 111
114 2 2 55 1 109 111 112
115 2 2 55 1 109 112 136
116 2 2 55 1 111 110 135
117 2 2 55 1 110 116 122
118 2 2 55 1 110 122 135
119 2 2 55 1 112 111 113
120 2 2 55 1 113 111 115
121 2 2 55 1 115 111 135
122 2 2 55 1 112 113 114
123 2 2 55 1 112 114 118
124 2 2 55 1 112 118 136
125 2 2 55 1 114 113 134
126 2 2 55 1 113 115 119
127 2 2 55 1 113 119 134
128 2 2 55 1 118 114 120
129 2 2 55 1 120 114 121
130 2 2 55 1 121 114 134
131 2 2 55 1 119 115 125
132 2 2 55 1 125 115 127
133 2 2 55 1 127 115 135
134 2 2 55 1 122 116 123
135 2 2 55 1 123 116 139
136 2 2 55 1 116 138 139
137 2 2 55 1 133 117 148
138 2 2 55 1 117 136 137
139 2 2 55 1 117 137 148
140 2 2 55 1 118 120 126
141 2 2 55 1 118 126 137
142 2 2 55 1 136 118 137
143 2 2 55 1 119 125 155
144 2 2 55 1 134 119 156
145 2 2 55 1 119 155 156
146 2 2 55 1 120 121 145
147 2 2 55 1 121 134 154
148 2 2 55 1 145 121 157
149 2 2 55 1 121 154 157
150 2 2 55 1 122 124 135
151 2 2 55 1 124 127 135
152 2 2 55 1 125 127 144
153 2 2 55 1 125 144 158
154 2 2 55 1 155 125 158
155 2 2 55 1 154 128 157
156 2 2 55 1 155 130 156
157 2 2 55 1 133 131 142
158 2 2 55 1 131 133 148
159 2 2 55 1 140 132 150
160 2 2 55 1 132 140 158
161 2 2 55 1 144 132 158
162 2 2 55 1 154 134 156
163 2 2 66 2 5 37 219
164 2 2 66 2 64 5 219
165 2 2 66 2 43 6 218
166 2 2 66 2 6 44 218
167 2 2 66 2 7 51 217
168 2 2 66 2 50 7 217
169 2 2 66 2 57 8 216
170 2 2 66 2 8 58 216
171 2 2 66 2 37 38 209
172 2 2 66 2 37 209 219
173 2 2 66 2 38 39 165
174 2 2 66 2 38 165 209
175 2 2 66 2 39 40 212
176 2 2 66 2 165 39 212
177 2 2 66 2 40 41 162
178 2 2 66 2 40 162 212
179 2 2 66 2 41 42 197
180 2 2 66 2 162 41 197
181 2 2 66 2 42 43 208
182 2 2 66 2 197 42 208
183 2 2 66 2 208 43 218
184 2 2 66 2 51 52 168
185 2 2 66 2 51 168 217
186 2 2 66 2 52 53 213
187 2 2 66 2 168 52 213
188 2 2 66 2 53 54 159
189 2 2 66 2 53 159 213
190 2 2 66 2 54 55 215
191 2 2 66 2 159 54 215
192 2 2 66 2 55 56 163
193 2 2 66 2 55 163 215
194 2 2 66 2 56 57 198
195 2 2 66 2 163 56 198
196 2 2 66 2 198 57 216
197 2 2 66 2 58 59 206
198 2 2 66 2 58 206 216
199 2 2 66 2 59 60 166
200 2 2 66 2 59 166 206
201 2 2 66 2 60 61 196
202 2 2 66 2 166 60 196
203 2 2 66 2 61 62 161
204 2 2 66 2 61 161 196
205 2 2 66 2 62 63 194
206 2 2 66 2 161 62 194
207 2 2 66 2 63 64 169
208 2 2 66 2 63 169 194
209 2 2 66 2 169 64 219
210 2 2 66 2 44 45 167
211 2 2 66 2 44 167 218
212 2 2 66 2 45 46 170
213 2 2 66 2 167 45 170
214 2 2 66 2 46 47 160
215 2 2 66 2 46 160 170
216 2 2 66 2 47 48 195
217 2 2 66 2 160 47 195
218 2 2 66 2 48 49 164
219 2 2 66 2 48 164 195
220 2 2 66 2 49 50 207
221 2 2 66 2 164 49 207
222 2 2 66 2 207 50 217
223 2 2 66 2 159 188 189
224 2 2 66 2 188 159 190
225 2 2 66 2 159 189 213
226 2 2 66 2 190 159 215
227 2 2 66 2 170 160 171
228 2 2 66 2 171 160 172
229 2 2 66 2 172 160 195
230 2 2 66 2 161 194 220
231 2 2 66 2 196 161 222
232 2 2 66 2 161 220 222
233 2 2 66 2 192 162 203
234 2 2 66 2 162 192 212
235 2 2 66 2 162 197 214
236 2 2 66 2 203 162 214
237 2 2 66 2 190 163 193
238 2 2 66 2 163 190 215
239 2 2 66 2 193 163 210
240 2 2 66 2 163 198 210
241 2 2 66 2 195 164 204
242 2 2 66 2 204 164 205
243 2 2 66 2 205 164 207
244 2 2 66 2 186 165 192
245 2 2 66 2 165 186 211
246 2 2 66 2 192 165 212
247 2 2 66 2 209 165 211
248 2 2 66 2 166 196 221
249 2 2 66 2 206 166 224
250 2 2 66 2 166 221 224
251 2 2 66 2 167 170 199
252 2 2 66 2 167 199 208
253 2 2 66 2 167 208 218
254 2 2 66 2 168 189 205
255 2 2 66 2 189 168 213
256 2 2 66 2 168 205 207
257 2 2 66 2 168 207 217
258 2 2 66 2 194 169 223
259 2 2 66 2 169 209 211
260 2 2 66 2 209 169 219
261 2 2 66 2 169 211 223
262 2 2 66 2 170 171 199
263 2 2 66 2 171 172 173
264 2 2 66 2 171 173 183
265 2 2 66 2 171 183 199
266 2 2 66 2 173 172 174
267 2 2 66 2 174 172 204
268 2 2 66 2 172 195 204
269 2 2 66 2 173 174 175
270 2 2 66 2 173 175 202
271 2 2 66 2 183 173 202
272 2 2 66 2 175 174 176
273 2 2 66 2 176 174 182
274 2 2 66 2 182 174 204
275 2 2 66 2 175 176 177
276 2 2 66 2 175 177 178
277 2 2 66 2 175 178 202
278 2 2 66 2 177 176 201
279 2 2 66 2 176 182 188
280 2 2 66 2 176 188 201
281 2 2 66 2 178 177 179
282 2 2 66 2 179 177 181
283 2 2 66 2 181 177 201
284 2 2 66 2 178 179 180
285 2 2 66 2 178 180 184
286 2 2 66 2 178 184 202
287 2 2 66 2 180 179 200
288 2 2 66 2 179 181 185
289 2 2 66 2 179 185 200
290 2 2 66 2 184 180 186
291 2 2 66 2 186 180 187
292 2 2 66 2 187 180 200
293 2 2 66 2 185 181 191
294 2 2 66 2 191 181 193
295 2 2 66 2 193 181 201
296 2 2 66 2 188 182 189
297 2 2 66 2 189 182 205
298 2 2 66 2 182 204 205
299 2 2 66 2 199 183 214
300 2 2 66 2 183 202 203
301 2 2 66 2 183 203 214
302 2 2 66 2 184 186 192
303 2 2 66 2 184 192 203
304 2 2 66 2 202 184 203
305 2 2 66 2 185 191 221
306 2 2 66 2 200 185 222
307 2 2 66 2 185 221 222
308 2 2 66 2 186 187 211
309 2 2 66 2 187 200 220
310 2 2 66 2 211 187 223
311 2 2 66 2 187 220 223
312 2 2 66 2 188 190 201
313 2 2 66 2 190 193 201
314 2 2 66 2 191 193 210
315 2 2 66 2 191 210 224
316 2 2 66 2 221 191 224
317 2 2 66 2 220 194 223
318 2 2 66 2 221 196 222
319 2 2 66 2 199 197 208
320 2 2 66 2 197 199 214
321 2 2 66 2 206 198 216
322 2 2 66 2 198 206 224
323 2 2 66 2 210 198 224
324 2 2 66 2 220 200 222
325 2 2 44 3 1 9 284
326 2 2 44 3 65 1 284
327 2 2 44 3 15 2 282
328 2 2 44 3 2 72 282
329 2 2 44 3 37 5 283
330 2 2 44 3 5 71 283
331 2 2 44 3 6 43 281
332 2 2 44 3 78 6 281
333 2 2 44 3 9 10 270
334 2 2 44 3 9 270 284
335 2 2 44 3 10 11 229
336 2 2 44 3 10 229 270
337 2 2 44 3 11 12 268
338 2 2 44 3 229 11 268
339 2 2 44 3 12 13 226
340 2 2 44 3 12 226 268
341 2 2 44 3 13 14 264
342 2 2 44 3 226 13 264
343 2 2 44 3 14 15 234
344 2 2 44 3 14 234 264
345 2 2 44 3 234 15 282
346 2 2 44 3 38 37 273
347 2 2 44 3 273 37 283
348 2 2 44 3 39 38 230
349 2 2 44 3 230 38 273
350 2 2 44 3 40 39 236
351 2 2 44 3 39 230 236
352 2 2 44 3 41 40 225
353 2 2 44 3 225 40 236
354 2 2 44 3 42 41 267
355 2 2 44 3 41 225 267
356 2 2 44 3 43 42 233
357 2 2 44 3 233 42 267
358 2 2 44 3 43 233 281
359 2 2 44 3 66 65 275
360 2 2 44 3 275 65 284
361 2 2 44 3 67 66 232
362 2 2 44 3 232 66 275
363 2 2 44 3 68 67 278
364 2 2 44 3 67 232 278
365 2 2 44 3 69 68 227
366 2 2 44 3 227 68 278
367 2 2 44 3 70 69 279
368 2 2 44 3 69 227 279
369 2 2 44 3 71 70 235
370 2 2 44 3 235 70 279
371 2 2 44 3 71 235 283
372 2 2 44 3 72 73 272
373 2 2 44 3 72 272 282
374 2 2 44 3 73 74 231
375 2 2 44 3 73 231 272
376 2 2 44 3 74 75 257
377 2 2 44 3 231 74 257
378 2 2 44 3 75 76 228
379 2 2 44 3 75 228 257
380 2 2 44 3 76 77 262
381 2 2 44 3 228 76 262
382 2 2 44 3 77 78 271
383 2 2 44 3 262 77 271
384 2 2 44 3 271 78 281
385 2 2 44 3 225 236 237
386 2 2 44 3 225 237 238
387 2 2 44 3 225 238 267
388 2 2 44 3 226 264 265
389 2 2 44 3 226 265 287
390 2 2 44 3 268 226 287
391 2 2 44 3 227 251 253
392 2 2 44 3 251 227 278
393 2 2 44 3 227 253 254
394 2 2 44 3 227 254 279
395 2 2 44 3 257 228 258
396 2 2 44 3 258 228 259
397 2 2 44 3 259 228 262
398 2 2 44 3 229 252 270
399 2 2 44 3 252 229 276
400 2 2 44 3 229 268 288
401 2 2 44 3 276 229 288
402 2 2 44 3 236 230 266
403 2 2 44 3 230 256 266
404 2 2 44 3 256 230 273
405 2 2 44 3 231 257 260
406 2 2 44 3 231 260 261
407 2 2 44 3 231 261 272
408 2 2 44 3 232 250 251
409 2 2 44 3 250 232 252
410 2 2 44 3 232 251 278
411 2 2 44 3 252 232 275
412 2 2 44 3 233 263 271
413 2 2 44 3 263 233 289
414 2 2 44 3 233 267 289
415 2 2 44 3 233 271 281
416 2 2 44 3 261 234 272
417 2 2 44 3 234 261 290
418 2 2 44 3 264 234 290
419 2 2 44 3 272 234 282
420 2 2 44 3 235 254 256
421 2 2 44 3 254 235 279
422 2 2 44 3 235 256 273
423 2 2 44 3 235 273 283
424 2 2 44 3 237 236 266
425 2 2 44 3 238 237 239
426 2 2 44 3 239 237 240
427 2 2 44 3 240 237 266
428 2 2 44 3 238 239 274
429 2 2 44 3 267 238 289
430 2 2 44 3 238 274 289
431 2 2 44 3 239 240 241
432 2 2 44 3 239 241 242
433 2 2 44 3 239 242 274
434 2 2 44 3 241 240 269
435 2 2 44 3 255 240 266
436 2 2 44 3 240 255 269
437 2 2 44 3 242 241 243
438 2 2 44 3 243 241 244
439 2 2 44 3 244 241 269
440 2 2 44 3 242 243 277
441 2 2 44 3 274 242 286
442 2 2 44 3 242 277 286
443 2 2 44 3 243 244 245
444 2 2 44 3 243 245 246
445 2 2 44 3 243 246 277
446 2 2 44 3 245 244 247
447 2 2 44 3 247 244 248
448 2 2 44 3 248 244 269
449 2 2 44 3 246 245 280
450 2 2 44 3 245 247 249
451 2 2 44 3 245 249 280
452 2 2 44 3 246 260 277
453 2 2 44 3 260 246 285
454 2 2 44 3 265 246 280
455 2 2 44 3 246 265 285
456 2 2 44 3 247 248 250
457 2 2 44 3 249 247 276
458 2 2 44 3 247 250 276
459 2 2 44 3 250 248 251
460 2 2 44 3 251 248 253
461 2 2 44 3 253 248 269
462 2 2 44 3 249 276 288
463 2 2 44 3 280 249 287
464 2 2 44 3 287 249 288
465 2 2 44 3 250 252 276
466 2 2 44 3 270 252 275
467 2 2 44 3 254 253 255
468 2 2 44 3 255 253 269
469 2 2 44 3 254 255 256
470 2 2 44 3 256 255 266
471 2 2 44 3 257 258 260
472 2 2 44 3 258 259 286
473 2 2 44 3 260 258 277
474 2 2 44 3 277 258 286
475 2 2 44 3 259 262 263
476 2 2 44 3 259 263 274
477 2 2 44 3 259 274 286
478 2 2 44 3 261 260 285
479 2 2 44 3 261 285 290
480 2 2 44 3 263 262 271
481 2 2 44 3 274 263 289
482 2 2 44 3 265 264 290
483 2 2 44 3 265 280 287
484 2 2 44 3 285 265 290
485 2 2 44 3 268 287 288
486 2 2 44 3 270 275 284
487 2 2 33 4 23 3 348
488 2 2 33 4 3 79 348
489 2 2 33 4 4 29 350
490 2 2 33 4 86 4 350
491 2 2 33 4 7 51 347
492 2 2 33 4 85 7 347
493 2 2 33 4 57 8 349
494 2 2 33 4 8 92 349
495 2 2 33 4 24 23 300
496 2 2 33 4 300 23 348
497 2 2 33 4 25 24 330
498 2 2 33 4 24 300 330
499 2 2 33 4 26 25 292
500 2 2 33 4 292 25 330
501 2 2 33 4 27 26 334
502 2 2 33 4 26 292 334
503 2 2 33 4 28 27 295
504 2 2 33 4 295 27 334
505 2 2 33 4 29 28 336
506 2 2 33 4 28 295 336
507 2 2 33 4 29 336 350
508 2 2 33 4 51 52 299
509 2 2 33 4 51 299 347
510 2 2 33 4 52 53 333
511 2 2 33 4 299 52 333
512 2 2 33 4 53 54 291
513 2 2 33 4 53 291 333
514 2 2 33 4 54 55 302
515 2 2 33 4 291 54 302
516 2 2 33 4 55 56 296
517 2 2 33 4 55 296 302
518 2 2 33 4 56 57 339
519 2 2 33 4 296 56 339
520 2 2 33 4 339 57 349
521 2 2 33 4 79 80 338
522 2 2 33 4 79 338 348
523 2 2 33 4 80 81 297
524 2 2 33 4 80 297 338
525 2 2 33 4 81 82 323
526 2 2 33 4 297 81 323
527 2 2 33 4 82 83 294
528 2 2 33 4 82 294 323
529 2 2 33 4 83 84 328
530 2 2 33 4 294 83 328
531 2 2 33 4 84 85 337
532 2 2 33 4 328 84 337
533 2 2 33 4 337 85 347
534 2 2 33 4 87 86 341
535 2 2 33 4 341 86 350
536 2 2 33 4 88 87 298
537 2 2 33 4 298 87 341
538 2 2 33 4 89 88 344
539 2 2 33 4 88 298 344
540 2 2 33 4 90 89 293
541 2 2 33 4 293 89 344
542 2 2 33 4 91 90 345
543 2 2 33 4 90 293 345
544 2 2 33 4 92 91 301
545 2 2 33 4 301 91 345
546 2 2 33 4 92 301 349
547 2 2 33 4 291 302 303
548 2 2 33 4 291 303 304
549 2 2 33 4 291 304 333
550 2 2 33 4 292 330 331
551 2 2 33 4 292 331 353
552 2 2 33 4 334 292 353
553 2 2 33 4 293 317 319
554 2 2 33 4 317 293 344
555 2 2 33 4 293 319 320
556 2 2 33 4 293 320 345
557 2 2 33 4 323 294 324
558 2 2 33 4 324 294 325
559 2 2 33 4 325 294 328
560 2 2 33 4 295 318 336
561 2 2 33 4 318 295 342
562 2 2 33 4 295 334 354
563 2 2 33 4 342 295 354
564 2 2 33 4 302 296 332
565 2 2 33 4 296 322 332
566 2 2 33 4 322 296 339
567 2 2 33 4 297 323 326
568 2 2 33 4 297 326 327
569 2 2 33 4 297 327 338
570 2 2 33 4 298 316 317
571 2 2 33 4 316 298 318
572 2 2 33 4 298 317 344
573 2 2 33 4 318 298 341
574 2 2 33 4 299 329 337
575 2 2 33 4 329 299 355
576 2 2 33 4 299 333 355
577 2 2 33 4 299 337 347
578 2 2 33 4 327 300 338
579 2 2 33 4 300 327 356
580 2 2 33 4 330 300 356
581 2 2 33 4 338 300 348
582 2 2 33 4 301 320 322
583 2 2 33 4 320 301 345
584 2 2 33 4 301 322 339
585 2 2 33 4 301 339 349
586 2 2 33 4 303 302 332
587 2 2 33 4 304 303 305
588 2 2 33 4 305 303 306
589 2 2 33 4 306 303 332
590 2 2 33 4 304 305 340
591 2 2 33 4 333 304 355
592 2 2 33 4 304 340 355
593 2 2 33 4 305 306 307
594 2 2 33 4 305 307 308
595 2 2 33 4 305 308 340
596 2 2 33 4 307 306 335
597 2 2 33 4 321 306 332
598 2 2 33 4 306 321 335
599 2 2 33 4 308 307 309
600 2 2 33 4 309 307 310
601 2 2 33 4 310 307 335
602 2 2 33 4 308 309 343
603 2 2 33 4 340 308 352
604 2 2 33 4 308 343 352
605 2 2 33 4 309 310 311
606 2 2 33 4 309 311 312
607 2 2 33 4 309 312 343
608 2 2 33 4 311 310 313
609 2 2 33 4 313 310 314
610 2 2 33 4 314 310 335
611 2 2 33 4 312 311 346
612 2 2 33 4 311 313 315
613 2 2 33 4 311 315 346
614 2 2 33 4 312 326 343
615 2 2 33 4 326 312 351
616 2 2 33 4 331 312 346
617 2 2 33 4 312 331 351
618 2 2 33 4 313 314 316
619 2 2 33 4 315 313 342
620 2 2 33 4 313 316 342
621 2 2 33 4 316 314 317
622 2 2 33 4 317 314 319
623 2 2 33 4 319 314 335
624 2 2 33 4 315 342 354
625 2 2 33 4 346 315 353
626 2 2 33 4 353 315 354
627 2 2 33 4 316 318 342
628 2 2 33 4 336 318 341
629 2 2 33 4 320 319 321
630 2 2 33 4 321 319 335
631 2 2 33 4 320 321 322
632 2 2 33 4 322 321 332
633 2 2 33 4 323 324 326
634 2 2 33 4 324 325 352
635 2 2 33 4 326 324 343
636 2 2 33 4 343 324 352
637 2 2 33 4 325 328 329
638 2 2 33 4 325 329 340
639 2 2 33 4 325 340 352
640 2 2 33 4 327 326 351
641 2 2 33 4 327 351 356
642 2 2 33 4 329 328 337
643 2 2 33 4 340 329 355
644 2 2 33 4 331 330 356
645 2 2 33 4 331 346 353
646 2 2 33 4 351 331 356
647 2 2 33 4 334 353 354
648 2 2 33 4 336 341 350
649 2 2 11 5 36 1 417
650 2 2 11 5 1 65 417
651 2 2 11 5 4 30 414
652 2 2 11 5 86 4 414
653 2 2 11 5 5 64 416
654 2 2 11 5 71 5 416
655 2 2 11 5 58 8 415
656 2 2 11 5 8 92 415
657 2 2 11 5 30 31 405
658 2 2 11 5 30 405 414
659 2 2 11 5 31 32 364
660 2 2 11 5 31 364 405
661 2 2 11 5 32 33 393
662 2 2 11 5 364 32 393
663 2 2 11 5 33 34 359
664 2 2 11 5 33 359 393
665 2 2 11 5 34 35 392
666 2 2 11 5 359 34 392
667 2 2 11 5 35 36 367
668 2 2 11 5 35 367 392
669 2 2 11 5 367 36 417
670 2 2 11 5 59 58 404
671 2 2 11 5 404 58 415
672 2 2 11 5 60 59 362
673 2 2 11 5 362 59 404
674 2 2 11 5 61 60 368
675 2 2 11 5 60 362 368
676 2 2 11 5 62 61 358
677 2 2 11 5 358 61 368
678 2 2 11 5 63 62 396
679 2 2 11 5 62 358 396
680 2 2 11 5 64 63 365
681 2 2 11 5 365 63 396
682 2 2 11 5 64 365 416
683 2 2 11 5 65 66 407
684 2 2 11 5 65 407 417
685 2 2 11 5 66 67 363
686 2 2 11 5 66 363 407
687 2 2 11 5 67 68 410
688 2 2 11 5 363 67 410
689 2 2 11 5 68 69 360
690 2 2 11 5 68 360 410
691 2 2 11 5 69 70 395
692 2 2 11 5 360 69 395
693 2 2 11 5 70 71 406
694 2 2 11 5 395 70 406
695 2 2 11 5 406 71 416
696 2 2 11 5 87 86 394
697 2 2 11 5 394 86 414
698 2 2 11 5 88 87 361
699 2 2 11 5 361 87 394
700 2 2 11 5 89 88 413
701 2 2 11 5 88 361 413
702 2 2 11 5 90 89 357
703 2 2 11 5 357 89 413
704 2 2 11 5 91 90 411
705 2 2 11 5 90 357 411
706 2 2 11 5 92 91 366
707 2 2 11 5 366 91 411
708 2 2 11 5 92 366 415
709 2 2 11 5 357 386 387
710 2 2 11 5 386 357 388
711 2 2 11 5 357 387 411
712 2 2 11 5 388 357 413
713 2 2 11 5 358 368 369
714 2 2 11 5 358 369 370
715 2 2 11 5 358 370 396
716 2 2 11 5 359 392 418
717 2 2 11 5 393 359 419
718 2 2 11 5 359 418 419
719 2 2 11 5 390 360 401
720 2 2 11 5 360 390 410
721 2 2 11 5 360 395 412
722 2 2 11 5 401 360 412
723 2 2 11 5 388 361 391
724 2 2 11 5 361 388 413
725 2 2 11 5 391 361 408
726 2 2 11 5 361 394 408
727 2 2 11 5 368 362 397
728 2 2 11 5 397 362 403
729 2 2 11 5 403 362 404
730 2 2 11 5 384 363 390
731 2 2 11 5 363 384 409
732 2 2 11 5 390 363 410
733 2 2 11 5 407 363 409
734 2 2 11 5 364 393 420
735 2 2 11 5 405 364 422
736 2 2 11 5 364 420 422
737 2 2 11 5 365 396 402
738 2 2 11 5 365 402 406
739 2 2 11 5 365 406 416
740 2 2 11 5 366 387 403
741 2 2 11 5 387 366 411
742 2 2 11 5 366 403 404
743 2 2 11 5 366 404 415
744 2 2 11 5 392 367 421
745 2 2 11 5 367 407 409
746 2 2 11 5 407 367 417
747 2 2 11 5 367 409 421
748 2 2 11 5 369 368 397
749 2 2 11 5 370 369 371
750 2 2 11 5 371 369 372
751 2 2 11 5 372 369 397
752 2 2 11 5 370 371 381
753 2 2 11 5 370 381 402
754 2 2 11 5 396 370 402
755 2 2 11 5 371 372 373
756 2 2 11 5 371 373 400
757 2 2 11 5 381 371 400
758 2 2 11 5 373 372 374
759 2 2 11 5 374 372 380
760 2 2 11 5 380 372 397
761 2 2 11 5 373 374 375
762 2 2 11 5 373 375 376
763 2 2 11 5 373 376 400
764 2 2 11 5 375 374 398
765 2 2 11 5 374 380 386
766 2 2 11 5 374 386 398
767 2 2 11 5 376 375 377
768 2 2 11 5 377 375 378
769 2 2 11 5 378 375 398
770 2 2 11 5 376 377 379
771 2 2 11 5 376 379 382
772 2 2 11 5 376 382 400
773 2 2 11 5 377 378 383
774 2 2 11 5 379 377 399
775 2 2 11 5 377 383 399
776 2 2 11 5 383 378 389
777 2 2 11 5 389 378 391
778 2 2 11 5 391 378 398
779 2 2 11 5 382 379 384
780 2 2 11 5 384 379 385
781 2 2 11 5 385 379 399
782 2 2 11 5 386 380 387
783 2 2 11 5 387 380 403
784 2 2 11 5 380 397 403
785 2 2 11 5 381 400 401
786 2 2 11 5 381 401 412
787 2 2 11 5 402 381 412
788 2 2 11 5 382 384 390
789 2 2 11 5 382 390 401
790 2 2 11 5 400 382 401
791 2 2 11 5 383 389 420
792 2 2 11 5 399 383 419
793 2 2 11 5 419 383 420
794 2 2 11 5 384 385 409
795 2 2 11 5 385 399 418
796 2 2 11 5 409 385 421
797 2 2 11 5 385 418 421
798 2 2 11 5 386 388 398
799 2 2 11 5 388 391 398
800 2 2 11 5 389 391 408
801 2 2 11 5 389 408 422
802 2 2 11 5 420 389 422
803 2 2 11 5 418 392 421
804 2 2 11 5 393 419 420
805 2 2 11 5 405 394 414
806 2 2 11 5 394 405 422
807 2 2 11 5 408 394 422
808 2 2 11 5 402 395 406
809 2 2 11 5 395 402 412
810 2 2 11 5 418 399 419
811 2 2 22 6 2 72 483
812 2 2 22 6 16 2 483
813 2 2 22 6 79 3 480
814 2 2 22 6 3 22 480
815 2 2 22 6 78 6 482
816 2 2 22 6 6 44 482
817 2 2 22 6 7 85 481
818 2 2 22 6 50 7 481
819 2 2 22 6 72 73 473
820 2 2 22 6 72 473 483
821 2 2 22 6 73 74 429
822 2 2 22 6 73 429 473
823 2 2 22 6 74 75 476
824 2 2 22 6 429 74 476
825 2 2 22 6 75 76 426
826 2 2 22 6 75 426 476
827 2 2 22 6 76 77 461
828 2 2 22 6 426 76 461
829 2 2 22 6 77 78 472
830 2 2 22 6 461 77 472
831 2 2 22 6 472 78 482
832 2 2 22 6 80 79 460
833 2 2 22 6 460 79 480
834 2 2 22 6 81 80 427
835 2 2 22 6 427 80 460
836 2 2 22 6 82 81 479
837 2 2 22 6 81 427 479
838 2 2 22 6 83 82 423
839 2 2 22 6 423 82 479
840 2 2 22 6 84 83 477
841 2 2 22 6 83 423 477
842 2 2 22 6 85 84 432
843 2 2 22 6 432 84 477
844 2 2 22 6 85 432 481
845 2 2 22 6 17 16 433
846 2 2 22 6 433 16 483
847 2 2 22 6 18 17 458
848 2 2 22 6 17 433 458
849 2 2 22 6 19 18 425
850 2 2 22 6 425 18 458
851 2 2 22 6 20 19 459
852 2 2 22 6 19 425 459
853 2 2 22 6 21 20 430
854 2 2 22 6 430 20 459
855 2 2 22 6 22 21 471
856 2 2 22 6 21 430 471
857 2 2 22 6 22 471 480
858 2 2 22 6 44 45 431
859 2 2 22 6 44 431 482
860 2 2 22 6 45 46 462
861 2 2 22 6 431 45 462
862 2 2 22 6 46 47 424
863 2 2 22 6 46 424 462
864 2 2 22 6 47 48 434
865 2 2 22 6 424 47 434
866 2 2 22 6 48 49 428
867 2 2 22 6 48 428 434
868 2 2 22 6 49 50 470
869 2 2 22 6 428 49 470
870 2 2 22 6 470 50 481
871 2 2 22 6 423 452 453
872 2 2 22 6 452 423 454
873 2 2 22 6 423 453 477
874 2 2 22 6 454 423 479
875 2 2 22 6 424 434 435
876 2 2 22 6 424 435 436
877 2 2 22 6 424 436 462
878 2 2 22 6 425 458 484
879 2 2 22 6 459 425 485
880 2 2 22 6 425 484 485
881 2 2 22 6 456 426 467
882 2 2 22 6 426 456 476
883 2 2 22 6 426 461 478
884 2 2 22 6 467 426 478
885 2 2 22 6 454 427 457
886 2 2 22 6 427 454 479
887 2 2 22 6 457 427 474
888 2 2 22 6 427 460 474
889 2 2 22 6 434 428 463
890 2 2 22 6 463 428 469
891 2 2 22 6 469 428 470
892 2 2 22 6 450 429 456
893 2 2 22 6 429 450 475
894 2 2 22 6 456 429 476
895 2 2 22 6 473 429 475
896 2 2 22 6 430 459 486
897 2 2 22 6 471 430 488
898 2 2 22 6 430 486 488
899 2 2 22 6 431 462 468
900 2 2 22 6 431 468 472
901 2 2 22 6 431 472 482
902 2 2 22 6 432 453 469
903 2 2 22 6 453 432 477
904 2 2 22 6 432 469 470
905 2 2 22 6 432 470 481
906 2 2 22 6 458 433 487
907 2 2 22 6 433 473 475
908 2 2 22 6 473 433 483
909 2 2 22 6 433 475 487
910 2 2 22 6 435 434 463
911 2 2 22 6 436 435 437
912 2 2 22 6 437 435 438
913 2 2 22 6 438 435 463
914 2 2 22 6 436 437 447
915 2 2 22 6 436 447 468
916 2 2 22 6 462 436 468
917 2 2 22 6 437 438 439
918 2 2 22 6 437 439 466
919 2 2 22 6 447 437 466
920 2 2 22 6 439 438 440
921 2 2 22 6 440 438 446
922 2 2 22 6 446 438 463
923 2 2 22 6 439 440 441
924 2 2 22 6 439 441 442
925 2 2 22 6 439 442 466
926 2 2 22 6 441 440 464
927 2 2 22 6 440 446 452
928 2 2 22 6 440 452 464
929 2 2 22 6 442 441 443
930 2 2 22 6 443 441 444
931 2 2 22 6 444 441 464
932 2 2 22 6 442 443 445
933 2 2 22 6 442 445 448
934 2 2 22 6 442 448 466
935 2 2 22 6 443 444 449
936 2 2 22 6 445 443 465
937 2 2 22 6 443 449 465
938 2 2 22 6 449 444 455
939 2 2 22 6 455 444 457
940 2 2 22 6 457 444 464
941 2 2 22 6 448 445 450
942 2 2 22 6 450 445 451
943 2 2 22 6 451 445 465
944 2 2 22 6 452 446 453
945 2 2 22 6 453 446 469
946 2 2 22 6 446 463 469
947 2 2 22 6 447 466 467
948 2 2 22 6 447 467 478
949 2 2 22 6 468 447 478
950 2 2 22 6 448 450 456
951 2 2 22 6 448 456 467
952 2 2 22 6 466 448 467
953 2 2 22 6 449 455 486
954 2 2 22 6 465 449 485
955 2 2 22 6 485 449 486
956 2 2 22 6 450 451 475
957 2 2 22 6 451 465 484
958 2 2 22 6 475 451 487
959 2 2 22 6 451 484 487
960 2 2 22 6 452 454 464
961 2 2 22 6 454 457 464
962 2 2 22 6 455 457 474
963 2 2 22 6 455 474 488
964 2 2 22 6 486 455 488
965 2 2 22 6 484 458 487
966 2 2 22 6 459 485 486
967 2 2 22 6 471 460 480
968 2 2 22 6 460 471 488
969 2 2 22 6 474 460 488
970 2 2 22 6 468 461 472
971 2 2 22 6 461 468 478
972 2 2 22 6 484 465 485
973 4 2 1 1 541 560 532 605
974 4 2 1 1 498 525 532 535
975 4 2 1 1 528 564 116 568
976 4 2 1 1 237 627 239 642
977 4 2 1 1 321 574 547 580
978 4 2 1 1 522 381 540 653
979 4 2 1 1 493 509 527 586
980 4 2 1 1 499 551 536 563
981 4 2 1 1 532 541 503 560
982 4 2 1 1 497 532 525 535
983 4 2 1 1 255 548 537 642
984 4 2 1 1 321 547 332 580
985 4 2 1 1 498 531 538 620
986 4 2 1 1 497 515 532 535
987 4 2 1 1 185 590 566 599
988 4 2 1 1 332 580 547 663
989 4 2 1 1 185 507 566 590
990 4 2 1 1 135 571 530 598
991 4 2 1 1 527 552 499 563
992 4 2 1 1 138 116 528 564
993 4 2 1 1 498 553 531 620
994 4 2 1 1 498 531 525 538
995 4 2 1 1 239 627 541 642
996 4 2 1 1 457 553 464 577
997 4 2 1 1 497 541 532 605
998 4 2 1 1 494 511 534 543
999 4 2 1 1 237 513 627 642
1000 4 2 1 1 493 552 527 563
1001 4 2 1 1 534 547 502 549
1002 4 2 1 1 525 545 508 546
1003 4 2 1 1 408 519 394 576
1004 4 2 1 1 496 525 531 538
1005 4 2 1 1 515 260 560 572
1006 4 2 1 1 494 512 547 580
1007 4 2 1 1 493 527 552 586
1008 4 2 1 1 524 532 497 541
1009 4 2 1 1 501 545 525 546
1010 4 2 1 1 533 540 500 542
1011 4 2 1 1 537 548 255 631
1012 4 2 1 1 495 540 533 542
1013 4 2 1 1 489 536 563 667
1014 4 2 1 1 547 574 494 580
1015 4 2 1 1 547 549 534 633
1016 4 2 1 1 492 505 530 571
1017 4 2 1 1 201 557 193 632
1018 4 2 1 1 495 537 510 548
1019 4 2 1 1 346 589 587 611
1020 4 2 1 1 161 522 358 607
1021 4 2 1 1 524 525 497 532
1022 4 2 1 1 496 508 538 562
1023 4 2 1 1 373 543 540 634
1024 4 2 1 1 421 517 392 575
1025 4 2 1 1 157 128 517 575
1026 4 2 1 1 260 258 515 560
1027 4 2 1 1 541 627 513 642
1028 4 2 1 1 532 541 524 661
1029 4 2 1 1 342 576 519 639
1030 4 2 1 1 508 496 546 562
1031 4 2 1 1 260 572 515 659
1032 4 2 1 1 510 540 495 542
1033 4 2 1 1 562 583 463 643
1034 4 2 1 1 128 392 517 575
1035 4 2 1 1 495 524 513 548
1036 4 2 1 1 341 394 519 576
1037 4 2 1 1 538 620 531 678
1038 4 2 1 1 494 534 511 547
1039 4 2 1 1 490 528 564 658
1040 4 2 1 1 515 532 560 605
1041 4 2 1 1 503 541 532 661
1042 4 2 1 1 497 532 515 605
1043 4 2 1 1 492 519 576 639
1044 4 2 1 1 332 547 306 663
1045 4 2 1 1 553 577 514 620
1046 4 2 1 1 566 590 507 599
1047 4 2 1 1 361 408 394 576
1048 4 2 1 1 277 258 560 605
1049 4 2 1 1 127 530 135 571
1050 4 2 1 1 489 563 527 667
1051 4 2 1 1 204 546 562 638
1052 4 2 1 1 255 537 529 642
1053 4 2 1 1 260 515 258 659
1054 4 2 1 1 524 541 497 644
1055 4 2 1 1 515 560 258 605
1056 4 2 1 1 138 564 528 630
1057 4 2 1 1 508 525 497 545
1058 4 2 1 1 529 537 495 548
1059 4 2 1 1 381 370 522 540
1060 4 2 1 1 503 548 542 550
1061 4 2 1 1 492 576 549 639
1062 4 2 1 1 522 540 370 625
1063 4 2 1 1 540 543 373 625
1064 4 2 1 1 492 530 570 571
1065 4 2 1 1 538 583 562 643
1066 4 2 1 1 520 572 261 655
1067 4 2 1 1 497 515 535 606
1068 4 2 1 1 490 564 528 568
1069 4 2 1 1 557 580 193 632
1070 4 2 1 1 332 321 306 547
1071 4 2 1 1 490 514 553 577
1072 4 2 1 1 231 261 572 655
1073 4 2 1 1 496 525 523 531
1074 4 2 1 1 503 524 541 661
1075 4 2 1 1 388 391 593 594
1076 4 2 1 1 528 544 504 551
1077 4 2 1 1 512 523 494 547
1078 4 2 1 1 496 525 508 546
1079 4 2 1 1 495 507 533 540
1080 4 2 1 1 220 194 161 522
1081 4 2 1 1 275 407 517 683
1082 4 2 1 1 388 398 391 594
1083 4 2 1 1 532 535 515 613
1084 4 2 1 1 510 542 495 548
1085 4 2 1 1 587 589 505 611
1086 4 2 1 1 495 522 507 540
1087 4 2 1 1 127 570 530 571
1088 4 2 1 1 204 562 546 614
1089 4 2 1 1 493 575 509 618
1090 4 2 1 1 504 544 528 630
1091 4 2 1 1 407 275 517 578
1092 4 2 1 1 513 541 524 644
1093 4 2 1 1 497 525 508 535
1094 4 2 1 1 537 548 529 642
1095 4 2 1 1 145 569 517 683
1096 4 2 1 1 457 464 454 577
1097 4 2 1 1 500 533 534 543
1098 4 2 1 1 397 543 566 625
1099 4 2 1 1 511 534 549 633
1100 4 2 1 1 508 497 535 573
1101 4 2 1 1 262 271 461 565
1102 4 2 1 1 513 497 541 644
1103 4 2 1 1 247 249 569 588
1104 4 2 1 1 194 522 223 581
1105 4 2 1 1 514 531 620 678
1106 4 2 1 1 499 527 679 680
1107 4 2 1 1 534 543 511 649
1108 4 2 1 1 513 497 622 627
1109 4 2 1 1 667 679 527 680
1110 4 2 1 1 499 527 667 679
1111 4 2 1 1 542 550 548 631
1112 4 2 1 1 333 521 213 584
1113 4 2 1 1 492 603 571 639
1114 4 2 1 1 397 566 543 591
1115 4 2 1 1 510 548 537 631
1116 4 2 1 1 494 534 533 543
1117 4 2 1 1 495 537 522 540
1118 4 2 1 1 494 566 543 682
1119 4 2 1 1 497 508 545 573
1120 4 2 1 1 533 543 540 625
1121 4 2 1 1 519 492 571 639
1122 4 2 1 1 134 509 575 586
1123 4 2 1 1 145 99 569 683
1124 4 2 1 1 167 573 431 660
1125 4 2 1 1 555 570 509 602
1126 4 2 1 1 509 493 556 575
1127 4 2 1 1 505 571 492 603
1128 4 2 1 1 271 461 565 660
1129 4 2 1 1 542 648 533 652
1130 4 2 1 1 496 508 525 538
1131 4 2 1 1 524 542 533 652
1132 4 2 1 1 134 586 575 618
1133 4 2 1 1 139 116 564 568
1134 4 2 1 1 187 529 522 640
1135 4 2 1 1 164 428 562 647
1136 4 2 1 1 500 540 533 543
1137 4 2 1 1 499 544 528 551
1138 4 2 1 1 499 552 527 586
1139 4 2 1 1 156 134 119 509
1140 4 2 1 1 522 607 507 625
1141 4 2 1 1 490 528 551 679
1142 4 2 1 1 280 506 249 588
1143 4 2 1 1 497 535 573 606
1144 4 2 1 1 429 231 572 655
1145 4 2 1 1 512 494 557 580
1146 4 2 1 1 490 577 553 596
1147 4 2 1 1 525 532 524 661
1148 4 2 1 1 496 562 538 583
1149 4 2 1 1 524 648 542 652
1150 4 2 1 1 508 546 545 638
1151 4 2 1 1 134 119 509 586
1152 4 2 1 1 505 571 603 639
1153 4 2 1 1 524 541 513 548
1154 4 2 1 1 185 200 222 507
1155 4 2 1 1 494 511 543 591
1156 4 2 1 1 504 564 528 658
1157 4 2 1 1 555 593 570 602
1158 4 2 1 1 497 565 515 606
1159 4 2 1 1 263 271 262 565
1160 4 2 1 1 161 220 522 607
1161 4 2 1 1 514 490 559 577
1162 4 2 1 1 200 507 185 590
1163 4 2 1 1 514 324 577 628
1164 4 2 1 1 342 519 571 639
1165 4 2 1 1 490 551 536 679
1166 4 2 1 1 106 601 564 630
1167 4 2 1 1 370 607 522 625
1168 4 2 1 1 249 506 280 623
1169 4 2 1 1 504 585 561 601
1170 4 2 1 1 407 232 275 578
1171 4 2 1 1 200 222 507 607
1172 4 2 1 1 185 507 222 607
1173 4 2 1 1 506 609 662 664
1174 4 2 1 1 583 620 538 678
1175 4 2 1 1 263 271 565 660
1176 4 2 1 1 506 588 609 664
1177 4 2 1 1 533 540 507 625
1178 4 2 1 1 506 588 280 609
1179 4 2 1 1 341 519 394 671
1180 4 2 1 1 108 138 528 630
1181 4 2 1 1 540 543 500 634
1182 4 2 1 1 454 514 577 620
1183 4 2 1 1 106 129 564 601
1184 4 2 1 1 535 606 515 613
1185 4 2 1 1 161 396 358 522
1186 4 2 1 1 396 161 194 522
1187 4 2 1 1 511 547 534 633
1188 4 2 1 1 507 640 495 673
1189 4 2 1 1 561 585 465 601
1190 4 2 1 1 551 661 563 664
1191 4 2 1 1 518 494 574 580
1192 4 2 1 1 95 359 575 602
1193 4 2 1 1 99 229 569 683
1194 4 2 1 1 551 645 563 661
1195 4 2 1 1 533 507 543 625
1196 4 2 1 1 247 569 550 588
1197 4 2 1 1 510 495 540 653
1198 4 2 1 1 523 531 525 656
1199 4 2 1 1 139 564 516 568
1200 4 2 1 1 260 277 258 560
1201 4 2 1 1 333 168 213 521
1202 4 2 1 1 249 506 569 588
1203 4 2 1 1 279 360 395 537
1204 4 2 1 1 497 525 524 644
1205 4 2 1 1 124 571 135 598
1206 4 2 1 1 326 559 577 628
1207 4 2 1 1 513 524 495 673
1208 4 2 1 1 522 540 537 653
1209 4 2 1 1 108 138 116 528
1210 4 2 1 1 519 570 144 571
1211 4 2 1 1 497 545 525 644
1212 4 2 1 1 507 543 566 682
1213 4 2 1 1 560 609 588 664
1214 4 2 1 1 336 132 295 519
1215 4 2 1 1 397 372 543 625
1216 4 2 1 1 204 174 546 638
1217 4 2 1 1 508 535 525 538
1218 4 2 1 1 493 527 509 556
1219 4 2 1 1 490 514 531 553
1220 4 2 1 1 498 525 535 538
1221 4 2 1 1 506 280 582 609
1222 4 2 1 1 383 602 593 672
1223 4 2 1 1 543 566 494 591
1224 4 2 1 1 551 532 661 664
1225 4 2 1 1 530 571 505 598
1226 4 2 1 1 129 459 564 601
1227 4 2 1 1 507 599 590 682
1228 4 2 1 1 546 562 496 614
1229 4 2 1 1 496 538 531 678
1230 4 2 1 1 134 509 156 575
1231 4 2 1 1 256 529 255 537
1232 4 2 1 1 490 516 564 568
1233 4 2 1 1 326 577 324 628
1234 4 2 1 1 492 530 505 603
1235 4 2 1 1 127 144 570 571
1236 4 2 1 1 491 532 515 554
1237 4 2 1 1 513 644 524 673
1238 4 2 1 1 132 519 336 671
1239 4 2 1 1 112 608 552 616
1240 4 2 1 1 514 620 583 678
1241 4 2 1 1 187 186 529 640
1242 4 2 1 1 407 517 409 578
1243 4 2 1 1 387 591 621 641
1244 4 2 1 1 507 540 522 625
1245 4 2 1 1 470 164 207 647
1246 4 2 1 1 557 580 494 599
1247 4 2 1 1 200 507 590 640
1248 4 2 1 1 489 648 524 652
1249 4 2 1 1 185 566 507 607
1250 4 2 1 1 276 550 247 569
1251 4 2 1 1 513 622 579 627
1252 4 2 1 1 500 542 540 670
1253 4 2 1 1 513 622 497 644
1254 4 2 1 1 253 619 537 631
1255 4 2 1 1 503 524 542 548
1256 4 2 1 1 500 543 534 649
1257 4 2 1 1 503 560 541 636
1258 4 2 1 1 502 534 523 547
1259 4 2 1 1 551 532 645 661
1260 4 2 1 1 499 667 536 679
1261 4 2 1 1 494 523 512 665
1262 4 2 1 1 511 494 547 574
1263 4 2 1 1 525 546 496 665
1264 4 2 1 1 164 470 428 647
1265 4 2 1 1 327 516 297 577
1266 4 2 1 1 515 565 497 605
1267 4 2 1 1 522 529 495 640
1268 4 2 1 1 507 522 495 640
1269 4 2 1 1 514 577 559 628
1270 4 2 1 1 322 574 321 580
1271 4 2 1 1 493 563 527 648
1272 4 2 1 1 397 543 380 591
1273 4 2 1 1 380 397 372 543
1274 4 2 1 1 132 519 144 571
1275 4 2 1 1 496 583 538 678
1276 4 2 1 1 495 542 524 548
1277 4 2 1 1 493 542 563 648
1278 4 2 1 1 156 575 509 602
1279 4 2 1 1 525 645 532 661
1280 4 2 1 1 342 318 519 576
1281 4 2 1 1 167 462 431 573
1282 4 2 1 1 363 232 407 578
1283 4 2 1 1 532 515 554 613
1284 4 2 1 1 237 238 239 627
1285 4 2 1 1 490 536 551 645
1286 4 2 1 1 552 608 499 616
1287 4 2 1 1 523 525 496 665
1288 4 2 1 1 523 534 494 547
1289 4 2 1 1 322 518 574 580
1290 4 2 1 1 489 525 524 661
1291 4 2 1 1 250 247 276 550
1292 4 2 1 1 593 602 555 672
1293 4 2 1 1 574 621 591 641
1294 4 2 1 1 136 544 608 616
1295 4 2 1 1 495 533 507 673
1296 4 2 1 1 490 531 514 559
1297 4 2 1 1 512 539 523 547
1298 4 2 1 1 429 572 475 655
1299 4 2 1 1 359 419 575 602
1300 4 2 1 1 95 575 156 602
1301 4 2 1 1 200 607 507 640
1302 4 2 1 1 249 569 506 623
1303 4 2 1 1 553 577 457 596
1304 4 2 1 1 497 513 541 627
1305 4 2 1 1 489 645 525 661
1306 4 2 1 1 240 541 241 548
1307 4 2 1 1 253 537 255 631
1308 4 2 1 1 503 541 524 548
1309 4 2 1 1 490 645 551 658
1310 4 2 1 1 515 532 491 560
1311 4 2 1 1 295 519 132 571
1312 4 2 1 1 500 540 592 670
1313 4 2 1 1 512 580 557 632
1314 4 2 1 1 519 576 408 593
1315 4 2 1 1 516 490 564 596
1316 4 2 1 1 420 389 383 593
1317 4 2 1 1 575 602 419 672
1318 4 2 1 1 363 407 409 578
1319 4 2 1 1 544 499 608 616
1320 4 2 1 1 261 572 520 609
1321 4 2 1 1 493 542 648 670
1322 4 2 1 1 445 465 561 585
1323 4 2 1 1 499 679 530 680
1324 4 2 1 1 525 545 501 644
1325 4 2 1 1 296 518 322 580
1326 4 2 1 1 495 513 558 668
1327 4 2 1 1 156 509 119 602
1328 4 2 1 1 185 181 590 599
1329 4 2 1 1 493 648 527 670
1330 4 2 1 1 524 525 489 652
1331 4 2 1 1 194 396 522 581
1332 4 2 1 1 459 564 601 681
1333 4 2 1 1 420 593 383 602
1334 4 2 1 1 429 473 231 655
1335 4 2 1 1 493 569 550 578
1336 4 2 1 1 542 510 550 631
1337 4 2 1 1 169 194 223 581
1338 4 2 1 1 545 622 573 638
1339 4 2 1 1 523 533 494 534
1340 4 2 1 1 494 512 557 665
1341 4 2 1 1 136 608 112 616
1342 4 2 1 1 516 490 577 589
1343 4 2 1 1 193 580 557 599
1344 4 2 1 1 543 594 511 649
1345 4 2 1 1 343 559 326 628
1346 4 2 1 1 547 580 512 663
1347 4 2 1 1 254 537 253 619
1348 4 2 1 1 523 539 512 657
1349 4 2 1 1 496 539 523 657
1350 4 2 1 1 513 495 548 642
1351 4 2 1 1 353 571 611 639
1352 4 2 1 1 119 570 509 586
1353 4 2 1 1 386 591 511 621
1354 4 2 1 1 559 577 490 589
1355 4 2 1 1 490 551 528 658
1356 4 2 1 1 537 540 495 653
1357 4 2 1 1 514 531 553 620
1358 4 2 1 1 490 516 577 596
1359 4 2 1 1 492 570 519 571
1360 4 2 1 1 318 341 519 576
1361 4 2 1 1 504 544 561 675
1362 4 2 1 1 187 211 522 529
1363 4 2 1 1 490 531 536 645
1364 4 2 1 1 310 633 549 635
1365 4 2 1 1 127 115 530 570
1366 4 2 1 1 550 631 244 636
1367 4 2 1 1 498 613 554 629
1368 4 2 1 1 387 591 386 621
1369 4 2 1 1 505 611 571 639
1370 4 2 1 1 124 505 571 598
1371 4 2 1 1 523 656 502 678
1372 4 2 1 1 169 365 194 581
1373 4 2 1 1 343 326 324 628
1374 4 2 1 1 260 560 572 609
1375 4 2 1 1 564 601 504 630
1376 4 2 1 1 450 554 445 561
1377 4 2 1 1 271 472 461 660
1378 4 2 1 1 555 602 509 672
1379 4 2 1 1 387 621 357 641
1380 4 2 1 1 509 570 119 602
1381 4 2 1 1 502 549 547 635
1382 4 2 1 1 506 582 280 623
1383 4 2 1 1 501 546 525 665
1384 4 2 1 1 500 555 527 556
1385 4 2 1 1 495 529 513 668
1386 4 2 1 1 523 502 539 678
1387 4 2 1 1 542 548 510 631
1388 4 2 1 1 497 622 545 644
1389 4 2 1 1 205 164 562 647
1390 4 2 1 1 469 562 428 647
1391 4 2 1 1 240 541 548 642
1392 4 2 1 1 548 550 503 636
1393 4 2 1 1 386 511 591 594
1394 4 2 1 1 535 613 498 629
1395 4 2 1 1 194 365 396 581
1396 4 2 1 1 510 537 495 653
1397 4 2 1 1 240 239 241 541
1398 4 2 1 1 429 475 473 655
1399 4 2 1 1 556 575 493 600
1400 4 2 1 1 497 573 545 622
1401 4 2 1 1 575 586 509 618
1402 4 2 1 1 502 523 539 547
1403 4 2 1 1 260 572 261 609
1404 4 2 1 1 494 574 511 591
1405 4 2 1 1 527 555 509 556
1406 4 2 1 1 502 534 549 603
1407 4 2 1 1 468 526 565 660
1408 4 2 1 1 498 554 532 675
1409 4 2 1 1 197 526 267 579
1410 4 2 1 1 590 640 507 673
1411 4 2 1 1 498 532 551 675
1412 4 2 1 1 533 542 524 673
1413 4 2 1 1 445 561 554 585
1414 4 2 1 1 388 391 576 593
1415 4 2 1 1 524 525 501 644
1416 4 2 1 1 342 316 576 639
1417 4 2 1 1 468 565 461 660
1418 4 2 1 1 296 163 198 580
1419 4 2 1 1 299 168 333 521
1420 4 2 1 1 138 139 116 564
1421 4 2 1 1 580 632 512 651
1422 4 2 1 1 549 603 534 649
1423 4 2 1 1 513 529 495 642
1424 4 2 1 1 249 280 287 623
1425 4 2 1 1 167 199 573 660
1426 4 2 1 1 468 431 573 660
1427 4 2 1 1 554 572 448 613
1428 4 2 1 1 241 548 541 636
1429 4 2 1 1 334 571 149 611
1430 4 2 1 1 275 252 517 578
1431 4 2 1 1 459 601 485 681
1432 4 2 1 1 489 527 563 648
1433 4 2 1 1 209 529 230 581
1434 4 2 1 1 513 495 558 673
1435 4 2 1 1 490 531 645 658
1436 4 2 1 1 509 602 575 672
1437 4 2 1 1 496 546 657 665
1438 4 2 1 1 205 207 164 647
1439 4 2 1 1 469 428 470 647
1440 4 2 1 1 489 563 645 661
1441 4 2 1 1 552 563 493 646
1442 4 2 1 1 549 633 547 635
1443 4 2 1 1 491 515 560 572
1444 4 2 1 1 498 620 538 629
1445 4 2 1 1 511 549 534 649
1446 4 2 1 1 523 652 665 682
1447 4 2 1 1 548 631 550 636
1448 4 2 1 1 566 599 507 682
1449 4 2 1 1 177 557 632 637
1450 4 2 1 1 114 586 134 618
1451 4 2 1 1 190 632 580 651
1452 4 2 1 1 263 565 526 660
1453 4 2 1 1 355 567 521 657
1454 4 2 1 1 97 132 144 571
1455 4 2 1 1 501 525 524 652
1456 4 2 1 1 371 370 540 625
1457 4 2 1 1 124 127 135 571
1458 4 2 1 1 499 563 552 595
1459 4 2 1 1 494 533 523 682
1460 4 2 1 1 493 569 552 646
1461 4 2 1 1 614 657 546 665
1462 4 2 1 1 491 561 544 675
1463 4 2 1 1 427 460 474 577
1464 4 2 1 1 240 239 541 642
1465 4 2 1 1 564 596 490 658
1466 4 2 1 1 498 553 620 629
1467 4 2 1 1 509 570 555 680
1468 4 2 1 1 523 533 652 682
1469 4 2 1 1 469 521 562 647
1470 4 2 1 1 515 491 554 572
1471 4 2 1 1 167 170 462 573
1472 4 2 1 1 186 529 640 668
1473 4 2 1 1 492 555 570 680
1474 4 2 1 1 518 494 566 591
1475 4 2 1 1 492 570 555 593
1476 4 2 1 1 491 560 532 664
1477 4 2 1 1 312 587 346 589
1478 4 2 1 1 136 544 109 608
1479 4 2 1 1 275 517 252 683
1480 4 2 1 1 204 562 597 638
1481 4 2 1 1 324 514 577 624
1482 4 2 1 1 475 572 561 615
1483 4 2 1 1 494 518 566 599
1484 4 2 1 1 489 527 648 667
1485 4 2 1 1 554 561 450 572
1486 4 2 1 1 529 548 495 642
1487 4 2 1 1 143 99 145 683
1488 4 2 1 1 237 626 513 642
1489 4 2 1 1 117 616 148 662
1490 4 2 1 1 358 522 370 607
1491 4 2 1 1 517 569 252 683
1492 4 2 1 1 139 516 564 666
1493 4 2 1 1 125 570 144 654
1494 4 2 1 1 496 546 614 657
1495 4 2 1 1 171 573 622 638
1496 4 2 1 1 473 272 231 655
1497 4 2 1 1 538 562 508 643
1498 4 2 1 1 112 586 552 608
1499 4 2 1 1 469 562 521 583
1500 4 2 1 1 493 517 569 578
1501 4 2 1 1 505 598 124 611
1502 4 2 1 1 542 646 550 670
1503 4 2 1 1 442 554 613 629
1504 4 2 1 1 531 553 498 658
1505 4 2 1 1 318 298 341 576
1506 4 2 1 1 276 569 252 578
1507 4 2 1 1 498 525 531 645
1508 4 2 1 1 163 210 198 580
1509 4 2 1 1 494 523 665 682
1510 4 2 1 1 504 561 544 610
1511 4 2 1 1 498 532 525 645
1512 4 2 1 1 383 555 378 672
1513 4 2 1 1 503 550 542 646
1514 4 2 1 1 503 532 560 664
1515 4 2 1 1 254 253 227 619
1516 4 2 1 1 468 565 526 606
1517 4 2 1 1 533 534 523 652
1518 4 2 1 1 497 605 565 627
1519 4 2 1 1 384 390 578 600
1520 4 2 1 1 213 521 189 584
1521 4 2 1 1 527 500 556 670
1522 4 2 1 1 387 386 357 621
1523 4 2 1 1 513 558 644 673
1524 4 2 1 1 521 496 562 614
1525 4 2 1 1 508 562 546 638
1526 4 2 1 1 520 615 475 655
1527 4 2 1 1 552 595 563 646
1528 4 2 1 1 267 526 289 579
1529 4 2 1 1 500 594 543 649
1530 4 2 1 1 412 537 360 653
1531 4 2 1 1 399 600 575 672
1532 4 2 1 1 143 229 99 683
1533 4 2 1 1 131 264 520 582
1534 4 2 1 1 124 571 505 611
1535 4 2 1 1 197 233 267 526
1536 4 2 1 1 451 450 445 561
1537 4 2 1 1 518 494 580 599
1538 4 2 1 1 504 551 544 675
1539 4 2 1 1 475 520 572 615
1540 4 2 1 1 537 619 510 631
1541 4 2 1 1 383 593 555 672
1542 4 2 1 1 456 448 572 613
1543 4 2 1 1 427 297 460 577
1544 4 2 1 1 355 521 333 584
1545 4 2 1 1 209 165 230 529
1546 4 2 1 1 381 371 370 540
1547 4 2 1 1 264 290 520 582
1548 4 2 1 1 378 555 383 593
1549 4 2 1 1 632 637 557 665
1550 4 2 1 1 592 619 510 653
1551 4 2 1 1 374 591 543 594
1552 4 2 1 1 537 619 360 653
1553 4 2 1 1 342 519 318 571
1554 4 2 1 1 279 395 235 537
1555 4 2 1 1 125 127 144 570
1556 4 2 1 1 475 572 520 655
1557 4 2 1 1 468 573 526 660
1558 4 2 1 1 491 532 554 675
1559 4 2 1 1 525 652 523 656
1560 4 2 1 1 275 232 252 578
1561 4 2 1 1 496 521 562 583
1562 4 2 1 1 495 542 533 673
1563 4 2 1 1 511 591 574 621
1564 4 2 1 1 277 605 560 636
1565 4 2 1 1 501 665 652 682
1566 4 2 1 1 187 186 211 529
1567 4 2 1 1 561 572 520 615
1568 4 2 1 1 463 597 562 643
1569 4 2 1 1 496 531 523 678
1570 4 2 1 1 526 497 565 627
1571 4 2 1 1 531 645 525 656
1572 4 2 1 1 139 568 516 612
1573 4 2 1 1 390 619 592 653
1574 4 2 1 1 272 261 231 655
1575 4 2 1 1 491 551 532 675
1576 4 2 1 1 144 570 519 654
1577 4 2 1 1 526 573 199 660
1578 4 2 1 1 204 597 172 638
1579 4 2 1 1 523 652 525 665
1580 4 2 1 1 176 632 546 637
1581 4 2 1 1 331 589 346 611
1582 4 2 1 1 495 529 522 537
1583 4 2 1 1 552 646 569 676
1584 4 2 1 1 353 571 334 611
1585 4 2 1 1 508 573 535 643
1586 4 2 1 1 322 321 332 580
1587 4 2 1 1 454 479 577 624
1588 4 2 1 1 235 537 395 581
1589 4 2 1 1 353 346 315 639
1590 4 2 1 1 295 132 97 571
1591 4 2 1 1 505 589 587 650
1592 4 2 1 1 177 632 176 637
1593 4 2 1 1 340 567 355 657
1594 4 2 1 1 512 657 614 665
1595 4 2 1 1 456 572 515 613
1596 4 2 1 1 299 333 355 521
1597 4 2 1 1 489 652 525 656
1598 4 2 1 1 329 521 355 567
1599 4 2 1 1 490 553 531 658
1600 4 2 1 1 511 594 386 621
1601 4 2 1 1 525 645 489 656
1602 4 2 1 1 495 640 558 673
1603 4 2 1 1 529 537 256 581
1604 4 2 1 1 310 335 633 635
1605 4 2 1 1 109 608 544 630
1606 4 2 1 1 269 244 631 636
1607 4 2 1 1 507 566 543 625
1608 4 2 1 1 500 527 555 649
1609 4 2 1 1 229 252 569 683
1610 4 2 1 1 525 652 501 665
1611 4 2 1 1 205 562 521 647
1612 4 2 1 1 506 646 552 676
1613 4 2 1 1 323 577 479 624
1614 4 2 1 1 552 569 493 618
1615 4 2 1 1 528 499 551 679
1616 4 2 1 1 106 564 138 630
1617 4 2 1 1 468 461 472 660
1618 4 2 1 1 158 125 144 654
1619 4 2 1 1 560 605 541 636
1620 4 2 1 1 258 515 605 659
1621 4 2 1 1 539 547 512 663
1622 4 2 1 1 381 370 402 522
1623 4 2 1 1 388 386 594 621
1624 4 2 1 1 533 543 507 682
1625 4 2 1 1 149 571 124 611
1626 4 2 1 1 534 649 603 667
1627 4 2 1 1 254 255 253 537
1628 4 2 1 1 145 517 569 618
1629 4 2 1 1 563 595 551 664
1630 4 2 1 1 557 590 181 599
1631 4 2 1 1 379 600 399 672
1632 4 2 1 1 522 607 220 640
1633 4 2 1 1 374 386 591 594
1634 4 2 1 1 340 305 539 657
1635 4 2 1 1 289 267 233 526
1636 4 2 1 1 582 148 616 662
1637 4 2 1 1 213 168 189 521
1638 4 2 1 1 527 648 500 670
1639 4 2 1 1 145 618 569 676
1640 4 2 1 1 511 594 593 649
1641 4 2 1 1 208 233 197 660
1642 4 2 1 1 304 305 657 663
1643 4 2 1 1 566 607 397 625
1644 4 2 1 1 547 633 335 635
1645 4 2 1 1 450 448 554 572
1646 4 2 1 1 379 556 600 672
1647 4 2 1 1 466 613 535 629
1648 4 2 1 1 493 550 646 670
1649 4 2 1 1 549 587 310 635
1650 4 2 1 1 340 304 305 657
1651 4 2 1 1 533 542 500 648
1652 4 2 1 1 269 631 548 636
1653 4 2 1 1 442 613 466 629
1654 4 2 1 1 513 617 622 644
1655 4 2 1 1 244 588 550 636
1656 4 2 1 1 468 526 573 606
1657 4 2 1 1 544 561 491 610
1658 4 2 1 1 493 646 542 670
1659 4 2 1 1 545 573 508 638
1660 4 2 1 1 528 544 499 608
1661 4 2 1 1 528 564 504 630
1662 4 2 1 1 369 397 607 625
1663 4 2 1 1 454 577 514 624
1664 4 2 1 1 252 569 517 578
1665 4 2 1 1 395 360 412 537
1666 4 2 1 1 469 583 521 604
1667 4 2 1 1 546 637 632 665
1668 4 2 1 1 106 129 138 564
1669 4 2 1 1 115 570 119 586
1670 4 2 1 1 494 665 557 682
1671 4 2 1 1 506 569 646 676
1672 4 2 1 1 402 537 522 581
1673 4 2 1 1 177 590 557 637
1674 4 2 1 1 492 549 576 649
1675 4 2 1 1 456 613 515 659
1676 4 2 1 1 475 561 487 615
1677 4 2 1 1 474 577 516 596
1678 4 2 1 1 389 593 420 654
1679 4 2 1 1 435 597 463 643
1680 4 2 1 1 117 148 610 662
1681 4 2 1 1 527 649 500 667
1682 4 2 1 1 233 526 197 660
1683 4 2 1 1 117 544 616 662
1684 4 2 1 1 510 600 592 670
1685 4 2 1 1 494 599 566 682
1686 4 2 1 1 442 585 554 629
1687 4 2 1 1 522 529 211 581
1688 4 2 1 1 273 209 230 581
1689 4 2 1 1 231 261 260 572
1690 4 2 1 1 593 602 420 654
1691 4 2 1 1 544 551 491 675
1692 4 2 1 1 167 199 170 573
1693 4 2 1 1 468 431 462 573
1694 4 2 1 1 176 546 175 637
1695 4 2 1 1 545 622 617 644
1696 4 2 1 1 493 527 556 670
1697 4 2 1 1 491 572 560 609
1698 4 2 1 1 573 606 535 643
1699 4 2 1 1 276 247 249 569
1700 4 2 1 1 527 500 648 667
1701 4 2 1 1 497 526 565 606
1702 4 2 1 1 535 538 508 643
1703 4 2 1 1 115 135 127 530
1704 4 2 1 1 498 645 531 658
1705 4 2 1 1 342 316 318 576
1706 4 2 1 1 353 354 571 639
1707 4 2 1 1 223 187 211 522
1708 4 2 1 1 401 390 592 653
1709 4 2 1 1 551 563 499 595
1710 4 2 1 1 527 586 509 680
1711 4 2 1 1 539 657 305 663
1712 4 2 1 1 469 604 521 647
1713 4 2 1 1 491 532 551 664
1714 4 2 1 1 502 531 559 678
1715 4 2 1 1 385 575 399 600
1716 4 2 1 1 117 137 148 616
1717 4 2 1 1 515 572 456 659
1718 4 2 1 1 353 315 354 639
1719 4 2 1 1 558 640 590 673
1720 4 2 1 1 575 600 556 672
1721 4 2 1 1 276 252 250 578
1722 4 2 1 1 530 570 115 586
1723 4 2 1 1 248 550 578 631
1724 4 2 1 1 493 517 575 618
1725 4 2 1 1 293 621 574 641
1726 4 2 1 1 499 586 527 680
1727 4 2 1 1 277 242 605 636
1728 4 2 1 1 515 606 565 613
1729 4 2 1 1 555 593 378 594
1730 4 2 1 1 475 451 487 561
1731 4 2 1 1 223 522 211 581
1732 4 2 1 1 491 551 544 595
1733 4 2 1 1 502 559 635 678
1734 4 2 1 1 142 131 234 655
1735 4 2 1 1 493 563 542 646
1736 4 2 1 1 314 576 549 633
1737 4 2 1 1 504 610 544 630
1738 4 2 1 1 531 502 559 650
1739 4 2 1 1 266 230 236 529
1740 4 2 1 1 336 295 318 519
1741 4 2 1 1 517 493 575 600
1742 4 2 1 1 499 544 551 595
1743 4 2 1 1 536 551 499 679
1744 4 2 1 1 514 620 454 624
1745 4 2 1 1 492 555 527 649
1746 4 2 1 1 324 577 323 624
1747 4 2 1 1 434 195 164 562
1748 4 2 1 1 434 164 428 562
1749 4 2 1 1 542 550 510 670
1750 4 2 1 1 498 551 532 645
1751 4 2 1 1 474 666 516 674
1752 4 2 1 1 148 582 520 610
1753 4 2 1 1 490 531 559 650
1754 4 2 1 1 501 557 637 665
1755 4 2 1 1 523 534 502 656
1756 4 2 1 1 379 592 382 600
1757 4 2 1 1 279 235 254 537
1758 4 2 1 1 506 662 595 664
1759 4 2 1 1 402 522 396 581
1760 4 2 1 1 528 551 504 658
1761 4 2 1 1 378 383 389 593
1762 4 2 1 1 497 526 573 622
1763 4 2 1 1 494 543 533 682
1764 4 2 1 1 614 632 512 665
1765 4 2 1 1 543 591 511 594
1766 4 2 1 1 382 401 390 592
1767 4 2 1 1 114 552 586 618
1768 4 2 1 1 516 577 327 589
1769 4 2 1 1 398 388 386 594
1770 4 2 1 1 499 552 586 608
1771 4 2 1 1 430 129 459 564
1772 4 2 1 1 430 98 129 564
1773 4 2 1 1 394 519 408 671
1774 4 2 1 1 304 340 355 657
1775 4 2 1 1 439 466 535 629
1776 4 2 1 1 358 396 370 522
1777 4 2 1 1 533 648 534 652
1778 4 2 1 1 376 373 400 634
1779 4 2 1 1 419 399 575 672
1780 4 2 1 1 493 578 550 670
1781 4 2 1 1 257 572 260 659
1782 4 2 1 1 256 537 254 581
1783 4 2 1 1 495 524 542 673
1784 4 2 1 1 136 109 112 608
1785 4 2 1 1 569 618 552 676
1786 4 2 1 1 559 587 312 589
1787 4 2 1 1 131 520 148 582
1788 4 2 1 1 318 519 295 571
1789 4 2 1 1 524 652 533 673
1790 4 2 1 1 183 545 173 622
1791 4 2 1 1 509 555 527 680
1792 4 2 1 1 429 572 257 659
1793 4 2 1 1 145 569 99 676
1794 4 2 1 1 451 450 561 572
1795 4 2 1 1 402 537 412 653
1796 4 2 1 1 137 582 148 616
1797 4 2 1 1 518 580 210 599
1798 4 2 1 1 496 523 539 678
1799 4 2 1 1 492 603 549 649
1800 4 2 1 1 293 357 621 641
1801 4 2 1 1 628 635 559 678
1802 4 2 1 1 467 565 613 659
1803 4 2 1 1 497 573 526 606
1804 4 2 1 1 523 531 656 678
1805 4 2 1 1 109 544 107 630
1806 4 2 1 1 365 402 396 581
1807 4 2 1 1 355 521 584 657
1808 4 2 1 1 527 555 492 680
1809 4 2 1 1 544 608 528 630
1810 4 2 1 1 376 400 592 634
1811 4 2 1 1 171 172 597 638
1812 4 2 1 1 374 373 375 634
1813 4 2 1 1 531 536 502 650
1814 4 2 1 1 474 488 666 674
1815 4 2 1 1 368 166 196 566
1816 4 2 1 1 368 362 166 566
1817 4 2 1 1 450 456 448 572
1818 4 2 1 1 117 610 544 662
1819 4 2 1 1 582 610 148 662
1820 4 2 1 1 230 529 256 581
1821 4 2 1 1 504 601 564 681
1822 4 2 1 1 402 412 381 653
1823 4 2 1 1 514 624 324 628
1824 4 2 1 1 359 130 393 602
1825 4 2 1 1 359 95 130 602
1826 4 2 1 1 576 593 492 649
1827 4 2 1 1 210 518 669 677
1828 4 2 1 1 526 579 197 622
1829 4 2 1 1 556 592 379 600
1830 4 2 1 1 493 550 569 646
1831 4 2 1 1 254 537 235 581
1832 4 2 1 1 451 561 475 572
1833 4 2 1 1 248 550 250 578
1834 4 2 1 1 503 542 563 646
1835 4 2 1 1 231 257 429 572
1836 4 2 1 1 143 270 229 683
1837 4 2 1 1 210 669 224 677
1838 4 2 1 1 467 565 606 613
1839 4 2 1 1 211 529 209 581
1840 4 2 1 1 231 260 257 572
1841 4 2 1 1 491 520 572 609
1842 4 2 1 1 171 597 573 638
1843 4 2 1 1 353 354 334 571
1844 4 2 1 1 235 395 406 581
1845 4 2 1 1 183 173 171 622
1846 4 2 1 1 329 355 340 567
1847 4 2 1 1 177 176 175 637
1848 4 2 1 1 489 534 648 652
1849 4 2 1 1 287 280 582 623
1850 4 2 1 1 504 601 610 630
1851 4 2 1 1 316 549 314 576
1852 4 2 1 1 516 612 327 674
1853 4 2 1 1 549 576 316 639
1854 4 2 1 1 263 565 259 627
1855 4 2 1 1 545 546 501 637
1856 4 2 1 1 374 375 594 634
1857 4 2 1 1 115 111 530 586
1858 4 2 1 1 511 574 547 633
1859 4 2 1 1 256 255 254 537
1860 4 2 1 1 503 542 524 661
1861 4 2 1 1 214 197 579 622
1862 4 2 1 1 546 632 614 665
1863 4 2 1 1 492 549 603 639
1864 4 2 1 1 228 262 426 565
1865 4 2 1 1 513 548 541 642
1866 4 2 1 1 266 255 256 529
1867 4 2 1 1 255 529 266 642
1868 4 2 1 1 359 128 95 575
1869 4 2 1 1 128 359 392 575
1870 4 2 1 1 356 327 589 612
1871 4 2 1 1 511 593 576 649
1872 4 2 1 1 511 576 549 649
1873 4 2 1 1 340 539 567 657
1874 4 2 1 1 490 536 531 650
1875 4 2 1 1 229 270 252 683
1876 4 2 1 1 550 588 569 646
1877 4 2 1 1 342 318 295 571
1878 4 2 1 1 531 502 656 678
1879 4 2 1 1 374 380 543 591
1880 4 2 1 1 322 574 518 641
1881 4 2 1 1 229 99 569 623
1882 4 2 1 1 535 606 437 643
1883 4 2 1 1 385 418 399 575
1884 4 2 1 1 565 605 259 627
1885 4 2 1 1 596 658 564 681
1886 4 2 1 1 500 534 533 648
1887 4 2 1 1 502 536 531 656
1888 4 2 1 1 540 592 510 653
1889 4 2 1 1 570 602 593 654
1890 4 2 1 1 509 575 556 672
1891 4 2 1 1 476 429 257 659
1892 4 2 1 1 185 566 221 599
1893 4 2 1 1 467 565 478 606
1894 4 2 1 1 370 369 607 625
1895 4 2 1 1 528 568 116 598
1896 4 2 1 1 229 268 99 623
1897 4 2 1 1 409 578 517 600
1898 4 2 1 1 304 355 584 657
1899 4 2 1 1 326 577 559 589
1900 4 2 1 1 519 492 576 593
1901 4 2 1 1 491 520 561 572
1902 4 2 1 1 419 399 418 575
1903 4 2 1 1 134 156 154 575
1904 4 2 1 1 590 673 507 682
1905 4 2 1 1 516 589 327 612
1906 4 2 1 1 256 254 235 581
1907 4 2 1 1 526 622 497 627
1908 4 2 1 1 436 606 573 643
1909 4 2 1 1 508 597 562 638
1910 4 2 1 1 395 537 402 581
1911 4 2 1 1 436 597 435 643
1912 4 2 1 1 436 573 597 643
1913 4 2 1 1 401 619 390 653
1914 4 2 1 1 499 544 595 616
1915 4 2 1 1 421 517 575 600
1916 4 2 1 1 109 136 107 544
1917 4 2 1 1 533 507 673 682
1918 4 2 1 1 499 595 552 616
1919 4 2 1 1 379 385 399 600
1920 4 2 1 1 539 502 635 678
1921 4 2 1 1 265 582 280 609
1922 4 2 1 1 436 437 606 643
1923 4 2 1 1 507 607 522 640
1924 4 2 1 1 514 583 567 678
1925 4 2 1 1 148 520 133 610
1926 4 2 1 1 408 519 422 671
1927 4 2 1 1 230 256 273 581
1928 4 2 1 1 209 211 165 529
1929 4 2 1 1 521 562 205 614
1930 4 2 1 1 280 588 246 609
1931 4 2 1 1 499 530 586 680
1932 4 2 1 1 200 220 607 640
1933 4 2 1 1 148 131 133 520
1934 4 2 1 1 310 549 313 587
1935 4 2 1 1 422 519 408 593
1936 4 2 1 1 112 114 552 586
1937 4 2 1 1 247 550 244 588
1938 4 2 1 1 374 386 380 591
1939 4 2 1 1 465 485 601 681
1940 4 2 1 1 445 554 442 585
1941 4 2 1 1 95 154 156 575
1942 4 2 1 1 418 359 419 575
1943 4 2 1 1 203 617 579 626
1944 4 2 1 1 502 587 549 635
1945 4 2 1 1 444 441 553 585
1946 4 2 1 1 340 567 539 628
1947 4 2 1 1 452 454 620 624
1948 4 2 1 1 307 547 635 663
1949 4 2 1 1 550 588 503 636
1950 4 2 1 1 504 601 561 610
1951 4 2 1 1 531 514 559 678
1952 4 2 1 1 557 590 501 637
1953 4 2 1 1 168 521 299 647
1954 4 2 1 1 115 113 111 586
1955 4 2 1 1 517 493 569 618
1956 4 2 1 1 321 547 574 633
1957 4 2 1 1 263 526 565 627
1958 4 2 1 1 261 290 520 655
1959 4 2 1 1 185 221 566 607
1960 4 2 1 1 204 205 562 614
1961 4 2 1 1 459 129 425 601
1962 4 2 1 1 129 94 425 601
1963 4 2 1 1 578 600 510 670
1964 4 2 1 1 515 572 554 613
1965 4 2 1 1 304 657 584 663
1966 4 2 1 1 469 463 562 583
1967 4 2 1 1 248 578 251 631
1968 4 2 1 1 397 403 566 591
1969 4 2 1 1 157 575 517 618
1970 4 2 1 1 515 613 565 659
1971 4 2 1 1 439 442 466 629
1972 4 2 1 1 139 612 516 674
1973 4 2 1 1 490 650 568 679
1974 4 2 1 1 520 491 561 610
1975 4 2 1 1 490 568 528 679
1976 4 2 1 1 493 600 578 670
1977 4 2 1 1 493 517 578 600
1978 4 2 1 1 180 178 558 590
1979 4 2 1 1 314 317 576 633
1980 4 2 1 1 111 586 112 608
1981 4 2 1 1 522 537 529 581
1982 4 2 1 1 181 557 177 590
1983 4 2 1 1 139 516 666 674
1984 4 2 1 1 500 592 540 634
1985 4 2 1 1 321 335 547 633
1986 4 2 1 1 492 603 649 667
1987 4 2 1 1 255 548 269 631
1988 4 2 1 1 288 569 249 623
1989 4 2 1 1 569 623 99 676
1990 4 2 1 1 113 115 119 586
1991 4 2 1 1 491 561 554 572
1992 4 2 1 1 562 597 508 643
1993 4 2 1 1 307 547 335 635
1994 4 2 1 1 543 594 500 634
1995 4 2 1 1 536 667 603 679
1996 4 2 1 1 341 318 519 671
1997 4 2 1 1 199 526 197 622
1998 4 2 1 1 530 505 603 679
1999 4 2 1 1 127 125 115 570
2000 4 2 1 1 445 465 451 561
2001 4 2 1 1 269 548 241 636
2002 4 2 1 1 494 518 574 591
2003 4 2 1 1 175 637 546 638
2004 4 2 1 1 260 261 285 609
2005 4 2 1 1 554 585 498 629
2006 4 2 1 1 573 597 508 638
2007 4 2 1 1 491 610 520 662
2008 4 2 1 1 165 626 529 668
2009 4 2 1 1 492 519 570 593
2010 4 2 1 1 498 538 535 629
2011 4 2 1 1 214 199 197 622
2012 4 2 1 1 146 99 268 623
2013 4 2 1 1 489 534 652 656
2014 4 2 1 1 557 590 599 682
2015 4 2 1 1 490 516 568 589
2016 4 2 1 1 510 550 578 670
2017 4 2 1 1 566 591 403 669
2018 4 2 1 1 345 411 293 641
2019 4 2 1 1 535 439 629 643
2020 4 2 1 1 300 327 612 674
2021 4 2 1 1 446 538 583 620
2022 4 2 1 1 533 501 652 682
2023 4 2 1 1 293 574 320 641
2024 4 2 1 1 491 551 595 664
2025 4 2 1 1 195 562 434 597
2026 4 2 1 1 421 575 385 600
2027 4 2 1 1 210 224 198 677
2028 4 2 1 1 371 400 373 540
2029 4 2 1 1 504 564 658 681
2030 4 2 1 1 587 589 559 650
2031 4 2 1 1 340 539 308 628
2032 4 2 1 1 111 113 112 586
2033 4 2 1 1 569 588 506 646
2034 4 2 1 1 313 549 316 639
2035 4 2 1 1 139 123 568 612
2036 4 2 1 1 474 460 488 674
2037 4 2 1 1 110 528 116 598
2038 4 2 1 1 426 262 461 565
2039 4 2 1 1 541 605 497 627
2040 4 2 1 1 329 521 567 604
2041 4 2 1 1 191 185 221 599
2042 4 2 1 1 239 242 541 627
2043 4 2 1 1 406 395 402 581
2044 4 2 1 1 201 181 193 557
2045 4 2 1 1 371 540 373 625
2046 4 2 1 1 568 589 505 650
2047 4 2 1 1 510 619 537 653
2048 4 2 1 1 122 124 598 611
2049 4 2 1 1 111 530 586 608
2050 4 2 1 1 411 357 293 641
2051 4 2 1 1 502 547 539 635
2052 4 2 1 1 372 373 543 625
2053 4 2 1 1 518 403 669 677
2054 4 2 1 1 445 443 465 585
2055 4 2 1 1 541 548 503 636
2056 4 2 1 1 506 595 552 646
2057 4 2 1 1 336 519 318 671
2058 4 2 1 1 261 234 290 655
2059 4 2 1 1 421 517 409 683
2060 4 2 1 1 487 561 484 615
2061 4 2 1 1 242 605 541 627
2062 4 2 1 1 452 620 583 624
2063 4 2 1 1 546 501 637 665
2064 4 2 1 1 379 556 376 592
2065 4 2 1 1 446 440 538 620
2066 4 2 1 1 492 649 527 667
2067 4 2 1 1 263 259 274 627
2068 4 2 1 1 108 528 110 608
2069 4 2 1 1 344 361 298 576
2070 4 2 1 1 154 134 575 618
2071 4 2 1 1 177 178 590 637
2072 4 2 1 1 375 555 378 594
2073 4 2 1 1 513 579 617 626
2074 4 2 1 1 193 557 181 599
2075 4 2 1 1 518 641 403 677
2076 4 2 1 1 388 391 361 576
2077 4 2 1 1 445 450 448 554
2078 4 2 1 1 561 601 484 615
2079 4 2 1 1 110 108 116 528
2080 4 2 1 1 199 573 526 622
2081 4 2 1 1 373 374 372 543
2082 4 2 1 1 561 585 504 675
2083 4 2 1 1 553 585 441 629
2084 4 2 1 1 593 594 555 649
2085 4 2 1 1 502 534 603 667
2086 4 2 1 1 116 139 123 568
2087 4 2 1 1 424 170 160 573
2088 4 2 1 1 519 593 422 654
2089 4 2 1 1 508 597 573 643
2090 4 2 1 1 305 308 340 539
2091 4 2 1 1 352 624 567 628
2092 4 2 1 1 521 604 329 647
2093 4 2 1 1 520 582 290 609
2094 4 2 1 1 491 544 610 662
2095 4 2 1 1 437 439 466 535
2096 4 2 1 1 249 247 245 588
2097 4 2 1 1 505 589 568 611
2098 4 2 1 1 175 173 637 638
2099 4 2 1 1 325 567 352 624
2100 4 2 1 1 521 496 567 583
2101 4 2 1 1 259 605 565 659
2102 4 2 1 1 332 303 651 663
2103 4 2 1 1 144 519 132 671
2104 4 2 1 1 407 409 517 683
2105 4 2 1 1 175 546 174 638
2106 4 2 1 1 278 232 363 578
2107 4 2 1 1 554 585 561 675
2108 4 2 1 1 567 583 496 678
2109 4 2 1 1 438 440 439 538
2110 4 2 1 1 319 574 293 621
2111 4 2 1 1 446 440 438 538
2112 4 2 1 1 309 587 559 635
2113 4 2 1 1 484 487 451 561
2114 4 2 1 1 560 588 243 636
2115 4 2 1 1 437 439 535 643
2116 4 2 1 1 204 562 195 597
2117 4 2 1 1 464 457 444 553
2118 4 2 1 1 434 562 463 597
2119 4 2 1 1 424 573 160 597
2120 4 2 1 1 307 306 547 663
2121 4 2 1 1 545 637 173 638
2122 4 2 1 1 486 564 459 681
2123 4 2 1 1 363 384 390 578
2124 4 2 1 1 178 558 590 637
2125 4 2 1 1 507 607 566 625
2126 4 2 1 1 438 538 439 643
2127 4 2 1 1 290 261 520 609
2128 4 2 1 1 175 176 174 546
2129 4 2 1 1 248 250 251 578
2130 4 2 1 1 440 439 538 629
2131 4 2 1 1 332 651 580 663
2132 4 2 1 1 134 113 119 586
2133 4 2 1 1 451 475 450 572
2134 4 2 1 1 443 445 442 585
2135 4 2 1 1 539 635 628 678
2136 4 2 1 1 579 617 203 622
2137 4 2 1 1 523 652 534 656
2138 4 2 1 1 179 200 185 590
2139 4 2 1 1 441 585 442 629
2140 4 2 1 1 588 506 646 664
2141 4 2 1 1 444 553 457 596
2142 4 2 1 1 274 259 605 627
2143 4 2 1 1 466 447 535 613
2144 4 2 1 1 179 185 181 590
2145 4 2 1 1 444 443 441 585
2146 4 2 1 1 154 121 134 618
2147 4 2 1 1 384 578 363 600
2148 4 2 1 1 240 548 255 642
2149 4 2 1 1 243 277 560 636
2150 4 2 1 1 109 108 110 608
2151 4 2 1 1 188 584 632 651
2152 4 2 1 1 180 179 178 590
2153 4 2 1 1 496 521 567 657
2154 4 2 1 1 337 329 604 647
2155 4 2 1 1 312 559 309 587
2156 4 2 1 1 179 181 177 590
2157 4 2 1 1 246 243 560 588
2158 4 2 1 1 467 426 478 565
2159 4 2 1 1 316 314 317 576
2160 4 2 1 1 384 379 382 600
2161 4 2 1 1 352 324 624 628
2162 4 2 1 1 306 321 335 547
2163 4 2 1 1 196 368 566 607
2164 4 2 1 1 255 240 269 548
2165 4 2 1 1 177 178 179 590
2166 4 2 1 1 359 128 34 95
2167 4 2 1 1 392 128 34 359
2168 4 2 1 1 130 33 359 393
2169 4 2 1 1 95 33 359 130
2170 4 2 1 1 239 274 242 627
2171 4 2 1 1 388 576 361 621
2172 4 2 1 1 331 312 346 589
2173 4 2 1 1 518 403 591 669
2174 4 2 1 1 334 149 292 611
2175 4 2 1 1 538 629 439 643
2176 4 2 1 1 19 459 129 425
2177 4 2 1 1 425 129 19 94
2178 4 2 1 1 518 591 403 641
2179 4 2 1 1 378 377 555 634
2180 4 2 1 1 557 665 501 682
2181 4 2 1 1 202 173 545 637
2182 4 2 1 1 248 244 550 631
2183 4 2 1 1 310 314 549 633
2184 4 2 1 1 478 565 468 606
2185 4 2 1 1 246 588 560 609
2186 4 2 1 1 474 457 577 596
2187 4 2 1 1 441 443 442 585
2188 4 2 1 1 189 168 205 521
2189 4 2 1 1 447 437 535 606
2190 4 2 1 1 578 619 251 631
2191 4 2 1 1 518 591 566 669
2192 4 2 1 1 379 556 377 634
2193 4 2 1 1 310 307 335 635
2194 4 2 1 1 112 113 114 586
2195 4 2 1 1 317 621 576 633
2196 4 2 1 1 467 426 565 659
2197 4 2 1 1 244 269 241 636
2198 4 2 1 1 265 287 280 582
2199 4 2 1 1 107 544 610 630
2200 4 2 1 1 327 577 326 589
2201 4 2 1 1 444 585 553 681
2202 4 2 1 1 355 329 299 521
2203 4 2 1 1 164 434 48 195
2204 4 2 1 1 434 164 48 428
2205 4 2 1 1 458 484 601 615
2206 4 2 1 1 555 556 500 634
2207 4 2 1 1 390 363 578 619
2208 4 2 1 1 242 274 605 627
2209 4 2 1 1 299 521 329 647
2210 4 2 1 1 514 583 620 624
2211 4 2 1 1 351 327 326 589
2212 4 2 1 1 478 461 468 565
2213 4 2 1 1 319 574 621 633
2214 4 2 1 1 455 564 596 666
2215 4 2 1 1 447 606 535 613
2216 4 2 1 1 409 363 578 600
2217 4 2 1 1 111 135 530 598
2218 4 2 1 1 476 456 429 659
2219 4 2 1 1 202 175 173 637
2220 4 2 1 1 314 316 313 549
2221 4 2 1 1 499 586 530 608
2222 4 2 1 1 250 248 247 550
2223 4 2 1 1 304 584 303 663
2224 4 2 1 1 205 189 521 614
2225 4 2 1 1 437 466 447 535
2226 4 2 1 1 509 556 555 672
2227 4 2 1 1 258 605 259 659
2228 4 2 1 1 313 587 549 639
2229 4 2 1 1 111 598 530 608
2230 4 2 1 1 307 635 539 663
2231 4 2 1 1 189 584 521 614
2232 4 2 1 1 100 364 393 602
2233 4 2 1 1 118 112 552 616
2234 4 2 1 1 364 393 32 100
2235 4 2 1 1 368 166 60 196
2236 4 2 1 1 129 20 430 459
2237 4 2 1 1 362 166 60 368
2238 4 2 1 1 430 98 20 129
2239 4 2 1 1 378 555 375 634
2240 4 2 1 1 379 376 556 634
2241 4 2 1 1 546 637 545 638
2242 4 2 1 1 100 393 130 602
2243 4 2 1 1 322 641 518 677
2244 4 2 1 1 393 130 32 100
2245 4 2 1 1 314 313 310 549
2246 4 2 1 1 248 244 247 550
2247 4 2 1 1 182 546 176 632
2248 4 2 1 1 379 377 376 634
2249 4 2 1 1 465 585 443 681
2250 4 2 1 1 289 579 526 627
2251 4 2 1 1 367 421 409 683
2252 4 2 1 1 456 572 429 659
2253 4 2 1 1 134 114 113 586
2254 4 2 1 1 513 617 579 622
2255 4 2 1 1 356 300 327 612
2256 4 2 1 1 378 375 377 634
2257 4 2 1 1 294 479 423 624
2258 4 2 1 1 137 582 616 623
2259 4 2 1 1 307 306 335 547
2260 4 2 1 1 307 539 305 663
2261 4 2 1 1 191 181 185 599
2262 4 2 1 1 469 446 463 583
2263 4 2 1 1 240 241 269 548
2264 4 2 1 1 505 568 650 679
2265 4 2 1 1 595 646 506 664
2266 4 2 1 1 326 559 312 589
2267 4 2 1 1 520 609 491 662
2268 4 2 1 1 223 194 220 522
2269 4 2 1 1 180 590 558 640
2270 4 2 1 1 503 563 542 661
2271 4 2 1 1 519 654 422 671
2272 4 2 1 1 202 545 183 617
2273 4 2 1 1 512 632 584 651
2274 4 2 1 1 182 614 546 632
2275 4 2 1 1 263 289 233 526
2276 4 2 1 1 276 229 252 569
2277 4 2 1 1 323 479 294 624
2278 4 2 1 1 501 673 590 682
2279 4 2 1 1 539 635 547 663
2280 4 2 1 1 397 380 403 591
2281 4 2 1 1 263 289 526 627
2282 4 2 1 1 242 541 605 636
2283 4 2 1 1 115 111 135 530
2284 4 2 1 1 266 256 230 529
2285 4 2 1 1 95 156 130 602
2286 4 2 1 1 419 359 393 602
2287 4 2 1 1 489 648 534 667
2288 4 2 1 1 102 612 139 674
2289 4 2 1 1 421 409 517 600
2290 4 2 1 1 258 277 286 605
2291 4 2 1 1 375 555 594 634
2292 4 2 1 1 145 517 157 683
2293 4 2 1 1 376 592 556 634
2294 4 2 1 1 409 384 363 600
2295 4 2 1 1 105 610 601 630
2296 4 2 1 1 368 397 566 607
2297 4 2 1 1 311 310 313 587
2298 4 2 1 1 496 614 521 657
2299 4 2 1 1 245 247 244 588
2300 4 2 1 1 303 584 651 663
2301 4 2 1 1 554 561 491 675
2302 4 2 1 1 489 534 656 667
2303 4 2 1 1 133 615 520 655
2304 4 2 1 1 305 307 308 539
2305 4 2 1 1 374 380 372 543
2306 4 2 1 1 118 112 114 552
2307 4 2 1 1 567 583 514 624
2308 4 2 1 1 223 220 187 522
2309 4 2 1 1 402 395 412 537
2310 4 2 1 1 193 210 580 599
2311 4 2 1 1 76 426 228 262
2312 4 2 1 1 239 242 241 541
2313 4 2 1 1 370 396 402 522
2314 4 2 1 1 442 554 448 613
2315 4 2 1 1 114 134 121 618
2316 4 2 1 1 205 521 168 647
2317 4 2 1 1 157 517 145 618
2318 4 2 1 1 430 459 486 564
2319 4 2 1 1 426 228 565 659
2320 4 2 1 1 592 600 556 670
2321 4 2 1 1 309 559 628 635
2322 4 2 1 1 520 610 582 662
2323 4 2 1 1 351 326 312 589
2324 4 2 1 1 164 49 470 207
2325 4 2 1 1 174 176 182 546
2326 4 2 1 1 309 310 587 635
2327 4 2 1 1 244 243 588 636
2328 4 2 1 1 180 640 558 668
2329 4 2 1 1 204 195 172 597
2330 4 2 1 1 435 434 463 597
2331 4 2 1 1 180 186 640 668
2332 4 2 1 1 164 49 428 470
2333 4 2 1 1 445 448 442 554
2334 4 2 1 1 490 589 568 650
2335 4 2 1 1 307 308 539 635
2336 4 2 1 1 188 584 614 632
2337 4 2 1 1 334 97 149 571
2338 4 2 1 1 464 553 441 620
2339 4 2 1 1 576 621 511 633
2340 4 2 1 1 455 596 488 666
2341 4 2 1 1 170 424 462 573
2342 4 2 1 1 400 371 381 540
2343 4 2 1 1 425 104 458 601
2344 4 2 1 1 545 183 617 622
2345 4 2 1 1 242 241 541 636
2346 4 2 1 1 104 425 94 601
2347 4 2 1 1 510 619 578 631
2348 4 2 1 1 492 570 530 680
2349 4 2 1 1 149 93 292 611
2350 4 2 1 1 180 178 184 558
2351 4 2 1 1 203 617 626 668
2352 4 2 1 1 465 484 561 601
2353 4 2 1 1 467 606 447 613
2354 4 2 1 1 337 299 329 647
2355 4 2 1 1 191 224 599 669
2356 4 2 1 1 502 656 534 667
2357 4 2 1 1 325 352 324 624
2358 4 2 1 1 458 601 104 615
2359 4 2 1 1 202 173 183 545
2360 4 2 1 1 441 620 553 629
2361 4 2 1 1 221 196 166 566
2362 4 2 1 1 178 184 558 617
2363 4 2 1 1 319 320 293 574
2364 4 2 1 1 237 225 238 626
2365 4 2 1 1 309 559 343 628
2366 4 2 1 1 536 650 490 679
2367 4 2 1 1 259 565 228 659
2368 4 2 1 1 441 464 444 553
2369 4 2 1 1 245 280 249 588
2370 4 2 1 1 225 579 238 626
2371 4 2 1 1 246 560 260 609
2372 4 2 1 1 382 379 376 592
2373 4 2 1 1 204 182 205 614
2374 4 2 1 1 185 222 221 607
2375 4 2 1 1 263 526 233 660
2376 4 2 1 1 171 573 199 622
2377 4 2 1 1 296 302 163 580
2378 4 2 1 1 430 98 564 666
2379 4 2 1 1 200 220 222 607
2380 4 2 1 1 177 181 201 557
2381 4 2 1 1 117 544 136 616
2382 4 2 1 1 145 120 618 676
2383 4 2 1 1 421 418 385 575
2384 4 2 1 1 329 567 325 604
2385 4 2 1 1 490 596 553 658
2386 4 2 1 1 201 177 557 632
2387 4 2 1 1 467 613 456 659
2388 4 2 1 1 287 288 249 623
2389 4 2 1 1 502 536 656 667
2390 4 2 1 1 533 673 501 682
2391 4 2 1 1 122 116 568 598
2392 4 2 1 1 452 583 453 624
2393 4 2 1 1 367 128 35 392
2394 4 2 1 1 446 583 452 620
2395 4 2 1 1 542 500 648 670
2396 4 2 1 1 492 593 555 649
2397 4 2 1 1 311 309 310 587
2398 4 2 1 1 244 243 245 588
2399 4 2 1 1 486 459 485 681
2400 4 2 1 1 302 215 163 580
2401 4 2 1 1 601 610 104 615
2402 4 2 1 1 500 592 556 670
2403 4 2 1 1 390 410 363 619
2404 4 2 1 1 378 555 377 672
2405 4 2 1 1 225 162 267 579
2406 4 2 1 1 413 388 361 621
2407 4 2 1 1 195 204 164 562
2408 4 2 1 1 434 428 463 562
2409 4 2 1 1 398 375 378 594
2410 4 2 1 1 401 360 619 653
2411 4 2 1 1 512 614 584 632
2412 4 2 1 1 320 574 322 641
2413 4 2 1 1 328 294 477 624
2414 4 2 1 1 500 555 594 649
2415 4 2 1 1 366 403 641 677
2416 4 2 1 1 502 603 536 667
2417 4 2 1 1 595 662 491 664
2418 4 2 1 1 535 629 538 643
2419 4 2 1 1 118 552 114 676
2420 4 2 1 1 447 436 437 606
2421 4 2 1 1 444 553 596 681
2422 4 2 1 1 96 226 264 582
2423 4 2 1 1 377 556 379 672
2424 4 2 1 1 178 617 558 637
2425 4 2 1 1 246 245 243 588
2426 4 2 1 1 18 425 94 104
2427 4 2 1 1 46 424 170 160
2428 4 2 1 1 18 425 104 458
2429 4 2 1 1 358 161 62 396
2430 4 2 1 1 396 161 62 194
2431 4 2 1 1 312 309 311 587
2432 4 2 1 1 501 590 557 682
2433 4 2 1 1 510 578 550 631
2434 4 2 1 1 368 369 397 607
2435 4 2 1 1 165 192 626 668
2436 4 2 1 1 129 106 94 601
2437 4 2 1 1 290 285 261 609
2438 4 2 1 1 107 544 117 610
2439 4 2 1 1 292 147 330 611
2440 4 2 1 1 259 262 228 565
2441 4 2 1 1 166 566 362 669
2442 4 2 1 1 549 576 511 633
2443 4 2 1 1 498 551 658 675
2444 4 2 1 1 552 618 114 676
2445 4 2 1 1 400 540 381 653
2446 4 2 1 1 122 598 568 611
2447 4 2 1 1 467 478 447 606
2448 4 2 1 1 501 590 558 637
2449 4 2 1 1 332 296 322 580
2450 4 2 1 1 487 484 458 615
2451 4 2 1 1 401 412 360 653
2452 4 2 1 1 465 443 449 681
2453 4 2 1 1 119 115 125 570
2454 4 2 1 1 214 579 203 622
2455 4 2 1 1 500 594 555 634
2456 4 2 1 1 164 204 205 562
2457 4 2 1 1 463 428 469 562
2458 4 2 1 1 436 573 424 597
2459 4 2 1 1 160 573 171 597
2460 4 2 1 1 196 566 221 607
2461 4 2 1 1 500 556 592 634
2462 4 2 1 1 490 559 589 650
2463 4 2 1 1 107 610 105 630
2464 4 2 1 1 139 564 98 666
2465 4 2 1 1 486 455 564 681
2466 4 2 1 1 325 604 567 624
2467 4 2 1 1 106 105 601 630
2468 4 2 1 1 145 99 120 676
2469 4 2 1 1 552 595 506 616
2470 4 2 1 1 484 451 465 561
2471 4 2 1 1 563 648 542 661
2472 4 2 1 1 551 645 498 658
2473 4 2 1 1 246 280 245 588
2474 4 2 1 1 311 346 312 587
2475 4 2 1 1 444 443 585 681
2476 4 2 1 1 303 304 291 584
2477 4 2 1 1 122 568 123 611
2478 4 2 1 1 262 76 426 461
2479 4 2 1 1 343 312 326 559
2480 4 2 1 1 277 260 246 560
2481 4 2 1 1 190 188 632 651
2482 4 2 1 1 138 98 139 564
2483 4 2 1 1 455 596 564 681
2484 4 2 1 1 589 611 331 612
2485 4 2 1 1 243 242 277 636
2486 4 2 1 1 394 341 87 361
2487 4 2 1 1 169 63 194 365
2488 4 2 1 1 570 593 519 654
2489 4 2 1 1 165 192 212 626
2490 4 2 1 1 154 95 128 575
2491 4 2 1 1 418 392 359 575
2492 4 2 1 1 526 579 622 627
2493 4 2 1 1 423 479 454 624
2494 4 2 1 1 236 626 237 642
2495 4 2 1 1 498 658 585 675
2496 4 2 1 1 180 558 184 668
2497 4 2 1 1 511 621 574 633
2498 4 2 1 1 493 556 600 670
2499 4 2 1 1 158 144 132 671
2500 4 2 1 1 394 408 422 671
2501 4 2 1 1 302 215 580 651
2502 4 2 1 1 403 362 397 566
2503 4 2 1 1 364 602 100 654
2504 4 2 1 1 63 396 194 365
2505 4 2 1 1 147 330 611 612
2506 4 2 1 1 403 362 566 669
2507 4 2 1 1 203 579 162 626
2508 4 2 1 1 303 584 291 651
2509 4 2 1 1 558 590 501 673
2510 4 2 1 1 321 574 319 633
2511 4 2 1 1 377 555 634 672
2512 4 2 1 1 107 136 117 544
2513 4 2 1 1 98 138 129 564
2514 4 2 1 1 87 341 298 361
2515 4 2 1 1 131 96 264 582
2516 4 2 1 1 97 334 295 571
2517 4 2 1 1 506 616 582 623
2518 4 2 1 1 80 297 338 460
2519 4 2 1 1 506 609 582 662
2520 4 2 1 1 498 585 554 675
2521 4 2 1 1 262 259 263 565
2522 4 2 1 1 498 585 553 629
2523 4 2 1 1 157 154 128 575
2524 4 2 1 1 421 392 418 575
2525 4 2 1 1 505 598 568 679
2526 4 2 1 1 324 326 323 577
2527 4 2 1 1 352 567 340 628
2528 4 2 1 1 213 291 333 584
2529 4 2 1 1 436 424 435 597
2530 4 2 1 1 160 171 172 597
2531 4 2 1 1 187 522 220 640
2532 4 2 1 1 267 162 197 579
2533 4 2 1 1 139 666 141 674
2534 4 2 1 1 236 237 266 642
2535 4 2 1 1 377 634 556 672
2536 4 2 1 1 489 656 536 667
2537 4 2 1 1 459 425 485 601
2538 4 2 1 1 119 570 155 602
2539 4 2 1 1 356 589 331 612
2540 4 2 1 1 301 641 322 677
2541 4 2 1 1 101 615 133 655
2542 4 2 1 1 427 474 457 577
2543 4 2 1 1 222 196 221 607
2544 4 2 1 1 411 387 357 641
2545 4 2 1 1 122 116 123 568
2546 4 2 1 1 162 267 41 225
2547 4 2 1 1 524 501 652 673
2548 4 2 1 1 222 220 161 607
2549 4 2 1 1 226 264 13 96
2550 4 2 1 1 328 477 604 624
2551 4 2 1 1 45 431 167 462
2552 4 2 1 1 328 604 325 624
2553 4 2 1 1 124 93 149 611
2554 4 2 1 1 28 295 336 132
2555 4 2 1 1 362 368 397 566
2556 4 2 1 1 212 236 39 230
2557 4 2 1 1 468 573 436 606
2558 4 2 1 1 137 96 582 623
2559 4 2 1 1 278 251 578 619
2560 4 2 1 1 320 321 322 574
2561 4 2 1 1 285 246 260 609
2562 4 2 1 1 344 576 317 621
2563 4 2 1 1 584 614 512 657
2564 4 2 1 1 339 56 198 296
2565 4 2 1 1 365 219 416 581
2566 4 2 1 1 165 529 186 668
2567 4 2 1 1 498 553 585 658
2568 4 2 1 1 292 93 147 611
2569 4 2 1 1 494 557 599 682
2570 4 2 1 1 179 200 590 640
2571 4 2 1 1 342 313 316 639
2572 4 2 1 1 137 616 126 623
2573 4 2 1 1 475 487 433 615
2574 4 2 1 1 172 174 204 638
2575 4 2 1 1 110 528 598 608
2576 4 2 1 1 237 239 240 642
2577 4 2 1 1 179 590 180 640
2578 4 2 1 1 321 319 335 633
2579 4 2 1 1 397 369 372 625
2580 4 2 1 1 404 669 403 677
2581 4 2 1 1 342 295 354 571
2582 4 2 1 1 356 327 351 589
2583 4 2 1 1 253 255 269 631
2584 4 2 1 1 584 657 512 663
2585 4 2 1 1 128 367 35 103
2586 4 2 1 1 423 477 294 624
2587 4 2 1 1 83 477 328 294
2588 4 2 1 1 302 332 303 651
2589 4 2 1 1 312 343 309 559
2590 4 2 1 1 243 277 246 560
2591 4 2 1 1 110 598 111 608
2592 4 2 1 1 509 586 570 680
2593 4 2 1 1 286 277 242 605
2594 4 2 1 1 155 570 125 654
2595 4 2 1 1 354 295 334 571
2596 4 2 1 1 203 626 192 668
2597 4 2 1 1 126 623 616 676
2598 4 2 1 1 422 593 389 654
2599 4 2 1 1 257 260 258 659
2600 4 2 1 1 570 586 530 680
2601 4 2 1 1 536 645 531 656
2602 4 2 1 1 120 114 618 676
2603 4 2 1 1 276 249 288 569
2604 4 2 1 1 31 140 405 654
2605 4 2 1 1 400 592 540 653
2606 4 2 1 1 489 645 536 656
2607 4 2 1 1 105 104 601 610
2608 4 2 1 1 213 291 53 333
2609 4 2 1 1 311 587 313 639
2610 4 2 1 1 258 286 259 605
2611 4 2 1 1 513 626 617 668
2612 4 2 1 1 123 611 568 612
2613 4 2 1 1 283 406 416 581
2614 4 2 1 1 101 133 142 655
2615 4 2 1 1 358 370 369 607
2616 4 2 1 1 354 342 571 639
2617 4 2 1 1 583 604 453 624
2618 4 2 1 1 213 159 291 584
2619 4 2 1 1 580 651 512 663
2620 4 2 1 1 219 283 416 581
2621 4 2 1 1 489 648 563 661
2622 4 2 1 1 345 293 320 641
2623 4 2 1 1 170 462 424 46
2624 4 2 1 1 559 587 502 635
2625 4 2 1 1 514 628 559 678
2626 4 2 1 1 219 273 283 581
2627 4 2 1 1 503 588 560 636
2628 4 2 1 1 264 131 13 96
2629 4 2 1 1 302 580 332 651
2630 4 2 1 1 292 353 334 611
2631 4 2 1 1 503 560 588 664
2632 4 2 1 1 226 287 582 623
2633 4 2 1 1 211 186 165 529
2634 4 2 1 1 77 461 262 271
2635 4 2 1 1 163 193 210 580
2636 4 2 1 1 561 610 601 615
2637 4 2 1 1 501 524 644 673
2638 4 2 1 1 111 110 135 598
2639 4 2 1 1 187 180 186 640
2640 4 2 1 1 512 651 584 663
2641 4 2 1 1 485 465 449 681
2642 4 2 1 1 325 329 340 567
2643 4 2 1 1 407 66 275 232
2644 4 2 1 1 485 449 486 681
2645 4 2 1 1 258 259 228 659
2646 4 2 1 1 528 568 598 679
2647 4 2 1 1 294 82 423 479
2648 4 2 1 1 432 604 469 647
2649 4 2 1 1 567 624 514 628
2650 4 2 1 1 464 452 454 620
2651 4 2 1 1 287 265 226 582
2652 4 2 1 1 126 99 623 676
2653 4 2 1 1 197 267 41 162
2654 4 2 1 1 163 198 56 296
2655 4 2 1 1 232 407 66 363
2656 4 2 1 1 433 475 615 655
2657 4 2 1 1 31 100 140 654
2658 4 2 1 1 31 405 364 654
2659 4 2 1 1 352 340 308 628
2660 4 2 1 1 278 251 232 578
2661 4 2 1 1 344 298 317 576
2662 4 2 1 1 135 122 124 598
2663 4 2 1 1 155 602 570 654
2664 4 2 1 1 319 621 317 633
2665 4 2 1 1 199 171 170 573
2666 4 2 1 1 468 462 436 573
2667 4 2 1 1 147 24 330 612
2668 4 2 1 1 407 367 409 683
2669 4 2 1 1 471 666 488 674
2670 4 2 1 1 503 588 646 664
2671 4 2 1 1 125 155 119 570
2672 4 2 1 1 294 324 323 624
2673 4 2 1 1 83 423 477 294
2674 4 2 1 1 626 642 529 668
2675 4 2 1 1 227 69 279 360
2676 4 2 1 1 463 438 435 643
2677 4 2 1 1 203 617 183 622
2678 4 2 1 1 159 291 53 213
2679 4 2 1 1 331 351 312 589
2680 4 2 1 1 235 406 283 581
2681 4 2 1 1 422 408 389 593
2682 4 2 1 1 365 169 219 581
2683 4 2 1 1 337 328 84 604
2684 4 2 1 1 251 619 253 631
2685 4 2 1 1 440 538 620 629
2686 4 2 1 1 297 80 427 460
2687 4 2 1 1 118 114 120 676
2688 4 2 1 1 170 45 167 462
2689 4 2 1 1 203 214 162 579
2690 4 2 1 1 146 126 99 623
2691 4 2 1 1 426 461 478 565
2692 4 2 1 1 127 97 144 571
2693 4 2 1 1 295 28 97 132
2694 4 2 1 1 118 136 112 616
2695 4 2 1 1 486 430 564 666
2696 4 2 1 1 329 325 328 604
2697 4 2 1 1 165 212 39 230
2698 4 2 1 1 506 582 616 662
2699 4 2 1 1 550 503 588 646
2700 4 2 1 1 188 614 182 632
2701 4 2 1 1 502 587 559 650
2702 4 2 1 1 450 429 456 572
2703 4 2 1 1 502 536 603 650
2704 4 2 1 1 328 477 84 604
2705 4 2 1 1 273 219 209 581
2706 4 2 1 1 553 658 596 681
2707 4 2 1 1 133 610 520 615
2708 4 2 1 1 210 191 224 599
2709 4 2 1 1 102 139 141 674
2710 4 2 1 1 499 608 530 679
2711 4 2 1 1 502 549 587 603
2712 4 2 1 1 327 300 338 674
2713 4 2 1 1 308 628 539 635
2714 4 2 1 1 387 403 591 641
2715 4 2 1 1 188 159 584 651
2716 4 2 1 1 100 31 364 654
2717 4 2 1 1 452 446 453 583
2718 4 2 1 1 293 90 411 345
2719 4 2 1 1 265 290 582 609
2720 4 2 1 1 221 566 166 669
2721 4 2 1 1 263 233 271 660
2722 4 2 1 1 334 27 149 97
2723 4 2 1 1 341 336 318 671
2724 4 2 1 1 25 147 330 292
2725 4 2 1 1 565 605 515 659
2726 4 2 1 1 425 458 484 601
2727 4 2 1 1 334 149 26 292
2728 4 2 1 1 190 580 215 651
2729 4 2 1 1 383 419 602 672
2730 4 2 1 1 248 269 244 631
2731 4 2 1 1 505 530 598 679
2732 4 2 1 1 173 172 171 638
2733 4 2 1 1 366 404 403 677
2734 4 2 1 1 310 335 314 633
2735 4 2 1 1 370 371 369 625
2736 4 2 1 1 340 352 325 567
2737 4 2 1 1 123 147 611 612
2738 4 2 1 1 505 650 603 679
2739 4 2 1 1 499 528 608 679
2740 4 2 1 1 513 642 626 668
2741 4 2 1 1 455 444 596 681
2742 4 2 1 1 330 331 611 612
2743 4 2 1 1 264 14 131 234
2744 4 2 1 1 332 302 296 580
2745 4 2 1 1 486 488 430 666
2746 4 2 1 1 106 138 108 630
2747 4 2 1 1 82 294 323 479
2748 4 2 1 1 171 199 183 622
2749 4 2 1 1 505 603 587 639
2750 4 2 1 1 289 238 579 627
2751 4 2 1 1 395 279 69 360
2752 4 2 1 1 42 267 197 233
2753 4 2 1 1 268 146 11 99
2754 4 2 1 1 545 617 202 637
2755 4 2 1 1 271 77 461 472
2756 4 2 1 1 224 221 166 669
2757 4 2 1 1 453 583 469 604
2758 4 2 1 1 292 149 26 93
2759 4 2 1 1 474 488 455 596
2760 4 2 1 1 406 402 365 581
2761 4 2 1 1 137 117 136 616
2762 4 2 1 1 479 427 454 577
2763 4 2 1 1 265 280 246 609
2764 4 2 1 1 145 157 103 683
2765 4 2 1 1 457 454 427 577
2766 4 2 1 1 229 276 288 569
2767 4 2 1 1 421 385 409 600
2768 4 2 1 1 102 24 147 612
2769 4 2 1 1 527 492 667 680
2770 4 2 1 1 512 657 539 663
2771 4 2 1 1 467 448 456 613
2772 4 2 1 1 398 386 374 594
2773 4 2 1 1 503 646 563 664
2774 4 2 1 1 293 90 357 411
2775 4 2 1 1 568 598 505 611
2776 4 2 1 1 446 452 440 620
2777 4 2 1 1 202 183 203 617
2778 4 2 1 1 326 327 297 577
2779 4 2 1 1 188 584 189 614
2780 4 2 1 1 309 628 308 635
2781 4 2 1 1 188 182 176 632
2782 4 2 1 1 532 503 661 664
2783 4 2 1 1 292 25 147 93
2784 4 2 1 1 466 467 447 613
2785 4 2 1 1 556 634 555 672
2786 4 2 1 1 558 501 637 644
2787 4 2 1 1 533 652 501 673
2788 4 2 1 1 124 122 93 611
2789 4 2 1 1 300 330 24 612
2790 4 2 1 1 423 454 452 624
2791 4 2 1 1 215 190 163 580
2792 4 2 1 1 162 579 225 626
2793 4 2 1 1 516 596 564 666
2794 4 2 1 1 149 97 124 571
2795 4 2 1 1 521 583 567 604
2796 4 2 1 1 440 620 441 629
2797 4 2 1 1 233 197 42 208
2798 4 2 1 1 142 131 14 234
2799 4 2 1 1 444 449 443 681
2800 4 2 1 1 118 616 552 676
2801 4 2 1 1 190 188 201 632
2802 4 2 1 1 460 471 488 674
2803 4 2 1 1 96 148 137 582
2804 4 2 1 1 491 595 544 662
2805 4 2 1 1 231 73 272 473
2806 4 2 1 1 400 401 382 592
2807 4 2 1 1 401 592 400 653
2808 4 2 1 1 567 604 583 624
2809 4 2 1 1 186 180 184 668
2810 4 2 1 1 109 107 108 630
2811 4 2 1 1 513 529 642 668
2812 4 2 1 1 226 582 96 623
2813 4 2 1 1 143 270 10 229
2814 4 2 1 1 462 424 436 573
2815 4 2 1 1 171 160 170 573
2816 4 2 1 1 84 432 337 604
2817 4 2 1 1 603 650 536 679
2818 4 2 1 1 318 316 298 576
2819 4 2 1 1 477 453 604 624
2820 4 2 1 1 93 123 147 611
2821 4 2 1 1 330 356 331 612
2822 4 2 1 1 435 437 436 643
2823 4 2 1 1 568 611 589 612
2824 4 2 1 1 294 328 325 624
2825 4 2 1 1 331 346 353 611
2826 4 2 1 1 163 190 193 580
2827 4 2 1 1 566 599 518 669
2828 4 2 1 1 178 202 617 637
2829 4 2 1 1 223 211 169 581
2830 4 2 1 1 184 558 617 668
2831 4 2 1 1 232 250 252 578
2832 4 2 1 1 501 545 637 644
2833 4 2 1 1 506 616 623 676
2834 4 2 1 1 264 265 290 582
2835 4 2 1 1 405 654 140 671
2836 4 2 1 1 442 448 466 613
2837 4 2 1 1 273 209 38 230
2838 4 2 1 1 184 617 203 668
2839 4 2 1 1 427 479 81 297
2840 4 2 1 1 84 477 432 604
2841 4 2 1 1 563 646 595 664
2842 4 2 1 1 122 110 116 598
2843 4 2 1 1 334 27 97 295
2844 4 2 1 1 587 603 549 639
2845 4 2 1 1 309 343 308 628
2846 4 2 1 1 496 539 657 678
2847 4 2 1 1 160 47 424 597
2848 4 2 1 1 434 47 195 597
2849 4 2 1 1 107 117 105 610
2850 4 2 1 1 229 268 11 99
2851 4 2 1 1 464 441 440 620
2852 4 2 1 1 61 161 358 607
2853 4 2 1 1 88 413 361 344
2854 4 2 1 1 196 61 368 607
2855 4 2 1 1 337 604 432 647
2856 4 2 1 1 118 126 616 676
2857 4 2 1 1 102 300 24 612
2858 4 2 1 1 433 473 475 655
2859 4 2 1 1 199 167 208 660
2860 4 2 1 1 165 38 209 230
2861 4 2 1 1 472 431 468 660
2862 4 2 1 1 323 81 479 297
2863 4 2 1 1 124 97 127 571
2864 4 2 1 1 345 91 411 641
2865 4 2 1 1 286 242 274 605
2866 4 2 1 1 322 339 301 677
2867 4 2 1 1 148 133 117 610
2868 4 2 1 1 160 195 47 597
2869 4 2 1 1 434 424 47 597
2870 4 2 1 1 399 377 379 672
2871 4 2 1 1 383 378 377 672
2872 4 2 1 1 196 161 61 607
2873 4 2 1 1 121 157 145 618
2874 4 2 1 1 178 202 184 617
2875 4 2 1 1 364 420 393 602
2876 4 2 1 1 100 130 155 602
2877 4 2 1 1 475 429 450 572
2878 4 2 1 1 102 300 612 674
2879 4 2 1 1 304 303 305 663
2880 4 2 1 1 279 70 235 395
2881 4 2 1 1 106 107 105 630
2882 4 2 1 1 331 356 351 589
2883 4 2 1 1 363 67 278 410
2884 4 2 1 1 10 143 229 99
2885 4 2 1 1 506 552 616 676
2886 4 2 1 1 201 176 177 632
2887 4 2 1 1 273 256 235 581
2888 4 2 1 1 513 558 617 644
2889 4 2 1 1 137 126 96 623
2890 4 2 1 1 152 483 101 655
2891 4 2 1 1 315 311 313 639
2892 4 2 1 1 455 449 444 681
2893 4 2 1 1 365 416 406 581
2894 4 2 1 1 61 358 368 607
2895 4 2 1 1 401 360 390 619
2896 4 2 1 1 238 267 289 579
2897 4 2 1 1 73 231 429 473
2898 4 2 1 1 470 432 469 647
2899 4 2 1 1 207 205 168 647
2900 4 2 1 1 469 453 446 583
2901 4 2 1 1 520 610 561 615
2902 4 2 1 1 263 274 289 627
2903 4 2 1 1 372 371 373 625
2904 4 2 1 1 137 118 126 616
2905 4 2 1 1 501 644 558 673
2906 4 2 1 1 437 438 439 643
2907 4 2 1 1 512 632 557 665
2908 4 2 1 1 122 123 93 611
2909 4 2 1 1 364 420 602 654
2910 4 2 1 1 155 100 602 654
2911 4 2 1 1 553 585 658 681
2912 4 2 1 1 268 288 287 623
2913 4 2 1 1 330 331 292 611
2914 4 2 1 1 94 106 105 601
2915 4 2 1 1 347 217 168 647
2916 4 2 1 1 382 376 400 592
2917 4 2 1 1 406 235 70 395
2918 4 2 1 1 568 589 516 612
2919 4 2 1 1 303 332 306 663
2920 4 2 1 1 496 657 567 678
2921 4 2 1 1 551 504 658 675
2922 4 2 1 1 274 239 238 627
2923 4 2 1 1 12 226 96 623
2924 4 2 1 1 226 265 264 582
2925 4 2 1 1 94 105 104 601
2926 4 2 1 1 251 250 232 578
2927 4 2 1 1 316 317 298 576
2928 4 2 1 1 274 259 286 605
2929 4 2 1 1 104 610 133 615
2930 4 2 1 1 477 423 453 624
2931 4 2 1 1 158 155 125 654
2932 4 2 1 1 422 389 420 654
2933 4 2 1 1 225 267 238 579
2934 4 2 1 1 307 305 306 663
2935 4 2 1 1 192 165 186 668
2936 4 2 1 1 184 203 192 668
2937 4 2 1 1 380 386 387 591
2938 4 2 1 1 158 140 654 671
2939 4 2 1 1 405 422 654 671
2940 4 2 1 1 347 337 481 647
2941 4 2 1 1 383 419 420 602
2942 4 2 1 1 156 119 155 602
2943 4 2 1 1 150 336 350 671
2944 4 2 1 1 179 180 200 640
2945 4 2 1 1 175 174 173 638
2946 4 2 1 1 268 226 12 623
2947 4 2 1 1 567 657 539 678
2948 4 2 1 1 444 457 455 596
2949 4 2 1 1 426 467 456 659
2950 4 2 1 1 235 283 273 581
2951 4 2 1 1 203 162 192 626
2952 4 2 1 1 506 623 569 676
2953 4 2 1 1 355 333 304 584
2954 4 2 1 1 88 361 298 344
2955 4 2 1 1 214 203 183 622
2956 4 2 1 1 465 485 484 601
2957 4 2 1 1 506 616 595 662
2958 4 2 1 1 563 661 503 664
2959 4 2 1 1 574 591 518 641
2960 4 2 1 1 91 366 411 641
2961 4 2 1 1 91 345 301 641
2962 4 2 1 1 398 374 375 594
2963 4 2 1 1 291 584 159 651
2964 4 2 1 1 191 193 181 599
2965 4 2 1 1 159 189 188 584
2966 4 2 1 1 595 616 544 662
2967 4 2 1 1 363 67 232 278
2968 4 2 1 1 513 617 558 668
2969 4 2 1 1 321 320 319 574
2970 4 2 1 1 102 123 139 612
2971 4 2 1 1 12 96 146 623
2972 4 2 1 1 352 343 324 628
2973 4 2 1 1 302 291 54 651
2974 4 2 1 1 347 168 299 647
2975 4 2 1 1 317 319 293 621
2976 4 2 1 1 324 294 325 624
2977 4 2 1 1 120 114 121 618
2978 4 2 1 1 297 323 326 577
2979 4 2 1 1 447 468 436 606
2980 4 2 1 1 150 132 336 671
2981 4 2 1 1 423 452 453 624
2982 4 2 1 1 101 483 433 655
2983 4 2 1 1 268 12 146 623
2984 4 2 1 1 54 291 159 651
2985 4 2 1 1 357 386 388 621
2986 4 2 1 1 387 366 403 641
2987 4 2 1 1 227 253 251 619
2988 4 2 1 1 558 637 617 644
2989 4 2 1 1 502 603 587 650
2990 4 2 1 1 40 162 225 626
2991 4 2 1 1 567 628 514 678
2992 4 2 1 1 458 104 17 615
2993 4 2 1 1 433 458 17 615
2994 4 2 1 1 481 337 432 647
2995 4 2 1 1 378 389 391 593
2996 4 2 1 1 521 614 584 657
2997 4 2 1 1 470 50 481 207
2998 4 2 1 1 169 211 209 581
2999 4 2 1 1 40 225 236 626
3000 4 2 1 1 141 471 151 674
3001 4 2 1 1 404 415 206 677
3002 4 2 1 1 188 190 159 651
3003 4 2 1 1 112 109 111 608
3004 4 2 1 1 155 130 156 602
3005 4 2 1 1 420 419 393 602
3006 4 2 1 1 214 197 162 579
3007 4 2 1 1 520 582 609 662
3008 4 2 1 1 433 17 101 615
3009 4 2 1 1 101 433 615 655
3010 4 2 1 1 148 96 131 582
3011 4 2 1 1 425 484 485 601
3012 4 2 1 1 246 285 265 609
3013 4 2 1 1 380 387 403 591
3014 4 2 1 1 282 272 483 655
3015 4 2 1 1 480 338 348 674
3016 4 2 1 1 415 92 349 677
3017 4 2 1 1 91 301 366 641
3018 4 2 1 1 23 348 300 674
3019 4 2 1 1 447 478 468 606
3020 4 2 1 1 188 189 182 614
3021 4 2 1 1 205 182 189 614
3022 4 2 1 1 261 272 234 655
3023 4 2 1 1 348 23 151 674
3024 4 2 1 1 301 349 92 677
3025 4 2 1 1 51 168 347 217
3026 4 2 1 1 481 470 207 647
3027 4 2 1 1 319 317 314 633
3028 4 2 1 1 251 253 248 631
3029 4 2 1 1 329 328 337 604
3030 4 2 1 1 480 460 338 674
3031 4 2 1 1 50 217 481 207
3032 4 2 1 1 375 373 376 634
3033 4 2 1 1 291 304 333 584
3034 4 2 1 1 539 628 567 678
3035 4 2 1 1 302 54 215 651
3036 4 2 1 1 193 191 210 599
3037 4 2 1 1 486 449 455 681
3038 4 2 1 1 177 175 178 637
3039 4 2 1 1 349 339 216 677
3040 4 2 1 1 471 480 151 674
3041 4 2 1 1 206 415 216 677
3042 4 2 1 1 104 101 17 615
3043 4 2 1 1 218 167 431 660
3044 4 2 1 1 301 320 322 641
3045 4 2 1 1 240 255 266 642
3046 4 2 1 1 143 145 103 683
3047 4 2 1 1 265 285 290 609
3048 4 2 1 1 105 133 104 610
3049 4 2 1 1 301 366 641 677
3050 4 2 1 1 227 68 360 619
3051 4 2 1 1 218 431 482 660
3052 4 2 1 1 75 228 426 659
3053 4 2 1 1 293 357 89 621
3054 4 2 1 1 272 72 282 483
3055 4 2 1 1 385 379 384 600
3056 4 2 1 1 530 608 598 679
3057 4 2 1 1 344 89 413 621
3058 4 2 1 1 598 608 528 679
3059 4 2 1 1 457 474 455 596
3060 4 2 1 1 281 472 271 660
3061 4 2 1 1 99 126 120 676
3062 4 2 1 1 142 282 152 655
3063 4 2 1 1 344 293 89 621
3064 4 2 1 1 431 167 218 44
3065 4 2 1 1 617 637 545 644
3066 4 2 1 1 292 331 353 611
3067 4 2 1 1 89 357 413 621
3068 4 2 1 1 216 339 198 677
3069 4 2 1 1 415 366 92 677
3070 4 2 1 1 212 40 236 626
3071 4 2 1 1 481 207 217 647
3072 4 2 1 1 16 101 152 483
3073 4 2 1 1 431 218 482 44
3074 4 2 1 1 64 365 219 416
3075 4 2 1 1 234 282 142 655
3076 4 2 1 1 473 483 272 655
3077 4 2 1 1 410 360 68 619
3078 4 2 1 1 505 587 603 650
3079 4 2 1 1 219 273 37 283
3080 4 2 1 1 141 471 22 151
3081 4 2 1 1 206 404 58 415
3082 4 2 1 1 54 159 215 651
3083 4 2 1 1 441 442 439 629
3084 4 2 1 1 23 102 151 674
3085 4 2 1 1 284 270 9 683
3086 4 2 1 1 401 400 381 653
3087 4 2 1 1 168 299 51 347
3088 4 2 1 1 432 453 469 604
3089 4 2 1 1 40 212 162 626
3090 4 2 1 1 160 172 195 597
3091 4 2 1 1 471 141 666 674
3092 4 2 1 1 424 434 435 597
3093 4 2 1 1 78 472 271 281
3094 4 2 1 1 209 219 169 581
3095 4 2 1 1 189 159 213 584
3096 4 2 1 1 153 103 417 683
3097 4 2 1 1 410 68 278 619
3098 4 2 1 1 301 92 366 677
3099 4 2 1 1 350 341 414 671
3100 4 2 1 1 404 206 669 677
3101 4 2 1 1 68 227 278 619
3102 4 2 1 1 140 30 405 671
3103 4 2 1 1 23 300 102 674
3104 4 2 1 1 281 233 208 660
3105 4 2 1 1 158 132 140 671
3106 4 2 1 1 405 394 422 671
3107 4 2 1 1 354 315 342 639
3108 4 2 1 1 110 111 109 608
3109 4 2 1 1 236 225 237 626
3110 4 2 1 1 21 98 430 666
3111 4 2 1 1 303 291 302 651
3112 4 2 1 1 216 206 58 415
3113 4 2 1 1 471 22 151 480
3114 4 2 1 1 72 272 473 483
3115 4 2 1 1 472 281 482 660
3116 4 2 1 1 218 281 208 660
3117 4 2 1 1 481 347 85 337
3118 4 2 1 1 350 29 336 150
3119 4 2 1 1 59 166 362 669
3120 4 2 1 1 364 422 420 654
3121 4 2 1 1 158 100 155 654
3122 4 2 1 1 440 441 439 629
3123 4 2 1 1 585 658 504 675
3124 4 2 1 1 414 341 394 671
3125 4 2 1 1 330 300 356 612
3126 4 2 1 1 273 37 209 219
3127 4 2 1 1 289 274 238 627
3128 4 2 1 1 183 199 214 622
3129 4 2 1 1 270 143 9 683
3130 4 2 1 1 36 417 153 103
3131 4 2 1 1 153 284 9 683
3132 4 2 1 1 120 121 145 618
3133 4 2 1 1 309 307 310 635
3134 4 2 1 1 358 369 368 607
3135 4 2 1 1 241 243 244 636
3136 4 2 1 1 422 364 405 654
3137 4 2 1 1 100 158 140 654
3138 4 2 1 1 29 336 150 132
3139 4 2 1 1 281 78 472 482
3140 4 2 1 1 75 426 476 659
3141 4 2 1 1 338 79 480 348
3142 4 2 1 1 377 375 376 634
3143 4 2 1 1 178 175 202 637
3144 4 2 1 1 504 658 585 681
3145 4 2 1 1 417 275 284 683
3146 4 2 1 1 101 16 433 483
3147 4 2 1 1 365 169 64 219
3148 4 2 1 1 349 57 216 339
3149 4 2 1 1 150 30 140 671
3150 4 2 1 1 414 405 30 671
3151 4 2 1 1 408 391 389 593
3152 4 2 1 1 336 341 350 671
3153 4 2 1 1 85 432 481 337
3154 4 2 1 1 21 141 98 666
3155 4 2 1 1 21 471 141 666
3156 4 2 1 1 338 79 460 480
3157 4 2 1 1 299 337 347 647
3158 4 2 1 1 75 257 228 659
3159 4 2 1 1 367 417 103 683
3160 4 2 1 1 9 143 153 683
3161 4 2 1 1 59 362 404 669
3162 4 2 1 1 206 59 404 669
3163 4 2 1 1 21 430 471 666
3164 4 2 1 1 275 417 407 683
3165 4 2 1 1 57 198 216 339
3166 4 2 1 1 59 206 166 669
3167 4 2 1 1 122 135 110 598
3168 4 2 1 1 235 71 283 406
3169 4 2 1 1 71 416 283 406
3170 4 2 1 1 372 369 371 625
3171 4 2 1 1 200 187 220 640
3172 4 2 1 1 417 36 367 103
3173 4 2 1 1 75 476 257 659
3174 4 2 1 1 174 172 173 638
3175 4 2 1 1 150 414 30 671
3176 4 2 1 1 275 252 270 683
3177 4 2 1 1 342 315 313 639
3178 4 2 1 1 128 34 35 392
3179 4 2 1 1 32 33 130 393
3180 4 2 1 1 359 34 33 95
3181 4 2 1 1 19 18 425 94
3182 4 2 1 1 160 46 424 47
3183 4 2 1 1 161 62 61 358
3184 4 2 1 1 368 60 61 196
3185 4 2 1 1 459 129 20 19
3186 4 2 1 1 47 434 195 48
3187 4 2 1 1 284 417 65 275
3188 4 2 1 1 233 43 281 208
3189 4 2 1 1 15 142 234 282
3190 4 2 1 1 242 243 241 636
3191 4 2 1 1 307 309 308 635
3192 4 2 1 1 282 483 152 655
3193 4 2 1 1 48 164 49 428
3194 4 2 1 1 384 409 385 600
3195 4 2 1 1 218 281 43 208
3196 4 2 1 1 142 15 152 282
3197 4 2 1 1 440 452 464 620
3198 4 2 1 1 200 180 187 640
3199 4 2 1 1 240 266 237 642
3200 4 2 1 1 142 152 101 655
3201 4 2 1 1 435 438 437 643
3202 4 2 1 1 108 107 106 630
3203 4 2 1 1 101 104 133 615
3204 4 2 1 1 381 412 401 653
3205 4 2 1 1 98 21 430 20
3206 4 2 1 1 60 59 166 362
3207 4 2 1 1 426 228 75 76
3208 4 2 1 1 275 417 65 407
3209 4 2 1 1 147 123 102 612
3210 4 2 1 1 41 40 162 225
3211 4 2 1 1 226 268 287 623
3212 4 2 1 1 196 222 161 607
3213 4 2 1 1 188 176 201 632
3214 4 2 1 1 481 217 347 647
3215 4 2 1 1 137 136 118 616
3216 4 2 1 1 298 87 361 88
3217 4 2 1 1 83 82 423 294
3218 4 2 1 1 139 98 141 666
3219 4 2 1 1 291 53 54 159
3220 4 2 1 1 66 67 232 363
3221 4 2 1 1 466 448 467 613
3222 4 2 1 1 350 414 341 86
3223 4 2 1 1 403 404 362 669
3224 4 2 1 1 364 32 31 100
3225 4 2 1 1 411 366 387 641
3226 4 2 1 1 461 262 76 77
3227 4 2 1 1 184 202 203 617
3228 4 2 1 1 314 335 319 633
3229 4 2 1 1 253 269 248 631
3230 4 2 1 1 117 133 105 610
3231 4 2 1 1 414 394 341 86
3232 4 2 1 1 350 414 150 671
3233 4 2 1 1 68 69 227 360
3234 4 2 1 1 44 431 167 45
3235 4 2 1 1 477 453 432 604
3236 4 2 1 1 433 487 458 615
3237 4 2 1 1 218 482 281 660
3238 4 2 1 1 56 55 163 296
3239 4 2 1 1 24 23 300 102
3240 4 2 1 1 299 51 52 168
3241 4 2 1 1 165 39 38 230
3242 4 2 1 1 49 50 470 207
3243 4 2 1 1 336 29 28 132
3244 4 2 1 1 89 293 90 357
3245 4 2 1 1 104 17 18 458
3246 4 2 1 1 62 63 396 194
3247 4 2 1 1 417 284 153 683
3248 4 2 1 1 399 383 377 672
3249 4 2 1 1 480 348 151 674
3250 4 2 1 1 415 349 216 677
3251 4 2 1 1 320 301 345 641
3252 4 2 1 1 146 96 126 623
3253 4 2 1 1 267 41 42 197
3254 4 2 1 1 131 13 14 264
3255 4 2 1 1 226 13 12 96
3256 4 2 1 1 91 301 92 366
3257 4 2 1 1 390 360 410 619
3258 4 2 1 1 413 357 388 621
3259 4 2 1 1 97 27 28 295
3260 4 2 1 1 367 407 417 683
3261 4 2 1 1 118 120 126 676
3262 4 2 1 1 229 11 10 99
3263 4 2 1 1 344 317 293 621
3264 4 2 1 1 16 433 17 101
3265 4 2 1 1 169 64 63 365
3266 4 2 1 1 227 251 278 619
3267 4 2 1 1 14 15 142 234
3268 4 2 1 1 233 42 43 208
3269 4 2 1 1 281 271 233 660
3270 4 2 1 1 482 281 6 218
3271 4 2 1 1 7 347 481 217
3272 4 2 1 1 3 151 480 348
3273 4 2 1 1 8 216 415 349
3274 4 2 1 1 416 219 5 283
3275 4 2 1 1 2 152 282 483
3276 4 2 1 1 198 206 216 677
3277 4 2 1 1 349 301 339 677
3278 4 2 1 1 80 427 81 297
3279 4 2 1 1 4 350 414 150
3280 4 2 1 1 1 417 284 153
3281 4 2 1 1 80 338 79 460
3282 4 2 1 1 74 73 231 429
3283 4 2 1 1 26 25 292 93
3284 4 2 1 1 306 305 303 663
3285 4 2 1 1 337 85 432 84
3286 4 2 1 1 472 271 77 78
3287 4 2 1 1 426 456 476 659
3288 4 2 1 1 471 460 480 674
3289 4 2 1 1 308 343 352 628
3290 4 2 1 1 57 56 198 339
3291 4 2 1 1 192 162 212 626
3292 4 2 1 1 190 215 159 651
3293 4 2 1 1 348 338 300 674
3294 4 2 1 1 235 70 71 406
3295 4 2 1 1 228 257 258 659
3296 4 2 1 1 433 483 473 655
3297 4 2 1 1 22 471 141 21
3298 4 2 1 1 404 58 59 206
3299 4 2 1 1 151 102 141 674
3300 4 2 1 1 367 36 35 103
3301 4 2 1 1 404 366 415 677
3302 4 2 1 1 419 383 399 672
3303 4 2 1 1 184 192 186 668
3304 4 2 1 1 217 207 168 647
3305 4 2 1 1 470 481 432 647
3306 4 2 1 1 462 170 45 46
3307 4 2 1 1 218 208 167 660
3308 4 2 1 1 482 431 472 660
3309 4 2 1 1 10 9 270 143
3310 4 2 1 1 394 341 86 87
3311 4 2 1 1 328 84 477 83
3312 4 2 1 1 30 31 140 405
3313 4 2 1 1 234 272 282 655
3314 4 2 1 1 488 471 430 666
3315 4 2 1 1 272 73 72 473
3316 4 2 1 1 282 72 2 483
3317 4 2 1 1 219 37 5 283
3318 4 2 1 1 417 1 36 153
3319 4 2 1 1 281 6 78 482
3320 4 2 1 1 414 30 4 150
3321 4 2 1 1 6 482 218 44
3322 4 2 1 1 58 8 216 415
3323 4 2 1 1 2 16 152 483
3324 4 2 1 1 217 481 7 50
3325 4 2 1 1 219 5 64 416
3326 4 2 1 1 151 22 3 480
3327 4 2 1 1 224 166 206 669
3328 4 2 1 1 417 65 1 284
3329 4 2 1 1 9 1 284 153
3330 4 2 1 1 284 275 270 683
3331 4 2 1 1 209 38 37 273
3332 4 2 1 1 215 55 54 302
3333 4 2 1 1 213 53 52 333
3334 4 2 1 1 24 25 147 330
3335 4 2 1 1 140 132 150 671
3336 4 2 1 1 414 394 405 671
3337 4 2 1 1 236 39 40 212
3338 4 2 1 1 279 69 70 395
3339 4 2 1 1 416 5 71 283
3340 4 2 1 1 481 347 7 85
3341 4 2 1 1 415 92 8 349
3342 4 2 1 1 216 8 57 349
3343 4 2 1 1 480 79 3 348
3344 4 2 1 1 149 26 27 334
3345 4 2 1 1 4 29 350 150
3346 4 2 1 1 414 350 4 86
3347 4 2 1 1 281 43 6 218
3348 4 2 1 1 347 7 51 217
3349 4 2 1 1 151 3 23 348
3350 4 2 1 1 15 2 152 282
3351 4 2 1 1 11 12 146 268
3352 4 2 1 1 153 143 103 683
3353 4 2 1 1 82 323 81 479
3354 4 2 1 1 65 66 275 407
3355 4 2 1 1 74 75 476 257
3356 4 2 1 1 91 411 90 345
3357 4 2 1 1 88 89 413 344
3358 4 2 1 1 67 68 278 410
3359 4 2 1 1 586 493 618 552
3360 4 2 1 1 586 618 493 509
3361 4 2 1 1 460 674 297 338
3362 4 2 1 1 460 297 674 577
3363 4 2 1 1 516 674 297 577
3364 4 2 1 1 577 464 620 553
3365 4 2 1 1 577 620 464 454
3366 4 2 1 1 677 198 296 339
3367 4 2 1 1 296 198 677 580
3368 4 2 1 1 677 518 296 580
3369 4 2 1 1 438 643 446 538
3370 4 2 1 1 438 446 643 463
3371 4 2 1 1 583 446 643 538
3372 4 2 1 1 583 643 446 463
3373 4 2 1 1 193 632 190 201
3374 4 2 1 1 190 632 193 580
3375 4 2 1 1 382 600 390 384
3376 4 2 1 1 390 600 382 592
3377 4 2 1 1 613 498 532 535
3378 4 2 1 1 613 532 498 554
3379 4 2 1 1 594 391 378 398
3380 4 2 1 1 594 378 391 593
3381 4 2 1 1 563 645 536 489
3382 4 2 1 1 536 645 563 551
3383 4 2 1 1 601 585 681 504
3384 4 2 1 1 601 681 585 465
3385 4 2 1 1 587 611 353 346
3386 4 2 1 1 353 639 587 346
3387 4 2 1 1 670 540 510 542
3388 4 2 1 1 670 510 540 592
3389 4 2 1 1 664 609 491 560
3390 4 2 1 1 664 491 609 662
3391 4 2 1 1 623 288 229 268
3392 4 2 1 1 623 229 288 569
3393 4 2 1 1 680 492 603 530
3394 4 2 1 1 603 492 680 667
3395 4 2 1 1 603 679 680 530
3396 4 2 1 1 680 679 603 667
3397 4 2 1 1 668 495 640 558
3398 4 2 1 1 668 640 495 529
3399 4 2 1 1 619 254 360 227
3400 4 2 1 1 619 360 254 537
3401 4 2 1 1 279 360 254 227
3402 4 2 1 1 279 254 360 537
3403 4 2 1 1 578 276 550 250
3404 4 2 1 1 578 550 276 569
3405 4 2 1 1 657 665 523 496
3406 4 2 1 1 523 665 657 512
3407 4 2 1 1 622 638 173 171
3408 4 2 1 1 173 638 622 545
3409 4 2 1 1 182 546 204 174
3410 4 2 1 1 182 204 546 614
3411 4 2 1 1 611 639 587 353
3412 4 2 1 1 587 639 611 505
3413 4 2 1 1 333 168 52 213
3414 4 2 1 1 52 168 333 299
3415 4 2 1 1 661 648 524 489
3416 4 2 1 1 661 524 648 542
3417 4 2 1 1 621 576 593 388
3418 4 2 1 1 593 576 621 511
3419 4 2 1 1 593 594 621 388
3420 4 2 1 1 621 594 593 511
3421 4 2 1 1 667 499 563 527
3422 4 2 1 1 667 563 499 536
3423 4 2 1 1 197 660 199 208
3424 4 2 1 1 199 660 197 526
3425 4 2 1 1 619 578 600 510
3426 4 2 1 1 600 578 619 390
3427 4 2 1 1 600 592 619 510
3428 4 2 1 1 619 592 600 390
3429 4 2 1 1 655 131 133 142
3430 4 2 1 1 655 133 131 520
3431 4 2 1 1 653 402 522 381
3432 4 2 1 1 653 522 402 537
3433 4 2 1 1 634 400 540 373
3434 4 2 1 1 634 540 400 592
3435 4 2 1 1 634 374 543 594
3436 4 2 1 1 634 543 374 373
3437 4 2 1 1 667 500 534 649
3438 4 2 1 1 667 534 500 648
3439 4 2 1 1 361 341 576 394
3440 4 2 1 1 361 576 341 298
3441 4 2 1 1 367 128 683 103
3442 4 2 1 1 157 128 683 517
3443 4 2 1 1 157 683 128 103
3444 4 2 1 1 576 408 391 361
3445 4 2 1 1 576 391 408 593
3446 4 2 1 1 144 654 671 158
3447 4 2 1 1 671 654 144 519
3448 4 2 1 1 674 474 577 516
3449 4 2 1 1 674 577 474 460
3450 4 2 1 1 361 621 344 413
3451 4 2 1 1 344 621 361 576
3452 4 2 1 1 666 474 596 488
3453 4 2 1 1 666 596 474 516
3454 4 2 1 1 608 108 630 109
3455 4 2 1 1 608 630 108 528
3456 4 2 1 1 677 210 580 198
3457 4 2 1 1 677 580 210 518
3458 4 2 1 1 669 210 599 518
3459 4 2 1 1 669 599 210 224
3460 4 2 1 1 619 363 278 410
3461 4 2 1 1 619 278 363 578
3462 4 2 1 1 131 655 264 234
3463 4 2 1 1 131 264 655 520
3464 4 2 1 1 290 264 655 234
3465 4 2 1 1 290 655 264 520
3466 4 2 1 1 128 683 392 367
3467 4 2 1 1 128 392 683 517
3468 4 2 1 1 421 392 683 367
3469 4 2 1 1 421 683 392 517
3470 4 2 1 1 626 513 627 237
3471 4 2 1 1 627 513 626 579
3472 4 2 1 1 627 238 626 237
3473 4 2 1 1 626 238 627 579
3474 4 2 1 1 346 639 311 315
3475 4 2 1 1 311 639 346 587
3476 4 2 1 1 666 455 486 488
3477 4 2 1 1 666 486 455 564
3478 4 2 1 1 669 221 191 224
3479 4 2 1 1 221 599 669 191
3480 4 2 1 1 669 599 221 566
3481 4 2 1 1 618 154 157 575
3482 4 2 1 1 618 157 154 121
3483 4 2 1 1 642 236 529 266
3484 4 2 1 1 642 529 236 626
3485 4 2 1 1 163 302 55 215
3486 4 2 1 1 55 302 163 296
3487 4 2 1 1 230 529 626 236
3488 4 2 1 1 626 529 230 165
3489 4 2 1 1 626 212 230 236
3490 4 2 1 1 230 212 626 165
3491 4 2 1 1 677 224 206 669
3492 4 2 1 1 677 206 224 198
3493 4 2 1 1 297 479 577 427
3494 4 2 1 1 297 577 479 323
3495 4 2 1 1 429 257 74 476
3496 4 2 1 1 429 74 257 231
3497 4 2 1 1 674 327 297 338
3498 4 2 1 1 674 297 327 516
3499 4 2 1 1 296 677 322 518
3500 4 2 1 1 322 677 296 339
$EndElements
$Periodic
3
2 2 1
Affine 1 0 0 0 0 1 0 0 0 0 1 1 0 0 0 1
98
5 1
6 2
7 3
8 4
37 9
38 10
39 11
40 12
41 13
42 14
43 15
44 16
45 17
46 18
47 19
48 20
49 21
50 22
51 23
52 24
53 25
54 26
55 27
56 28
57 29
58 30
59 31
60 32
61 33
62 34
63 35
64 36
159 93
160 94
161 95
162 96
163 97
164 98
165 99
166 100
167 101
168 102
169 103
170 104
171 105
172 106
173 107
174 108
175 109
176 110
177 111
178 112
179 113
180 114
181 115
182 116
183 117
184 118
185 119
186 120
187 121
188 122
189 123
190 124
191 125
192 126
193 127
194 128
195 129
196 130
197 131
198 132
199 133
200 134
201 135
202 136
203 137
204 138
205 139
206 140
207 141
208 142
209 143
210 144
211 145
212 146
213 147
214 148
215 149
216 150
217 151
218 152
219 153
220 154
221 155
222 156
223 157
224 158
2 4 3
Affine 1 0 0 0 0 1 0 1 0 0 1 0 0 0 0 1
98
3 2
4 1
7 6
8 5
23 15
24 14
25 13
26 12
27 11
28 10
29 9
51 43
52 42
53 41
54 40
55 39
56 38
57 37
79 72
80 73
81 74
82 75
83 76
84 77
85 78
86 65
87 66
88 67
89 68
90 69
91 70
92 71
291 225
292 226
293 227
294 228
295 229
296 230
297 231
298 232
299 233
300 234
301 235
302 236
303 237
304 238
305 239
306 240
307 241
308 242
309 243
310 244
311 245
312 246
313 247
314 248
315 249
316 250
317 251
318 252
319 253
320 254
321 255
322 256
323 257
324 258
325 259
326 260
327 261
328 262
329 263
330 264
331 265
332 266
333 267
334 268
335 269
336 270
337 271
338 272
339 273
340 274
341 275
342 276
343 277
344 278
345 279
346 280
347 281
348 282
349 283
350 284
351 285
352 286
353 287
354 288
355 289
356 290
2 6 5
Affine 1 0 0 1 0 1 0 0 0 0 1 0 0 0 0 1
98
2 1
3 4
6 5
7 8
16 36
17 35
18 34
19 33
20 32
21 31
22 30
44 64
45 63
46 62
47 61
48 60
49 59
50 58
72 65
73 66
74 67
75 68
76 69
77 70
78 71
79 86
80 87
81 88
82 89
83 90
84 91
85 92
423 357
424 358
425 359
426 360
427 361
428 362
429 363
430 364
431 365
432 366
433 367
434 368
435 369
436 370
437 371
438 372
439 373
440 374
441 375
442 376
443 377
444 378
445 379
446 380
447 381
448 382
449 383
450 384
451 385
452 386
453 387
454 388
455 389
456 390
457 391
458 392
459 393
460 394
461 395
462 396
463 397
464 398
465 399
466 400
467 401
468 402
469 403
470 404
471 405
472 406
473 407
474 408
475 409
476 410
477 411
478 412
479 413
480 414
481 415
482 416
483 417
484 418
485 419
486 420
487 421
488 422
$EndPeriodic
