$MeshFormat
4.1 0 8
$EndMeshFormat
$PhysicalNames
5
1 1 "1"
1 2 "2"
1 3 "3"
1 4 "4"
2 5 "1"
$EndPhysicalNames
$Entities
4 4 1 0
1 0 0 0 0 
2 10 0 0 0 
3 10 4 0 0 
4 0 4 0 0 
1 0 4 0 10 4 0 1 3 2 4 -3 
2 10 0 0 10 4 0 1 2 2 3 -2 
3 0 0 0 10 0 0 1 4 2 2 -1 
4 0 0 0 0 4 0 1 1 2 1 -4 
1 0 0 0 10 4 0 1 5 4 1 2 3 4 
$EndEntities
$Nodes
9 4141 1 4141
0 1 0 1
1
0 0 0
0 2 0 1
2
10 0 0
0 3 0 1
3
10 4 0
0 4 0 1
4
0 4 0
1 1 0 99
5
6
7
8
9
10
11
12
13
14
15
16
17
18
19
20
21
22
23
24
25
26
27
28
29
30
31
32
33
34
35
36
37
38
39
40
41
42
43
44
45
46
47
48
49
50
51
52
53
54
55
56
57
58
59
60
61
62
63
64
65
66
67
68
69
70
71
72
73
74
75
76
77
78
79
80
81
82
83
84
85
86
87
88
89
90
91
92
93
94
95
96
97
98
99
100
101
102
103
0.09999999999992584 4 0
0.199999999999856 4 0
0.2999999999997771 4 0
0.3999999999996677 4 0
0.4999999999995511 4 0
0.5999999999994683 4 0
0.6999999999993983 4 0
0.7999999999993286 4 0
0.8999999999992587 4 0
0.9999999999991888 4 0
1.099999999999119 4 0
1.199999999999033 4 0
1.299999999998852 4 0
1.399999999998576 4 0
1.499999999998284 4 0
1.599999999997992 4 0
1.6999999999977 4 0
1.799999999997408 4 0
1.899999999997116 4 0
1.999999999996825 4 0
2.099999999996533 4 0
2.199999999996241 4 0
2.299999999995949 4 0
2.399999999995657 4 0
2.499999999995365 4 0
2.599999999995073 4 0
2.699999999994782 4 0
2.79999999999449 4 0
2.899999999994198 4 0
2.999999999993906 4 0
3.099999999993614 4 0
3.199999999993322 4 0
3.299999999993029 4 0
3.399999999992738 4 0
3.499999999992446 4 0
3.599999999992154 4 0
3.699999999991863 4 0
3.799999999991571 4 0
3.899999999991278 4 0
3.999999999991022 4 0
4.099999999991035 4 0
4.199999999991187 4 0
4.299999999991338 4 0
4.399999999991491 4 0
4.499999999991642 4 0
4.599999999991795 4 0
4.699999999991947 4 0
4.799999999992099 4 0
4.89999999999225 4 0
4.999999999992403 4 0
5.099999999992555 4 0
5.199999999992706 4 0
5.299999999992858 4 0
5.39999999999301 4 0
5.499999999993161 4 0
5.599999999993313 4 0
5.699999999993466 4 0
5.799999999993618 4 0
5.899999999993771 4 0
5.999999999993922 4 0
6.099999999994074 4 0
6.199999999994227 4 0
6.299999999994378 4 0
6.39999999999453 4 0
6.499999999994682 4 0
6.599999999994833 4 0
6.699999999994986 4 0
6.799999999995138 4 0
6.899999999995289 4 0
6.999999999995442 4 0
7.099999999995594 4 0
7.199999999995747 4 0
7.299999999995897 4 0
7.39999999999605 4 0
7.499999999996202 4 0
7.599999999996353 4 0
7.699999999996505 4 0
7.799999999996658 4 0
7.899999999996808 4 0
7.999999999996962 4 0
8.099999999997113 4 0
8.199999999997265 4 0
8.299999999997418 4 0
8.399999999997569 4 0
8.499999999997721 4 0
8.599999999997873 4 0
8.699999999998024 4 0
8.799999999998176 4 0
8.899999999998329 4 0
8.999999999998479 4 0
9.099999999998634 4 0
9.199999999998786 4 0
9.299999999998937 4 0
9.399999999999089 4 0
9.499999999999241 4 0
9.599999999999392 4 0
9.699999999999545 4 0
9.799999999999697 4 0
9.899999999999848 4 0
1 2 0 39
104
105
106
107
108
109
110
111
112
113
114
115
116
117
118
119
120
121
122
123
124
125
126
127
128
129
130
131
132
133
134
135
136
137
138
139
140
141
142
10 3.899999999999583 0
10 3.799999999999167 0
10 3.699999999998751 0
10 3.599999999998334 0
10 3.499999999998004 0
10 3.399999999998612 0
10 3.299999999999305 0
10 3.199999999999999 0
10 3.100000000000693 0
10 3.000000000001386 0
10 2.90000000000208 0
10 2.800000000002774 0
10 2.700000000003467 0
10 2.60000000000416 0
10 2.500000000004854 0
10 2.400000000005547 0
10 2.300000000006241 0
10 2.200000000006934 0
10 2.100000000007628 0
10 2.000000000008235 0
10 1.900000000007906 0
10 1.800000000007489 0
10 1.700000000007074 0
10 1.600000000006657 0
10 1.500000000006241 0
10 1.400000000005825 0
10 1.300000000005409 0
10 1.200000000004993 0
10 1.100000000004577 0
10 1.000000000004161 0
10 0.9000000000037449 0
10 0.8000000000033287 0
10 0.7000000000029125 0
10 0.6000000000024963 0
10 0.5000000000020806 0
10 0.4000000000016639 0
10 0.3000000000012486 0
10 0.200000000000832 0
10 0.1000000000004162 0
1 3 0 99
143
144
145
146
147
148
149
150
151
152
153
154
155
156
157
158
159
160
161
162
163
164
165
166
167
168
169
170
171
172
173
174
175
176
177
178
179
180
181
182
183
184
185
186
187
188
189
190
191
192
193
194
195
196
197
198
199
200
201
202
203
204
205
206
207
208
209
210
211
212
213
214
215
216
217
218
219
220
221
222
223
224
225
226
227
228
229
230
231
232
233
234
235
236
237
238
239
240
241
9.9 0 0
9.799999999999999 0 0
9.699999999999999 0 0
9.6 0 0
9.499999999999998 0 0
9.399999999999999 0 0
9.299999999999999 0 0
9.199999999999999 0 0
9.099999999999998 0 0
8.999999999999998 0 0
8.899999999999999 0 0
8.799999999999997 0 0
8.699999999999998 0 0
8.599999999999998 0 0
8.499999999999996 0 0
8.399999999999997 0 0
8.299999999999997 0 0
8.199999999999998 0 0
8.099999999999998 0 0
7.999999999999997 0 0
7.899999999999997 0 0
7.799999999999997 0 0
7.699999999999998 0 0
7.599999999999998 0 0
7.499999999999998 0 0
7.399999999999997 0 0
7.299999999999997 0 0
7.199999999999998 0 0
7.099999999999998 0 0
6.999999999999997 0 0
6.899999999999998 0 0
6.799999999999997 0 0
6.699999999999998 0 0
6.599999999999998 0 0
6.499999999999998 0 0
6.399999999999997 0 0
6.299999999999998 0 0
6.199999999999998 0 0
6.099999999999998 0 0
5.999999999999997 0 0
5.899999999999998 0 0
5.799999999999998 0 0
5.699999999999998 0 0
5.599999999999998 0 0
5.499999999999998 0 0
5.399999999999999 0 0
5.299999999999999 0 0
5.199999999999998 0 0
5.099999999999999 0 0
4.999999999999999 0 0
4.899999999999998 0 0
4.799999999999999 0 0
4.699999999999998 0 0
4.599999999999999 0 0
4.499999999999998 0 0
4.399999999999999 0 0
4.299999999999998 0 0
4.199999999999999 0 0
4.099999999999998 0 0
3.999999999999999 0 0
3.899999999999999 0 0
3.799999999999999 0 0
3.699999999999999 0 0
3.599999999999999 0 0
3.499999999999997 0 0
3.399999999999998 0 0
3.299999999999999 0 0
3.199999999999998 0 0
3.099999999999998 0 0
2.999999999999999 0 0
2.899999999999999 0 0
2.799999999999998 0 0
2.699999999999998 0 0
2.599999999999998 0 0
2.499999999999999 0 0
2.399999999999999 0 0
2.299999999999999 0 0
2.199999999999999 0 0
2.1 0 0
1.999999999999998 0 0
1.899999999999999 0 0
1.799999999999999 0 0
1.699999999999999 0 0
1.6 0 0
1.5 0 0
1.4 0 0
1.299999999999999 0 0
1.199999999999999 0 0
1.099999999999998 0 0
0.9999999999999982 0 0
0.9000000000000004 0 0
0.7999999999999989 0 0
0.6999999999999993 0 0
0.6000000000000014 0 0
0.5 0 0
0.3999999999999986 0 0
0.2999999999999989 0 0
0.1999999999999993 0 0
0.09999999999999964 0 0
1 4 0 39
242
243
244
245
246
247
248
249
250
251
252
253
254
255
256
257
258
259
260
261
262
263
264
265
266
267
268
269
270
271
272
273
274
275
276
277
278
279
280
0 0.09999999999981146 0
0 0.1999999999995986 0
0 0.2999999999994113 0
0 0.3999999999992587 0
0 0.4999999999990951 0
0 0.5999999999988144 0
0 0.6999999999985229 0
0 0.7999999999982315 0
0 0.89999999999794 0
0 0.9999999999976484 0
0 1.099999999997357 0
0 1.199999999997066 0
0 1.299999999996774 0
0 1.399999999996483 0
0 1.499999999996191 0
0 1.5999999999959 0
0 1.699999999995608 0
0 1.799999999995317 0
0 1.899999999995025 0
0 1.999999999994777 0
0 2.099999999994997 0
0 2.19999999999526 0
0 2.299999999995524 0
0 2.399999999995787 0
0 2.49999999999605 0
0 2.599999999996314 0
0 2.699999999996577 0
0 2.79999999999684 0
0 2.899999999997104 0
0 2.999999999997367 0
0 3.09999999999763 0
0 3.199999999997893 0
0 3.299999999998157 0
0 3.39999999999842 0
0 3.499999999998683 0
0 3.599999999998947 0
0 3.69999999999921 0
0 3.799999999999474 0
0 3.899999999999737 0
2 1 0 3861
281
282
283
284
285
286
287
288
289
290
291
292
293
294
295
296
297
298
299
300
301
302
303
304
305
306
307
308
309
310
311
312
313
314
315
316
317
318
319
320
321
322
323
324
325
326
327
328
329
330
331
332
333
334
335
336
337
338
339
340
341
342
343
344
345
346
347
348
349
350
351
352
353
354
355
356
357
358
359
360
361
362
363
364
365
366
367
368
369
370
371
372
373
374
375
376
377
378
379
380
381
382
383
384
385
386
387
388
389
390
391
392
393
394
395
396
397
398
399
400
401
402
403
404
405
406
407
408
409
410
411
412
413
414
415
416
417
418
419
420
421
422
423
424
425
426
427
428
429
430
431
432
433
434
435
436
437
438
439
440
441
442
443
444
445
446
447
448
449
450
451
452
453
454
455
456
457
458
459
460
461
462
463
464
465
466
467
468
469
470
471
472
473
474
475
476
477
478
479
480
481
482
483
484
485
486
487
488
489
490
491
492
493
494
495
496
497
498
499
500
501
502
503
504
505
506
507
508
509
510
511
512
513
514
515
516
517
518
519
520
521
522
523
524
525
526
527
528
529
530
531
532
533
534
535
536
537
538
539
540
541
542
543
544
545
546
547
548
549
550
551
552
553
554
555
556
557
558
559
560
561
562
563
564
565
566
567
568
569
570
571
572
573
574
575
576
577
578
579
580
581
582
583
584
585
586
587
588
589
590
591
592
593
594
595
596
597
598
599
600
601
602
603
604
605
606
607
608
609
610
611
612
613
614
615
616
617
618
619
620
621
622
623
624
625
626
627
628
629
630
631
632
633
634
635
636
637
638
639
640
641
642
643
644
645
646
647
648
649
650
651
652
653
654
655
656
657
658
659
660
661
662
663
664
665
666
667
668
669
670
671
672
673
674
675
676
677
678
679
680
681
682
683
684
685
686
687
688
689
690
691
692
693
694
695
696
697
698
699
700
701
702
703
704
705
706
707
708
709
710
711
712
713
714
715
716
717
718
719
720
721
722
723
724
725
726
727
728
729
730
731
732
733
734
735
736
737
738
739
740
741
742
743
744
745
746
747
748
749
750
751
752
753
754
755
756
757
758
759
760
761
762
763
764
765
766
767
768
769
770
771
772
773
774
775
776
777
778
779
780
781
782
783
784
785
786
787
788
789
790
791
792
793
794
795
796
797
798
799
800
801
802
803
804
805
806
807
808
809
810
811
812
813
814
815
816
817
818
819
820
821
822
823
824
825
826
827
828
829
830
831
832
833
834
835
836
837
838
839
840
841
842
843
844
845
846
847
848
849
850
851
852
853
854
855
856
857
858
859
860
861
862
863
864
865
866
867
868
869
870
871
872
873
874
875
876
877
878
879
880
881
882
883
884
885
886
887
888
889
890
891
892
893
894
895
896
897
898
899
900
901
902
903
904
905
906
907
908
909
910
911
912
913
914
915
916
917
918
919
920
921
922
923
924
925
926
927
928
929
930
931
932
933
934
935
936
937
938
939
940
941
942
943
944
945
946
947
948
949
950
951
952
953
954
955
956
957
958
959
960
961
962
963
964
965
966
967
968
969
970
971
972
973
974
975
976
977
978
979
980
981
982
983
984
985
986
987
988
989
990
991
992
993
994
995
996
997
998
999
1000
1001
1002
1003
1004
1005
1006
1007
1008
1009
1010
1011
1012
1013
1014
1015
1016
1017
1018
1019
1020
1021
1022
1023
1024
1025
1026
1027
1028
1029
1030
1031
1032
1033
1034
1035
1036
1037
1038
1039
1040
1041
1042
1043
1044
1045
1046
1047
1048
1049
1050
1051
1052
1053
1054
1055
1056
1057
1058
1059
1060
1061
1062
1063
1064
1065
1066
1067
1068
1069
1070
1071
1072
1073
1074
1075
1076
1077
1078
1079
1080
1081
1082
1083
1084
1085
1086
1087
1088
1089
1090
1091
1092
1093
1094
1095
1096
1097
1098
1099
1100
1101
1102
1103
1104
1105
1106
1107
1108
1109
1110
1111
1112
1113
1114
1115
1116
1117
1118
1119
1120
1121
1122
1123
1124
1125
1126
1127
1128
1129
1130
1131
1132
1133
1134
1135
1136
1137
1138
1139
1140
1141
1142
1143
1144
1145
1146
1147
1148
1149
1150
1151
1152
1153
1154
1155
1156
1157
1158
1159
1160
1161
1162
1163
1164
1165
1166
1167
1168
1169
1170
1171
1172
1173
1174
1175
1176
1177
1178
1179
1180
1181
1182
1183
1184
1185
1186
1187
1188
1189
1190
1191
1192
1193
1194
1195
1196
1197
1198
1199
1200
1201
1202
1203
1204
1205
1206
1207
1208
1209
1210
1211
1212
1213
1214
1215
1216
1217
1218
1219
1220
1221
1222
1223
1224
1225
1226
1227
1228
1229
1230
1231
1232
1233
1234
1235
1236
1237
1238
1239
1240
1241
1242
1243
1244
1245
1246
1247
1248
1249
1250
1251
1252
1253
1254
1255
1256
1257
1258
1259
1260
1261
1262
1263
1264
1265
1266
1267
1268
1269
1270
1271
1272
1273
1274
1275
1276
1277
1278
1279
1280
1281
1282
1283
1284
1285
1286
1287
1288
1289
1290
1291
1292
1293
1294
1295
1296
1297
1298
1299
1300
1301
1302
1303
1304
1305
1306
1307
1308
1309
1310
1311
1312
1313
1314
1315
1316
1317
1318
1319
1320
1321
1322
1323
1324
1325
1326
1327
1328
1329
1330
1331
1332
1333
1334
1335
1336
1337
1338
1339
1340
1341
1342
1343
1344
1345
1346
1347
1348
1349
1350
1351
1352
1353
1354
1355
1356
1357
1358
1359
1360
1361
1362
1363
1364
1365
1366
1367
1368
1369
1370
1371
1372
1373
1374
1375
1376
1377
1378
1379
1380
1381
1382
1383
1384
1385
1386
1387
1388
1389
1390
1391
1392
1393
1394
1395
1396
1397
1398
1399
1400
1401
1402
1403
1404
1405
1406
1407
1408
1409
1410
1411
1412
1413
1414
1415
1416
1417
1418
1419
1420
1421
1422
1423
1424
1425
1426
1427
1428
1429
1430
1431
1432
1433
1434
1435
1436
1437
1438
1439
1440
1441
1442
1443
1444
1445
1446
1447
1448
1449
1450
1451
1452
1453
1454
1455
1456
1457
1458
1459
1460
1461
1462
1463
1464
1465
1466
1467
1468
1469
1470
1471
1472
1473
1474
1475
1476
1477
1478
1479
1480
1481
1482
1483
1484
1485
1486
1487
1488
1489
1490
1491
1492
1493
1494
1495
1496
1497
1498
1499
1500
1501
1502
1503
1504
1505
1506
1507
1508
1509
1510
1511
1512
1513
1514
1515
1516
1517
1518
1519
1520
1521
1522
1523
1524
1525
1526
1527
1528
1529
1530
1531
1532
1533
1534
1535
1536
1537
1538
1539
1540
1541
1542
1543
1544
1545
1546
1547
1548
1549
1550
1551
1552
1553
1554
1555
1556
1557
1558
1559
1560
1561
1562
1563
1564
1565
1566
1567
1568
1569
1570
1571
1572
1573
1574
1575
1576
1577
1578
1579
1580
1581
1582
1583
1584
1585
1586
1587
1588
1589
1590
1591
1592
1593
1594
1595
1596
1597
1598
1599
1600
1601
1602
1603
1604
1605
1606
1607
1608
1609
1610
1611
1612
1613
1614
1615
1616
1617
1618
1619
1620
1621
1622
1623
1624
1625
1626
1627
1628
1629
1630
1631
1632
1633
1634
1635
1636
1637
1638
1639
1640
1641
1642
1643
1644
1645
1646
1647
1648
1649
1650
1651
1652
1653
1654
1655
1656
1657
1658
1659
1660
1661
1662
1663
1664
1665
1666
1667
1668
1669
1670
1671
1672
1673
1674
1675
1676
1677
1678
1679
1680
1681
1682
1683
1684
1685
1686
1687
1688
1689
1690
1691
1692
1693
1694
1695
1696
1697
1698
1699
1700
1701
1702
1703
1704
1705
1706
1707
1708
1709
1710
1711
1712
1713
1714
1715
1716
1717
1718
1719
1720
1721
1722
1723
1724
1725
1726
1727
1728
1729
1730
1731
1732
1733
1734
1735
1736
1737
1738
1739
1740
1741
1742
1743
1744
1745
1746
1747
1748
1749
1750
1751
1752
1753
1754
1755
1756
1757
1758
1759
1760
1761
1762
1763
1764
1765
1766
1767
1768
1769
1770
1771
1772
1773
1774
1775
1776
1777
1778
1779
1780
1781
1782
1783
1784
1785
1786
1787
1788
1789
1790
1791
1792
1793
1794
1795
1796
1797
1798
1799
1800
1801
1802
1803
1804
1805
1806
1807
1808
1809
1810
1811
1812
1813
1814
1815
1816
1817
1818
1819
1820
1821
1822
1823
1824
1825
1826
1827
1828
1829
1830
1831
1832
1833
1834
1835
1836
1837
1838
1839
1840
1841
1842
1843
1844
1845
1846
1847
1848
1849
1850
1851
1852
1853
1854
1855
1856
1857
1858
1859
1860
1861
1862
1863
1864
1865
1866
1867
1868
1869
1870
1871
1872
1873
1874
1875
1876
1877
1878
1879
1880
1881
1882
1883
1884
1885
1886
1887
1888
1889
1890
1891
1892
1893
1894
1895
1896
1897
1898
1899
1900
1901
1902
1903
1904
1905
1906
1907
1908
1909
1910
1911
1912
1913
1914
1915
1916
1917
1918
1919
1920
1921
1922
1923
1924
1925
1926
1927
1928
1929
1930
1931
1932
1933
1934
1935
1936
1937
1938
1939
1940
1941
1942
1943
1944
1945
1946
1947
1948
1949
1950
1951
1952
1953
1954
1955
1956
1957
1958
1959
1960
1961
1962
1963
1964
1965
1966
1967
1968
1969
1970
1971
1972
1973
1974
1975
1976
1977
1978
1979
1980
1981
1982
1983
1984
1985
1986
1987
1988
1989
1990
1991
1992
1993
1994
1995
1996
1997
1998
1999
2000
2001
2002
2003
2004
2005
2006
2007
2008
2009
2010
2011
2012
2013
2014
2015
2016
2017
2018
2019
2020
2021
2022
2023
2024
2025
2026
2027
2028
2029
2030
2031
2032
2033
2034
2035
2036
2037
2038
2039
2040
2041
2042
2043
2044
2045
2046
2047
2048
2049
2050
2051
2052
2053
2054
2055
2056
2057
2058
2059
2060
2061
2062
2063
2064
2065
2066
2067
2068
2069
2070
2071
2072
2073
2074
2075
2076
2077
2078
2079
2080
2081
2082
2083
2084
2085
2086
2087
2088
2089
2090
2091
2092
2093
2094
2095
2096
2097
2098
2099
2100
2101
2102
2103
2104
2105
2106
2107
2108
2109
2110
2111
2112
2113
2114
2115
2116
2117
2118
2119
2120
2121
2122
2123
2124
2125
2126
2127
2128
2129
2130
2131
2132
2133
2134
2135
2136
2137
2138
2139
2140
2141
2142
2143
2144
2145
2146
2147
2148
2149
2150
2151
2152
2153
2154
2155
2156
2157
2158
2159
2160
2161
2162
2163
2164
2165
2166
2167
2168
2169
2170
2171
2172
2173
2174
2175
2176
2177
2178
2179
2180
2181
2182
2183
2184
2185
2186
2187
2188
2189
2190
2191
2192
2193
2194
2195
2196
2197
2198
2199
2200
2201
2202
2203
2204
2205
2206
2207
2208
2209
2210
2211
2212
2213
2214
2215
2216
2217
2218
2219
2220
2221
2222
2223
2224
2225
2226
2227
2228
2229
2230
2231
2232
2233
2234
2235
2236
2237
2238
2239
2240
2241
2242
2243
2244
2245
2246
2247
2248
2249
2250
2251
2252
2253
2254
2255
2256
2257
2258
2259
2260
2261
2262
2263
2264
2265
2266
2267
2268
2269
2270
2271
2272
2273
2274
2275
2276
2277
2278
2279
2280
2281
2282
2283
2284
2285
2286
2287
2288
2289
2290
2291
2292
2293
2294
2295
2296
2297
2298
2299
2300
2301
2302
2303
2304
2305
2306
2307
2308
2309
2310
2311
2312
2313
2314
2315
2316
2317
2318
2319
2320
2321
2322
2323
2324
2325
2326
2327
2328
2329
2330
2331
2332
2333
2334
2335
2336
2337
2338
2339
2340
2341
2342
2343
2344
2345
2346
2347
2348
2349
2350
2351
2352
2353
2354
2355
2356
2357
2358
2359
2360
2361
2362
2363
2364
2365
2366
2367
2368
2369
2370
2371
2372
2373
2374
2375
2376
2377
2378
2379
2380
2381
2382
2383
2384
2385
2386
2387
2388
2389
2390
2391
2392
2393
2394
2395
2396
2397
2398
2399
2400
2401
2402
2403
2404
2405
2406
2407
2408
2409
2410
2411
2412
2413
2414
2415
2416
2417
2418
2419
2420
2421
2422
2423
2424
2425
2426
2427
2428
2429
2430
2431
2432
2433
2434
2435
2436
2437
2438
2439
2440
2441
2442
2443
2444
2445
2446
2447
2448
2449
2450
2451
2452
2453
2454
2455
2456
2457
2458
2459
2460
2461
2462
2463
2464
2465
2466
2467
2468
2469
2470
2471
2472
2473
2474
2475
2476
2477
2478
2479
2480
2481
2482
2483
2484
2485
2486
2487
2488
2489
2490
2491
2492
2493
2494
2495
2496
2497
2498
2499
2500
2501
2502
2503
2504
2505
2506
2507
2508
2509
2510
2511
2512
2513
2514
2515
2516
2517
2518
2519
2520
2521
2522
2523
2524
2525
2526
2527
2528
2529
2530
2531
2532
2533
2534
2535
2536
2537
2538
2539
2540
2541
2542
2543
2544
2545
2546
2547
2548
2549
2550
2551
2552
2553
2554
2555
2556
2557
2558
2559
2560
2561
2562
2563
2564
2565
2566
2567
2568
2569
2570
2571
2572
2573
2574
2575
2576
2577
2578
2579
2580
2581
2582
2583
2584
2585
2586
2587
2588
2589
2590
2591
2592
2593
2594
2595
2596
2597
2598
2599
2600
2601
2602
2603
2604
2605
2606
2607
2608
2609
2610
2611
2612
2613
2614
2615
2616
2617
2618
2619
2620
2621
2622
2623
2624
2625
2626
2627
2628
2629
2630
2631
2632
2633
2634
2635
2636
2637
2638
2639
2640
2641
2642
2643
2644
2645
2646
2647
2648
2649
2650
2651
2652
2653
2654
2655
2656
2657
2658
2659
2660
2661
2662
2663
2664
2665
2666
2667
2668
2669
2670
2671
2672
2673
2674
2675
2676
2677
2678
2679
2680
2681
2682
2683
2684
2685
2686
2687
2688
2689
2690
2691
2692
2693
2694
2695
2696
2697
2698
2699
2700
2701
2702
2703
2704
2705
2706
2707
2708
2709
2710
2711
2712
2713
2714
2715
2716
2717
2718
2719
2720
2721
2722
2723
2724
2725
2726
2727
2728
2729
2730
2731
2732
2733
2734
2735
2736
2737
2738
2739
2740
2741
2742
2743
2744
2745
2746
2747
2748
2749
2750
2751
2752
2753
2754
2755
2756
2757
2758
2759
2760
2761
2762
2763
2764
2765
2766
2767
2768
2769
2770
2771
2772
2773
2774
2775
2776
2777
2778
2779
2780
2781
2782
2783
2784
2785
2786
2787
2788
2789
2790
2791
2792
2793
2794
2795
2796
2797
2798
2799
2800
2801
2802
2803
2804
2805
2806
2807
2808
2809
2810
2811
2812
2813
2814
2815
2816
2817
2818
2819
2820
2821
2822
2823
2824
2825
2826
2827
2828
2829
2830
2831
2832
2833
2834
2835
2836
2837
2838
2839
2840
2841
2842
2843
2844
2845
2846
2847
2848
2849
2850
2851
2852
2853
2854
2855
2856
2857
2858
2859
2860
2861
2862
2863
2864
2865
2866
2867
2868
2869
2870
2871
2872
2873
2874
2875
2876
2877
2878
2879
2880
2881
2882
2883
2884
2885
2886
2887
2888
2889
2890
2891
2892
2893
2894
2895
2896
2897
2898
2899
2900
2901
2902
2903
2904
2905
2906
2907
2908
2909
2910
2911
2912
2913
2914
2915
2916
2917
2918
2919
2920
2921
2922
2923
2924
2925
2926
2927
2928
2929
2930
2931
2932
2933
2934
2935
2936
2937
2938
2939
2940
2941
2942
2943
2944
2945
2946
2947
2948
2949
2950
2951
2952
2953
2954
2955
2956
2957
2958
2959
2960
2961
2962
2963
2964
2965
2966
2967
2968
2969
2970
2971
2972
2973
2974
2975
2976
2977
2978
2979
2980
2981
2982
2983
2984
2985
2986
2987
2988
2989
2990
2991
2992
2993
2994
2995
2996
2997
2998
2999
3000
3001
3002
3003
3004
3005
3006
3007
3008
3009
3010
3011
3012
3013
3014
3015
3016
3017
3018
3019
3020
3021
3022
3023
3024
3025
3026
3027
3028
3029
3030
3031
3032
3033
3034
3035
3036
3037
3038
3039
3040
3041
3042
3043
3044
3045
3046
3047
3048
3049
3050
3051
3052
3053
3054
3055
3056
3057
3058
3059
3060
3061
3062
3063
3064
3065
3066
3067
3068
3069
3070
3071
3072
3073
3074
3075
3076
3077
3078
3079
3080
3081
3082
3083
3084
3085
3086
3087
3088
3089
3090
3091
3092
3093
3094
3095
3096
3097
3098
3099
3100
3101
3102
3103
3104
3105
3106
3107
3108
3109
3110
3111
3112
3113
3114
3115
3116
3117
3118
3119
3120
3121
3122
3123
3124
3125
3126
3127
3128
3129
3130
3131
3132
3133
3134
3135
3136
3137
3138
3139
3140
3141
3142
3143
3144
3145
3146
3147
3148
3149
3150
3151
3152
3153
3154
3155
3156
3157
3158
3159
3160
3161
3162
3163
3164
3165
3166
3167
3168
3169
3170
3171
3172
3173
3174
3175
3176
3177
3178
3179
3180
3181
3182
3183
3184
3185
3186
3187
3188
3189
3190
3191
3192
3193
3194
3195
3196
3197
3198
3199
3200
3201
3202
3203
3204
3205
3206
3207
3208
3209
3210
3211
3212
3213
3214
3215
3216
3217
3218
3219
3220
3221
3222
3223
3224
3225
3226
3227
3228
3229
3230
3231
3232
3233
3234
3235
3236
3237
3238
3239
3240
3241
3242
3243
3244
3245
3246
3247
3248
3249
3250
3251
3252
3253
3254
3255
3256
3257
3258
3259
3260
3261
3262
3263
3264
3265
3266
3267
3268
3269
3270
3271
3272
3273
3274
3275
3276
3277
3278
3279
3280
3281
3282
3283
3284
3285
3286
3287
3288
3289
3290
3291
3292
3293
3294
3295
3296
3297
3298
3299
3300
3301
3302
3303
3304
3305
3306
3307
3308
3309
3310
3311
3312
3313
3314
3315
3316
3317
3318
3319
3320
3321
3322
3323
3324
3325
3326
3327
3328
3329
3330
3331
3332
3333
3334
3335
3336
3337
3338
3339
3340
3341
3342
3343
3344
3345
3346
3347
3348
3349
3350
3351
3352
3353
3354
3355
3356
3357
3358
3359
3360
3361
3362
3363
3364
3365
3366
3367
3368
3369
3370
3371
3372
3373
3374
3375
3376
3377
3378
3379
3380
3381
3382
3383
3384
3385
3386
3387
3388
3389
3390
3391
3392
3393
3394
3395
3396
3397
3398
3399
3400
3401
3402
3403
3404
3405
3406
3407
3408
3409
3410
3411
3412
3413
3414
3415
3416
3417
3418
3419
3420
3421
3422
3423
3424
3425
3426
3427
3428
3429
3430
3431
3432
3433
3434
3435
3436
3437
3438
3439
3440
3441
3442
3443
3444
3445
3446
3447
3448
3449
3450
3451
3452
3453
3454
3455
3456
3457
3458
3459
3460
3461
3462
3463
3464
3465
3466
3467
3468
3469
3470
3471
3472
3473
3474
3475
3476
3477
3478
3479
3480
3481
3482
3483
3484
3485
3486
3487
3488
3489
3490
3491
3492
3493
3494
3495
3496
3497
3498
3499
3500
3501
3502
3503
3504
3505
3506
3507
3508
3509
3510
3511
3512
3513
3514
3515
3516
3517
3518
3519
3520
3521
3522
3523
3524
3525
3526
3527
3528
3529
3530
3531
3532
3533
3534
3535
3536
3537
3538
3539
3540
3541
3542
3543
3544
3545
3546
3547
3548
3549
3550
3551
3552
3553
3554
3555
3556
3557
3558
3559
3560
3561
3562
3563
3564
3565
3566
3567
3568
3569
3570
3571
3572
3573
3574
3575
3576
3577
3578
3579
3580
3581
3582
3583
3584
3585
3586
3587
3588
3589
3590
3591
3592
3593
3594
3595
3596
3597
3598
3599
3600
3601
3602
3603
3604
3605
3606
3607
3608
3609
3610
3611
3612
3613
3614
3615
3616
3617
3618
3619
3620
3621
3622
3623
3624
3625
3626
3627
3628
3629
3630
3631
3632
3633
3634
3635
3636
3637
3638
3639
3640
3641
3642
3643
3644
3645
3646
3647
3648
3649
3650
3651
3652
3653
3654
3655
3656
3657
3658
3659
3660
3661
3662
3663
3664
3665
3666
3667
3668
3669
3670
3671
3672
3673
3674
3675
3676
3677
3678
3679
3680
3681
3682
3683
3684
3685
3686
3687
3688
3689
3690
3691
3692
3693
3694
3695
3696
3697
3698
3699
3700
3701
3702
3703
3704
3705
3706
3707
3708
3709
3710
3711
3712
3713
3714
3715
3716
3717
3718
3719
3720
3721
3722
3723
3724
3725
3726
3727
3728
3729
3730
3731
3732
3733
3734
3735
3736
3737
3738
3739
3740
3741
3742
3743
3744
3745
3746
3747
3748
3749
3750
3751
3752
3753
3754
3755
3756
3757
3758
3759
3760
3761
3762
3763
3764
3765
3766
3767
3768
3769
3770
3771
3772
3773
3774
3775
3776
3777
3778
3779
3780
3781
3782
3783
3784
3785
3786
3787
3788
3789
3790
3791
3792
3793
3794
3795
3796
3797
3798
3799
3800
3801
3802
3803
3804
3805
3806
3807
3808
3809
3810
3811
3812
3813
3814
3815
3816
3817
3818
3819
3820
3821
3822
3823
3824
3825
3826
3827
3828
3829
3830
3831
3832
3833
3834
3835
3836
3837
3838
3839
3840
3841
3842
3843
3844
3845
3846
3847
3848
3849
3850
3851
3852
3853
3854
3855
3856
3857
3858
3859
3860
3861
3862
3863
3864
3865
3866
3867
3868
3869
3870
3871
3872
3873
3874
3875
3876
3877
3878
3879
3880
3881
3882
3883
3884
3885
3886
3887
3888
3889
3890
3891
3892
3893
3894
3895
3896
3897
3898
3899
3900
3901
3902
3903
3904
3905
3906
3907
3908
3909
3910
3911
3912
3913
3914
3915
3916
3917
3918
3919
3920
3921
3922
3923
3924
3925
3926
3927
3928
3929
3930
3931
3932
3933
3934
3935
3936
3937
3938
3939
3940
3941
3942
3943
3944
3945
3946
3947
3948
3949
3950
3951
3952
3953
3954
3955
3956
3957
3958
3959
3960
3961
3962
3963
3964
3965
3966
3967
3968
3969
3970
3971
3972
3973
3974
3975
3976
3977
3978
3979
3980
3981
3982
3983
3984
3985
3986
3987
3988
3989
3990
3991
3992
3993
3994
3995
3996
3997
3998
3999
4000
4001
4002
4003
4004
4005
4006
4007
4008
4009
4010
4011
4012
4013
4014
4015
4016
4017
4018
4019
4020
4021
4022
4023
4024
4025
4026
4027
4028
4029
4030
4031
4032
4033
4034
4035
4036
4037
4038
4039
4040
4041
4042
4043
4044
4045
4046
4047
4048
4049
4050
4051
4052
4053
4054
4055
4056
4057
4058
4059
4060
4061
4062
4063
4064
4065
4066
4067
4068
4069
4070
4071
4072
4073
4074
4075
4076
4077
4078
4079
4080
4081
4082
4083
4084
4085
4086
4087
4088
4089
4090
4091
4092
4093
4094
4095
4096
4097
4098
4099
4100
4101
4102
4103
4104
4105
4106
4107
4108
4109
4110
4111
4112
4113
4114
4115
4116
4117
4118
4119
4120
4121
4122
4123
4124
4125
4126
4127
4128
4129
4130
4131
4132
4133
4134
4135
4136
4137
4138
4139
4140
4141
0.09999999999992769 3.899999999999736 0
0.09999999999992952 3.799999999999471 0
0.09999999999993137 3.699999999999205 0
0.09999999999993323 3.599999999998941 0
0.09999999999993509 3.499999999998677 0
0.09999999999993689 3.399999999998422 0
0.09999999999993874 3.299999999998169 0
0.09999999999994062 3.199999999997915 0
0.09999999999994245 3.099999999997662 0
0.09999999999994427 2.999999999997407 0
0.09999999999994615 2.899999999997154 0
0.09999999999994796 2.799999999996899 0
0.09999999999994981 2.699999999996646 0
0.09999999999995167 2.599999999996393 0
0.09999999999995354 2.499999999996139 0
0.09999999999995535 2.399999999995885 0
0.09999999999995723 2.299999999995632 0
0.09999999999995907 2.199999999995377 0
0.0999999999999609 2.099999999995124 0
0.09999999999996277 1.999999999994912 0
0.09999999999996462 1.899999999995154 0
0.09999999999996641 1.799999999995439 0
0.09999999999996829 1.699999999995723 0
0.09999999999997013 1.599999999996007 0
0.09999999999997199 1.499999999996291 0
0.09999999999997382 1.399999999996576 0
0.09999999999997564 1.29999999999686 0
0.0999999999999775 1.199999999997145 0
0.09999999999997938 1.099999999997429 0
0.0999999999999812 0.9999999999977136 0
0.09999999999998303 0.8999999999979978 0
0.09999999999998488 0.7999999999982825 0
0.09999999999998674 0.6999999999985669 0
0.0999999999999886 0.5999999999988512 0
0.09999999999999042 0.4999999999991249 0
0.09999999999999226 0.3999999999992827 0
0.09999999999999412 0.2999999999994296 0
0.09999999999999597 0.1999999999996109 0
0.0999999999999978 0.09999999999981751 0
0.1999999999998596 3.899999999999734 0
0.1999999999998631 3.799999999999467 0
0.1999999999998668 3.6999999999992 0
0.1999999999998704 3.599999999998935 0
0.199999999999874 3.49999999999867 0
0.1999999999998775 3.399999999998424 0
0.1999999999998811 3.29999999999818 0
0.1999999999998847 3.199999999997936 0
0.1999999999998883 3.099999999997692 0
0.1999999999998918 2.999999999997447 0
0.1999999999998954 2.899999999997203 0
0.199999999999899 2.799999999996959 0
0.1999999999999026 2.699999999996716 0
0.1999999999999062 2.599999999996471 0
0.1999999999999097 2.499999999996226 0
0.1999999999999134 2.399999999995983 0
0.1999999999999169 2.299999999995738 0
0.1999999999999205 2.199999999995494 0
0.1999999999999241 2.09999999999525 0
0.1999999999999277 1.999999999995046 0
0.1999999999999312 1.899999999995283 0
0.1999999999999348 1.79999999999556 0
0.1999999999999384 1.699999999995838 0
0.199999999999942 1.599999999996115 0
0.1999999999999456 1.499999999996392 0
0.1999999999999491 1.399999999996669 0
0.1999999999999527 1.299999999996947 0
0.1999999999999564 1.199999999997224 0
0.1999999999999599 1.099999999997501 0
0.1999999999999634 0.9999999999977787 0
0.1999999999999671 0.8999999999980561 0
0.1999999999999706 0.7999999999983335 0
0.1999999999999742 0.6999999999986106 0
0.1999999999999778 0.5999999999988881 0
0.1999999999999814 0.4999999999991547 0
0.199999999999985 0.3999999999993067 0
0.1999999999999885 0.299999999999448 0
0.1999999999999922 0.1999999999996233 0
0.1999999999999957 0.09999999999982356 0
0.2999999999997827 3.899999999999733 0
0.2999999999997882 3.799999999999464 0
0.2999999999997938 3.699999999999196 0
0.2999999999997993 3.599999999998929 0
0.2999999999998049 3.499999999998663 0
0.2999999999998103 3.399999999998426 0
0.2999999999998159 3.299999999998191 0
0.2999999999998214 3.199999999997956 0
0.299999999999827 3.099999999997722 0
0.2999999999998325 2.999999999997487 0
0.2999999999998381 2.899999999997253 0
0.2999999999998436 2.799999999997018 0
0.2999999999998492 2.699999999996784 0
0.2999999999998547 2.599999999996549 0
0.2999999999998603 2.499999999996314 0
0.2999999999998658 2.39999999999608 0
0.2999999999998714 2.299999999995845 0
0.2999999999998768 2.19999999999561 0
0.2999999999998825 2.099999999995376 0
0.299999999999888 1.999999999995181 0
0.2999999999998936 1.899999999995412 0
0.2999999999998991 1.799999999995682 0
0.2999999999999047 1.699999999995952 0
0.2999999999999102 1.599999999996222 0
0.2999999999999157 1.499999999996493 0
0.2999999999999213 1.399999999996763 0
0.2999999999999269 1.299999999997033 0
0.2999999999999324 1.199999999997304 0
0.299999999999938 1.099999999997573 0
0.2999999999999435 0.9999999999978437 0
0.299999999999949 0.8999999999981143 0
0.2999999999999546 0.7999999999983844 0
0.2999999999999601 0.6999999999986546 0
0.2999999999999657 0.5999999999989249 0
0.2999999999999713 0.4999999999991847 0
0.2999999999999767 0.3999999999993308 0
0.2999999999999823 0.2999999999994665 0
0.2999999999999879 0.1999999999996356 0
0.2999999999999934 0.09999999999982961 0
0.3999999999996761 3.899999999999731 0
0.3999999999996843 3.799999999999461 0
0.3999999999996925 3.699999999999191 0
0.399999999999701 3.599999999998923 0
0.3999999999997091 3.499999999998656 0
0.3999999999997174 3.399999999998428 0
0.3999999999997257 3.299999999998203 0
0.3999999999997339 3.199999999997977 0
0.3999999999997421 3.099999999997753 0
0.3999999999997504 2.999999999997527 0
0.3999999999997587 2.899999999997303 0
0.399999999999767 2.799999999997077 0
0.3999999999997753 2.699999999996853 0
0.3999999999997836 2.599999999996627 0
0.3999999999997919 2.499999999996402 0
0.3999999999998001 2.399999999996178 0
0.3999999999998083 2.299999999995953 0
0.3999999999998166 2.199999999995727 0
0.3999999999998249 2.099999999995502 0
0.3999999999998332 1.999999999995315 0
0.3999999999998415 1.899999999995541 0
0.3999999999998497 1.799999999995804 0
0.3999999999998579 1.699999999996067 0
0.3999999999998662 1.59999999999633 0
0.3999999999998745 1.499999999996593 0
0.3999999999998828 1.399999999996856 0
0.399999999999891 1.299999999997119 0
0.3999999999998994 1.199999999997383 0
0.3999999999999075 1.099999999997646 0
0.3999999999999159 0.999999999997909 0
0.3999999999999242 0.8999999999981723 0
0.3999999999999324 0.7999999999984352 0
0.3999999999999407 0.6999999999986986 0
0.399999999999949 0.5999999999989618 0
0.3999999999999573 0.4999999999992145 0
0.3999999999999655 0.3999999999993549 0
0.3999999999999738 0.2999999999994848 0
0.3999999999999821 0.199999999999648 0
0.3999999999999904 0.09999999999983566 0
0.4999999999995624 3.899999999999729 0
0.4999999999995736 3.799999999999458 0
0.4999999999995847 3.699999999999187 0
0.4999999999995961 3.599999999998916 0
0.4999999999996073 3.499999999998649 0
0.4999999999996185 3.39999999999843 0
0.4999999999996299 3.299999999998215 0
0.499999999999641 3.199999999997999 0
0.4999999999996522 3.099999999997784 0
0.4999999999996634 2.999999999997568 0
0.4999999999996746 2.899999999997354 0
0.4999999999996857 2.799999999997137 0
0.4999999999996971 2.699999999996921 0
0.4999999999997083 2.599999999996705 0
0.4999999999997194 2.49999999999649 0
0.4999999999997307 2.399999999996275 0
0.4999999999997419 2.299999999996059 0
0.4999999999997532 2.199999999995844 0
0.4999999999997644 2.099999999995628 0
0.4999999999997755 1.99999999999545 0
0.4999999999997868 1.89999999999567 0
0.4999999999997981 1.799999999995926 0
0.4999999999998093 1.699999999996181 0
0.4999999999998204 1.599999999996438 0
0.4999999999998316 1.499999999996694 0
0.4999999999998429 1.399999999996949 0
0.4999999999998541 1.299999999997205 0
0.4999999999998654 1.199999999997462 0
0.4999999999998766 1.099999999997718 0
0.4999999999998878 0.9999999999979741 0
0.499999999999899 0.8999999999982302 0
0.4999999999999103 0.7999999999984864 0
0.4999999999999215 0.6999999999987425 0
0.4999999999999327 0.5999999999989986 0
0.4999999999999439 0.4999999999992444 0
0.4999999999999551 0.399999999999379 0
0.4999999999999664 0.2999999999995031 0
0.4999999999999775 0.1999999999996603 0
0.4999999999999888 0.09999999999984172 0
0.5999999999994818 3.899999999999728 0
0.5999999999994948 3.799999999999455 0
0.5999999999995085 3.699999999999182 0
0.5999999999995217 3.599999999998911 0
0.599999999999535 3.499999999998642 0
0.5999999999995481 3.399999999998432 0
0.5999999999995614 3.299999999998226 0
0.599999999999575 3.19999999999802 0
0.5999999999995883 3.099999999997814 0
0.5999999999996017 2.999999999997609 0
0.5999999999996148 2.899999999997402 0
0.5999999999996282 2.799999999997196 0
0.5999999999996416 2.699999999996991 0
0.5999999999996549 2.599999999996785 0
0.5999999999996682 2.499999999996579 0
0.5999999999996817 2.399999999996373 0
0.599999999999695 2.299999999996166 0
0.5999999999997081 2.199999999995961 0
0.5999999999997215 2.099999999995755 0
0.5999999999997349 1.999999999995584 0
0.5999999999997482 1.899999999995798 0
0.5999999999997615 1.799999999996047 0
0.5999999999997748 1.699999999996296 0
0.5999999999997881 1.599999999996545 0
0.5999999999998016 1.499999999996794 0
0.5999999999998149 1.399999999997043 0
0.5999999999998281 1.299999999997292 0
0.5999999999998414 1.199999999997541 0
0.5999999999998548 1.09999999999779 0
0.5999999999998683 0.9999999999980391 0
0.5999999999998816 0.8999999999982882 0
0.5999999999998948 0.7999999999985372 0
0.5999999999999083 0.6999999999987864 0
0.5999999999999216 0.5999999999990353 0
0.5999999999999349 0.4999999999992741 0
0.5999999999999482 0.3999999999994029 0
0.5999999999999616 0.2999999999995215 0
0.5999999999999749 0.1999999999996726 0
0.5999999999999882 0.09999999999984775 0
0.699999999999413 3.899999999999725 0
0.6999999999994284 3.799999999999452 0
0.6999999999994435 3.699999999999177 0
0.6999999999994586 3.599999999998905 0
0.6999999999994735 3.499999999998636 0
0.6999999999994886 3.399999999998434 0
0.6999999999995034 3.299999999998237 0
0.6999999999995183 3.199999999998041 0
0.6999999999995334 3.099999999997844 0
0.6999999999995485 2.999999999997648 0
0.6999999999995635 2.899999999997452 0
0.6999999999995784 2.799999999997255 0
0.6999999999995936 2.69999999999706 0
0.6999999999996087 2.599999999996863 0
0.6999999999996237 2.499999999996667 0
0.6999999999996389 2.39999999999647 0
0.6999999999996538 2.299999999996275 0
0.6999999999996687 2.199999999996077 0
0.6999999999996838 2.099999999995881 0
0.6999999999996986 1.999999999995719 0
0.699999999999714 1.899999999995927 0
0.6999999999997287 1.799999999996169 0
0.6999999999997439 1.699999999996411 0
0.699999999999759 1.599999999996652 0
0.6999999999997739 1.499999999996894 0
0.699999999999789 1.399999999997136 0
0.699999999999804 1.299999999997378 0
0.699999999999819 1.199999999997621 0
0.6999999999998341 1.099999999997862 0
0.699999999999849 0.9999999999981044 0
0.699999999999864 0.8999999999983466 0
0.6999999999998792 0.7999999999985883 0
0.6999999999998943 0.6999999999988302 0
0.699999999999909 0.5999999999990722 0
0.6999999999999239 0.4999999999993041 0
0.699999999999939 0.399999999999427 0
0.6999999999999542 0.29999999999954 0
0.6999999999999693 0.199999999999685 0
0.6999999999999841 0.09999999999985382 0
0.7999999999993455 3.899999999999724 0
0.799999999999362 3.79999999999945 0
0.7999999999993788 3.699999999999173 0
0.7999999999993956 3.599999999998898 0
0.7999999999994124 3.499999999998629 0
0.7999999999994293 3.399999999998435 0
0.7999999999994458 3.299999999998249 0
0.7999999999994627 3.199999999998062 0
0.7999999999994793 3.099999999997876 0
0.799999999999496 2.999999999997689 0
0.7999999999995129 2.899999999997502 0
0.7999999999995296 2.799999999997315 0
0.7999999999995466 2.699999999997128 0
0.7999999999995632 2.599999999996942 0
0.7999999999995799 2.499999999996755 0
0.7999999999995968 2.399999999996568 0
0.7999999999996137 2.299999999996381 0
0.7999999999996301 2.199999999996194 0
0.799999999999647 2.099999999996007 0
0.7999999999996639 1.999999999995854 0
0.7999999999996805 1.899999999996056 0
0.7999999999996974 1.799999999996291 0
0.7999999999997141 1.699999999996526 0
0.7999999999997309 1.59999999999676 0
0.7999999999997478 1.499999999996995 0
0.7999999999997642 1.39999999999723 0
0.7999999999997811 1.299999999997465 0
0.7999999999997977 1.1999999999977 0
0.7999999999998149 1.099999999997935 0
0.7999999999998313 0.9999999999981695 0
0.7999999999998482 0.8999999999984043 0
0.7999999999998648 0.7999999999986392 0
0.7999999999998817 0.699999999998874 0
0.7999999999998983 0.5999999999991089 0
0.7999999999999152 0.4999999999993339 0
0.799999999999932 0.399999999999451 0
0.7999999999999484 0.2999999999995582 0
0.7999999999999654 0.1999999999996973 0
0.7999999999999822 0.09999999999985984 0
0.8999999999992774 3.899999999999722 0
0.8999999999992959 3.799999999999446 0
0.8999999999993145 3.699999999999169 0
0.8999999999993329 3.599999999998892 0
0.8999999999993514 3.499999999998622 0
0.8999999999993703 3.399999999998438 0
0.8999999999993884 3.299999999998261 0
0.8999999999994071 3.199999999998082 0
0.8999999999994255 3.099999999997906 0
0.8999999999994441 2.999999999997729 0
0.8999999999994628 2.899999999997552 0
0.8999999999994812 2.799999999997373 0
0.8999999999994996 2.699999999997197 0
0.8999999999995184 2.59999999999702 0
0.8999999999995368 2.499999999996843 0
0.8999999999995554 2.399999999996665 0
0.899999999999574 2.299999999996488 0
0.8999999999995926 2.199999999996312 0
0.8999999999996112 2.099999999996134 0
0.8999999999996295 1.999999999995988 0
0.899999999999648 1.899999999996184 0
0.8999999999996666 1.799999999996412 0
0.8999999999996853 1.69999999999664 0
0.8999999999997037 1.599999999996868 0
0.8999999999997221 1.499999999997096 0
0.8999999999997408 1.399999999997323 0
0.8999999999997595 1.299999999997551 0
0.8999999999997781 1.199999999997779 0
0.8999999999997963 1.099999999998007 0
0.8999999999998149 0.9999999999982345 0
0.8999999999998336 0.8999999999984625 0
0.899999999999852 0.7999999999986902 0
0.8999999999998706 0.6999999999989179 0
0.8999999999998892 0.5999999999991457 0
0.8999999999999077 0.4999999999993637 0
0.8999999999999261 0.3999999999994751 0
0.8999999999999447 0.2999999999995766 0
0.8999999999999633 0.1999999999997096 0
0.8999999999999819 0.09999999999986589 0
0.9999999999992091 3.899999999999722 0
0.9999999999992293 3.799999999999443 0
0.9999999999992495 3.699999999999164 0
0.9999999999992696 3.599999999998886 0
0.9999999999992899 3.499999999998615 0
0.9999999999993103 3.39999999999844 0
0.9999999999993303 3.299999999998272 0
0.9999999999993506 3.199999999998103 0
0.9999999999993709 3.099999999997936 0
0.9999999999993912 2.999999999997769 0
0.9999999999994114 2.899999999997602 0
0.9999999999994313 2.799999999997434 0
0.9999999999994519 2.699999999997266 0
0.999999999999472 2.599999999997098 0
0.9999999999994923 2.49999999999693 0
0.9999999999995126 2.399999999996763 0
0.9999999999995326 2.299999999996595 0
0.9999999999995528 2.199999999996428 0
0.9999999999995732 2.09999999999626 0
0.9999999999995935 1.999999999996123 0
0.9999999999996136 1.899999999996314 0
0.9999999999996341 1.799999999996534 0
0.9999999999996543 1.699999999996755 0
0.9999999999996743 1.599999999996975 0
0.9999999999996948 1.499999999997196 0
0.9999999999997148 1.399999999997417 0
0.9999999999997349 1.299999999997637 0
0.9999999999997553 1.199999999997859 0
0.9999999999997754 1.099999999998079 0
0.9999999999997957 0.9999999999982996 0
0.9999999999998161 0.8999999999985205 0
0.9999999999998362 0.7999999999987413 0
0.9999999999998566 0.6999999999989619 0
0.9999999999998765 0.5999999999991825 0
0.999999999999897 0.4999999999993936 0
0.9999999999999174 0.3999999999994991 0
0.9999999999999374 0.299999999999595 0
0.9999999999999578 0.1999999999997219 0
0.9999999999999778 0.09999999999987194 0
1.099999999999141 3.899999999999721 0
1.099999999999162 3.79999999999944 0
1.099999999999185 3.699999999999159 0
1.099999999999207 3.599999999998881 0
1.099999999999229 3.499999999998608 0
1.099999999999251 3.399999999998442 0
1.099999999999272 3.299999999998283 0
1.099999999999295 3.199999999998125 0
1.099999999999316 3.099999999997967 0
1.099999999999339 2.99999999999781 0
1.099999999999361 2.899999999997652 0
1.099999999999383 2.799999999997492 0
1.099999999999404 2.699999999997335 0
1.099999999999427 2.599999999997177 0
1.099999999999448 2.499999999997018 0
1.099999999999471 2.399999999996861 0
1.099999999999492 2.299999999996702 0
1.099999999999515 2.199999999996544 0
1.099999999999536 2.099999999996387 0
1.099999999999558 1.999999999996258 0
1.09999999999958 1.899999999996442 0
1.099999999999602 1.799999999996656 0
1.099999999999624 1.69999999999687 0
1.099999999999646 1.599999999997083 0
1.099999999999668 1.499999999997297 0
1.09999999999969 1.39999999999751 0
1.099999999999712 1.299999999997724 0
1.099999999999734 1.199999999997938 0
1.099999999999756 1.099999999998151 0
1.099999999999778 0.9999999999983649 0
1.0999999999998 0.8999999999985785 0
1.099999999999822 0.7999999999987921 0
1.099999999999844 0.6999999999990059 0
1.099999999999866 0.5999999999992194 0
1.099999999999888 0.4999999999994236 0
1.09999999999991 0.3999999999995232 0
1.099999999999932 0.2999999999996135 0
1.099999999999954 0.1999999999997343 0
1.099999999999976 0.09999999999987799 0
1.199999999999057 3.899999999999719 0
1.199999999999082 3.799999999999437 0
1.199999999999106 3.699999999999155 0
1.19999999999913 3.599999999998873 0
1.199999999999154 3.499999999998602 0
1.199999999999178 3.399999999998443 0
1.199999999999202 3.299999999998295 0
1.199999999999226 3.199999999998146 0
1.199999999999251 3.099999999997998 0
1.199999999999275 2.999999999997849 0
1.199999999999299 2.899999999997701 0
1.199999999999323 2.799999999997553 0
1.199999999999347 2.699999999997404 0
1.199999999999371 2.599999999997255 0
1.199999999999396 2.499999999997107 0
1.19999999999942 2.399999999996958 0
1.199999999999444 2.299999999996809 0
1.199999999999468 2.199999999996662 0
1.199999999999492 2.099999999996513 0
1.199999999999516 1.999999999996392 0
1.199999999999541 1.899999999996572 0
1.199999999999565 1.799999999996778 0
1.199999999999589 1.699999999996984 0
1.199999999999613 1.599999999997191 0
1.199999999999637 1.499999999997397 0
1.199999999999661 1.399999999997604 0
1.199999999999686 1.29999999999781 0
1.19999999999971 1.199999999998017 0
1.199999999999734 1.099999999998223 0
1.199999999999758 0.9999999999984301 0
1.199999999999782 0.8999999999986366 0
1.199999999999806 0.7999999999988432 0
1.19999999999983 0.6999999999990496 0
1.199999999999854 0.5999999999992561 0
1.199999999999878 0.4999999999994533 0
1.199999999999903 0.3999999999995474 0
1.199999999999927 0.2999999999996318 0
1.199999999999951 0.1999999999997466 0
1.199999999999975 0.09999999999988404 0
1.299999999998881 3.899999999999717 0
1.29999999999891 3.799999999999434 0
1.299999999998938 3.69999999999915 0
1.299999999998967 3.599999999998867 0
1.299999999998996 3.499999999998595 0
1.299999999999025 3.399999999998446 0
1.299999999999053 3.299999999998306 0
1.299999999999081 3.199999999998167 0
1.299999999999111 3.099999999998029 0
1.299999999999139 2.99999999999789 0
1.299999999999168 2.899999999997751 0
1.299999999999196 2.799999999997612 0
1.299999999999225 2.699999999997473 0
1.299999999999254 2.599999999997333 0
1.299999999999282 2.499999999997194 0
1.299999999999311 2.399999999997056 0
1.29999999999934 2.299999999996917 0
1.299999999999369 2.199999999996778 0
1.299999999999397 2.099999999996639 0
1.299999999999426 1.999999999996527 0
1.299999999999454 1.899999999996699 0
1.299999999999483 1.799999999996899 0
1.299999999999512 1.699999999997099 0
1.29999999999954 1.599999999997298 0
1.299999999999569 1.499999999997498 0
1.299999999999598 1.399999999997697 0
1.299999999999627 1.299999999997897 0
1.299999999999655 1.199999999998096 0
1.299999999999684 1.099999999998295 0
1.299999999999712 0.999999999998495 0
1.299999999999741 0.8999999999986945 0
1.29999999999977 0.799999999998894 0
1.299999999999798 0.6999999999990933 0
1.299999999999827 0.5999999999992931 0
1.299999999999855 0.4999999999994831 0
1.299999999999885 0.3999999999995714 0
1.299999999999913 0.2999999999996502 0
1.299999999999942 0.1999999999997589 0
1.29999999999997 0.09999999999989007 0
1.399999999998612 3.899999999999715 0
1.399999999998647 3.799999999999431 0
1.399999999998683 3.699999999999144 0
1.399999999998718 3.599999999998861 0
1.399999999998754 3.499999999998588 0
1.39999999999879 3.399999999998447 0
1.399999999998825 3.299999999998318 0
1.399999999998861 3.199999999998189 0
1.399999999998897 3.09999999999806 0
1.399999999998932 2.99999999999793 0
1.399999999998967 2.8999999999978 0
1.399999999999003 2.799999999997671 0
1.399999999999039 2.699999999997541 0
1.399999999999075 2.599999999997412 0
1.39999999999911 2.499999999997283 0
1.399999999999145 2.399999999997154 0
1.399999999999181 2.299999999997024 0
1.399999999999217 2.199999999996894 0
1.399999999999253 2.099999999996765 0
1.399999999999288 1.999999999996661 0
1.399999999999324 1.899999999996828 0
1.399999999999359 1.799999999997021 0
1.399999999999395 1.699999999997214 0
1.399999999999431 1.599999999997406 0
1.399999999999466 1.499999999997598 0
1.399999999999502 1.399999999997791 0
1.399999999999538 1.299999999997983 0
1.399999999999573 1.199999999998175 0
1.399999999999609 1.099999999998368 0
1.399999999999644 0.9999999999985603 0
1.39999999999968 0.8999999999987525 0
1.399999999999715 0.7999999999989451 0
1.399999999999751 0.6999999999991374 0
1.399999999999787 0.5999999999993297 0
1.399999999999822 0.4999999999995131 0
1.399999999999858 0.3999999999995953 0
1.399999999999894 0.2999999999996686 0
1.39999999999993 0.1999999999997712 0
1.399999999999965 0.09999999999989612 0
1.499999999998327 3.899999999999713 0
1.49999999999837 3.799999999999428 0
1.499999999998413 3.699999999999141 0
1.499999999998456 3.599999999998856 0
1.499999999998499 3.499999999998582 0
1.499999999998542 3.399999999998449 0
1.499999999998584 3.299999999998329 0
1.499999999998627 3.19999999999821 0
1.49999999999867 3.09999999999809 0
1.499999999998713 2.99999999999797 0
1.499999999998756 2.899999999997851 0
1.499999999998799 2.799999999997731 0
1.499999999998842 2.699999999997611 0
1.499999999998884 2.599999999997491 0
1.499999999998928 2.499999999997371 0
1.49999999999897 2.399999999997251 0
1.499999999999013 2.299999999997131 0
1.499999999999056 2.199999999997011 0
1.499999999999099 2.099999999996892 0
1.499999999999142 1.999999999996796 0
1.499999999999185 1.899999999996957 0
1.499999999999228 1.799999999997143 0
1.499999999999271 1.699999999997328 0
1.499999999999313 1.599999999997513 0
1.499999999999357 1.499999999997698 0
1.499999999999399 1.399999999997884 0
1.499999999999442 1.299999999998069 0
1.499999999999485 1.199999999998255 0
1.499999999999528 1.09999999999844 0
1.499999999999571 0.9999999999986253 0
1.499999999999614 0.8999999999988106 0
1.499999999999657 0.7999999999989962 0
1.4999999999997 0.6999999999991813 0
1.499999999999742 0.5999999999993666 0
1.499999999999786 0.4999999999995428 0
1.499999999999829 0.3999999999996194 0
1.499999999999871 0.2999999999996869 0
1.499999999999915 0.1999999999997836 0
1.499999999999957 0.09999999999990217 0
1.599999999998042 3.899999999999712 0
1.599999999998093 3.799999999999425 0
1.599999999998142 3.699999999999136 0
1.599999999998193 3.599999999998849 0
1.599999999998243 3.499999999998574 0
1.599999999998293 3.39999999999845 0
1.599999999998343 3.299999999998341 0
1.599999999998394 3.19999999999823 0
1.599999999998444 3.099999999998121 0
1.599999999998494 2.99999999999801 0
1.599999999998544 2.899999999997901 0
1.599999999998594 2.79999999999779 0
1.599999999998645 2.699999999997679 0
1.599999999998694 2.599999999997568 0
1.599999999998745 2.499999999997459 0
1.599999999998795 2.399999999997349 0
1.599999999998846 2.299999999997238 0
1.599999999998896 2.199999999997129 0
1.599999999998946 2.099999999997018 0
1.599999999998996 1.99999999999693 0
1.599999999999046 1.899999999997086 0
1.599999999999096 1.799999999997265 0
1.599999999999147 1.699999999997443 0
1.599999999999197 1.599999999997621 0
1.599999999999247 1.499999999997799 0
1.599999999999297 1.399999999997977 0
1.599999999999347 1.299999999998156 0
1.599999999999397 1.199999999998334 0
1.599999999999448 1.099999999998512 0
1.599999999999498 0.9999999999986904 0
1.599999999999548 0.8999999999988688 0
1.599999999999598 0.7999999999990471 0
1.599999999999648 0.6999999999992251 0
1.599999999999698 0.5999999999994035 0
1.599999999999749 0.4999999999995728 0
1.599999999999799 0.3999999999996435 0
1.599999999999849 0.2999999999997053 0
1.599999999999899 0.1999999999997959 0
1.599999999999949 0.09999999999990822 0
1.699999999997757 3.899999999999712 0
1.699999999997815 3.799999999999421 0
1.699999999997872 3.699999999999132 0
1.69999999999793 3.599999999998843 0
1.699999999997987 3.499999999998568 0
1.699999999998045 3.399999999998453 0
1.699999999998102 3.299999999998351 0
1.699999999998159 3.199999999998251 0
1.699999999998217 3.099999999998151 0
1.699999999998275 2.99999999999805 0
1.699999999998333 2.89999999999795 0
1.69999999999839 2.799999999997849 0
1.699999999998447 2.699999999997749 0
1.699999999998504 2.599999999997647 0
1.699999999998562 2.499999999997547 0
1.69999999999862 2.399999999997447 0
1.699999999998677 2.299999999997346 0
1.699999999998735 2.199999999997245 0
1.699999999998792 2.099999999997145 0
1.69999999999885 1.999999999997065 0
1.699999999998907 1.899999999997215 0
1.699999999998964 1.799999999997386 0
1.699999999999022 1.699999999997557 0
1.69999999999908 1.599999999997729 0
1.699999999999137 1.4999999999979 0
1.699999999999194 1.399999999998071 0
1.699999999999252 1.299999999998242 0
1.69999999999931 1.199999999998413 0
1.699999999999367 1.099999999998584 0
1.699999999999424 0.9999999999987557 0
1.699999999999482 0.899999999998927 0
1.699999999999539 0.7999999999990979 0
1.699999999999597 0.6999999999992692 0
1.699999999999654 0.5999999999994403 0
1.699999999999712 0.4999999999996025 0
1.699999999999769 0.3999999999996676 0
1.699999999999827 0.2999999999997236 0
1.699999999999884 0.1999999999998083 0
1.699999999999942 0.09999999999991425 0
1.799999999997473 3.89999999999971 0
1.799999999997538 3.799999999999418 0
1.799999999997603 3.699999999999127 0
1.799999999997668 3.599999999998837 0
1.799999999997732 3.499999999998561 0
1.799999999997797 3.399999999998455 0
1.799999999997861 3.299999999998364 0
1.799999999997926 3.199999999998272 0
1.799999999997991 3.099999999998182 0
1.799999999998056 2.99999999999809 0
1.799999999998121 2.899999999998 0
1.799999999998186 2.799999999997908 0
1.79999999999825 2.699999999997817 0
1.799999999998315 2.599999999997726 0
1.79999999999838 2.499999999997635 0
1.799999999998444 2.399999999997545 0
1.799999999998509 2.299999999997453 0
1.799999999998574 2.199999999997361 0
1.799999999998639 2.099999999997271 0
1.799999999998704 1.9999999999972 0
1.799999999998769 1.899999999997344 0
1.799999999998833 1.799999999997508 0
1.799999999998898 1.699999999997672 0
1.799999999998963 1.599999999997836 0
1.799999999999028 1.499999999998 0
1.799999999999092 1.399999999998164 0
1.799999999999157 1.299999999998328 0
1.799999999999222 1.199999999998492 0
1.799999999999286 1.099999999998657 0
1.799999999999352 0.9999999999988207 0
1.799999999999416 0.8999999999989849 0
1.799999999999481 0.7999999999991489 0
1.799999999999546 0.6999999999993132 0
1.79999999999961 0.599999999999477 0
1.799999999999675 0.4999999999996323 0
1.79999999999974 0.3999999999996916 0
1.799999999999804 0.299999999999742 0
1.799999999999869 0.1999999999998206 0
1.799999999999934 0.09999999999992032 0
1.899999999997188 3.899999999999708 0
1.89999999999726 3.799999999999415 0
1.899999999997333 3.699999999999123 0
1.899999999997405 3.599999999998831 0
1.899999999997477 3.499999999998554 0
1.899999999997549 3.399999999998457 0
1.899999999997621 3.299999999998375 0
1.899999999997693 3.199999999998293 0
1.899999999997765 3.099999999998212 0
1.899999999997837 2.999999999998131 0
1.899999999997909 2.89999999999805 0
1.899999999997981 2.799999999997968 0
1.899999999998053 2.699999999997885 0
1.899999999998125 2.599999999997805 0
1.899999999998197 2.499999999997723 0
1.899999999998269 2.399999999997642 0
1.899999999998341 2.29999999999756 0
1.899999999998414 2.199999999997479 0
1.899999999998486 2.099999999997397 0
1.899999999998558 1.999999999997334 0
1.899999999998629 1.899999999997472 0
1.899999999998701 1.79999999999763 0
1.899999999998773 1.699999999997787 0
1.899999999998846 1.599999999997944 0
1.899999999998918 1.499999999998101 0
1.89999999999899 1.399999999998258 0
1.899999999999062 1.299999999998414 0
1.899999999999134 1.199999999998572 0
1.899999999999206 1.099999999998729 0
1.899999999999278 0.9999999999988858 0
1.89999999999935 0.8999999999990429 0
1.899999999999422 0.7999999999992 0
1.899999999999494 0.6999999999993571 0
1.899999999999566 0.5999999999995138 0
1.899999999999638 0.4999999999996623 0
1.89999999999971 0.3999999999997157 0
1.899999999999782 0.2999999999997605 0
1.899999999999854 0.199999999999833 0
1.899999999999926 0.09999999999992637 0
1.999999999996904 3.899999999999707 0
1.999999999996984 3.799999999999412 0
1.999999999997063 3.699999999999118 0
1.999999999997143 3.599999999998825 0
1.999999999997222 3.499999999998548 0
1.999999999997301 3.399999999998459 0
1.99999999999738 3.299999999998386 0
1.99999999999746 3.199999999998315 0
1.999999999997539 3.099999999998243 0
1.999999999997618 2.99999999999817 0
1.999999999997698 2.899999999998099 0
1.999999999997777 2.799999999998027 0
1.999999999997856 2.699999999997955 0
1.999999999997935 2.599999999997883 0
1.999999999998015 2.499999999997811 0
1.999999999998094 2.399999999997739 0
1.999999999998173 2.299999999997667 0
1.999999999998253 2.199999999997595 0
1.999999999998332 2.099999999997523 0
1.999999999998411 1.999999999997468 0
1.999999999998491 1.899999999997602 0
1.99999999999857 1.799999999997751 0
1.99999999999865 1.699999999997902 0
1.999999999998729 1.599999999998051 0
1.999999999998808 1.499999999998201 0
1.999999999998888 1.399999999998351 0
1.999999999998967 1.299999999998501 0
1.999999999999046 1.199999999998651 0
1.999999999999126 1.099999999998801 0
1.999999999999205 0.9999999999989508 0
1.999999999999284 0.8999999999991012 0
1.999999999999364 0.799999999999251 0
1.999999999999443 0.6999999999994008 0
1.999999999999522 0.5999999999995507 0
1.999999999999602 0.4999999999996922 0
1.999999999999681 0.3999999999997397 0
1.99999999999976 0.2999999999997787 0
1.999999999999839 0.1999999999998453 0
1.999999999999919 0.09999999999993242 0
2.09999999999662 3.899999999999704 0
2.099999999996705 3.799999999999409 0
2.099999999996792 3.699999999999113 0
2.099999999996879 3.599999999998818 0
2.099999999996966 3.499999999998541 0
2.099999999997053 3.399999999998461 0
2.099999999997139 3.299999999998398 0
2.099999999997226 3.199999999998336 0
2.099999999997313 3.099999999998274 0
2.099999999997399 2.999999999998211 0
2.099999999997486 2.899999999998149 0
2.099999999997573 2.799999999998086 0
2.099999999997659 2.699999999998024 0
2.099999999997745 2.599999999997961 0
2.099999999997832 2.499999999997899 0
2.09999999999792 2.399999999997838 0
2.099999999998006 2.299999999997774 0
2.099999999998093 2.199999999997712 0
2.099999999998179 2.09999999999765 0
2.099999999998266 1.999999999997603 0
2.099999999998353 1.899999999997731 0
2.09999999999844 1.799999999997873 0
2.099999999998526 1.699999999998016 0
2.099999999998613 1.599999999998159 0
2.099999999998699 1.499999999998302 0
2.099999999998786 1.399999999998444 0
2.099999999998873 1.299999999998588 0
2.099999999998959 1.199999999998731 0
2.099999999999046 1.099999999998873 0
2.099999999999133 0.9999999999990161 0
2.09999999999922 0.899999999999159 0
2.099999999999307 0.7999999999993018 0
2.099999999999393 0.6999999999994448 0
2.099999999999479 0.5999999999995875 0
2.099999999999566 0.499999999999722 0
2.099999999999653 0.3999999999997639 0
2.099999999999739 0.2999999999997971 0
2.099999999999826 0.1999999999998576 0
2.099999999999913 0.09999999999993846 0
2.199999999996336 3.899999999999703 0
2.199999999996428 3.799999999999406 0
2.199999999996523 3.699999999999109 0
2.199999999996617 3.599999999998812 0
2.199999999996711 3.499999999998534 0
2.199999999996805 3.399999999998462 0
2.199999999996899 3.29999999999841 0
2.199999999996993 3.199999999998357 0
2.199999999997087 3.099999999998305 0
2.19999999999718 2.999999999998251 0
2.199999999997274 2.899999999998199 0
2.199999999997369 2.799999999998145 0
2.199999999997463 2.699999999998092 0
2.199999999997556 2.599999999998039 0
2.199999999997651 2.499999999997986 0
2.199999999997744 2.399999999997934 0
2.199999999997838 2.299999999997882 0
2.199999999997932 2.199999999997829 0
2.199999999998026 2.099999999997776 0
2.19999999999812 1.999999999997738 0
2.199999999998214 1.899999999997859 0
2.199999999998308 1.799999999997995 0
2.199999999998402 1.699999999998131 0
2.199999999998496 1.599999999998266 0
2.19999999999859 1.499999999998402 0
2.199999999998684 1.399999999998538 0
2.199999999998778 1.299999999998674 0
2.199999999998872 1.19999999999881 0
2.199999999998965 1.099999999998945 0
2.19999999999906 0.9999999999990812 0
2.199999999999154 0.899999999999217 0
2.199999999999248 0.7999999999993528 0
2.199999999999342 0.6999999999994886 0
2.199999999999435 0.5999999999996244 0
2.199999999999529 0.4999999999997518 0
2.199999999999624 0.3999999999997879 0
2.199999999999718 0.2999999999998155 0
2.199999999999811 0.1999999999998699 0
2.199999999999905 0.09999999999994452 0
2.299999999996051 3.899999999999702 0
2.299999999996153 3.799999999999404 0
2.299999999996253 3.699999999999104 0
2.299999999996353 3.599999999998806 0
2.299999999996455 3.499999999998527 0
2.299999999996557 3.399999999998465 0
2.299999999996658 3.299999999998421 0
2.29999999999676 3.199999999998378 0
2.29999999999686 3.099999999998335 0
2.299999999996961 2.999999999998291 0
2.299999999997064 2.899999999998249 0
2.299999999997164 2.799999999998205 0
2.299999999997265 2.699999999998162 0
2.299999999997366 2.599999999998118 0
2.299999999997468 2.499999999998075 0
2.299999999997569 2.399999999998032 0
2.29999999999767 2.299999999997989 0
2.299999999997771 2.199999999997946 0
2.299999999997873 2.099999999997902 0
2.299999999997974 1.999999999997872 0
2.299999999998075 1.899999999997988 0
2.299999999998176 1.799999999998117 0
2.299999999998278 1.699999999998245 0
2.299999999998379 1.599999999998374 0
2.29999999999848 1.499999999998503 0
2.299999999998581 1.399999999998631 0
2.299999999998683 1.29999999999876 0
2.299999999998784 1.199999999998889 0
2.299999999998885 1.099999999999017 0
2.299999999998986 0.9999999999991465 0
2.299999999999088 0.8999999999992752 0
2.299999999999189 0.7999999999994037 0
2.29999999999929 0.6999999999995326 0
2.299999999999391 0.5999999999996612 0
2.299999999999493 0.4999999999997817 0
2.299999999999594 0.3999999999998118 0
2.299999999999695 0.299999999999834 0
2.299999999999796 0.1999999999998823 0
2.299999999999898 0.09999999999995055 0
2.399999999995766 3.899999999999699 0
2.399999999995874 3.799999999999401 0
2.399999999995983 3.6999999999991 0
2.399999999996091 3.5999999999988 0
2.3999999999962 3.499999999998521 0
2.399999999996308 3.399999999998466 0
2.399999999996417 3.299999999998432 0
2.399999999996525 3.199999999998398 0
2.399999999996634 3.099999999998365 0
2.399999999996743 2.999999999998332 0
2.399999999996851 2.899999999998299 0
2.399999999996959 2.799999999998263 0
2.399999999997068 2.69999999999823 0
2.399999999997176 2.599999999998197 0
2.399999999997285 2.499999999998163 0
2.399999999997394 2.39999999999813 0
2.399999999997503 2.299999999998096 0
2.399999999997611 2.199999999998062 0
2.39999999999772 2.099999999998028 0
2.399999999997828 1.999999999998006 0
2.399999999997936 1.899999999998117 0
2.399999999998045 1.799999999998238 0
2.399999999998153 1.69999999999836 0
2.399999999998262 1.599999999998482 0
2.399999999998371 1.499999999998603 0
2.399999999998479 1.399999999998725 0
2.399999999998588 1.299999999998846 0
2.399999999998697 1.199999999998968 0
2.399999999998805 1.09999999999909 0
2.399999999998913 0.9999999999992113 0
2.399999999999022 0.8999999999993332 0
2.39999999999913 0.7999999999994549 0
2.399999999999239 0.6999999999995765 0
2.399999999999347 0.5999999999996981 0
2.399999999999456 0.4999999999998115 0
2.399999999999565 0.3999999999998359 0
2.399999999999674 0.2999999999998522 0
2.399999999999782 0.1999999999998946 0
2.39999999999989 0.0999999999999566 0
2.499999999995481 3.899999999999698 0
2.499999999995596 3.799999999999397 0
2.499999999995713 3.699999999999095 0
2.499999999995828 3.599999999998793 0
2.499999999995944 3.499999999998513 0
2.49999999999606 3.399999999998468 0
2.499999999996176 3.299999999998444 0
2.499999999996292 3.19999999999842 0
2.499999999996408 3.099999999998396 0
2.499999999996524 2.999999999998372 0
2.499999999996639 2.899999999998348 0
2.499999999996755 2.799999999998324 0
2.499999999996871 2.6999999999983 0
2.499999999996986 2.599999999998276 0
2.499999999997103 2.499999999998251 0
2.499999999997218 2.399999999998228 0
2.499999999997335 2.299999999998203 0
2.499999999997451 2.199999999998179 0
2.499999999997566 2.099999999998155 0
2.499999999997682 1.999999999998141 0
2.499999999997798 1.899999999998246 0
2.499999999997914 1.79999999999836 0
2.49999999999803 1.699999999998475 0
2.499999999998145 1.599999999998589 0
2.499999999998261 1.499999999998704 0
2.499999999998377 1.399999999998818 0
2.499999999998493 1.299999999998933 0
2.499999999998609 1.199999999999048 0
2.499999999998725 1.099999999999162 0
2.499999999998841 0.9999999999992766 0
2.499999999998956 0.8999999999993913 0
2.499999999999072 0.7999999999995058 0
2.499999999999188 0.6999999999996203 0
2.499999999999304 0.599999999999735 0
2.49999999999942 0.4999999999998415 0
2.499999999999536 0.39999999999986 0
2.499999999999652 0.2999999999998706 0
2.499999999999767 0.1999999999999069 0
2.499999999999883 0.09999999999996265 0
2.599999999995196 3.899999999999697 0
2.599999999995319 3.799999999999394 0
2.599999999995443 3.699999999999091 0
2.599999999995565 3.599999999998788 0
2.59999999999569 3.499999999998507 0
2.599999999995812 3.39999999999847 0
2.599999999995935 3.299999999998454 0
2.599999999996058 3.199999999998441 0
2.599999999996181 3.099999999998428 0
2.599999999996304 2.999999999998412 0
2.599999999996428 2.899999999998398 0
2.59999999999655 2.799999999998382 0
2.599999999996673 2.699999999998369 0
2.599999999996798 2.599999999998354 0
2.599999999996921 2.499999999998339 0
2.599999999997042 2.399999999998324 0
2.599999999997166 2.299999999998311 0
2.59999999999729 2.199999999998296 0
2.599999999997412 2.099999999998281 0
2.599999999997535 1.999999999998276 0
2.599999999997659 1.899999999998375 0
2.599999999997781 1.799999999998482 0
2.599999999997905 1.699999999998589 0
2.599999999998028 1.599999999998697 0
2.599999999998151 1.499999999998804 0
2.599999999998274 1.399999999998911 0
2.599999999998397 1.299999999999019 0
2.59999999999852 1.199999999999127 0
2.599999999998644 1.099999999999234 0
2.599999999998767 0.9999999999993419 0
2.59999999999889 0.8999999999994492 0
2.599999999999012 0.7999999999995566 0
2.599999999999136 0.6999999999996642 0
2.599999999999259 0.5999999999997718 0
2.599999999999382 0.4999999999998712 0
2.599999999999505 0.399999999999884 0
2.599999999999629 0.299999999999889 0
2.599999999999751 0.1999999999999193 0
2.599999999999874 0.0999999999999687 0
2.699999999994911 3.899999999999695 0
2.699999999995042 3.799999999999391 0
2.699999999995172 3.699999999999085 0
2.699999999995303 3.599999999998782 0
2.699999999995434 3.499999999998499 0
2.699999999995564 3.399999999998471 0
2.699999999995695 3.299999999998467 0
2.699999999995824 3.199999999998462 0
2.699999999995956 3.099999999998457 0
2.699999999996086 2.999999999998453 0
2.699999999996216 2.899999999998448 0
2.699999999996346 2.799999999998443 0
2.699999999996476 2.699999999998437 0
2.699999999996608 2.599999999998432 0
2.699999999996737 2.499999999998427 0
2.699999999996868 2.399999999998422 0
2.699999999996998 2.299999999998417 0
2.699999999997129 2.199999999998413 0
2.699999999997259 2.099999999998408 0
2.69999999999739 1.999999999998411 0
2.69999999999752 1.899999999998503 0
2.69999999999765 1.799999999998604 0
2.699999999997781 1.699999999998704 0
2.699999999997911 1.599999999998804 0
2.699999999998041 1.499999999998905 0
2.699999999998172 1.399999999999005 0
2.699999999998302 1.299999999999105 0
2.699999999998433 1.199999999999206 0
2.699999999998564 1.099999999999306 0
2.699999999998694 0.9999999999994071 0
2.699999999998823 0.8999999999995074 0
2.699999999998953 0.7999999999996077 0
2.699999999999085 0.6999999999997082 0
2.699999999999215 0.5999999999998087 0
2.699999999999346 0.4999999999999012 0
2.699999999999476 0.3999999999999081 0
2.699999999999606 0.2999999999999075 0
2.699999999999736 0.1999999999999316 0
2.699999999999867 0.09999999999997473 0
2.799999999994626 3.899999999999694 0
2.799999999994765 3.799999999999388 0
2.799999999994903 3.69999999999908 0
2.799999999995042 3.599999999998776 0
2.799999999995177 3.499999999998493 0
2.799999999995316 3.399999999998474 0
2.799999999995453 3.299999999998478 0
2.799999999995591 3.199999999998484 0
2.799999999995729 3.099999999998488 0
2.799999999995867 2.999999999998493 0
2.799999999996005 2.899999999998498 0
2.799999999996142 2.799999999998501 0
2.79999999999628 2.699999999998506 0
2.799999999996418 2.59999999999851 0
2.799999999996555 2.499999999998516 0
2.799999999996693 2.39999999999852 0
2.799999999996831 2.299999999998525 0
2.799999999996968 2.199999999998528 0
2.799999999997106 2.099999999998534 0
2.799999999997244 1.999999999998546 0
2.799999999997382 1.899999999998632 0
2.79999999999752 1.799999999998725 0
2.799999999997657 1.699999999998818 0
2.799999999997794 1.599999999998912 0
2.799999999997932 1.499999999999005 0
2.79999999999807 1.399999999999098 0
2.799999999998207 1.299999999999192 0
2.799999999998346 1.199999999999285 0
2.799999999998484 1.099999999999379 0
2.799999999998621 0.999999999999472 0
2.799999999998759 0.8999999999995654 0
2.799999999998896 0.7999999999996588 0
2.799999999999034 0.6999999999997519 0
2.799999999999172 0.5999999999998453 0
2.79999999999931 0.4999999999999312 0
2.799999999999448 0.3999999999999322 0
2.799999999999585 0.2999999999999258 0
2.799999999999722 0.1999999999999439 0
2.79999999999986 0.09999999999998077 0
2.899999999994344 3.899999999999693 0
2.899999999994488 3.799999999999384 0
2.899999999994632 3.699999999999076 0
2.899999999994777 3.59999999999877 0
2.899999999994924 3.499999999998487 0
2.899999999995069 3.399999999998476 0
2.899999999995213 3.29999999999849 0
2.899999999995358 3.199999999998504 0
2.899999999995504 3.099999999998519 0
2.899999999995648 2.999999999998532 0
2.899999999995793 2.899999999998547 0
2.899999999995938 2.799999999998561 0
2.899999999996083 2.699999999998575 0
2.899999999996228 2.599999999998589 0
2.899999999996373 2.499999999998603 0
2.899999999996519 2.399999999998617 0
2.899999999996663 2.299999999998632 0
2.899999999996808 2.199999999998646 0
2.899999999996954 2.09999999999866 0
2.899999999997099 1.99999999999868 0
2.899999999997244 1.899999999998761 0
2.899999999997388 1.799999999998847 0
2.899999999997534 1.699999999998933 0
2.89999999999768 1.59999999999902 0
2.899999999997824 1.499999999999106 0
2.899999999997969 1.399999999999192 0
2.899999999998114 1.299999999999278 0
2.899999999998259 1.199999999999365 0
2.899999999998404 1.099999999999451 0
2.899999999998549 0.9999999999995368 0
2.899999999998693 0.8999999999996233 0
2.899999999998839 0.7999999999997096 0
2.899999999998984 0.6999999999997959 0
2.899999999999129 0.5999999999998822 0
2.899999999999275 0.4999999999999609 0
2.899999999999418 0.3999999999999562 0
2.899999999999564 0.2999999999999441 0
2.89999999999971 0.1999999999999563 0
2.899999999999854 0.09999999999998685 0
2.999999999994059 3.89999999999969 0
2.99999999999421 3.799999999999382 0
2.999999999994362 3.699999999999072 0
2.999999999994514 3.599999999998763 0
2.999999999994666 3.499999999998479 0
2.99999999999482 3.399999999998477 0
2.999999999994972 3.299999999998501 0
2.999999999995125 3.199999999998526 0
2.999999999995277 3.09999999999855 0
2.999999999995429 2.999999999998573 0
2.999999999995581 2.899999999998597 0
2.999999999995734 2.79999999999862 0
2.999999999995887 2.699999999998644 0
2.999999999996038 2.599999999998668 0
2.999999999996191 2.499999999998692 0
2.999999999996343 2.399999999998715 0
2.999999999996496 2.299999999998739 0
2.999999999996647 2.199999999998763 0
2.9999999999968 2.099999999998786 0
2.999999999996953 1.999999999998815 0
2.999999999997104 1.89999999999889 0
2.999999999997256 1.799999999998969 0
2.999999999997409 1.699999999999048 0
2.999999999997562 1.599999999999127 0
2.999999999997713 1.499999999999206 0
2.999999999997866 1.399999999999285 0
2.999999999998018 1.299999999999364 0
2.999999999998171 1.199999999999444 0
2.999999999998324 1.099999999999523 0
2.999999999998476 0.9999999999996021 0
2.999999999998628 0.8999999999996815 0
2.99999999999878 0.7999999999997605 0
2.999999999998933 0.6999999999998399 0
2.999999999999085 0.5999999999999188 0
2.999999999999237 0.4999999999999907 0
2.99999999999939 0.3999999999999803 0
2.999999999999542 0.2999999999999625 0
2.999999999999694 0.1999999999999686 0
2.999999999999846 0.09999999999999287 0
3.099999999993774 3.899999999999689 0
3.099999999993933 3.799999999999379 0
3.099999999994093 3.699999999999068 0
3.099999999994252 3.599999999998757 0
3.099999999994413 3.499999999998473 0
3.099999999994572 3.399999999998479 0
3.099999999994731 3.299999999998513 0
3.099999999994891 3.199999999998546 0
3.099999999995051 3.09999999999858 0
3.099999999995211 2.999999999998613 0
3.09999999999537 2.899999999998647 0
3.099999999995529 2.799999999998679 0
3.099999999995689 2.699999999998714 0
3.099999999995849 2.599999999998746 0
3.099999999996008 2.49999999999878 0
3.099999999996168 2.399999999998813 0
3.099999999996327 2.299999999998846 0
3.099999999996487 2.199999999998879 0
3.099999999996646 2.099999999998913 0
3.099999999996806 1.999999999998949 0
3.099999999996966 1.899999999999018 0
3.099999999997125 1.79999999999909 0
3.099999999997284 1.699999999999163 0
3.099999999997444 1.599999999999234 0
3.099999999997603 1.499999999999307 0
3.099999999997764 1.399999999999379 0
3.099999999997924 1.299999999999451 0
3.099999999998083 1.199999999999523 0
3.099999999998242 1.099999999999595 0
3.099999999998402 0.9999999999996674 0
3.099999999998562 0.8999999999997395 0
3.099999999998722 0.7999999999998115 0
3.099999999998881 0.6999999999998836 0
3.09999999999904 0.5999999999999557 0
3.0999999999992 0.5000000000000207 0
3.099999999999359 0.4000000000000044 0
3.09999999999952 0.2999999999999808 0
3.099999999999679 0.199999999999981 0
3.099999999999839 0.09999999999999892 0
3.199999999993489 3.899999999999688 0
3.199999999993656 3.799999999999375 0
3.199999999993822 3.699999999999063 0
3.19999999999399 3.599999999998751 0
3.199999999994157 3.499999999998467 0
3.199999999994324 3.399999999998482 0
3.19999999999449 3.299999999998524 0
3.199999999994657 3.199999999998568 0
3.199999999994824 3.09999999999861 0
3.199999999994991 2.999999999998654 0
3.199999999995158 2.899999999998697 0
3.199999999995325 2.799999999998739 0
3.199999999995492 2.699999999998781 0
3.199999999995659 2.599999999998825 0
3.199999999995826 2.499999999998868 0
3.199999999995993 2.399999999998911 0
3.19999999999616 2.299999999998954 0
3.199999999996327 2.199999999998996 0
3.199999999996493 2.099999999999039 0
3.19999999999666 1.999999999999084 0
3.199999999996828 1.899999999999147 0
3.199999999996995 1.799999999999212 0
3.199999999997161 1.699999999999277 0
3.199999999997328 1.599999999999342 0
3.199999999997495 1.499999999999407 0
3.199999999997662 1.399999999999472 0
3.199999999997829 1.299999999999537 0
3.199999999997996 1.199999999999602 0
3.199999999998162 1.099999999999667 0
3.199999999998329 0.9999999999997322 0
3.199999999998496 0.8999999999997976 0
3.199999999998663 0.7999999999998626 0
3.19999999999883 0.6999999999999276 0
3.199999999998997 0.5999999999999925 0
3.199999999999164 0.5000000000000504 0
3.19999999999933 0.4000000000000283 0
3.199999999999497 0.2999999999999992 0
3.199999999999665 0.1999999999999933 0
3.199999999999831 0.100000000000005 0
3.299999999993203 3.899999999999686 0
3.299999999993378 3.799999999999373 0
3.299999999993553 3.699999999999057 0
3.299999999993726 3.599999999998745 0
3.299999999993901 3.499999999998459 0
3.299999999994075 3.399999999998483 0
3.29999999999425 3.299999999998537 0
3.299999999994423 3.199999999998588 0
3.299999999994598 3.099999999998641 0
3.299999999994772 2.999999999998693 0
3.299999999994946 2.899999999998746 0
3.299999999995121 2.799999999998798 0
3.299999999995294 2.69999999999885 0
3.299999999995468 2.599999999998903 0
3.299999999995643 2.499999999998956 0
3.299999999995817 2.399999999999008 0
3.299999999995991 2.29999999999906 0
3.299999999996166 2.199999999999113 0
3.29999999999634 2.099999999999165 0
3.299999999996514 1.999999999999218 0
3.299999999996689 1.899999999999276 0
3.299999999996863 1.799999999999334 0
3.299999999997037 1.699999999999392 0
3.299999999997211 1.59999999999945 0
3.299999999997385 1.499999999999508 0
3.299999999997559 1.399999999999566 0
3.299999999997733 1.299999999999623 0
3.299999999997909 1.199999999999682 0
3.299999999998083 1.099999999999739 0
3.299999999998256 0.9999999999997979 0
3.299999999998431 0.8999999999998556 0
3.299999999998606 0.7999999999999134 0
3.299999999998779 0.6999999999999715 0
3.299999999998954 0.6000000000000294 0
3.299999999999128 0.5000000000000804 0
3.299999999999302 0.4000000000000524 0
3.299999999999475 0.3000000000000176 0
3.299999999999651 0.2000000000000056 0
3.299999999999825 0.100000000000011 0
3.39999999999292 3.899999999999685 0
3.399999999993101 3.799999999999369 0
3.399999999993283 3.699999999999054 0
3.399999999993464 3.599999999998738 0
3.399999999993645 3.499999999998452 0
3.399999999993827 3.399999999998485 0
3.399999999994007 3.299999999998547 0
3.399999999994189 3.19999999999861 0
3.399999999994371 3.099999999998672 0
3.399999999994552 2.999999999998733 0
3.399999999994734 2.899999999998796 0
3.399999999994916 2.799999999998858 0
3.399999999995097 2.69999999999892 0
3.399999999995279 2.599999999998982 0
3.39999999999546 2.499999999999043 0
3.399999999995642 2.399999999999106 0
3.399999999995823 2.299999999999168 0
3.399999999996005 2.19999999999923 0
3.399999999996186 2.099999999999292 0
3.399999999996367 1.999999999999352 0
3.399999999996549 1.899999999999405 0
3.39999999999673 1.799999999999455 0
3.399999999996912 1.699999999999506 0
3.399999999997094 1.599999999999557 0
3.399999999997275 1.499999999999608 0
3.399999999997457 1.399999999999659 0
3.399999999997638 1.29999999999971 0
3.399999999997819 1.199999999999761 0
3.399999999998002 1.099999999999812 0
3.399999999998182 0.9999999999998628 0
3.399999999998364 0.8999999999999138 0
3.399999999998545 0.7999999999999645 0
3.399999999998727 0.7000000000000153 0
3.39999999999891 0.6000000000000663 0
3.39999999999909 0.5000000000001101 0
3.399999999999272 0.4000000000000765 0
3.399999999999453 0.300000000000036 0
3.399999999999634 0.2000000000000179 0
3.399999999999817 0.1000000000000171 0
3.499999999992634 3.899999999999683 0
3.499999999992824 3.799999999999367 0
3.499999999993012 3.699999999999048 0
3.499999999993202 3.599999999998732 0
3.49999999999339 3.499999999998446 0
3.499999999993578 3.399999999998488 0
3.499999999993769 3.299999999998559 0
3.499999999993956 3.199999999998631 0
3.499999999994146 3.099999999998703 0
3.499999999994333 2.999999999998774 0
3.499999999994523 2.899999999998846 0
3.49999999999471 2.799999999998917 0
3.499999999994901 2.699999999998989 0
3.499999999995089 2.59999999999906 0
3.499999999995278 2.499999999999131 0
3.499999999995467 2.399999999999204 0
3.499999999995655 2.299999999999275 0
3.499999999995844 2.199999999999346 0
3.499999999996033 2.099999999999418 0
3.499999999996222 1.999999999999487 0
3.499999999996411 1.899999999999534 0
3.499999999996599 1.799999999999577 0
3.499999999996788 1.699999999999621 0
3.499999999996977 1.599999999999665 0
3.499999999997165 1.499999999999709 0
3.499999999997354 1.399999999999753 0
3.499999999997543 1.299999999999796 0
3.499999999997732 1.19999999999984 0
3.499999999997921 1.099999999999884 0
3.499999999998109 0.9999999999999276 0
3.499999999998299 0.8999999999999717 0
3.499999999998487 0.8000000000000154 0
3.499999999998676 0.7000000000000592 0
3.499999999998865 0.6000000000001031 0
3.499999999999053 0.5000000000001399 0
3.499999999999242 0.4000000000001005 0
3.499999999999431 0.3000000000000543 0
3.49999999999962 0.2000000000000303 0
3.499999999999809 0.1000000000000231 0
3.599999999992351 3.899999999999681 0
3.599999999992547 3.799999999999363 0
3.599999999992743 3.699999999999044 0
3.599999999992939 3.599999999998727 0
3.599999999993135 3.499999999998439 0
3.599999999993331 3.39999999999849 0
3.599999999993527 3.29999999999857 0
3.599999999993723 3.199999999998651 0
3.59999999999392 3.099999999998733 0
3.599999999994116 2.999999999998814 0
3.599999999994312 2.899999999998895 0
3.599999999994508 2.799999999998976 0
3.599999999994704 2.699999999999057 0
3.5999999999949 2.599999999999139 0
3.599999999995096 2.499999999999219 0
3.599999999995292 2.399999999999301 0
3.599999999995489 2.299999999999382 0
3.599999999995684 2.199999999999463 0
3.599999999995881 2.099999999999544 0
3.599999999996076 1.999999999999622 0
3.599999999996273 1.899999999999662 0
3.599999999996469 1.799999999999699 0
3.599999999996665 1.699999999999736 0
3.599999999996861 1.599999999999772 0
3.599999999997056 1.499999999999809 0
3.599999999997253 1.399999999999846 0
3.599999999997449 1.299999999999883 0
3.599999999997645 1.199999999999919 0
3.599999999997841 1.099999999999956 0
3.599999999998038 0.9999999999999929 0
3.599999999998234 0.9000000000000297 0
3.599999999998429 0.8000000000000664 0
3.599999999998627 0.7000000000001032 0
3.599999999998822 0.60000000000014 0
3.599999999999017 0.5000000000001699 0
3.599999999999214 0.4000000000001245 0
3.599999999999409 0.3000000000000727 0
3.599999999999607 0.2000000000000426 0
3.599999999999802 0.1000000000000292 0
3.699999999992066 3.899999999999681 0
3.699999999992269 3.79999999999936 0
3.699999999992473 3.69999999999904 0
3.699999999992677 3.599999999998721 0
3.699999999992879 3.499999999998432 0
3.699999999993083 3.399999999998491 0
3.699999999993286 3.299999999998582 0
3.699999999993491 3.199999999998673 0
3.699999999993693 3.099999999998763 0
3.699999999993897 2.999999999998854 0
3.6999999999941 2.899999999998945 0
3.699999999994303 2.799999999999035 0
3.699999999994507 2.699999999999126 0
3.699999999994711 2.599999999999217 0
3.699999999994915 2.499999999999308 0
3.699999999995117 2.399999999999399 0
3.699999999995321 2.299999999999489 0
3.699999999995524 2.19999999999958 0
3.699999999995728 2.099999999999671 0
3.699999999995931 1.999999999999756 0
3.699999999996135 1.899999999999791 0
3.699999999996337 1.799999999999821 0
3.699999999996542 1.699999999999851 0
3.699999999996745 1.59999999999988 0
3.699999999996948 1.499999999999909 0
3.699999999997151 1.39999999999994 0
3.699999999997355 1.299999999999969 0
3.699999999997558 1.199999999999999 0
3.699999999997763 1.100000000000028 0
3.699999999997965 1.000000000000058 0
3.699999999998169 0.9000000000000878 0
3.699999999998373 0.8000000000001175 0
3.699999999998576 0.7000000000001472 0
3.699999999998779 0.6000000000001768 0
3.699999999998983 0.5000000000001998 0
3.699999999999186 0.4000000000001487 0
3.69999999999939 0.3000000000000911 0
3.699999999999593 0.2000000000000549 0
3.699999999999796 0.1000000000000352 0
3.799999999991782 3.899999999999679 0
3.799999999991992 3.799999999999358 0
3.799999999992203 3.699999999999037 0
3.799999999992413 3.599999999998714 0
3.799999999992624 3.499999999998425 0
3.799999999992836 3.399999999998493 0
3.799999999993045 3.299999999998594 0
3.799999999993257 3.199999999998693 0
3.799999999993467 3.099999999998795 0
3.799999999993678 2.999999999998894 0
3.799999999993888 2.899999999998995 0
3.799999999994099 2.799999999999095 0
3.79999999999431 2.699999999999195 0
3.799999999994521 2.599999999999295 0
3.799999999994731 2.499999999999395 0
3.799999999994942 2.399999999999496 0
3.799999999995153 2.299999999999597 0
3.799999999995364 2.199999999999696 0
3.799999999995574 2.099999999999797 0
3.799999999995785 1.99999999999989 0
3.799999999995996 1.89999999999992 0
3.799999999996206 1.799999999999943 0
3.799999999996416 1.699999999999965 0
3.799999999996627 1.599999999999988 0
3.799999999996837 1.50000000000001 0
3.799999999997048 1.400000000000033 0
3.799999999997259 1.300000000000055 0
3.799999999997471 1.200000000000078 0
3.79999999999768 1.1000000000001 0
3.799999999997892 1.000000000000123 0
3.799999999998102 0.900000000000146 0
3.799999999998312 0.8000000000001684 0
3.799999999998524 0.7000000000001909 0
3.799999999998734 0.6000000000002135 0
3.799999999998945 0.5000000000002296 0
3.799999999999157 0.4000000000001727 0
3.799999999999367 0.3000000000001095 0
3.799999999999577 0.2000000000000673 0
3.799999999999787 0.1000000000000413 0
3.899999999991496 3.899999999999677 0
3.899999999991715 3.799999999999354 0
3.899999999991933 3.699999999999031 0
3.89999999999215 3.599999999998708 0
3.899999999992369 3.499999999998418 0
3.899999999992587 3.399999999998495 0
3.899999999992804 3.299999999998604 0
3.899999999993022 3.199999999998715 0
3.89999999999324 3.099999999998825 0
3.899999999993459 2.999999999998934 0
3.899999999993677 2.899999999999045 0
3.899999999993895 2.799999999999154 0
3.899999999994113 2.699999999999264 0
3.899999999994331 2.599999999999373 0
3.899999999994549 2.499999999999484 0
3.899999999994766 2.399999999999594 0
3.899999999994985 2.299999999999703 0
3.899999999995202 2.199999999999813 0
3.899999999995421 2.099999999999923 0
3.899999999995639 2.000000000000025 0
3.899999999995857 1.900000000000049 0
3.899999999996075 1.800000000000064 0
3.899999999996293 1.70000000000008 0
3.89999999999651 1.600000000000095 0
3.899999999996729 1.500000000000111 0
3.899999999996947 1.400000000000126 0
3.899999999997165 1.300000000000141 0
3.899999999997383 1.200000000000157 0
3.899999999997601 1.100000000000173 0
3.899999999997818 1.000000000000188 0
3.899999999998037 0.900000000000204 0
3.899999999998255 0.8000000000002194 0
3.899999999998473 0.7000000000002349 0
3.899999999998691 0.6000000000002503 0
3.899999999998908 0.5000000000002593 0
3.899999999999126 0.4000000000001966 0
3.899999999999345 0.3000000000001278 0
3.899999999999564 0.2000000000000796 0
3.899999999999781 0.1000000000000473 0
3.999999999991247 3.899999999999675 0
3.999999999991471 3.799999999999351 0
3.999999999991695 3.699999999999026 0
3.999999999991919 3.599999999998702 0
3.999999999992144 3.499999999998411 0
3.999999999992369 3.399999999998497 0
3.999999999992593 3.299999999998617 0
3.999999999992817 3.199999999998736 0
3.999999999993041 3.099999999998855 0
3.999999999993266 2.999999999998975 0
3.999999999993492 2.899999999999094 0
3.999999999993715 2.799999999999214 0
3.999999999993939 2.699999999999333 0
3.999999999994163 2.599999999999452 0
3.999999999994388 2.499999999999572 0
3.999999999994612 2.399999999999691 0
3.999999999994837 2.299999999999811 0
3.999999999995061 2.19999999999993 0
3.999999999995286 2.100000000000049 0
3.99999999999551 2.00000000000016 0
3.999999999995735 1.900000000000178 0
3.999999999995959 1.800000000000186 0
3.999999999996183 1.700000000000194 0
3.999999999996408 1.600000000000203 0
3.999999999996633 1.500000000000211 0
3.999999999996858 1.40000000000022 0
3.999999999997081 1.300000000000228 0
3.999999999997307 1.200000000000236 0
3.999999999997531 1.100000000000245 0
3.999999999997755 1.000000000000254 0
3.999999999997979 0.9000000000002619 0
3.999999999998204 0.8000000000002703 0
3.999999999998428 0.7000000000002786 0
3.999999999998652 0.6000000000002872 0
3.999999999998876 0.5000000000002891 0
3.999999999999102 0.4000000000002207 0
3.999999999999325 0.3000000000001461 0
3.999999999999551 0.2000000000000919 0
3.999999999999775 0.1000000000000534 0
4.099999999991261 3.899999999999674 0
4.099999999991483 3.799999999999348 0
4.099999999991707 3.699999999999022 0
4.099999999991932 3.599999999998696 0
4.099999999992156 3.499999999998405 0
4.099999999992379 3.399999999998498 0
4.099999999992604 3.299999999998627 0
4.099999999992828 3.199999999998757 0
4.099999999993051 3.099999999998885 0
4.099999999993275 2.999999999999015 0
4.099999999993501 2.899999999999144 0
4.099999999993725 2.799999999999272 0
4.099999999993948 2.699999999999401 0
4.099999999994172 2.599999999999531 0
4.099999999994396 2.49999999999966 0
4.099999999994619 2.399999999999789 0
4.099999999994844 2.299999999999918 0
4.099999999995068 2.200000000000047 0
4.099999999995291 2.100000000000176 0
4.099999999995516 2.000000000000295 0
4.099999999995741 1.900000000000306 0
4.099999999995964 1.800000000000308 0
4.099999999996188 1.700000000000309 0
4.099999999996412 1.600000000000311 0
4.099999999996638 1.500000000000312 0
4.099999999996861 1.400000000000313 0
4.099999999997086 1.300000000000314 0
4.099999999997308 1.200000000000316 0
4.099999999997532 1.100000000000317 0
4.099999999997757 1.000000000000318 0
4.09999999999798 0.9000000000003201 0
4.099999999998204 0.8000000000003213 0
4.09999999999843 0.7000000000003226 0
4.099999999998652 0.6000000000003238 0
4.099999999998878 0.5000000000003191 0
4.099999999999102 0.4000000000002448 0
4.099999999999326 0.3000000000001646 0
4.099999999999549 0.2000000000001043 0
4.099999999999775 0.1000000000000594 0
4.199999999991407 3.899999999999673 0
4.199999999991627 3.799999999999345 0
4.199999999991848 3.699999999999017 0
4.199999999992068 3.59999999999869 0
4.199999999992288 3.499999999998398 0
4.199999999992508 3.3999999999985 0
4.199999999992729 3.29999999999864 0
4.199999999992949 3.199999999998778 0
4.199999999993169 3.099999999998917 0
4.199999999993389 2.999999999999055 0
4.199999999993612 2.899999999999194 0
4.19999999999383 2.799999999999333 0
4.19999999999405 2.69999999999947 0
4.199999999994271 2.59999999999961 0
4.199999999994491 2.499999999999748 0
4.199999999994713 2.399999999999887 0
4.199999999994933 2.300000000000025 0
4.199999999995152 2.200000000000164 0
4.199999999995372 2.100000000000302 0
4.199999999995594 2.000000000000429 0
4.199999999995814 1.900000000000435 0
4.199999999996034 1.800000000000429 0
4.199999999996255 1.700000000000424 0
4.199999999996475 1.600000000000418 0
4.199999999996695 1.500000000000412 0
4.199999999996916 1.400000000000407 0
4.199999999997136 1.3000000000004 0
4.199999999997356 1.200000000000395 0
4.199999999997576 1.100000000000389 0
4.199999999997797 1.000000000000384 0
4.199999999998017 0.9000000000003781 0
4.199999999998237 0.8000000000003724 0
4.199999999998457 0.7000000000003666 0
4.199999999998678 0.6000000000003607 0
4.199999999998898 0.5000000000003491 0
4.199999999999118 0.4000000000002688 0
4.199999999999338 0.300000000000183 0
4.199999999999559 0.2000000000001166 0
4.199999999999779 0.1000000000000655 0
4.299999999991555 3.899999999999671 0
4.299999999991772 3.799999999999342 0
4.299999999991987 3.699999999999013 0
4.299999999992205 3.599999999998683 0
4.299999999992421 3.499999999998392 0
4.299999999992637 3.399999999998502 0
4.299999999992854 3.299999999998651 0
4.29999999999307 3.199999999998798 0
4.299999999993287 3.099999999998948 0
4.299999999993503 2.999999999999095 0
4.299999999993721 2.899999999999244 0
4.299999999993937 2.799999999999391 0
4.299999999994153 2.69999999999954 0
4.29999999999437 2.599999999999688 0
4.299999999994586 2.499999999999836 0
4.299999999994802 2.399999999999984 0
4.299999999995019 2.300000000000132 0
4.299999999995237 2.20000000000028 0
4.299999999995451 2.100000000000428 0
4.299999999995668 2.000000000000564 0
4.299999999995884 1.900000000000564 0
4.299999999996101 1.800000000000551 0
4.299999999996317 1.700000000000538 0
4.299999999996535 1.600000000000525 0
4.299999999996751 1.500000000000512 0
4.299999999996968 1.4000000000005 0
4.299999999997184 1.300000000000487 0
4.299999999997399 1.200000000000474 0
4.299999999997616 1.100000000000461 0
4.299999999997835 1.000000000000449 0
4.299999999998049 0.900000000000436 0
4.299999999998266 0.8000000000004233 0
4.299999999998483 0.7000000000004105 0
4.2999999999987 0.6000000000003975 0
4.299999999998914 0.5000000000003788 0
4.299999999999131 0.4000000000002929 0
4.299999999999348 0.3000000000002013 0
4.299999999999565 0.200000000000129 0
4.299999999999781 0.1000000000000715 0
4.399999999991705 3.899999999999669 0
4.399999999991913 3.799999999999339 0
4.399999999992128 3.699999999999008 0
4.399999999992341 3.599999999998678 0
4.399999999992554 3.499999999998384 0
4.399999999992767 3.399999999998505 0
4.39999999999298 3.299999999998663 0
4.399999999993192 3.199999999998819 0
4.399999999993405 3.099999999998978 0
4.399999999993618 2.999999999999136 0
4.399999999993831 2.899999999999293 0
4.399999999994042 2.799999999999451 0
4.399999999994256 2.699999999999609 0
4.399999999994467 2.599999999999766 0
4.39999999999468 2.499999999999924 0
4.399999999994893 2.400000000000082 0
4.399999999995106 2.30000000000024 0
4.39999999999532 2.200000000000397 0
4.399999999995533 2.100000000000555 0
4.399999999995746 2.000000000000699 0
4.399999999995957 1.900000000000693 0
4.399999999996171 1.800000000000673 0
4.399999999996381 1.700000000000653 0
4.399999999996595 1.600000000000633 0
4.399999999996808 1.500000000000613 0
4.399999999997021 1.400000000000593 0
4.399999999997233 1.300000000000574 0
4.399999999997446 1.200000000000554 0
4.399999999997659 1.100000000000533 0
4.399999999997872 1.000000000000514 0
4.399999999998084 0.9000000000004942 0
4.399999999998297 0.8000000000004743 0
4.39999999999851 0.7000000000004545 0
4.399999999998723 0.6000000000004344 0
4.399999999998935 0.5000000000004086 0
4.399999999999148 0.400000000000317 0
4.399999999999361 0.3000000000002198 0
4.399999999999572 0.2000000000001413 0
4.399999999999785 0.1000000000000776 0
4.499999999991852 3.899999999999668 0
4.49999999999206 3.799999999999336 0
4.499999999992269 3.699999999999002 0
4.499999999992477 3.599999999998671 0
4.499999999992688 3.499999999998377 0
4.499999999992896 3.399999999998506 0
4.499999999993106 3.299999999998673 0
4.499999999993315 3.199999999998841 0
4.499999999993522 3.099999999999008 0
4.499999999993731 2.999999999999176 0
4.499999999993941 2.899999999999343 0
4.499999999994149 2.79999999999951 0
4.499999999994358 2.699999999999678 0
4.499999999994566 2.599999999999844 0
4.499999999994776 2.500000000000012 0
4.499999999994984 2.400000000000179 0
4.499999999995193 2.300000000000346 0
4.499999999995403 2.200000000000514 0
4.499999999995611 2.100000000000681 0
4.49999999999582 2.000000000000834 0
4.499999999996028 1.900000000000821 0
4.499999999996238 1.800000000000795 0
4.499999999996447 1.700000000000768 0
4.499999999996657 1.60000000000074 0
4.499999999996865 1.500000000000714 0
4.499999999997073 1.400000000000687 0
4.499999999997282 1.30000000000066 0
4.499999999997492 1.200000000000633 0
4.4999999999977 1.100000000000606 0
4.499999999997909 1.000000000000579 0
4.499999999998117 0.9000000000005521 0
4.499999999998327 0.8000000000005252 0
4.499999999998537 0.7000000000004982 0
4.499999999998744 0.6000000000004713 0
4.499999999998954 0.5000000000004385 0
4.499999999999162 0.400000000000341 0
4.499999999999371 0.3000000000002381 0
4.499999999999581 0.2000000000001536 0
4.49999999999979 0.1000000000000836 0
4.599999999991999 3.899999999999666 0
4.599999999992205 3.799999999999332 0
4.599999999992412 3.699999999998999 0
4.599999999992614 3.599999999998666 0
4.59999999999282 3.49999999999837 0
4.599999999993026 3.399999999998508 0
4.599999999993232 3.299999999998685 0
4.599999999993436 3.199999999998862 0
4.599999999993642 3.099999999999039 0
4.599999999993845 2.999999999999216 0
4.599999999994051 2.899999999999393 0
4.599999999994255 2.799999999999569 0
4.599999999994461 2.699999999999746 0
4.599999999994668 2.599999999999923 0
4.599999999994871 2.500000000000099 0
4.599999999995077 2.400000000000277 0
4.599999999995282 2.300000000000454 0
4.599999999995486 2.20000000000063 0
4.599999999995692 2.100000000000807 0
4.599999999995896 2.000000000000967 0
4.599999999996101 1.90000000000095 0
4.599999999996307 1.800000000000916 0
4.599999999996513 1.700000000000883 0
4.599999999996717 1.600000000000848 0
4.599999999996921 1.500000000000814 0
4.599999999997127 1.40000000000078 0
4.599999999997333 1.300000000000746 0
4.599999999997538 1.200000000000712 0
4.599999999997742 1.100000000000678 0
4.599999999997948 1.000000000000644 0
4.599999999998154 0.9000000000006101 0
4.599999999998357 0.8000000000005763 0
4.599999999998563 0.700000000000542 0
4.599999999998769 0.6000000000005081 0
4.599999999998973 0.5000000000004685 0
4.599999999999177 0.4000000000003651 0
4.599999999999383 0.3000000000002564 0
4.599999999999589 0.2000000000001659 0
4.599999999999794 0.1000000000000896 0
4.699999999992149 3.899999999999665 0
4.69999999999235 3.799999999999329 0
4.699999999992551 3.699999999998993 0
4.699999999992752 3.599999999998659 0
4.699999999992952 3.499999999998364 0
4.699999999993153 3.39999999999851 0
4.699999999993356 3.299999999998696 0
4.699999999993558 3.199999999998883 0
4.699999999993759 3.09999999999907 0
4.69999999999396 2.999999999999256 0
4.699999999994162 2.899999999999443 0
4.699999999994363 2.799999999999629 0
4.699999999994564 2.699999999999815 0
4.699999999994764 2.600000000000001 0
4.699999999994967 2.500000000000187 0
4.699999999995168 2.400000000000374 0
4.69999999999537 2.300000000000561 0
4.699999999995571 2.200000000000747 0
4.699999999995772 2.100000000000934 0
4.699999999995972 2.000000000001102 0
4.699999999996173 1.900000000001079 0
4.699999999996376 1.800000000001038 0
4.699999999996576 1.700000000000997 0
4.699999999996777 1.600000000000956 0
4.699999999996979 1.500000000000915 0
4.69999999999718 1.400000000000873 0
4.699999999997381 1.300000000000832 0
4.699999999997583 1.200000000000792 0
4.699999999997784 1.10000000000075 0
4.699999999997985 1.000000000000709 0
4.699999999998187 0.9000000000006683 0
4.699999999998388 0.8000000000006271 0
4.699999999998589 0.7000000000005859 0
4.699999999998791 0.600000000000545 0
4.699999999998992 0.5000000000004983 0
4.699999999999193 0.4000000000003892 0
4.699999999999395 0.3000000000002748 0
4.699999999999595 0.2000000000001783 0
4.699999999999797 0.1000000000000957 0
4.799999999992297 3.899999999999664 0
4.799999999992494 3.799999999999327 0
4.799999999992691 3.69999999999899 0
4.799999999992888 3.599999999998653 0
4.799999999993087 3.499999999998358 0
4.799999999993284 3.399999999998513 0
4.79999999999348 3.299999999998709 0
4.799999999993679 3.199999999998904 0
4.799999999993876 3.0999999999991 0
4.799999999994073 2.999999999999297 0
4.79999999999427 2.899999999999492 0
4.799999999994469 2.799999999999688 0
4.799999999994666 2.699999999999884 0
4.799999999994863 2.60000000000008 0
4.799999999995061 2.500000000000276 0
4.799999999995258 2.400000000000472 0
4.799999999995457 2.300000000000669 0
4.799999999995652 2.200000000000864 0
4.799999999995851 2.10000000000106 0
4.799999999996048 2.000000000001236 0
4.799999999996245 1.900000000001208 0
4.799999999996444 1.80000000000116 0
4.799999999996642 1.700000000001112 0
4.799999999996839 1.600000000001064 0
4.799999999997036 1.500000000001015 0
4.799999999997233 1.400000000000967 0
4.799999999997432 1.300000000000919 0
4.799999999997629 1.200000000000871 0
4.799999999997826 1.100000000000823 0
4.799999999998024 1.000000000000774 0
4.799999999998221 0.9000000000007264 0
4.79999999999842 0.8000000000006782 0
4.799999999998615 0.7000000000006299 0
4.799999999998814 0.6000000000005818 0
4.799999999999011 0.500000000000528 0
4.799999999999208 0.4000000000004132 0
4.799999999999407 0.3000000000002931 0
4.799999999999605 0.2000000000001906 0
4.799999999999802 0.1000000000001017 0
4.899999999992445 3.899999999999662 0
4.899999999992638 3.799999999999324 0
4.89999999999283 3.699999999998985 0
4.899999999993025 3.599999999998647 0
4.899999999993219 3.499999999998351 0
4.899999999993413 3.399999999998514 0
4.899999999993606 3.29999999999872 0
4.8999999999938 3.199999999998926 0
4.899999999993992 3.099999999999131 0
4.899999999994188 2.999999999999337 0
4.899999999994382 2.899999999999542 0
4.899999999994574 2.799999999999748 0
4.899999999994768 2.699999999999954 0
4.899999999994963 2.600000000000159 0
4.899999999995155 2.500000000000364 0
4.899999999995349 2.40000000000057 0
4.899999999995543 2.300000000000775 0
4.899999999995736 2.200000000000981 0
4.899999999995931 2.100000000001186 0
4.899999999996123 2.000000000001372 0
4.899999999996317 1.900000000001337 0
4.899999999996511 1.800000000001281 0
4.899999999996705 1.700000000001226 0
4.899999999996897 1.600000000001171 0
4.899999999997092 1.500000000001116 0
4.899999999997285 1.40000000000106 0
4.899999999997481 1.300000000001005 0
4.899999999997673 1.20000000000095 0
4.899999999997868 1.100000000000895 0
4.899999999998061 1.00000000000084 0
4.899999999998255 0.9000000000007844 0
4.899999999998447 0.800000000000729 0
4.899999999998642 0.7000000000006739 0
4.899999999998835 0.6000000000006185 0
4.89999999999903 0.500000000000558 0
4.899999999999221 0.4000000000004372 0
4.899999999999417 0.3000000000003116 0
4.89999999999961 0.200000000000203 0
4.899999999999804 0.1000000000001078 0
4.999999999992593 3.89999999999966 0
4.999999999992781 3.79999999999932 0
4.999999999992973 3.69999999999898 0
4.999999999993162 3.599999999998641 0
4.999999999993352 3.499999999998344 0
4.999999999993541 3.399999999998516 0
4.999999999993731 3.299999999998731 0
4.999999999993921 3.199999999998946 0
4.999999999994113 3.099999999999162 0
4.999999999994301 2.999999999999376 0
4.999999999994492 2.899999999999592 0
4.999999999994682 2.799999999999807 0
4.99999999999487 2.700000000000022 0
4.99999999999506 2.600000000000237 0
4.999999999995252 2.500000000000452 0
4.999999999995442 2.400000000000667 0
4.999999999995632 2.300000000000883 0
4.999999999995822 2.200000000001097 0
4.99999999999601 2.100000000001312 0
4.9999999999962 2.000000000001506 0
4.99999999999639 1.900000000001465 0
4.999999999996581 1.800000000001403 0
4.999999999996771 1.700000000001341 0
4.999999999996961 1.600000000001279 0
4.999999999997151 1.500000000001216 0
4.999999999997339 1.400000000001154 0
4.999999999997531 1.300000000001091 0
4.999999999997721 1.20000000000103 0
4.999999999997909 1.100000000000967 0
4.999999999998099 1.000000000000905 0
4.99999999999829 0.9000000000008423 0
4.999999999998479 0.8000000000007801 0
4.99999999999867 0.7000000000007178 0
4.99999999999886 0.6000000000006553 0
4.99999999999905 0.5000000000005878 0
4.99999999999924 0.4000000000004613 0
4.999999999999431 0.30000000000033 0
4.99999999999962 0.2000000000002153 0
4.999999999999809 0.1000000000001138 0
5.099999999992741 3.899999999999658 0
5.099999999992925 3.799999999999318 0
5.099999999993113 3.699999999998976 0
5.099999999993299 3.599999999998635 0
5.099999999993484 3.499999999998337 0
5.099999999993671 3.399999999998518 0
5.099999999993859 3.299999999998743 0
5.099999999994044 3.199999999998967 0
5.09999999999423 3.099999999999193 0
5.099999999994417 2.999999999999417 0
5.099999999994602 2.899999999999642 0
5.099999999994789 2.799999999999866 0
5.099999999994974 2.70000000000009 0
5.099999999995159 2.600000000000316 0
5.099999999995347 2.50000000000054 0
5.099999999995531 2.400000000000765 0
5.099999999995719 2.300000000000989 0
5.099999999995905 2.200000000001214 0
5.09999999999609 2.100000000001438 0
5.099999999996276 2.00000000000164 0
5.099999999996463 1.900000000001594 0
5.099999999996649 1.800000000001525 0
5.099999999996836 1.700000000001455 0
5.099999999997021 1.600000000001386 0
5.099999999997206 1.500000000001317 0
5.099999999997394 1.400000000001247 0
5.09999999999758 1.300000000001178 0
5.099999999997765 1.200000000001109 0
5.099999999997951 1.100000000001039 0
5.099999999998136 1.00000000000097 0
5.099999999998325 0.9000000000009005 0
5.099999999998509 0.8000000000008312 0
5.099999999998698 0.7000000000007616 0
5.099999999998882 0.6000000000006922 0
5.099999999999067 0.5000000000006177 0
5.099999999999255 0.4000000000004853 0
5.09999999999944 0.3000000000003483 0
5.099999999999627 0.2000000000002276 0
5.099999999999813 0.1000000000001199 0
5.199999999992888 3.899999999999657 0
5.19999999999307 3.799999999999314 0
5.199999999993254 3.69999999999897 0
5.199999999993435 3.599999999998628 0
5.19999999999362 3.49999999999833 0
5.1999999999938 3.39999999999852 0
5.199999999993982 3.299999999998754 0
5.199999999994162 3.199999999998988 0
5.199999999994346 3.099999999999223 0
5.199999999994529 2.999999999999457 0
5.199999999994711 2.899999999999691 0
5.199999999994894 2.799999999999925 0
5.199999999995075 2.70000000000016 0
5.199999999995259 2.600000000000394 0
5.199999999995439 2.500000000000628 0
5.199999999995622 2.400000000000863 0
5.199999999995805 2.300000000001097 0
5.199999999995987 2.200000000001331 0
5.199999999996169 2.100000000001566 0
5.199999999996352 2.000000000001775 0
5.199999999996534 1.900000000001723 0
5.199999999996717 1.800000000001647 0
5.199999999996899 1.70000000000157 0
5.199999999997081 1.600000000001494 0
5.199999999997262 1.500000000001417 0
5.199999999997445 1.400000000001341 0
5.199999999997628 1.300000000001264 0
5.199999999997809 1.200000000001188 0
5.199999999997992 1.100000000001111 0
5.199999999998175 1.000000000001035 0
5.199999999998356 0.9000000000009585 0
5.19999999999854 0.800000000000882 0
5.199999999998722 0.7000000000008055 0
5.199999999998903 0.6000000000007288 0
5.199999999999086 0.5000000000006475 0
5.199999999999269 0.4000000000005094 0
5.199999999999451 0.3000000000003666 0
5.199999999999632 0.2000000000002399 0
5.199999999999815 0.1000000000001259 0
5.299999999993036 3.899999999999656 0
5.299999999993218 3.799999999999311 0
5.299999999993394 3.699999999998967 0
5.299999999993572 3.599999999998622 0
5.299999999993751 3.499999999998323 0
5.299999999993929 3.399999999998522 0
5.299999999994108 3.299999999998766 0
5.299999999994284 3.199999999999009 0
5.299999999994466 3.099999999999253 0
5.299999999994644 2.999999999999497 0
5.299999999994821 2.899999999999741 0
5.299999999995 2.799999999999985 0
5.299999999995178 2.700000000000229 0
5.299999999995358 2.600000000000472 0
5.299999999995535 2.500000000000716 0
5.299999999995716 2.40000000000096 0
5.299999999995894 2.300000000001204 0
5.299999999996071 2.200000000001447 0
5.29999999999625 2.100000000001692 0
5.299999999996428 2.00000000000191 0
5.299999999996606 1.900000000001852 0
5.299999999996786 1.800000000001768 0
5.299999999996965 1.700000000001685 0
5.299999999997143 1.600000000001601 0
5.29999999999732 1.500000000001517 0
5.2999999999975 1.400000000001434 0
5.299999999997678 1.300000000001351 0
5.299999999997858 1.200000000001267 0
5.299999999998036 1.100000000001184 0
5.299999999998215 1.0000000000011 0
5.299999999998392 0.9000000000010167 0
5.299999999998572 0.8000000000009329 0
5.299999999998751 0.7000000000008495 0
5.299999999998929 0.6000000000007657 0
5.299999999999106 0.5000000000006772 0
5.299999999999285 0.4000000000005335 0
5.299999999999464 0.3000000000003851 0
5.299999999999643 0.2000000000002523 0
5.29999999999982 0.100000000000132 0
5.399999999993184 3.899999999999654 0
5.399999999993361 3.799999999999308 0
5.399999999993534 3.699999999998961 0
5.399999999993708 3.599999999998616 0
5.399999999993883 3.499999999998317 0
5.399999999994059 3.399999999998523 0
5.399999999994233 3.299999999998776 0
5.399999999994408 3.199999999999031 0
5.399999999994583 3.099999999999283 0
5.399999999994757 2.999999999999537 0
5.399999999994932 2.899999999999791 0
5.399999999995107 2.800000000000044 0
5.399999999995281 2.700000000000298 0
5.399999999995456 2.600000000000551 0
5.399999999995631 2.500000000000804 0
5.399999999995807 2.400000000001058 0
5.39999999999598 2.300000000001311 0
5.399999999996155 2.200000000001564 0
5.39999999999633 2.100000000001818 0
5.399999999996504 2.000000000002044 0
5.399999999996679 1.900000000001981 0
5.399999999996854 1.80000000000189 0
5.399999999997028 1.7000000000018 0
5.399999999997203 1.600000000001709 0
5.399999999997378 1.500000000001618 0
5.399999999997551 1.400000000001528 0
5.399999999997728 1.300000000001437 0
5.399999999997902 1.200000000001347 0
5.399999999998077 1.100000000001256 0
5.399999999998252 1.000000000001165 0
5.399999999998426 0.9000000000010746 0
5.399999999998601 0.8000000000009839 0
5.399999999998778 0.7000000000008932 0
5.39999999999895 0.6000000000008026 0
5.399999999999125 0.5000000000007072 0
5.3999999999993 0.4000000000005575 0
5.399999999999474 0.3000000000004035 0
5.39999999999965 0.2000000000002646 0
5.399999999999824 0.100000000000138 0
5.499999999993332 3.899999999999652 0
5.499999999993502 3.799999999999305 0
5.499999999993674 3.699999999998958 0
5.499999999993844 3.599999999998611 0
5.499999999994015 3.49999999999831 0
5.499999999994187 3.399999999998525 0
5.499999999994358 3.299999999998789 0
5.499999999994528 3.199999999999052 0
5.499999999994697 3.099999999999315 0
5.49999999999487 2.999999999999577 0
5.499999999995041 2.89999999999984 0
5.499999999995212 2.800000000000104 0
5.499999999995383 2.700000000000366 0
5.499999999995554 2.600000000000629 0
5.499999999995726 2.500000000000893 0
5.499999999995895 2.400000000001156 0
5.499999999996067 2.300000000001418 0
5.499999999996239 2.200000000001681 0
5.499999999996408 2.100000000001944 0
5.499999999996581 2.000000000002178 0
5.499999999996751 1.900000000002109 0
5.499999999996922 1.800000000002012 0
5.499999999997091 1.700000000001914 0
5.499999999997263 1.600000000001816 0
5.499999999997435 1.500000000001719 0
5.499999999997605 1.400000000001621 0
5.499999999997775 1.300000000001523 0
5.499999999997947 1.200000000001426 0
5.499999999998119 1.100000000001328 0
5.499999999998289 1.000000000001231 0
5.499999999998459 0.9000000000011328 0
5.49999999999863 0.800000000001035 0
5.499999999998801 0.7000000000009372 0
5.499999999998973 0.6000000000008394 0
5.499999999999144 0.5000000000007372 0
5.499999999999314 0.4000000000005816 0
5.499999999999484 0.3000000000004218 0
5.499999999999657 0.200000000000277 0
5.499999999999828 0.1000000000001441 0
5.599999999993479 3.899999999999651 0
5.599999999993647 3.799999999999303 0
5.599999999993817 3.699999999998953 0
5.599999999993981 3.599999999998603 0
5.599999999994149 3.499999999998303 0
5.599999999994314 3.399999999998527 0
5.599999999994484 3.299999999998799 0
5.599999999994651 3.199999999999073 0
5.599999999994818 3.099999999999346 0
5.599999999994985 2.999999999999618 0
5.599999999995152 2.89999999999989 0
5.599999999995319 2.800000000000163 0
5.599999999995486 2.700000000000435 0
5.599999999995651 2.600000000000708 0
5.599999999995822 2.500000000000981 0
5.599999999995989 2.400000000001254 0
5.599999999996156 2.300000000001526 0
5.599999999996321 2.200000000001798 0
5.599999999996488 2.100000000002071 0
5.599999999996655 2.000000000002313 0
5.599999999996824 1.900000000002238 0
5.59999999999699 1.800000000002133 0
5.599999999997157 1.700000000002029 0
5.599999999997324 1.600000000001924 0
5.599999999997491 1.500000000001819 0
5.599999999997658 1.400000000001715 0
5.599999999997825 1.30000000000161 0
5.599999999997992 1.200000000001505 0
5.599999999998159 1.1000000000014 0
5.599999999998326 1.000000000001295 0
5.599999999998493 0.9000000000011907 0
5.59999999999866 0.8000000000010861 0
5.599999999998827 0.7000000000009812 0
5.599999999998994 0.6000000000008763 0
5.599999999999161 0.5000000000007669 0
5.59999999999933 0.4000000000006056 0
5.599999999999495 0.3000000000004401 0
5.599999999999661 0.2000000000002893 0
5.599999999999828 0.1000000000001501 0
5.699999999993632 3.89999999999965 0
5.699999999993793 3.799999999999299 0
5.699999999993957 3.699999999998949 0
5.699999999994118 3.599999999998598 0
5.699999999994282 3.499999999998296 0
5.699999999994445 3.39999999999853 0
5.699999999994608 3.299999999998812 0
5.699999999994774 3.199999999999094 0
5.699999999994937 3.099999999999376 0
5.699999999995098 2.999999999999658 0
5.699999999995263 2.89999999999994 0
5.699999999995425 2.800000000000223 0
5.69999999999559 2.700000000000504 0
5.699999999995753 2.600000000000786 0
5.699999999995915 2.500000000001068 0
5.699999999996079 2.40000000000135 0
5.699999999996242 2.300000000001632 0
5.699999999996407 2.200000000001914 0
5.699999999996571 2.100000000002197 0
5.699999999996733 2.000000000002448 0
5.699999999996896 1.900000000002367 0
5.699999999997059 1.800000000002255 0
5.699999999997223 1.700000000002144 0
5.699999999997386 1.600000000002032 0
5.69999999999755 1.50000000000192 0
5.699999999997713 1.400000000001808 0
5.699999999997876 1.300000000001696 0
5.699999999998038 1.200000000001584 0
5.699999999998202 1.100000000001472 0
5.699999999998365 1.000000000001361 0
5.69999999999853 0.9000000000012489 0
5.699999999998692 0.8000000000011369 0
5.699999999998856 0.7000000000010249 0
5.699999999999019 0.6000000000009131 0
5.699999999999181 0.5000000000007967 0
5.699999999999344 0.4000000000006296 0
5.699999999999508 0.3000000000004586 0
5.699999999999671 0.2000000000003016 0
5.699999999999838 0.1000000000001562 0
5.799999999993778 3.899999999999648 0
5.799999999993936 3.799999999999295 0
5.799999999994096 3.699999999998944 0
5.799999999994255 3.599999999998591 0
5.799999999994416 3.499999999998289 0
5.799999999994575 3.399999999998531 0
5.799999999994734 3.299999999998823 0
5.799999999994894 3.199999999999114 0
5.799999999995053 3.099999999999406 0
5.799999999995213 2.999999999999698 0
5.799999999995373 2.89999999999999 0
5.799999999995533 2.800000000000281 0
5.79999999999569 2.700000000000573 0
5.799999999995849 2.600000000000865 0
5.799999999996011 2.500000000001156 0
5.799999999996171 2.400000000001448 0
5.799999999996329 2.30000000000174 0
5.799999999996489 2.200000000002031 0
5.799999999996649 2.100000000002323 0
5.799999999996809 2.000000000002583 0
5.799999999996967 1.900000000002496 0
5.799999999997127 1.800000000002377 0
5.799999999997286 1.700000000002258 0
5.799999999997448 1.600000000002139 0
5.799999999997604 1.50000000000202 0
5.799999999997764 1.400000000001902 0
5.799999999997924 1.300000000001782 0
5.799999999998083 1.200000000001664 0
5.799999999998244 1.100000000001544 0
5.799999999998404 1.000000000001426 0
5.799999999998564 0.9000000000013069 0
5.799999999998721 0.8000000000011878 0
5.799999999998882 0.7000000000010689 0
5.79999999999904 0.60000000000095 0
5.7999999999992 0.5000000000008267 0
5.799999999999359 0.4000000000006537 0
5.799999999999519 0.300000000000477 0
5.799999999999679 0.2000000000003139 0
5.799999999999839 0.1000000000001622 0
5.899999999993927 3.899999999999646 0
5.899999999994082 3.799999999999293 0
5.899999999994236 3.699999999998938 0
5.899999999994394 3.599999999998586 0
5.89999999999455 3.499999999998282 0
5.899999999994704 3.399999999998533 0
5.89999999999486 3.299999999998835 0
5.899999999995018 3.199999999999136 0
5.899999999995172 3.099999999999438 0
5.899999999995327 2.999999999999739 0
5.899999999995483 2.900000000000039 0
5.899999999995638 2.800000000000341 0
5.899999999995794 2.700000000000642 0
5.899999999995951 2.600000000000943 0
5.899999999996107 2.500000000001244 0
5.899999999996263 2.400000000001546 0
5.899999999996416 2.300000000001847 0
5.899999999996575 2.200000000002148 0
5.899999999996729 2.100000000002449 0
5.899999999996883 2.000000000002716 0
5.899999999997041 1.900000000002624 0
5.899999999997197 1.800000000002499 0
5.899999999997352 1.700000000002373 0
5.899999999997506 1.600000000002247 0
5.899999999997663 1.500000000002121 0
5.899999999997817 1.400000000001995 0
5.899999999997974 1.300000000001869 0
5.899999999998128 1.200000000001743 0
5.899999999998284 1.100000000001617 0
5.899999999998441 1.000000000001491 0
5.899999999998597 0.900000000001365 0
5.899999999998753 0.8000000000012388 0
5.899999999998908 0.7000000000011128 0
5.899999999999062 0.6000000000009869 0
5.89999999999922 0.5000000000008564 0
5.899999999999375 0.4000000000006778 0
5.899999999999531 0.3000000000004953 0
5.899999999999688 0.2000000000003263 0
5.899999999999843 0.1000000000001683 0
5.999999999994076 3.899999999999645 0
5.999999999994224 3.79999999999929 0
5.999999999994377 3.699999999998933 0
5.999999999994528 3.599999999998579 0
5.99999999999468 3.499999999998276 0
5.999999999994833 3.399999999998536 0
5.999999999994985 3.299999999998846 0
5.999999999995137 3.199999999999157 0
5.999999999995289 3.099999999999468 0
5.99999999999544 2.999999999999779 0
5.999999999995593 2.900000000000089 0
5.999999999995745 2.8000000000004 0
5.999999999995896 2.70000000000071 0
5.999999999996048 2.600000000001022 0
5.9999999999962 2.500000000001332 0
5.999999999996353 2.400000000001643 0
5.999999999996505 2.300000000001954 0
5.999999999996655 2.200000000002264 0
5.999999999996808 2.100000000002575 0
5.999999999996961 2.000000000002851 0
5.99999999999711 1.900000000002753 0
5.999999999997263 1.80000000000262 0
5.999999999997415 1.700000000002488 0
5.999999999997567 1.600000000002354 0
5.999999999997718 1.500000000002221 0
5.99999999999787 1.400000000002088 0
5.999999999998023 1.300000000001955 0
5.999999999998176 1.200000000001822 0
5.999999999998327 1.100000000001689 0
5.999999999998478 1.000000000001556 0
5.99999999999863 0.900000000001423 0
5.999999999998782 0.8000000000012899 0
5.999999999998933 0.7000000000011566 0
5.999999999999083 0.6000000000010235 0
5.999999999999238 0.5000000000008864 0
5.999999999999391 0.4000000000007018 0
5.99999999999954 0.3000000000005136 0
5.999999999999694 0.2000000000003386 0
5.999999999999845 0.1000000000001743 0
6.099999999994223 3.899999999999643 0
6.09999999999437 3.799999999999287 0
6.099999999994518 3.699999999998929 0
6.099999999994665 3.599999999998573 0
6.099999999994813 3.499999999998269 0
6.099999999994962 3.399999999998538 0
6.099999999995111 3.299999999998858 0
6.099999999995259 3.199999999999178 0
6.099999999995406 3.099999999999498 0
6.099999999995555 2.999999999999819 0
6.099999999995703 2.900000000000139 0
6.09999999999585 2.800000000000459 0
6.099999999995999 2.70000000000078 0
6.099999999996147 2.6000000000011 0
6.099999999996296 2.50000000000142 0
6.099999999996443 2.400000000001741 0
6.099999999996591 2.300000000002061 0
6.09999999999674 2.200000000002381 0
6.099999999996887 2.100000000002701 0
6.099999999997035 2.000000000002986 0
6.099999999997184 1.900000000002882 0
6.099999999997332 1.800000000002742 0
6.099999999997481 1.700000000002602 0
6.09999999999763 1.600000000002462 0
6.099999999997776 1.500000000002322 0
6.099999999997925 1.400000000002182 0
6.099999999998074 1.300000000002041 0
6.09999999999822 1.200000000001901 0
6.099999999998369 1.100000000001761 0
6.099999999998518 1.000000000001621 0
6.099999999998664 0.9000000000014809 0
6.099999999998813 0.8000000000013407 0
6.099999999998962 0.7000000000012006 0
6.09999999999911 0.6000000000010604 0
6.099999999999258 0.5000000000009162 0
6.099999999999406 0.4000000000007259 0
6.099999999999552 0.3000000000005321 0
6.0999999999997 0.200000000000351 0
6.09999999999985 0.1000000000001804 0
6.199999999994373 3.899999999999642 0
6.199999999994517 3.799999999999284 0
6.19999999999466 3.699999999998926 0
6.199999999994803 3.599999999998567 0
6.199999999994949 3.499999999998262 0
6.199999999995093 3.399999999998539 0
6.199999999995237 3.299999999998869 0
6.199999999995382 3.199999999999199 0
6.199999999995525 3.099999999999528 0
6.199999999995669 2.999999999999859 0
6.199999999995815 2.900000000000189 0
6.199999999995958 2.800000000000519 0
6.199999999996102 2.700000000000849 0
6.199999999996248 2.600000000001178 0
6.199999999996392 2.500000000001509 0
6.199999999996536 2.400000000001839 0
6.199999999996679 2.300000000002169 0
6.199999999996825 2.200000000002499 0
6.199999999996968 2.100000000002828 0
6.199999999997113 2.000000000003121 0
6.199999999997257 1.900000000003011 0
6.1999999999974 1.800000000002864 0
6.199999999997546 1.700000000002717 0
6.199999999997688 1.60000000000257 0
6.199999999997834 1.500000000002422 0
6.19999999999798 1.400000000002275 0
6.199999999998122 1.300000000002128 0
6.199999999998267 1.200000000001981 0
6.199999999998411 1.100000000001833 0
6.199999999998556 1.000000000001686 0
6.199999999998699 0.9000000000015391 0
6.199999999998844 0.8000000000013918 0
6.199999999998989 0.7000000000012445 0
6.199999999999131 0.6000000000010972 0
6.199999999999277 0.5000000000009461 0
6.19999999999942 0.40000000000075 0
6.199999999999564 0.3000000000005505 0
6.199999999999711 0.2000000000003633 0
6.199999999999854 0.1000000000001864 0
6.299999999994516 3.899999999999641 0
6.299999999994659 3.79999999999928 0
6.299999999994798 3.699999999998921 0
6.29999999999494 3.599999999998561 0
6.299999999995082 3.499999999998256 0
6.299999999995221 3.399999999998541 0
6.29999999999536 3.29999999999888 0
6.299999999995501 3.199999999999219 0
6.299999999995642 3.09999999999956 0
6.299999999995784 2.999999999999899 0
6.299999999995923 2.900000000000238 0
6.299999999996064 2.800000000000578 0
6.299999999996205 2.700000000000918 0
6.299999999996343 2.600000000001257 0
6.299999999996485 2.500000000001596 0
6.299999999996626 2.400000000001936 0
6.299999999996766 2.300000000002275 0
6.299999999996906 2.200000000002615 0
6.299999999997047 2.100000000002955 0
6.299999999997187 2.000000000003255 0
6.299999999997327 1.90000000000314 0
6.299999999997469 1.800000000002985 0
6.29999999999761 1.700000000002831 0
6.29999999999775 1.600000000002677 0
6.29999999999789 1.500000000002523 0
6.299999999998031 1.400000000002369 0
6.299999999998171 1.300000000002214 0
6.299999999998311 1.20000000000206 0
6.299999999998454 1.100000000001906 0
6.299999999998592 1.000000000001751 0
6.299999999998734 0.9000000000015971 0
6.299999999998875 0.8000000000014427 0
6.299999999999015 0.7000000000012885 0
6.299999999999155 0.6000000000011338 0
6.299999999999295 0.5000000000009759 0
6.299999999999436 0.400000000000774 0
6.299999999999576 0.3000000000005688 0
6.299999999999718 0.2000000000003756 0
6.299999999999857 0.1000000000001924 0
6.399999999994668 3.899999999999639 0
6.399999999994803 3.799999999999278 0
6.39999999999494 3.699999999998916 0
6.399999999995076 3.599999999998555 0
6.399999999995214 3.499999999998249 0
6.39999999999535 3.399999999998543 0
6.399999999995487 3.299999999998892 0
6.399999999995624 3.199999999999242 0
6.39999999999576 3.099999999999591 0
6.399999999995898 2.99999999999994 0
6.399999999996032 2.900000000000288 0
6.399999999996171 2.800000000000638 0
6.399999999996306 2.700000000000986 0
6.399999999996442 2.600000000001335 0
6.399999999996581 2.500000000001685 0
6.399999999996716 2.400000000002033 0
6.399999999996854 2.300000000002383 0
6.399999999996991 2.200000000002731 0
6.399999999997126 2.100000000003081 0
6.399999999997263 2.00000000000339 0
6.3999999999974 1.900000000003269 0
6.399999999997538 1.800000000003108 0
6.399999999997673 1.700000000002946 0
6.39999999999781 1.600000000002785 0
6.399999999997947 1.500000000002623 0
6.399999999998084 1.400000000002462 0
6.39999999999822 1.3000000000023 0
6.399999999998357 1.200000000002139 0
6.399999999998494 1.100000000001978 0
6.399999999998629 1.000000000001817 0
6.399999999998768 0.900000000001655 0
6.399999999998903 0.8000000000014937 0
6.399999999999041 0.7000000000013322 0
6.399999999999176 0.6000000000011707 0
6.399999999999315 0.5000000000010059 0
6.399999999999451 0.4000000000007979 0
6.399999999999588 0.3000000000005871 0
6.399999999999724 0.2000000000003879 0
6.39999999999986 0.1000000000001985 0
6.499999999994815 3.899999999999637 0
6.499999999994947 3.799999999999274 0
6.499999999995083 3.699999999998912 0
6.499999999995213 3.599999999998548 0
6.499999999995346 3.499999999998242 0
6.499999999995479 3.399999999998545 0
6.499999999995612 3.299999999998902 0
6.499999999995744 3.199999999999262 0
6.49999999999588 3.09999999999962 0
6.499999999996012 2.99999999999998 0
6.499999999996143 2.900000000000338 0
6.499999999996276 2.800000000000697 0
6.49999999999641 2.700000000001055 0
6.499999999996543 2.600000000001415 0
6.499999999996676 2.500000000001772 0
6.499999999996807 2.400000000002131 0
6.499999999996943 2.30000000000249 0
6.499999999997073 2.200000000002849 0
6.499999999997206 2.100000000003208 0
6.499999999997341 2.000000000003525 0
6.499999999997472 1.900000000003398 0
6.499999999997605 1.800000000003229 0
6.499999999997739 1.700000000003061 0
6.49999999999787 1.600000000002892 0
6.499999999998004 1.500000000002724 0
6.499999999998138 1.400000000002556 0
6.499999999998271 1.300000000002386 0
6.499999999998403 1.200000000002218 0
6.499999999998538 1.10000000000205 0
6.49999999999867 1.000000000001882 0
6.499999999998802 0.9000000000017132 0
6.499999999998936 0.8000000000015448 0
6.499999999999067 0.7000000000013762 0
6.4999999999992 0.6000000000012076 0
6.499999999999333 0.5000000000010356 0
6.499999999999467 0.400000000000822 0
6.499999999999599 0.3000000000006056 0
6.499999999999731 0.2000000000004003 0
6.499999999999865 0.1000000000002045 0
6.599999999994961 3.899999999999635 0
6.599999999995089 3.799999999999272 0
6.599999999995221 3.699999999998906 0
6.599999999995349 3.599999999998543 0
6.59999999999548 3.499999999998235 0
6.599999999995607 3.399999999998546 0
6.599999999995736 3.299999999998914 0
6.599999999995864 3.199999999999283 0
6.599999999995996 3.099999999999651 0
6.599999999996125 3.00000000000002 0
6.599999999996253 2.900000000000388 0
6.599999999996382 2.800000000000756 0
6.599999999996511 2.700000000001124 0
6.599999999996641 2.600000000001493 0
6.59999999999677 2.500000000001861 0
6.599999999996898 2.400000000002229 0
6.59999999999703 2.300000000002597 0
6.599999999997157 2.200000000002965 0
6.599999999997286 2.100000000003334 0
6.599999999997415 2.00000000000366 0
6.599999999997545 1.900000000003526 0
6.599999999997673 1.80000000000335 0
6.599999999997802 1.700000000003175 0
6.599999999997932 1.600000000003 0
6.59999999999806 1.500000000002824 0
6.599999999998191 1.400000000002649 0
6.599999999998319 1.300000000002473 0
6.599999999998447 1.200000000002298 0
6.599999999998577 1.100000000002122 0
6.599999999998706 1.000000000001947 0
6.599999999998835 0.9000000000017714 0
6.599999999998966 0.8000000000015957 0
6.599999999999094 0.7000000000014199 0
6.599999999999223 0.6000000000012444 0
6.599999999999353 0.5000000000010654 0
6.599999999999481 0.4000000000008461 0
6.599999999999612 0.300000000000624 0
6.59999999999974 0.2000000000004126 0
6.599999999999867 0.1000000000002106 0
6.699999999995111 3.899999999999634 0
6.699999999995237 3.799999999999268 0
6.699999999995361 3.699999999998902 0
6.699999999995487 3.599999999998536 0
6.699999999995611 3.499999999998228 0
6.699999999995739 3.399999999998548 0
6.699999999995866 3.299999999998927 0
6.699999999995988 3.199999999999304 0
6.699999999996114 3.099999999999683 0
6.699999999996238 3.00000000000006 0
6.699999999996364 2.900000000000437 0
6.699999999996489 2.800000000000816 0
6.699999999996617 2.700000000001193 0
6.699999999996741 2.600000000001571 0
6.699999999996865 2.500000000001949 0
6.69999999999699 2.400000000002326 0
6.699999999997114 2.300000000002704 0
6.699999999997242 2.200000000003081 0
6.699999999997368 2.10000000000346 0
6.699999999997493 2.000000000003794 0
6.699999999997617 1.900000000003655 0
6.699999999997743 1.800000000003473 0
6.699999999997868 1.70000000000329 0
6.699999999997994 1.600000000003107 0
6.699999999998119 1.500000000002925 0
6.699999999998242 1.400000000002742 0
6.69999999999837 1.30000000000256 0
6.699999999998495 1.200000000002377 0
6.699999999998619 1.100000000002194 0
6.699999999998746 1.000000000002012 0
6.69999999999887 0.9000000000018293 0
6.699999999998996 0.8000000000016465 0
6.699999999999121 0.7000000000014639 0
6.699999999999244 0.6000000000012813 0
6.699999999999372 0.5000000000010953 0
6.699999999999497 0.4000000000008702 0
6.699999999999621 0.3000000000006423 0
6.699999999999745 0.2000000000004249 0
6.699999999999873 0.1000000000002166 0
6.799999999995259 3.899999999999633 0
6.79999999999538 3.799999999999265 0
6.799999999995503 3.699999999998898 0
6.799999999995624 3.599999999998531 0
6.799999999995745 3.499999999998221 0
6.799999999995867 3.39999999999855 0
6.799999999995988 3.299999999998938 0
6.799999999996108 3.199999999999325 0
6.799999999996231 3.099999999999713 0
6.79999999999635 3.0000000000001 0
6.799999999996475 2.900000000000487 0
6.799999999996597 2.800000000000875 0
6.799999999996716 2.700000000001262 0
6.799999999996839 2.600000000001649 0
6.79999999999696 2.500000000002037 0
6.79999999999708 2.400000000002424 0
6.799999999997203 2.300000000002812 0
6.799999999997324 2.200000000003199 0
6.799999999997446 2.100000000003586 0
6.799999999997567 2.000000000003928 0
6.79999999999769 1.900000000003784 0
6.79999999999781 1.800000000003594 0
6.799999999997933 1.700000000003405 0
6.799999999998052 1.600000000003215 0
6.799999999998175 1.500000000003025 0
6.799999999998297 1.400000000002835 0
6.799999999998418 1.300000000002646 0
6.799999999998539 1.200000000002456 0
6.79999999999866 1.100000000002266 0
6.799999999998783 1.000000000002077 0
6.799999999998905 0.9000000000018873 0
6.799999999999025 0.8000000000016976 0
6.799999999999146 0.7000000000015079 0
6.799999999999267 0.6000000000013181 0
6.799999999999391 0.5000000000011253 0
6.799999999999512 0.4000000000008943 0
6.799999999999633 0.3000000000006606 0
6.799999999999754 0.2000000000004373 0
6.799999999999875 0.1000000000002227 0
6.899999999995407 3.899999999999631 0
6.899999999995526 3.799999999999262 0
6.899999999995641 3.699999999998892 0
6.89999999999576 3.599999999998524 0
6.899999999995877 3.499999999998215 0
6.899999999995995 3.399999999998552 0
6.899999999996112 3.299999999998949 0
6.899999999996232 3.199999999999347 0
6.89999999999635 3.099999999999743 0
6.899999999996466 3.00000000000014 0
6.899999999996584 2.900000000000537 0
6.899999999996702 2.800000000000934 0
6.899999999996817 2.700000000001331 0
6.899999999996938 2.600000000001728 0
6.899999999997053 2.500000000002125 0
6.899999999997172 2.400000000002522 0
6.89999999999729 2.300000000002918 0
6.899999999997408 2.200000000003316 0
6.899999999997527 2.100000000003712 0
6.899999999997645 2.000000000004063 0
6.89999999999776 1.900000000003913 0
6.899999999997879 1.800000000003716 0
6.899999999997997 1.70000000000352 0
6.899999999998114 1.600000000003322 0
6.899999999998231 1.500000000003126 0
6.899999999998348 1.400000000002929 0
6.899999999998467 1.300000000002732 0
6.899999999998585 1.200000000002535 0
6.899999999998704 1.100000000002339 0
6.899999999998821 1.000000000002142 0
6.899999999998938 0.9000000000019455 0
6.899999999999055 0.8000000000017486 0
6.899999999999173 0.7000000000015518 0
6.899999999999291 0.600000000001355 0
6.899999999999409 0.5000000000011551 0
6.899999999999529 0.4000000000009183 0
6.899999999999645 0.3000000000006791 0
6.899999999999762 0.2000000000004496 0
6.89999999999988 0.1000000000002287 0
6.999999999995555 3.899999999999629 0
6.999999999995668 3.799999999999259 0
6.999999999995782 3.699999999998889 0
6.999999999995897 3.599999999998518 0
6.999999999996009 3.499999999998208 0
6.999999999996122 3.399999999998554 0
6.999999999996238 3.299999999998962 0
6.999999999996353 3.199999999999367 0
6.999999999996467 3.099999999999774 0
6.99999999999658 3.000000000000181 0
6.999999999996694 2.900000000000587 0
6.999999999996809 2.800000000000994 0
6.999999999996923 2.7000000000014 0
6.999999999997035 2.600000000001806 0
6.999999999997148 2.500000000002212 0
6.999999999997266 2.40000000000262 0
6.999999999997376 2.300000000003026 0
6.999999999997492 2.200000000003432 0
6.999999999997604 2.100000000003838 0
6.999999999997721 2.000000000004198 0
6.999999999997832 1.900000000004042 0
6.999999999997948 1.800000000003838 0
6.999999999998062 1.700000000003634 0
6.999999999998176 1.60000000000343 0
6.999999999998289 1.500000000003226 0
6.999999999998403 1.400000000003023 0
6.999999999998517 1.300000000002818 0
6.99999999999863 1.200000000002615 0
6.999999999998746 1.100000000002411 0
6.999999999998857 1.000000000002208 0
6.999999999998971 0.9000000000020034 0
6.999999999999085 0.8000000000017995 0
6.999999999999199 0.7000000000015958 0
6.999999999999316 0.6000000000013919 0
6.999999999999427 0.5000000000011848 0
6.999999999999541 0.4000000000009424 0
6.999999999999654 0.3000000000006974 0
6.99999999999977 0.200000000000462 0
6.999999999999884 0.1000000000002348 0
7.099999999995704 3.899999999999628 0
7.099999999995815 3.799999999999256 0
7.099999999995925 3.699999999998884 0
7.099999999996035 3.599999999998512 0
7.099999999996143 3.499999999998201 0
7.099999999996255 3.399999999998556 0
7.099999999996365 3.299999999998972 0
7.099999999996475 3.199999999999389 0
7.099999999996584 3.099999999999806 0
7.099999999996695 3.000000000000221 0
7.099999999996805 2.900000000000636 0
7.099999999996914 2.800000000001053 0
7.099999999997024 2.700000000001469 0
7.099999999997134 2.600000000001885 0
7.099999999997245 2.500000000002301 0
7.099999999997356 2.400000000002717 0
7.099999999997467 2.300000000003133 0
7.099999999997575 2.200000000003548 0
7.099999999997688 2.100000000003965 0
7.099999999997795 2.000000000004332 0
7.099999999997907 1.90000000000417 0
7.099999999998017 1.800000000003959 0
7.099999999998127 1.700000000003749 0
7.099999999998237 1.600000000003538 0
7.099999999998348 1.500000000003327 0
7.099999999998456 1.400000000003116 0
7.099999999998568 1.300000000002905 0
7.099999999998676 1.200000000002694 0
7.099999999998788 1.100000000002483 0
7.099999999998898 1.000000000002272 0
7.099999999999009 0.9000000000020614 0
7.099999999999119 0.8000000000018506 0
7.099999999999227 0.7000000000016395 0
7.099999999999336 0.6000000000014285 0
7.099999999999447 0.5000000000012148 0
7.099999999999558 0.4000000000009665 0
7.099999999999667 0.3000000000007158 0
7.099999999999778 0.2000000000004743 0
7.099999999999888 0.1000000000002408 0
7.199999999995852 3.899999999999626 0
7.199999999995961 3.799999999999253 0
7.199999999996065 3.699999999998878 0
7.199999999996173 3.599999999998506 0
7.199999999996278 3.499999999998194 0
7.199999999996384 3.399999999998558 0
7.199999999996491 3.299999999998984 0
7.199999999996598 3.199999999999409 0
7.199999999996705 3.099999999999836 0
7.199999999996809 3.000000000000261 0
7.199999999996916 2.900000000000686 0
7.199999999997022 2.800000000001112 0
7.199999999997131 2.700000000001538 0
7.199999999997234 2.600000000001963 0
7.19999999999734 2.500000000002389 0
7.199999999997448 2.400000000002815 0
7.199999999997553 2.30000000000324 0
7.199999999997659 2.200000000003666 0
7.199999999997766 2.100000000004091 0
7.199999999997873 2.000000000004466 0
7.19999999999798 1.900000000004299 0
7.199999999998084 1.800000000004081 0
7.199999999998191 1.700000000003863 0
7.199999999998299 1.600000000003645 0
7.199999999998402 1.500000000003427 0
7.199999999998512 1.400000000003209 0
7.199999999998616 1.300000000002991 0
7.199999999998723 1.200000000002774 0
7.19999999999883 1.100000000002555 0
7.199999999998935 1.000000000002338 0
7.199999999999042 0.9000000000021195 0
7.199999999999148 0.8000000000019014 0
7.199999999999251 0.7000000000016835 0
7.199999999999361 0.6000000000014654 0
7.199999999999465 0.5000000000012448 0
7.199999999999572 0.4000000000009905 0
7.199999999999679 0.3000000000007341 0
7.199999999999785 0.2000000000004866 0
7.199999999999891 0.1000000000002469 0
7.299999999996001 3.899999999999625 0
7.299999999996102 3.799999999999249 0
7.299999999996206 3.699999999998874 0
7.299999999996306 3.5999999999985 0
7.29999999999641 3.499999999998187 0
7.299999999996512 3.39999999999856 0
7.299999999996614 3.299999999998995 0
7.299999999996717 3.19999999999943 0
7.29999999999682 3.099999999999866 0
7.299999999996922 3.000000000000301 0
7.299999999997024 2.900000000000737 0
7.299999999997127 2.800000000001171 0
7.29999999999723 2.700000000001606 0
7.299999999997332 2.600000000002042 0
7.299999999997435 2.500000000002477 0
7.299999999997538 2.400000000002913 0
7.29999999999764 2.300000000003347 0
7.299999999997743 2.200000000003783 0
7.299999999997844 2.100000000004218 0
7.299999999997948 2.000000000004601 0
7.299999999998049 1.900000000004428 0
7.299999999998152 1.800000000004203 0
7.299999999998255 1.700000000003978 0
7.299999999998357 1.600000000003753 0
7.299999999998461 1.500000000003528 0
7.299999999998561 1.400000000003303 0
7.299999999998664 1.300000000003077 0
7.299999999998767 1.200000000002853 0
7.29999999999887 1.100000000002628 0
7.299999999998973 1.000000000002403 0
7.299999999999074 0.9000000000021775 0
7.29999999999918 0.8000000000019525 0
7.299999999999279 0.7000000000017272 0
7.299999999999382 0.6000000000015022 0
7.299999999999485 0.5000000000012745 0
7.299999999999589 0.4000000000010144 0
7.299999999999691 0.3000000000007526 0
7.299999999999792 0.2000000000004989 0
7.299999999999893 0.1000000000002529 0
7.399999999996148 3.899999999999623 0
7.399999999996246 3.799999999999248 0
7.399999999996346 3.699999999998869 0
7.399999999996444 3.599999999998493 0
7.399999999996541 3.49999999999818 0
7.399999999996643 3.399999999998562 0
7.39999999999674 3.299999999999006 0
7.399999999996838 3.199999999999452 0
7.399999999996938 3.099999999999897 0
7.399999999997036 3.000000000000341 0
7.399999999997135 2.900000000000786 0
7.399999999997233 2.800000000001231 0
7.399999999997331 2.700000000001675 0
7.39999999999743 2.60000000000212 0
7.399999999997529 2.500000000002565 0
7.399999999997628 2.40000000000301 0
7.399999999997728 2.300000000003455 0
7.399999999997826 2.200000000003899 0
7.399999999997924 2.100000000004345 0
7.399999999998023 2.000000000004736 0
7.399999999998122 1.900000000004557 0
7.399999999998222 1.800000000004324 0
7.39999999999832 1.700000000004092 0
7.399999999998418 1.600000000003861 0
7.399999999998517 1.500000000003628 0
7.399999999998617 1.400000000003396 0
7.399999999998712 1.300000000003164 0
7.399999999998812 1.200000000002932 0
7.399999999998911 1.1000000000027 0
7.399999999999009 1.000000000002468 0
7.399999999999106 0.9000000000022357 0
7.399999999999206 0.8000000000020036 0
7.399999999999305 0.7000000000017712 0
7.399999999999403 0.6000000000015389 0
7.399999999999504 0.5000000000013043 0
7.399999999999602 0.4000000000010385 0
7.3999999999997 0.3000000000007709 0
7.399999999999799 0.2000000000005113 0
7.399999999999898 0.100000000000259 0
7.499999999996298 3.899999999999622 0
7.49999999999639 3.799999999999244 0
7.499999999996485 3.699999999998866 0
7.499999999996581 3.599999999998488 0
7.499999999996677 3.499999999998174 0
7.499999999996771 3.399999999998564 0
7.499999999996866 3.299999999999018 0
7.49999999999696 3.199999999999473 0
7.499999999997056 3.099999999999926 0
7.499999999997152 3.000000000000382 0
7.499999999997245 2.900000000000835 0
7.499999999997341 2.80000000000129 0
7.499999999997436 2.700000000001744 0
7.499999999997529 2.600000000002199 0
7.499999999997625 2.500000000002653 0
7.499999999997719 2.400000000003107 0
7.499999999997817 2.300000000003561 0
7.499999999997909 2.200000000004016 0
7.499999999998005 2.100000000004471 0
7.499999999998101 2.00000000000487 0
7.499999999998195 1.900000000004685 0
7.499999999998289 1.800000000004446 0
7.499999999998385 1.700000000004207 0
7.499999999998481 1.600000000003968 0
7.499999999998574 1.500000000003729 0
7.49999999999867 1.40000000000349 0
7.499999999998764 1.30000000000325 0
7.499999999998858 1.200000000003011 0
7.499999999998952 1.100000000002772 0
7.499999999999049 1.000000000002533 0
7.499999999999143 0.9000000000022936 0
7.499999999999239 0.8000000000020544 0
7.499999999999333 0.7000000000018152 0
7.499999999999427 0.6000000000015757 0
7.499999999999521 0.500000000001334 0
7.499999999999617 0.4000000000010626 0
7.499999999999713 0.3000000000007893 0
7.499999999999808 0.2000000000005236 0
7.499999999999901 0.100000000000265 0
7.599999999996444 3.89999999999962 0
7.599999999996536 3.79999999999924 0
7.599999999996628 3.69999999999886 0
7.599999999996719 3.599999999998481 0
7.599999999996809 3.499999999998168 0
7.599999999996901 3.399999999998566 0
7.599999999996991 3.29999999999903 0
7.599999999997081 3.199999999999494 0
7.599999999997173 3.099999999999958 0
7.599999999997264 3.000000000000422 0
7.599999999997355 2.900000000000885 0
7.599999999997445 2.800000000001349 0
7.599999999997538 2.700000000001814 0
7.599999999997628 2.600000000002277 0
7.59999999999772 2.500000000002741 0
7.59999999999781 2.400000000003205 0
7.599999999997904 2.300000000003669 0
7.599999999997994 2.200000000004133 0
7.599999999998085 2.100000000004597 0
7.599999999998175 2.000000000005004 0
7.599999999998267 1.900000000004814 0
7.599999999998356 1.800000000004568 0
7.599999999998448 1.700000000004322 0
7.599999999998541 1.600000000004075 0
7.599999999998632 1.500000000003829 0
7.599999999998722 1.400000000003583 0
7.599999999998815 1.300000000003337 0
7.599999999998905 1.200000000003091 0
7.599999999998995 1.100000000002844 0
7.599999999999088 1.000000000002598 0
7.599999999999179 0.9000000000023518 0
7.59999999999927 0.8000000000021052 0
7.599999999999362 0.7000000000018591 0
7.599999999999451 0.6000000000016126 0
7.599999999999542 0.500000000001364 0
7.599999999999635 0.4000000000010866 0
7.599999999999724 0.3000000000008076 0
7.599999999999816 0.200000000000536 0
7.599999999999905 0.1000000000002711 0
7.699999999996593 3.899999999999619 0
7.69999999999668 3.799999999999237 0
7.699999999996767 3.699999999998857 0
7.699999999996855 3.599999999998476 0
7.699999999996941 3.499999999998161 0
7.699999999997029 3.399999999998568 0
7.699999999997118 3.299999999999041 0
7.699999999997204 3.199999999999516 0
7.69999999999729 3.099999999999989 0
7.699999999997379 3.000000000000462 0
7.699999999997464 2.900000000000936 0
7.699999999997553 2.800000000001409 0
7.69999999999764 2.700000000001883 0
7.699999999997727 2.600000000002356 0
7.699999999997816 2.500000000002829 0
7.699999999997901 2.400000000003303 0
7.699999999997991 2.300000000003776 0
7.699999999998076 2.200000000004249 0
7.699999999998165 2.100000000004723 0
7.69999999999825 2.000000000005139 0
7.699999999998338 1.900000000004943 0
7.699999999998426 1.800000000004689 0
7.699999999998514 1.700000000004437 0
7.6999999999986 1.600000000004183 0
7.699999999998688 1.50000000000393 0
7.699999999998777 1.400000000003677 0
7.699999999998864 1.300000000003423 0
7.699999999998949 1.20000000000317 0
7.699999999999039 1.100000000002916 0
7.699999999999124 1.000000000002663 0
7.699999999999212 0.9000000000024098 0
7.699999999999299 0.8000000000021563 0
7.699999999999386 0.7000000000019029 0
7.699999999999475 0.6000000000016494 0
7.699999999999561 0.500000000001394 0
7.699999999999648 0.4000000000011107 0
7.699999999999735 0.3000000000008261 0
7.699999999999823 0.2000000000005483 0
7.699999999999909 0.1000000000002771 0
7.79999999999674 3.899999999999618 0
7.799999999996825 3.799999999999235 0
7.799999999996907 3.699999999998851 0
7.799999999996991 3.599999999998469 0
7.799999999997075 3.499999999998153 0
7.799999999997159 3.399999999998569 0
7.799999999997244 3.299999999999053 0
7.799999999997326 3.199999999999535 0
7.799999999997411 3.100000000000019 0
7.799999999997492 3.000000000000502 0
7.799999999997577 2.900000000000984 0
7.799999999997658 2.800000000001468 0
7.799999999997743 2.700000000001952 0
7.799999999997826 2.600000000002434 0
7.799999999997911 2.500000000002918 0
7.799999999997993 2.4000000000034 0
7.799999999998078 2.300000000003883 0
7.799999999998159 2.200000000004366 0
7.799999999998243 2.100000000004849 0
7.799999999998328 2.000000000005274 0
7.79999999999841 1.900000000005072 0
7.799999999998493 1.800000000004812 0
7.79999999999858 1.700000000004551 0
7.79999999999866 1.600000000004291 0
7.799999999998746 1.50000000000403 0
7.799999999998827 1.40000000000377 0
7.799999999998913 1.300000000003509 0
7.799999999998994 1.200000000003249 0
7.79999999999908 1.100000000002988 0
7.799999999999164 1.000000000002728 0
7.799999999999245 0.9000000000024679 0
7.799999999999328 0.8000000000022074 0
7.799999999999415 0.7000000000019468 0
7.799999999999495 0.6000000000016863 0
7.799999999999581 0.5000000000014238 0
7.799999999999662 0.4000000000011348 0
7.799999999999747 0.3000000000008444 0
7.799999999999828 0.2000000000005606 0
7.799999999999915 0.1000000000002831 0
7.899999999996887 3.899999999999616 0
7.899999999996967 3.799999999999232 0
7.899999999997047 3.699999999998847 0
7.899999999997128 3.599999999998463 0
7.899999999997209 3.499999999998146 0
7.899999999997284 3.399999999998571 0
7.899999999997365 3.299999999999064 0
7.899999999997446 3.199999999999558 0
7.899999999997525 3.10000000000005 0
7.899999999997607 3.000000000000543 0
7.899999999997685 2.900000000001034 0
7.899999999997765 2.800000000001527 0
7.899999999997844 2.700000000002019 0
7.899999999997924 2.600000000002512 0
7.899999999998006 2.500000000003005 0
7.899999999998083 2.400000000003498 0
7.899999999998163 2.30000000000399 0
7.899999999998242 2.200000000004483 0
7.899999999998323 2.100000000004975 0
7.899999999998402 2.000000000005409 0
7.899999999998482 1.900000000005201 0
7.899999999998563 1.800000000004933 0
7.899999999998641 1.700000000004666 0
7.899999999998721 1.600000000004398 0
7.899999999998801 1.50000000000413 0
7.899999999998881 1.400000000003863 0
7.899999999998961 1.300000000003596 0
7.899999999999038 1.200000000003328 0
7.899999999999119 1.100000000003061 0
7.899999999999198 1.000000000002793 0
7.899999999999278 0.9000000000025259 0
7.899999999999359 0.8000000000022582 0
7.899999999999441 0.7000000000019906 0
7.899999999999518 0.6000000000017232 0
7.899999999999598 0.5000000000014535 0
7.899999999999678 0.4000000000011588 0
7.899999999999757 0.3000000000008628 0
7.899999999999838 0.2000000000005729 0
7.899999999999917 0.1000000000002892 0
7.999999999997038 3.899999999999614 0
7.999999999997115 3.799999999999228 0
7.999999999997188 3.699999999998842 0
7.999999999997265 3.599999999998457 0
7.999999999997342 3.49999999999814 0
7.999999999997417 3.399999999998573 0
7.999999999997492 3.299999999999076 0
7.999999999997567 3.199999999999578 0
7.999999999997645 3.100000000000081 0
7.999999999997719 3.000000000000583 0
7.999999999997796 2.900000000001084 0
7.999999999997872 2.800000000001587 0
7.999999999997949 2.700000000002089 0
7.999999999998024 2.600000000002591 0
7.999999999998098 2.500000000003094 0
7.999999999998177 2.400000000003596 0
7.99999999999825 2.300000000004098 0
7.999999999998328 2.2000000000046 0
7.999999999998402 2.100000000005102 0
7.999999999998478 2.000000000005543 0
7.999999999998557 1.90000000000533 0
7.999999999998631 1.800000000005055 0
7.999999999998705 1.700000000004781 0
7.999999999998782 1.600000000004506 0
7.999999999998858 1.500000000004231 0
7.999999999998934 1.400000000003957 0
7.999999999999009 1.300000000003682 0
7.999999999999085 1.200000000003408 0
7.999999999999163 1.100000000003133 0
7.999999999999239 1.000000000002859 0
7.999999999999315 0.9000000000025838 0
7.999999999999391 0.8000000000023093 0
7.999999999999465 0.7000000000020346 0
7.999999999999542 0.60000000000176 0
7.999999999999618 0.5000000000014835 0
7.999999999999694 0.400000000001183 0
7.99999999999977 0.3000000000008811 0
7.999999999999847 0.2000000000005853 0
7.999999999999922 0.1000000000002952 0
8.099999999997188 3.899999999999612 0
8.099999999997261 3.799999999999225 0
8.09999999999733 3.699999999998837 0
8.099999999997401 3.599999999998451 0
8.099999999997472 3.499999999998133 0
8.099999999997546 3.399999999998575 0
8.099999999997618 3.299999999999087 0
8.099999999997689 3.199999999999599 0
8.099999999997763 3.100000000000111 0
8.099999999997831 3.000000000000623 0
8.099999999997905 2.900000000001134 0
8.09999999999798 2.800000000001646 0
8.099999999998051 2.700000000002158 0
8.099999999998122 2.60000000000267 0
8.099999999998197 2.500000000003181 0
8.099999999998268 2.400000000003693 0
8.099999999998339 2.300000000004204 0
8.099999999998412 2.200000000004716 0
8.099999999998484 2.100000000005228 0
8.099999999998555 2.000000000005678 0
8.099999999998627 1.900000000005459 0
8.099999999998698 1.800000000005177 0
8.099999999998772 1.700000000004895 0
8.099999999998843 1.600000000004613 0
8.099999999998914 1.500000000004332 0
8.099999999998991 1.40000000000405 0
8.09999999999906 1.300000000003768 0
8.099999999999133 1.200000000003487 0
8.099999999999206 1.100000000003205 0
8.099999999999277 1.000000000002923 0
8.099999999999351 0.900000000002642 0
8.099999999999422 0.8000000000023602 0
8.099999999999493 0.7000000000020785 0
8.099999999999564 0.6000000000017969 0
8.099999999999639 0.5000000000015135 0
8.099999999999712 0.4000000000012069 0
8.099999999999781 0.3000000000008995 0
8.099999999999852 0.2000000000005976 0
8.099999999999927 0.1000000000003013 0
8.199999999997335 3.89999999999961 0
8.199999999997402 3.799999999999223 0
8.19999999999747 3.699999999998834 0
8.199999999997537 3.599999999998444 0
8.199999999997608 3.499999999998127 0
8.199999999997676 3.399999999998577 0
8.199999999997743 3.299999999999099 0
8.199999999997811 3.19999999999962 0
8.199999999997878 3.100000000000141 0
8.199999999997948 3.000000000000663 0
8.199999999998017 2.900000000001183 0
8.199999999998084 2.800000000001706 0
8.199999999998152 2.700000000002226 0
8.199999999998223 2.600000000002749 0
8.19999999999829 2.500000000003269 0
8.199999999998358 2.40000000000379 0
8.199999999998429 2.300000000004312 0
8.199999999998493 2.200000000004833 0
8.19999999999856 2.100000000005354 0
8.199999999998631 2.000000000005813 0
8.199999999998699 1.900000000005587 0
8.199999999998766 1.800000000005298 0
8.199999999998838 1.70000000000501 0
8.199999999998905 1.600000000004721 0
8.199999999998973 1.500000000004432 0
8.19999999999904 1.400000000004144 0
8.199999999999111 1.300000000003855 0
8.199999999999177 1.200000000003566 0
8.199999999999246 1.100000000003277 0
8.199999999999314 1.000000000002989 0
8.199999999999381 0.9000000000027 0
8.199999999999452 0.8000000000024112 0
8.19999999999952 0.7000000000021225 0
8.199999999999587 0.6000000000018335 0
8.199999999999655 0.5000000000015432 0
8.199999999999726 0.4000000000012309 0
8.199999999999793 0.3000000000009179 0
8.199999999999861 0.20000000000061 0
8.199999999999932 0.1000000000003073 0
8.299999999997485 3.89999999999961 0
8.299999999997546 3.799999999999219 0
8.29999999999761 3.699999999998829 0
8.299999999997674 3.599999999998438 0
8.299999999997741 3.49999999999812 0
8.299999999997805 3.399999999998578 0
8.299999999997869 3.29999999999911 0
8.299999999997933 3.199999999999642 0
8.299999999998001 3.100000000000172 0
8.299999999998061 3.000000000000703 0
8.299999999998125 2.900000000001233 0
8.299999999998192 2.800000000001765 0
8.299999999998256 2.700000000002295 0
8.29999999999832 2.600000000002827 0
8.299999999998388 2.500000000003357 0
8.299999999998448 2.400000000003888 0
8.299999999998516 2.300000000004419 0
8.29999999999858 2.20000000000495 0
8.299999999998644 2.100000000005481 0
8.299999999998708 2.000000000005947 0
8.299999999998771 1.900000000005716 0
8.299999999998835 1.80000000000542 0
8.299999999998899 1.700000000005125 0
8.299999999998963 1.600000000004829 0
8.299999999999027 1.500000000004533 0
8.299999999999095 1.400000000004237 0
8.299999999999159 1.300000000003941 0
8.299999999999226 1.200000000003645 0
8.299999999999287 1.100000000003349 0
8.299999999999354 1.000000000003054 0
8.29999999999942 0.9000000000027581 0
8.299999999999482 0.8000000000024623 0
8.299999999999546 0.7000000000021662 0
8.29999999999961 0.6000000000018704 0
8.299999999999674 0.500000000001573 0
8.299999999999738 0.400000000001255 0
8.299999999999802 0.3000000000009362 0
8.299999999999869 0.2000000000006223 0
8.299999999999933 0.1000000000003134 0
8.399999999997629 3.899999999999608 0
8.399999999997689 3.799999999999216 0
8.39999999999775 3.699999999998823 0
8.39999999999781 3.599999999998433 0
8.399999999997874 3.499999999998113 0
8.399999999997933 3.399999999998581 0
8.399999999997995 3.299999999999121 0
8.399999999998055 3.199999999999663 0
8.399999999998116 3.100000000000203 0
8.399999999998176 3.000000000000743 0
8.399999999998236 2.900000000001284 0
8.399999999998297 2.800000000001824 0
8.399999999998357 2.700000000002364 0
8.399999999998418 2.600000000002905 0
8.399999999998478 2.500000000003445 0
8.399999999998538 2.400000000003986 0
8.399999999998601 2.300000000004526 0
8.399999999998663 2.200000000005066 0
8.399999999998723 2.100000000005608 0
8.399999999998784 2.000000000006081 0
8.399999999998844 1.900000000005845 0
8.399999999998904 1.800000000005542 0
8.399999999998965 1.700000000005239 0
8.399999999999025 1.600000000004936 0
8.399999999999089 1.500000000004633 0
8.399999999999144 1.400000000004331 0
8.399999999999206 1.300000000004027 0
8.399999999999267 1.200000000003725 0
8.399999999999327 1.100000000003422 0
8.399999999999388 1.000000000003119 0
8.399999999999451 0.9000000000028161 0
8.399999999999512 0.8000000000025131 0
8.399999999999572 0.7000000000022102 0
8.399999999999633 0.6000000000019072 0
8.399999999999691 0.5000000000016027 0
8.399999999999753 0.4000000000012791 0
8.399999999999814 0.3000000000009546 0
8.399999999999874 0.2000000000006346 0
8.399999999999935 0.1000000000003194 0
8.49999999999778 3.899999999999607 0
8.499999999997833 3.799999999999213 0
8.49999999999789 3.699999999998819 0
8.49999999999795 3.599999999998426 0
8.499999999998007 3.499999999998106 0
8.499999999998062 3.399999999998583 0
8.499999999998121 3.299999999999133 0
8.499999999998177 3.199999999999683 0
8.499999999998234 3.100000000000234 0
8.499999999998291 3.000000000000783 0
8.499999999998344 2.900000000001333 0
8.499999999998405 2.800000000001884 0
8.499999999998462 2.700000000002433 0
8.499999999998519 2.600000000002983 0
8.499999999998575 2.500000000003533 0
8.499999999998632 2.400000000004083 0
8.499999999998689 2.300000000004633 0
8.499999999998742 2.200000000005183 0
8.499999999998803 2.100000000005734 0
8.49999999999886 2.000000000006216 0
8.499999999998916 1.900000000005974 0
8.499999999998973 1.800000000005664 0
8.49999999999903 1.700000000005354 0
8.499999999999087 1.600000000005044 0
8.499999999999144 1.500000000004734 0
8.499999999999201 1.400000000004424 0
8.499999999999257 1.300000000004114 0
8.499999999999314 1.200000000003804 0
8.499999999999371 1.100000000003494 0
8.499999999999428 1.000000000003184 0
8.499999999999485 0.9000000000028741 0
8.499999999999542 0.800000000002564 0
8.499999999999599 0.7000000000022542 0
8.499999999999655 0.6000000000019441 0
8.499999999999712 0.5000000000016327 0
8.499999999999769 0.4000000000013031 0
8.499999999999826 0.300000000000973 0
8.499999999999883 0.2000000000006469 0
8.49999999999994 0.1000000000003255 0
8.59999999999793 3.899999999999605 0
8.59999999999798 3.79999999999921 0
8.599999999998033 3.699999999998814 0
8.599999999998087 3.59999999999842 0
8.599999999998138 3.499999999998099 0
8.599999999998193 3.399999999998585 0
8.599999999998246 3.299999999999144 0
8.5999999999983 3.199999999999704 0
8.599999999998353 3.100000000000264 0
8.599999999998404 3.000000000000823 0
8.599999999998456 2.900000000001382 0
8.599999999998509 2.800000000001943 0
8.599999999998563 2.700000000002503 0
8.599999999998616 2.600000000003062 0
8.599999999998669 2.500000000003621 0
8.599999999998722 2.400000000004181 0
8.599999999998776 2.300000000004741 0
8.599999999998829 2.2000000000053 0
8.599999999998882 2.10000000000586 0
8.599999999998936 2.000000000006351 0
8.599999999998989 1.900000000006102 0
8.599999999999042 1.800000000005785 0
8.599999999999095 1.700000000005468 0
8.599999999999149 1.600000000005151 0
8.599999999999199 1.500000000004834 0
8.599999999999255 1.400000000004518 0
8.599999999999309 1.3000000000042 0
8.599999999999362 1.200000000003883 0
8.599999999999412 1.100000000003566 0
8.599999999999465 1.000000000003249 0
8.599999999999518 0.9000000000029322 0
8.599999999999572 0.8000000000026151 0
8.599999999999625 0.7000000000022979 0
8.599999999999678 0.6000000000019807 0
8.599999999999731 0.5000000000016627 0
8.599999999999785 0.4000000000013272 0
8.59999999999984 0.3000000000009914 0
8.599999999999895 0.2000000000006593 0
8.599999999999945 0.1000000000003315 0
8.699999999998072 3.899999999999603 0
8.69999999999812 3.799999999999207 0
8.69999999999817 3.69999999999881 0
8.699999999998223 3.599999999998414 0
8.699999999998269 3.499999999998093 0
8.699999999998322 3.399999999998587 0
8.699999999998372 3.299999999999156 0
8.699999999998418 3.199999999999725 0
8.699999999998468 3.100000000000294 0
8.699999999998518 3.000000000000864 0
8.699999999998568 2.900000000001432 0
8.699999999998617 2.800000000002003 0
8.699999999998663 2.700000000002571 0
8.699999999998713 2.60000000000314 0
8.699999999998763 2.50000000000371 0
8.699999999998813 2.400000000004279 0
8.699999999998862 2.300000000004848 0
8.699999999998912 2.200000000005416 0
8.699999999998962 2.100000000005986 0
8.699999999999012 2.000000000006486 0
8.699999999999061 1.900000000006231 0
8.699999999999111 1.800000000005907 0
8.699999999999157 1.700000000005583 0
8.699999999999207 1.600000000005259 0
8.699999999999257 1.500000000004935 0
8.699999999999307 1.400000000004611 0
8.699999999999356 1.300000000004286 0
8.699999999999406 1.200000000003962 0
8.699999999999456 1.100000000003639 0
8.699999999999502 1.000000000003314 0
8.699999999999552 0.9000000000029904 0
8.699999999999601 0.8000000000026661 0
8.699999999999651 0.7000000000023419 0
8.699999999999701 0.6000000000020176 0
8.699999999999751 0.5000000000016924 0
8.6999999999998 0.4000000000013513 0
8.69999999999985 0.3000000000010098 0
8.6999999999999 0.2000000000006716 0
8.699999999999948 0.1000000000003376 0
8.799999999998224 3.899999999999602 0
8.799999999998267 3.799999999999204 0
8.799999999998313 3.699999999998805 0
8.799999999998359 3.599999999998408 0
8.799999999998404 3.499999999998086 0
8.799999999998452 3.399999999998589 0
8.799999999998494 3.299999999999167 0
8.799999999998541 3.199999999999747 0
8.799999999998587 3.100000000000326 0
8.799999999998633 3.000000000000904 0
8.799999999998676 2.900000000001483 0
8.799999999998722 2.800000000002061 0
8.799999999998768 2.700000000002639 0
8.799999999998811 2.600000000003218 0
8.79999999999886 2.500000000003797 0
8.799999999998903 2.400000000004376 0
8.799999999998953 2.300000000004955 0
8.799999999998997 2.200000000005533 0
8.799999999999041 2.100000000006112 0
8.799999999999088 2.00000000000662 0
8.799999999999134 1.90000000000636 0
8.799999999999176 1.800000000006029 0
8.799999999999223 1.700000000005698 0
8.799999999999269 1.600000000005366 0
8.799999999999315 1.500000000005035 0
8.799999999999361 1.400000000004704 0
8.799999999999404 1.300000000004372 0
8.79999999999945 1.200000000004042 0
8.799999999999496 1.10000000000371 0
8.799999999999542 1.00000000000338 0
8.799999999999589 0.9000000000030481 0
8.799999999999635 0.800000000002717 0
8.799999999999677 0.7000000000023858 0
8.799999999999724 0.6000000000020544 0
8.79999999999977 0.5000000000017222 0
8.799999999999816 0.4000000000013753 0
8.799999999999862 0.3000000000010281 0
8.799999999999905 0.200000000000684 0
8.799999999999951 0.1000000000003436 0
8.89999999999837 3.8999999999996 0
8.899999999998414 3.7999999999992 0
8.899999999998453 3.699999999998802 0
8.899999999998496 3.599999999998402 0
8.899999999998538 3.499999999998079 0
8.899999999998576 3.399999999998591 0
8.89999999999862 3.29999999999918 0
8.899999999998666 3.199999999999768 0
8.899999999998705 3.100000000000356 0
8.899999999998744 3.000000000000944 0
8.899999999998787 2.900000000001532 0
8.89999999999883 2.800000000002122 0
8.899999999998871 2.700000000002709 0
8.899999999998911 2.600000000003297 0
8.899999999998954 2.500000000003886 0
8.899999999998997 2.400000000004474 0
8.899999999999038 2.300000000005062 0
8.899999999999078 2.20000000000565 0
8.899999999999121 2.100000000006238 0
8.899999999999164 2.000000000006754 0
8.899999999999206 1.900000000006489 0
8.899999999999245 1.80000000000615 0
8.899999999999288 1.700000000005812 0
8.899999999999331 1.600000000005474 0
8.899999999999373 1.500000000005136 0
8.899999999999411 1.400000000004798 0
8.899999999999455 1.300000000004459 0
8.899999999999498 1.200000000004121 0
8.899999999999539 1.100000000003782 0
8.899999999999581 1.000000000003445 0
8.899999999999626 0.9000000000031063 0
8.899999999999665 0.8000000000027678 0
8.899999999999707 0.7000000000024298 0
8.89999999999975 0.6000000000020913 0
8.899999999999789 0.5000000000017522 0
8.899999999999832 0.4000000000013993 0
8.899999999999874 0.3000000000010465 0
8.899999999999917 0.2000000000006963 0
8.899999999999958 0.1000000000003497 0
8.999999999998519 3.899999999999598 0
8.999999999998558 3.799999999999198 0
8.999999999998598 3.699999999998797 0
8.999999999998632 3.599999999998396 0
8.999999999998668 3.499999999998072 0
8.999999999998705 3.399999999998593 0
8.999999999998746 3.29999999999919 0
8.999999999998785 3.199999999999789 0
8.99999999999882 3.100000000000386 0
8.99999999999886 3.000000000000984 0
8.999999999998899 2.900000000001581 0
8.999999999998932 2.80000000000218 0
8.999999999998973 2.700000000002778 0
8.999999999999009 2.600000000003376 0
8.999999999999048 2.500000000003974 0
8.999999999999087 2.400000000004572 0
8.999999999999126 2.300000000005169 0
8.999999999999162 2.200000000005767 0
8.999999999999201 2.100000000006365 0
8.99999999999924 2.000000000006889 0
8.999999999999275 1.900000000006618 0
8.999999999999314 1.800000000006272 0
8.999999999999353 1.700000000005927 0
8.999999999999389 1.600000000005582 0
8.999999999999428 1.500000000005236 0
8.999999999999467 1.400000000004892 0
8.999999999999506 1.300000000004546 0
8.999999999999545 1.2000000000042 0
8.999999999999581 1.100000000003855 0
8.99999999999962 1.00000000000351 0
8.999999999999655 0.9000000000031645 0
8.999999999999694 0.8000000000028189 0
8.999999999999734 0.7000000000024735 0
8.999999999999769 0.6000000000021282 0
8.999999999999808 0.5000000000017821 0
8.999999999999847 0.4000000000014234 0
8.999999999999886 0.3000000000010649 0
8.999999999999922 0.2000000000007086 0
8.999999999999961 0.1000000000003557 0
9.099999999998669 3.899999999999597 0
9.099999999998705 3.799999999999194 0
9.099999999998737 3.699999999998792 0
9.099999999998769 3.599999999998389 0
9.099999999998806 3.499999999998066 0
9.09999999999884 3.399999999998594 0
9.099999999998872 3.299999999999202 0
9.099999999998904 3.19999999999981 0
9.099999999998943 3.100000000000417 0
9.099999999998975 3.000000000001025 0
9.09999999999901 2.900000000001632 0
9.099999999999042 2.80000000000224 0
9.099999999999078 2.700000000002847 0
9.099999999999111 2.600000000003454 0
9.099999999999145 2.500000000004062 0
9.099999999999177 2.40000000000467 0
9.099999999999213 2.300000000005276 0
9.099999999999245 2.200000000005883 0
9.09999999999928 2.100000000006491 0
9.099999999999316 2.000000000007024 0
9.099999999999348 1.900000000006747 0
9.099999999999387 1.800000000006394 0
9.099999999999415 1.700000000006042 0
9.099999999999454 1.600000000005689 0
9.099999999999488 1.500000000005337 0
9.099999999999522 1.400000000004985 0
9.099999999999554 1.300000000004632 0
9.099999999999589 1.200000000004279 0
9.099999999999621 1.100000000003927 0
9.099999999999657 1.000000000003575 0
9.099999999999692 0.9000000000032224 0
9.099999999999724 0.80000000000287 0
9.09999999999976 0.7000000000025175 0
9.099999999999792 0.600000000002165 0
9.099999999999829 0.5000000000018119 0
9.099999999999863 0.4000000000014474 0
9.099999999999895 0.3000000000010832 0
9.09999999999993 0.2000000000007209 0
9.099999999999962 0.1000000000003618 0
9.199999999998816 3.899999999999596 0
9.199999999998848 3.799999999999192 0
9.199999999998877 3.699999999998787 0
9.199999999998903 3.599999999998383 0
9.199999999998941 3.499999999998058 0
9.199999999998969 3.399999999998596 0
9.199999999999001 3.299999999999213 0
9.199999999999029 3.199999999999831 0
9.199999999999061 3.100000000000448 0
9.199999999999086 3.000000000001065 0
9.199999999999118 2.900000000001682 0
9.19999999999915 2.800000000002299 0
9.199999999999179 2.700000000002916 0
9.199999999999211 2.600000000003533 0
9.199999999999243 2.50000000000415 0
9.199999999999271 2.400000000004766 0
9.199999999999303 2.300000000005384 0
9.199999999999331 2.200000000006 0
9.199999999999363 2.100000000006617 0
9.199999999999392 2.000000000007158 0
9.199999999999424 1.900000000006875 0
9.199999999999452 1.800000000006515 0
9.199999999999484 1.700000000006157 0
9.199999999999513 1.600000000005797 0
9.199999999999545 1.500000000005437 0
9.199999999999577 1.400000000005078 0
9.199999999999605 1.300000000004718 0
9.199999999999633 1.200000000004359 0
9.199999999999665 1.100000000003999 0
9.199999999999697 1.00000000000364 0
9.199999999999726 0.9000000000032804 0
9.199999999999758 0.800000000002921 0
9.199999999999786 0.7000000000025612 0
9.199999999999818 0.6000000000022019 0
9.199999999999847 0.5000000000018416 0
9.199999999999878 0.4000000000014714 0
9.19999999999991 0.3000000000011016 0
9.199999999999939 0.2000000000007333 0
9.199999999999966 0.1000000000003678 0
9.299999999998965 3.899999999999594 0
9.29999999999899 3.799999999999189 0
9.299999999999017 3.699999999998782 0
9.299999999999047 3.599999999998377 0
9.299999999999066 3.499999999998052 0
9.299999999999095 3.399999999998598 0
9.299999999999123 3.299999999999225 0
9.299999999999152 3.199999999999851 0
9.299999999999176 3.100000000000479 0
9.299999999999201 3.000000000001105 0
9.29999999999923 2.900000000001731 0
9.299999999999255 2.800000000002358 0
9.29999999999928 2.700000000002984 0
9.29999999999931 2.600000000003611 0
9.299999999999336 2.500000000004237 0
9.299999999999361 2.400000000004864 0
9.29999999999939 2.300000000005491 0
9.299999999999415 2.200000000006117 0
9.299999999999443 2.100000000006744 0
9.299999999999468 2.000000000007292 0
9.299999999999496 1.900000000007004 0
9.299999999999521 1.800000000006637 0
9.299999999999546 1.700000000006271 0
9.299999999999574 1.600000000005904 0
9.299999999999599 1.500000000005538 0
9.299999999999628 1.400000000005171 0
9.299999999999653 1.300000000004804 0
9.299999999999681 1.200000000004438 0
9.299999999999706 1.100000000004071 0
9.299999999999734 1.000000000003705 0
9.299999999999759 0.9000000000033386 0
9.299999999999788 0.8000000000029719 0
9.299999999999812 0.7000000000026052 0
9.299999999999837 0.6000000000022387 0
9.299999999999867 0.5000000000018714 0
9.299999999999894 0.4000000000014956 0
9.299999999999919 0.30000000000112 0
9.299999999999944 0.2000000000007456 0
9.299999999999972 0.1000000000003738 0
9.399999999999114 3.899999999999593 0
9.399999999999135 3.799999999999185 0
9.399999999999157 3.699999999998778 0
9.39999999999918 3.599999999998371 0
9.399999999999201 3.499999999998045 0
9.399999999999222 3.3999999999986 0
9.399999999999245 3.299999999999236 0
9.39999999999927 3.199999999999873 0
9.399999999999295 3.100000000000509 0
9.399999999999316 3.000000000001146 0
9.399999999999341 2.900000000001781 0
9.399999999999363 2.800000000002417 0
9.399999999999388 2.700000000003053 0
9.399999999999405 2.600000000003689 0
9.39999999999943 2.500000000004325 0
9.399999999999451 2.400000000004962 0
9.399999999999476 2.300000000005598 0
9.399999999999498 2.200000000006234 0
9.399999999999523 2.100000000006871 0
9.399999999999544 2.000000000007427 0
9.399999999999565 1.900000000007133 0
9.39999999999959 1.800000000006759 0
9.399999999999615 1.700000000006386 0
9.399999999999636 1.600000000006012 0
9.399999999999656 1.500000000005638 0
9.399999999999679 1.400000000005265 0
9.399999999999704 1.300000000004891 0
9.399999999999725 1.200000000004517 0
9.39999999999975 1.100000000004144 0
9.399999999999771 1.00000000000377 0
9.399999999999793 0.9000000000033967 0
9.399999999999817 0.8000000000030227 0
9.399999999999839 0.7000000000026492 0
9.399999999999864 0.6000000000022754 0
9.399999999999885 0.5000000000019014 0
9.399999999999906 0.4000000000015196 0
9.399999999999931 0.3000000000011384 0
9.399999999999956 0.200000000000758 0
9.399999999999977 0.1000000000003799 0
9.499999999999261 3.899999999999591 0
9.499999999999279 3.799999999999182 0
9.4999999999993 3.699999999998773 0
9.499999999999318 3.599999999998365 0
9.499999999999336 3.499999999998038 0
9.499999999999357 3.399999999998601 0
9.499999999999375 3.299999999999248 0
9.499999999999396 3.199999999999894 0
9.499999999999414 3.100000000000539 0
9.499999999999428 3.000000000001186 0
9.499999999999449 2.900000000001831 0
9.499999999999471 2.800000000002477 0
9.499999999999488 2.700000000003123 0
9.499999999999506 2.600000000003768 0
9.499999999999527 2.500000000004413 0
9.499999999999542 2.400000000005059 0
9.499999999999563 2.300000000005705 0
9.499999999999581 2.200000000006351 0
9.499999999999599 2.100000000006997 0
9.49999999999962 2.000000000007562 0
9.499999999999641 1.900000000007262 0
9.499999999999655 1.800000000006881 0
9.499999999999677 1.7000000000065 0
9.499999999999694 1.600000000006119 0
9.499999999999712 1.500000000005739 0
9.499999999999734 1.400000000005358 0
9.499999999999751 1.300000000004977 0
9.499999999999773 1.200000000004597 0
9.49999999999979 1.100000000004216 0
9.499999999999812 1.000000000003836 0
9.499999999999826 0.9000000000034547 0
9.499999999999847 0.8000000000030738 0
9.499999999999865 0.7000000000026931 0
9.499999999999883 0.6000000000023122 0
9.499999999999906 0.5000000000019313 0
9.499999999999922 0.4000000000015437 0
9.499999999999938 0.3000000000011567 0
9.499999999999961 0.2000000000007703 0
9.499999999999979 0.1000000000003859 0
9.599999999999408 3.899999999999589 0
9.599999999999424 3.79999999999918 0
9.599999999999437 3.699999999998769 0
9.599999999999454 3.599999999998358 0
9.59999999999947 3.499999999998031 0
9.599999999999481 3.399999999998604 0
9.599999999999497 3.29999999999926 0
9.599999999999515 3.199999999999915 0
9.599999999999529 3.10000000000057 0
9.599999999999543 3.000000000001226 0
9.599999999999561 2.900000000001881 0
9.599999999999575 2.800000000002536 0
9.599999999999589 2.700000000003192 0
9.599999999999604 2.600000000003846 0
9.599999999999621 2.500000000004502 0
9.599999999999637 2.400000000005157 0
9.59999999999965 2.300000000005812 0
9.599999999999669 2.200000000006467 0
9.599999999999682 2.100000000007123 0
9.599999999999696 2.000000000007697 0
9.59999999999971 1.90000000000739 0
9.599999999999728 1.800000000007002 0
9.599999999999742 1.700000000006615 0
9.599999999999756 1.600000000006228 0
9.599999999999772 1.500000000005839 0
9.599999999999788 1.400000000005452 0
9.599999999999804 1.300000000005063 0
9.599999999999817 1.200000000004676 0
9.599999999999833 1.100000000004288 0
9.599999999999849 1.0000000000039 0
9.599999999999863 0.9000000000035127 0
9.599999999999877 0.8000000000031249 0
9.599999999999895 0.7000000000027371 0
9.599999999999911 0.6000000000023489 0
9.599999999999925 0.5000000000019611 0
9.599999999999937 0.4000000000015678 0
9.599999999999957 0.3000000000011751 0
9.599999999999969 0.2000000000007827 0
9.599999999999985 0.100000000000392 0
9.699999999999555 3.899999999999587 0
9.699999999999564 3.799999999999176 0
9.699999999999577 3.699999999998764 0
9.699999999999589 3.599999999998353 0
9.699999999999601 3.499999999998025 0
9.699999999999612 3.399999999998606 0
9.699999999999626 3.29999999999927 0
9.699999999999637 3.199999999999937 0
9.699999999999648 3.100000000000601 0
9.699999999999658 3.000000000001266 0
9.699999999999672 2.90000000000193 0
9.699999999999683 2.800000000002596 0
9.699999999999694 2.700000000003259 0
9.699999999999704 2.600000000003925 0
9.699999999999715 2.500000000004589 0
9.699999999999726 2.400000000005254 0
9.699999999999736 2.30000000000592 0
9.699999999999747 2.200000000006584 0
9.699999999999758 2.100000000007249 0
9.699999999999772 2.000000000007831 0
9.699999999999783 1.900000000007519 0
9.699999999999793 1.800000000007124 0
9.699999999999807 1.700000000006729 0
9.699999999999818 1.600000000006335 0
9.699999999999829 1.50000000000594 0
9.699999999999839 1.400000000005545 0
9.69999999999985 1.300000000005149 0
9.699999999999861 1.200000000004755 0
9.699999999999875 1.10000000000436 0
9.699999999999886 1.000000000003966 0
9.699999999999896 0.9000000000035708 0
9.699999999999907 0.8000000000031759 0
9.699999999999919 0.7000000000027806 0
9.69999999999993 0.6000000000023857 0
9.699999999999942 0.5000000000019909 0
9.699999999999955 0.4000000000015917 0
9.699999999999964 0.3000000000011935 0
9.699999999999978 0.200000000000795 0
9.699999999999989 0.100000000000398 0
9.799999999999702 3.899999999999586 0
9.799999999999713 3.799999999999173 0
9.799999999999716 3.69999999999876 0
9.799999999999727 3.599999999998347 0
9.799999999999734 3.499999999998018 0
9.799999999999741 3.399999999998608 0
9.799999999999748 3.299999999999283 0
9.799999999999756 3.199999999999957 0
9.799999999999763 3.100000000000632 0
9.799999999999773 3.000000000001306 0
9.79999999999978 2.90000000000198 0
9.799999999999791 2.800000000002655 0
9.799999999999795 2.700000000003329 0
9.7999999999998 2.600000000004004 0
9.799999999999809 2.500000000004678 0
9.799999999999816 2.400000000005352 0
9.799999999999827 2.300000000006027 0
9.799999999999834 2.200000000006701 0
9.799999999999839 2.100000000007375 0
9.799999999999848 2.000000000007966 0
9.799999999999855 1.900000000007648 0
9.799999999999862 1.800000000007246 0
9.799999999999873 1.700000000006844 0
9.799999999999876 1.600000000006442 0
9.799999999999883 1.50000000000604 0
9.799999999999894 1.400000000005639 0
9.799999999999898 1.300000000005236 0
9.799999999999908 1.200000000004835 0
9.799999999999915 1.100000000004433 0
9.799999999999926 1.000000000004031 0
9.79999999999993 0.9000000000036288 0
9.799999999999937 0.8000000000032268 0
9.799999999999947 0.7000000000028246 0
9.799999999999955 0.6000000000024226 0
9.799999999999963 0.5000000000020208 0
9.799999999999971 0.4000000000016158 0
9.799999999999976 0.3000000000012119 0
9.799999999999983 0.2000000000008073 0
9.79999999999999 0.1000000000004041 0
9.899999999999853 3.899999999999585 0
9.899999999999853 3.79999999999917 0
9.89999999999986 3.699999999998755 0
9.89999999999986 3.599999999998341 0
9.899999999999867 3.499999999998011 0
9.899999999999869 3.39999999999861 0
9.899999999999874 3.299999999999293 0
9.899999999999878 3.199999999999978 0
9.899999999999881 3.100000000000662 0
9.899999999999885 3.000000000001346 0
9.899999999999888 2.90000000000203 0
9.899999999999894 2.800000000002714 0
9.899999999999896 2.700000000003398 0
9.899999999999903 2.600000000004083 0
9.899999999999903 2.500000000004766 0
9.89999999999991 2.400000000005449 0
9.899999999999913 2.300000000006134 0
9.899999999999917 2.200000000006817 0
9.899999999999917 2.100000000007501 0
9.899999999999924 2.000000000008101 0
9.899999999999928 1.900000000007777 0
9.899999999999931 1.800000000007368 0
9.899999999999935 1.700000000006959 0
9.899999999999938 1.60000000000655 0
9.899999999999944 1.50000000000614 0
9.899999999999945 1.400000000005732 0
9.899999999999952 1.300000000005323 0
9.899999999999956 1.200000000004914 0
9.899999999999959 1.100000000004504 0
9.899999999999963 1.000000000004096 0
9.899999999999967 0.9000000000036867 0
9.89999999999997 0.8000000000032776 0
9.899999999999972 0.7000000000028685 0
9.899999999999977 0.6000000000024595 0
9.899999999999981 0.5000000000020508 0
9.899999999999984 0.4000000000016399 0
9.899999999999988 0.3000000000012302 0
9.899999999999995 0.2000000000008196 0
9.899999999999995 0.1000000000004101 0
$EndNodes
$Elements
5 4280 1 4280
1 1 1 100
1 4 5 
2 5 6 
3 6 7 
4 7 8 
5 8 9 
6 9 10 
7 10 11 
8 11 12 
9 12 13 
10 13 14 
11 14 15 
12 15 16 
13 16 17 
14 17 18 
15 18 19 
16 19 20 
17 20 21 
18 21 22 
19 22 23 
20 23 24 
21 24 25 
22 25 26 
23 26 27 
24 27 28 
25 28 29 
26 29 30 
27 30 31 
28 31 32 
29 32 33 
30 33 34 
31 34 35 
32 35 36 
33 36 37 
34 37 38 
35 38 39 
36 39 40 
37 40 41 
38 41 42 
39 42 43 
40 43 44 
41 44 45 
42 45 46 
43 46 47 
44 47 48 
45 48 49 
46 49 50 
47 50 51 
48 51 52 
49 52 53 
50 53 54 
51 54 55 
52 55 56 
53 56 57 
54 57 58 
55 58 59 
56 59 60 
57 60 61 
58 61 62 
59 62 63 
60 63 64 
61 64 65 
62 65 66 
63 66 67 
64 67 68 
65 68 69 
66 69 70 
67 70 71 
68 71 72 
69 72 73 
70 73 74 
71 74 75 
72 75 76 
73 76 77 
74 77 78 
75 78 79 
76 79 80 
77 80 81 
78 81 82 
79 82 83 
80 83 84 
81 84 85 
82 85 86 
83 86 87 
84 87 88 
85 88 89 
86 89 90 
87 90 91 
88 91 92 
89 92 93 
90 93 94 
91 94 95 
92 95 96 
93 96 97 
94 97 98 
95 98 99 
96 99 100 
97 100 101 
98 101 102 
99 102 103 
100 103 3 
1 2 1 40
101 3 104 
102 104 105 
103 105 106 
104 106 107 
105 107 108 
106 108 109 
107 109 110 
108 110 111 
109 111 112 
110 112 113 
111 113 114 
112 114 115 
113 115 116 
114 116 117 
115 117 118 
116 118 119 
117 119 120 
118 120 121 
119 121 122 
120 122 123 
121 123 124 
122 124 125 
123 125 126 
124 126 127 
125 127 128 
126 128 129 
127 129 130 
128 130 131 
129 131 132 
130 132 133 
131 133 134 
132 134 135 
133 135 136 
134 136 137 
135 137 138 
136 138 139 
137 139 140 
138 140 141 
139 141 142 
140 142 2 
1 3 1 100
141 2 143 
142 143 144 
143 144 145 
144 145 146 
145 146 147 
146 147 148 
147 148 149 
148 149 150 
149 150 151 
150 151 152 
151 152 153 
152 153 154 
153 154 155 
154 155 156 
155 156 157 
156 157 158 
157 158 159 
158 159 160 
159 160 161 
160 161 162 
161 162 163 
162 163 164 
163 164 165 
164 165 166 
165 166 167 
166 167 168 
167 168 169 
168 169 170 
169 170 171 
170 171 172 
171 172 173 
172 173 174 
173 174 175 
174 175 176 
175 176 177 
176 177 178 
177 178 179 
178 179 180 
179 180 181 
180 181 182 
181 182 183 
182 183 184 
183 184 185 
184 185 186 
185 186 187 
186 187 188 
187 188 189 
188 189 190 
189 190 191 
190 191 192 
191 192 193 
192 193 194 
193 194 195 
194 195 196 
195 196 197 
196 197 198 
197 198 199 
198 199 200 
199 200 201 
200 201 202 
201 202 203 
202 203 204 
203 204 205 
204 205 206 
205 206 207 
206 207 208 
207 208 209 
208 209 210 
209 210 211 
210 211 212 
211 212 213 
212 213 214 
213 214 215 
214 215 216 
215 216 217 
216 217 218 
217 218 219 
218 219 220 
219 220 221 
220 221 222 
221 222 223 
222 223 224 
223 224 225 
224 225 226 
225 226 227 
226 227 228 
227 228 229 
228 229 230 
229 230 231 
230 231 232 
231 232 233 
232 233 234 
233 234 235 
234 235 236 
235 236 237 
236 237 238 
237 238 239 
238 239 240 
239 240 241 
240 241 1 
1 4 1 40
241 1 242 
242 242 243 
243 243 244 
244 244 245 
245 245 246 
246 246 247 
247 247 248 
248 248 249 
249 249 250 
250 250 251 
251 251 252 
252 252 253 
253 253 254 
254 254 255 
255 255 256 
256 256 257 
257 257 258 
258 258 259 
259 259 260 
260 260 261 
261 261 262 
262 262 263 
263 263 264 
264 264 265 
265 265 266 
266 266 267 
267 267 268 
268 268 269 
269 269 270 
270 270 271 
271 271 272 
272 272 273 
273 273 274 
274 274 275 
275 275 276 
276 276 277 
277 277 278 
278 278 279 
279 279 280 
280 280 4 
2 1 3 4000
281 4 5 281 280 
282 280 281 282 279 
283 279 282 283 278 
284 278 283 284 277 
285 277 284 285 276 
286 276 285 286 275 
287 275 286 287 274 
288 274 287 288 273 
289 273 288 289 272 
290 272 289 290 271 
291 271 290 291 270 
292 270 291 292 269 
293 269 292 293 268 
294 268 293 294 267 
295 267 294 295 266 
296 266 295 296 265 
297 265 296 297 264 
298 264 297 298 263 
299 263 298 299 262 
300 262 299 300 261 
301 261 300 301 260 
302 260 301 302 259 
303 259 302 303 258 
304 258 303 304 257 
305 257 304 305 256 
306 256 305 306 255 
307 255 306 307 254 
308 254 307 308 253 
309 253 308 309 252 
310 252 309 310 251 
311 251 310 311 250 
312 250 311 312 249 
313 249 312 313 248 
314 248 313 314 247 
315 247 314 315 246 
316 246 315 316 245 
317 245 316 317 244 
318 244 317 318 243 
319 243 318 319 242 
320 242 319 241 1 
321 5 6 320 281 
322 281 320 321 282 
323 282 321 322 283 
324 283 322 323 284 
325 284 323 324 285 
326 285 324 325 286 
327 286 325 326 287 
328 287 326 327 288 
329 288 327 328 289 
330 289 328 329 290 
331 290 329 330 291 
332 291 330 331 292 
333 292 331 332 293 
334 293 332 333 294 
335 294 333 334 295 
336 295 334 335 296 
337 296 335 336 297 
338 297 336 337 298 
339 298 337 338 299 
340 299 338 339 300 
341 300 339 340 301 
342 301 340 341 302 
343 302 341 342 303 
344 303 342 343 304 
345 304 343 344 305 
346 305 344 345 306 
347 306 345 346 307 
348 307 346 347 308 
349 308 347 348 309 
350 309 348 349 310 
351 310 349 350 311 
352 311 350 351 312 
353 312 351 352 313 
354 313 352 353 314 
355 314 353 354 315 
356 315 354 355 316 
357 316 355 356 317 
358 317 356 357 318 
359 318 357 358 319 
360 319 358 240 241 
361 6 7 359 320 
362 320 359 360 321 
363 321 360 361 322 
364 322 361 362 323 
365 323 362 363 324 
366 324 363 364 325 
367 325 364 365 326 
368 326 365 366 327 
369 327 366 367 328 
370 328 367 368 329 
371 329 368 369 330 
372 330 369 370 331 
373 331 370 371 332 
374 332 371 372 333 
375 333 372 373 334 
376 334 373 374 335 
377 335 374 375 336 
378 336 375 376 337 
379 337 376 377 338 
380 338 377 378 339 
381 339 378 379 340 
382 340 379 380 341 
383 341 380 381 342 
384 342 381 382 343 
385 343 382 383 344 
386 344 383 384 345 
387 345 384 385 346 
388 346 385 386 347 
389 347 386 387 348 
390 348 387 388 349 
391 349 388 389 350 
392 350 389 390 351 
393 351 390 391 352 
394 352 391 392 353 
395 353 392 393 354 
396 354 393 394 355 
397 355 394 395 356 
398 356 395 396 357 
399 357 396 397 358 
400 358 397 239 240 
401 7 8 398 359 
402 359 398 399 360 
403 360 399 400 361 
404 361 400 401 362 
405 362 401 402 363 
406 363 402 403 364 
407 364 403 404 365 
408 365 404 405 366 
409 366 405 406 367 
410 367 406 407 368 
411 368 407 408 369 
412 369 408 409 370 
413 370 409 410 371 
414 371 410 411 372 
415 372 411 412 373 
416 373 412 413 374 
417 374 413 414 375 
418 375 414 415 376 
419 376 415 416 377 
420 377 416 417 378 
421 378 417 418 379 
422 379 418 419 380 
423 380 419 420 381 
424 381 420 421 382 
425 382 421 422 383 
426 383 422 423 384 
427 384 423 424 385 
428 385 424 425 386 
429 386 425 426 387 
430 387 426 427 388 
431 388 427 428 389 
432 389 428 429 390 
433 390 429 430 391 
434 391 430 431 392 
435 392 431 432 393 
436 393 432 433 394 
437 394 433 434 395 
438 395 434 435 396 
439 396 435 436 397 
440 397 436 238 239 
441 8 9 437 398 
442 398 437 438 399 
443 399 438 439 400 
444 400 439 440 401 
445 401 440 441 402 
446 402 441 442 403 
447 403 442 443 404 
448 404 443 444 405 
449 405 444 445 406 
450 406 445 446 407 
451 407 446 447 408 
452 408 447 448 409 
453 409 448 449 410 
454 410 449 450 411 
455 411 450 451 412 
456 412 451 452 413 
457 413 452 453 414 
458 414 453 454 415 
459 415 454 455 416 
460 416 455 456 417 
461 417 456 457 418 
462 418 457 458 419 
463 419 458 459 420 
464 420 459 460 421 
465 421 460 461 422 
466 422 461 462 423 
467 423 462 463 424 
468 424 463 464 425 
469 425 464 465 426 
470 426 465 466 427 
471 427 466 467 428 
472 428 467 468 429 
473 429 468 469 430 
474 430 469 470 431 
475 431 470 471 432 
476 432 471 472 433 
477 433 472 473 434 
478 434 473 474 435 
479 435 474 475 436 
480 436 475 237 238 
481 9 10 476 437 
482 437 476 477 438 
483 438 477 478 439 
484 439 478 479 440 
485 440 479 480 441 
486 441 480 481 442 
487 442 481 482 443 
488 443 482 483 444 
489 444 483 484 445 
490 445 484 485 446 
491 446 485 486 447 
492 447 486 487 448 
493 448 487 488 449 
494 449 488 489 450 
495 450 489 490 451 
496 451 490 491 452 
497 452 491 492 453 
498 453 492 493 454 
499 454 493 494 455 
500 455 494 495 456 
501 456 495 496 457 
502 457 496 497 458 
503 458 497 498 459 
504 459 498 499 460 
505 460 499 500 461 
506 461 500 501 462 
507 462 501 502 463 
508 463 502 503 464 
509 464 503 504 465 
510 465 504 505 466 
511 466 505 506 467 
512 467 506 507 468 
513 468 507 508 469 
514 469 508 509 470 
515 470 509 510 471 
516 471 510 511 472 
517 472 511 512 473 
518 473 512 513 474 
519 474 513 514 475 
520 475 514 236 237 
521 10 11 515 476 
522 476 515 516 477 
523 477 516 517 478 
524 478 517 518 479 
525 479 518 519 480 
526 480 519 520 481 
527 481 520 521 482 
528 482 521 522 483 
529 483 522 523 484 
530 484 523 524 485 
531 485 524 525 486 
532 486 525 526 487 
533 487 526 527 488 
534 488 527 528 489 
535 489 528 529 490 
536 490 529 530 491 
537 491 530 531 492 
538 492 531 532 493 
539 493 532 533 494 
540 494 533 534 495 
541 495 534 535 496 
542 496 535 536 497 
543 497 536 537 498 
544 498 537 538 499 
545 499 538 539 500 
546 500 539 540 501 
547 501 540 541 502 
548 502 541 542 503 
549 503 542 543 504 
550 504 543 544 505 
551 505 544 545 506 
552 506 545 546 507 
553 507 546 547 508 
554 508 547 548 509 
555 509 548 549 510 
556 510 549 550 511 
557 511 550 551 512 
558 512 551 552 513 
559 513 552 553 514 
560 514 553 235 236 
561 11 12 554 515 
562 515 554 555 516 
563 516 555 556 517 
564 517 556 557 518 
565 518 557 558 519 
566 519 558 559 520 
567 520 559 560 521 
568 521 560 561 522 
569 522 561 562 523 
570 523 562 563 524 
571 524 563 564 525 
572 525 564 565 526 
573 526 565 566 527 
574 527 566 567 528 
575 528 567 568 529 
576 529 568 569 530 
577 530 569 570 531 
578 531 570 571 532 
579 532 571 572 533 
580 533 572 573 534 
581 534 573 574 535 
582 535 574 575 536 
583 536 575 576 537 
584 537 576 577 538 
585 538 577 578 539 
586 539 578 579 540 
587 540 579 580 541 
588 541 580 581 542 
589 542 581 582 543 
590 543 582 583 544 
591 544 583 584 545 
592 545 584 585 546 
593 546 585 586 547 
594 547 586 587 548 
595 548 587 588 549 
596 549 588 589 550 
597 550 589 590 551 
598 551 590 591 552 
599 552 591 592 553 
600 553 592 234 235 
601 12 13 593 554 
602 554 593 594 555 
603 555 594 595 556 
604 556 595 596 557 
605 557 596 597 558 
606 558 597 598 559 
607 559 598 599 560 
608 560 599 600 561 
609 561 600 601 562 
610 562 601 602 563 
611 563 602 603 564 
612 564 603 604 565 
613 565 604 605 566 
614 566 605 606 567 
615 567 606 607 568 
616 568 607 608 569 
617 569 608 609 570 
618 570 609 610 571 
619 571 610 611 572 
620 572 611 612 573 
621 573 612 613 574 
622 574 613 614 575 
623 575 614 615 576 
624 576 615 616 577 
625 577 616 617 578 
626 578 617 618 579 
627 579 618 619 580 
628 580 619 620 581 
629 581 620 621 582 
630 582 621 622 583 
631 583 622 623 584 
632 584 623 624 585 
633 585 624 625 586 
634 586 625 626 587 
635 587 626 627 588 
636 588 627 628 589 
637 589 628 629 590 
638 590 629 630 591 
639 591 630 631 592 
640 592 631 233 234 
641 13 14 632 593 
642 593 632 633 594 
643 594 633 634 595 
644 595 634 635 596 
645 596 635 636 597 
646 597 636 637 598 
647 598 637 638 599 
648 599 638 639 600 
649 600 639 640 601 
650 601 640 641 602 
651 602 641 642 603 
652 603 642 643 604 
653 604 643 644 605 
654 605 644 645 606 
655 606 645 646 607 
656 607 646 647 608 
657 608 647 648 609 
658 609 648 649 610 
659 610 649 650 611 
660 611 650 651 612 
661 612 651 652 613 
662 613 652 653 614 
663 614 653 654 615 
664 615 654 655 616 
665 616 655 656 617 
666 617 656 657 618 
667 618 657 658 619 
668 619 658 659 620 
669 620 659 660 621 
670 621 660 661 622 
671 622 661 662 623 
672 623 662 663 624 
673 624 663 664 625 
674 625 664 665 626 
675 626 665 666 627 
676 627 666 667 628 
677 628 667 668 629 
678 629 668 669 630 
679 630 669 670 631 
680 631 670 232 233 
681 14 15 671 632 
682 632 671 672 633 
683 633 672 673 634 
684 634 673 674 635 
685 635 674 675 636 
686 636 675 676 637 
687 637 676 677 638 
688 638 677 678 639 
689 639 678 679 640 
690 640 679 680 641 
691 641 680 681 642 
692 642 681 682 643 
693 643 682 683 644 
694 644 683 684 645 
695 645 684 685 646 
696 646 685 686 647 
697 647 686 687 648 
698 648 687 688 649 
699 649 688 689 650 
700 650 689 690 651 
701 651 690 691 652 
702 652 691 692 653 
703 653 692 693 654 
704 654 693 694 655 
705 655 694 695 656 
706 656 695 696 657 
707 657 696 697 658 
708 658 697 698 659 
709 659 698 699 660 
710 660 699 700 661 
711 661 700 701 662 
712 662 701 702 663 
713 663 702 703 664 
714 664 703 704 665 
715 665 704 705 666 
716 666 705 706 667 
717 667 706 707 668 
718 668 707 708 669 
719 669 708 709 670 
720 670 709 231 232 
721 15 16 710 671 
722 671 710 711 672 
723 672 711 712 673 
724 673 712 713 674 
725 674 713 714 675 
726 675 714 715 676 
727 676 715 716 677 
728 677 716 717 678 
729 678 717 718 679 
730 679 718 719 680 
731 680 719 720 681 
732 681 720 721 682 
733 682 721 722 683 
734 683 722 723 684 
735 684 723 724 685 
736 685 724 725 686 
737 686 725 726 687 
738 687 726 727 688 
739 688 727 728 689 
740 689 728 729 690 
741 690 729 730 691 
742 691 730 731 692 
743 692 731 732 693 
744 693 732 733 694 
745 694 733 734 695 
746 695 734 735 696 
747 696 735 736 697 
748 697 736 737 698 
749 698 737 738 699 
750 699 738 739 700 
751 700 739 740 701 
752 701 740 741 702 
753 702 741 742 703 
754 703 742 743 704 
755 704 743 744 705 
756 705 744 745 706 
757 706 745 746 707 
758 707 746 747 708 
759 708 747 748 709 
760 709 748 230 231 
761 16 17 749 710 
762 710 749 750 711 
763 711 750 751 712 
764 712 751 752 713 
765 713 752 753 714 
766 714 753 754 715 
767 715 754 755 716 
768 716 755 756 717 
769 717 756 757 718 
770 718 757 758 719 
771 719 758 759 720 
772 720 759 760 721 
773 721 760 761 722 
774 722 761 762 723 
775 723 762 763 724 
776 724 763 764 725 
777 725 764 765 726 
778 726 765 766 727 
779 727 766 767 728 
780 728 767 768 729 
781 729 768 769 730 
782 730 769 770 731 
783 731 770 771 732 
784 732 771 772 733 
785 733 772 773 734 
786 734 773 774 735 
787 735 774 775 736 
788 736 775 776 737 
789 737 776 777 738 
790 738 777 778 739 
791 739 778 779 740 
792 740 779 780 741 
793 741 780 781 742 
794 742 781 782 743 
795 743 782 783 744 
796 744 783 784 745 
797 745 784 785 746 
798 746 785 786 747 
799 747 786 787 748 
800 748 787 229 230 
801 17 18 788 749 
802 749 788 789 750 
803 750 789 790 751 
804 751 790 791 752 
805 752 791 792 753 
806 753 792 793 754 
807 754 793 794 755 
808 755 794 795 756 
809 756 795 796 757 
810 757 796 797 758 
811 758 797 798 759 
812 759 798 799 760 
813 760 799 800 761 
814 761 800 801 762 
815 762 801 802 763 
816 763 802 803 764 
817 764 803 804 765 
818 765 804 805 766 
819 766 805 806 767 
820 767 806 807 768 
821 768 807 808 769 
822 769 808 809 770 
823 770 809 810 771 
824 771 810 811 772 
825 772 811 812 773 
826 773 812 813 774 
827 774 813 814 775 
828 775 814 815 776 
829 776 815 816 777 
830 777 816 817 778 
831 778 817 818 779 
832 779 818 819 780 
833 780 819 820 781 
834 781 820 821 782 
835 782 821 822 783 
836 783 822 823 784 
837 784 823 824 785 
838 785 824 825 786 
839 786 825 826 787 
840 787 826 228 229 
841 18 19 827 788 
842 788 827 828 789 
843 789 828 829 790 
844 790 829 830 791 
845 791 830 831 792 
846 792 831 832 793 
847 793 832 833 794 
848 794 833 834 795 
849 795 834 835 796 
850 796 835 836 797 
851 797 836 837 798 
852 798 837 838 799 
853 799 838 839 800 
854 800 839 840 801 
855 801 840 841 802 
856 802 841 842 803 
857 803 842 843 804 
858 804 843 844 805 
859 805 844 845 806 
860 806 845 846 807 
861 807 846 847 808 
862 808 847 848 809 
863 809 848 849 810 
864 810 849 850 811 
865 811 850 851 812 
866 812 851 852 813 
867 813 852 853 814 
868 814 853 854 815 
869 815 854 855 816 
870 816 855 856 817 
871 817 856 857 818 
872 818 857 858 819 
873 819 858 859 820 
874 820 859 860 821 
875 821 860 861 822 
876 822 861 862 823 
877 823 862 863 824 
878 824 863 864 825 
879 825 864 865 826 
880 826 865 227 228 
881 19 20 866 827 
882 827 866 867 828 
883 828 867 868 829 
884 829 868 869 830 
885 830 869 870 831 
886 831 870 871 832 
887 832 871 872 833 
888 833 872 873 834 
889 834 873 874 835 
890 835 874 875 836 
891 836 875 876 837 
892 837 876 877 838 
893 838 877 878 839 
894 839 878 879 840 
895 840 879 880 841 
896 841 880 881 842 
897 842 881 882 843 
898 843 882 883 844 
899 844 883 884 845 
900 845 884 885 846 
901 846 885 886 847 
902 847 886 887 848 
903 848 887 888 849 
904 849 888 889 850 
905 850 889 890 851 
906 851 890 891 852 
907 852 891 892 853 
908 853 892 893 854 
909 854 893 894 855 
910 855 894 895 856 
911 856 895 896 857 
912 857 896 897 858 
913 858 897 898 859 
914 859 898 899 860 
915 860 899 900 861 
916 861 900 901 862 
917 862 901 902 863 
918 863 902 903 864 
919 864 903 904 865 
920 865 904 226 227 
921 20 21 905 866 
922 866 905 906 867 
923 867 906 907 868 
924 868 907 908 869 
925 869 908 909 870 
926 870 909 910 871 
927 871 910 911 872 
928 872 911 912 873 
929 873 912 913 874 
930 874 913 914 875 
931 875 914 915 876 
932 876 915 916 877 
933 877 916 917 878 
934 878 917 918 879 
935 879 918 919 880 
936 880 919 920 881 
937 881 920 921 882 
938 882 921 922 883 
939 883 922 923 884 
940 884 923 924 885 
941 885 924 925 886 
942 886 925 926 887 
943 887 926 927 888 
944 888 927 928 889 
945 889 928 929 890 
946 890 929 930 891 
947 891 930 931 892 
948 892 931 932 893 
949 893 932 933 894 
950 894 933 934 895 
951 895 934 935 896 
952 896 935 936 897 
953 897 936 937 898 
954 898 937 938 899 
955 899 938 939 900 
956 900 939 940 901 
957 901 940 941 902 
958 902 941 942 903 
959 903 942 943 904 
960 904 943 225 226 
961 21 22 944 905 
962 905 944 945 906 
963 906 945 946 907 
964 907 946 947 908 
965 908 947 948 909 
966 909 948 949 910 
967 910 949 950 911 
968 911 950 951 912 
969 912 951 952 913 
970 913 952 953 914 
971 914 953 954 915 
972 915 954 955 916 
973 916 955 956 917 
974 917 956 957 918 
975 918 957 958 919 
976 919 958 959 920 
977 920 959 960 921 
978 921 960 961 922 
979 922 961 962 923 
980 923 962 963 924 
981 924 963 964 925 
982 925 964 965 926 
983 926 965 966 927 
984 927 966 967 928 
985 928 967 968 929 
986 929 968 969 930 
987 930 969 970 931 
988 931 970 971 932 
989 932 971 972 933 
990 933 972 973 934 
991 934 973 974 935 
992 935 974 975 936 
993 936 975 976 937 
994 937 976 977 938 
995 938 977 978 939 
996 939 978 979 940 
997 940 979 980 941 
998 941 980 981 942 
999 942 981 982 943 
1000 943 982 224 225 
1001 22 23 983 944 
1002 944 983 984 945 
1003 945 984 985 946 
1004 946 985 986 947 
1005 947 986 987 948 
1006 948 987 988 949 
1007 949 988 989 950 
1008 950 989 990 951 
1009 951 990 991 952 
1010 952 991 992 953 
1011 953 992 993 954 
1012 954 993 994 955 
1013 955 994 995 956 
1014 956 995 996 957 
1015 957 996 997 958 
1016 958 997 998 959 
1017 959 998 999 960 
1018 960 999 1000 961 
1019 961 1000 1001 962 
1020 962 1001 1002 963 
1021 963 1002 1003 964 
1022 964 1003 1004 965 
1023 965 1004 1005 966 
1024 966 1005 1006 967 
1025 967 1006 1007 968 
1026 968 1007 1008 969 
1027 969 1008 1009 970 
1028 970 1009 1010 971 
1029 971 1010 1011 972 
1030 972 1011 1012 973 
1031 973 1012 1013 974 
1032 974 1013 1014 975 
1033 975 1014 1015 976 
1034 976 1015 1016 977 
1035 977 1016 1017 978 
1036 978 1017 1018 979 
1037 979 1018 1019 980 
1038 980 1019 1020 981 
1039 981 1020 1021 982 
1040 982 1021 223 224 
1041 23 24 1022 983 
1042 983 1022 1023 984 
1043 984 1023 1024 985 
1044 985 1024 1025 986 
1045 986 1025 1026 987 
1046 987 1026 1027 988 
1047 988 1027 1028 989 
1048 989 1028 1029 990 
1049 990 1029 1030 991 
1050 991 1030 1031 992 
1051 992 1031 1032 993 
1052 993 1032 1033 994 
1053 994 1033 1034 995 
1054 995 1034 1035 996 
1055 996 1035 1036 997 
1056 997 1036 1037 998 
1057 998 1037 1038 999 
1058 999 1038 1039 1000 
1059 1000 1039 1040 1001 
1060 1001 1040 1041 1002 
1061 1002 1041 1042 1003 
1062 1003 1042 1043 1004 
1063 1004 1043 1044 1005 
1064 1005 1044 1045 1006 
1065 1006 1045 1046 1007 
1066 1007 1046 1047 1008 
1067 1008 1047 1048 1009 
1068 1009 1048 1049 1010 
1069 1010 1049 1050 1011 
1070 1011 1050 1051 1012 
1071 1012 1051 1052 1013 
1072 1013 1052 1053 1014 
1073 1014 1053 1054 1015 
1074 1015 1054 1055 1016 
1075 1016 1055 1056 1017 
1076 1017 1056 1057 1018 
1077 1018 1057 1058 1019 
1078 1019 1058 1059 1020 
1079 1020 1059 1060 1021 
1080 1021 1060 222 223 
1081 24 25 1061 1022 
1082 1022 1061 1062 1023 
1083 1023 1062 1063 1024 
1084 1024 1063 1064 1025 
1085 1025 1064 1065 1026 
1086 1026 1065 1066 1027 
1087 1027 1066 1067 1028 
1088 1028 1067 1068 1029 
1089 1029 1068 1069 1030 
1090 1030 1069 1070 1031 
1091 1031 1070 1071 1032 
1092 1032 1071 1072 1033 
1093 1033 1072 1073 1034 
1094 1034 1073 1074 1035 
1095 1035 1074 1075 1036 
1096 1036 1075 1076 1037 
1097 1037 1076 1077 1038 
1098 1038 1077 1078 1039 
1099 1039 1078 1079 1040 
1100 1040 1079 1080 1041 
1101 1041 1080 1081 1042 
1102 1042 1081 1082 1043 
1103 1043 1082 1083 1044 
1104 1044 1083 1084 1045 
1105 1045 1084 1085 1046 
1106 1046 1085 1086 1047 
1107 1047 1086 1087 1048 
1108 1048 1087 1088 1049 
1109 1049 1088 1089 1050 
1110 1050 1089 1090 1051 
1111 1051 1090 1091 1052 
1112 1052 1091 1092 1053 
1113 1053 1092 1093 1054 
1114 1054 1093 1094 1055 
1115 1055 1094 1095 1056 
1116 1056 1095 1096 1057 
1117 1057 1096 1097 1058 
1118 1058 1097 1098 1059 
1119 1059 1098 1099 1060 
1120 1060 1099 221 222 
1121 25 26 1100 1061 
1122 1061 1100 1101 1062 
1123 1062 1101 1102 1063 
1124 1063 1102 1103 1064 
1125 1064 1103 1104 1065 
1126 1065 1104 1105 1066 
1127 1066 1105 1106 1067 
1128 1067 1106 1107 1068 
1129 1068 1107 1108 1069 
1130 1069 1108 1109 1070 
1131 1070 1109 1110 1071 
1132 1071 1110 1111 1072 
1133 1072 1111 1112 1073 
1134 1073 1112 1113 1074 
1135 1074 1113 1114 1075 
1136 1075 1114 1115 1076 
1137 1076 1115 1116 1077 
1138 1077 1116 1117 1078 
1139 1078 1117 1118 1079 
1140 1079 1118 1119 1080 
1141 1080 1119 1120 1081 
1142 1081 1120 1121 1082 
1143 1082 1121 1122 1083 
1144 1083 1122 1123 1084 
1145 1084 1123 1124 1085 
1146 1085 1124 1125 1086 
1147 1086 1125 1126 1087 
1148 1087 1126 1127 1088 
1149 1088 1127 1128 1089 
1150 1089 1128 1129 1090 
1151 1090 1129 1130 1091 
1152 1091 1130 1131 1092 
1153 1092 1131 1132 1093 
1154 1093 1132 1133 1094 
1155 1094 1133 1134 1095 
1156 1095 1134 1135 1096 
1157 1096 1135 1136 1097 
1158 1097 1136 1137 1098 
1159 1098 1137 1138 1099 
1160 1099 1138 220 221 
1161 26 27 1139 1100 
1162 1100 1139 1140 1101 
1163 1101 1140 1141 1102 
1164 1102 1141 1142 1103 
1165 1103 1142 1143 1104 
1166 1104 1143 1144 1105 
1167 1105 1144 1145 1106 
1168 1106 1145 1146 1107 
1169 1107 1146 1147 1108 
1170 1108 1147 1148 1109 
1171 1109 1148 1149 1110 
1172 1110 1149 1150 1111 
1173 1111 1150 1151 1112 
1174 1112 1151 1152 1113 
1175 1113 1152 1153 1114 
1176 1114 1153 1154 1115 
1177 1115 1154 1155 1116 
1178 1116 1155 1156 1117 
1179 1117 1156 1157 1118 
1180 1118 1157 1158 1119 
1181 1119 1158 1159 1120 
1182 1120 1159 1160 1121 
1183 1121 1160 1161 1122 
1184 1122 1161 1162 1123 
1185 1123 1162 1163 1124 
1186 1124 1163 1164 1125 
1187 1125 1164 1165 1126 
1188 1126 1165 1166 1127 
1189 1127 1166 1167 1128 
1190 1128 1167 1168 1129 
1191 1129 1168 1169 1130 
1192 1130 1169 1170 1131 
1193 1131 1170 1171 1132 
1194 1132 1171 1172 1133 
1195 1133 1172 1173 1134 
1196 1134 1173 1174 1135 
1197 1135 1174 1175 1136 
1198 1136 1175 1176 1137 
1199 1137 1176 1177 1138 
1200 1138 1177 219 220 
1201 27 28 1178 1139 
1202 1139 1178 1179 1140 
1203 1140 1179 1180 1141 
1204 1141 1180 1181 1142 
1205 1142 1181 1182 1143 
1206 1143 1182 1183 1144 
1207 1144 1183 1184 1145 
1208 1145 1184 1185 1146 
1209 1146 1185 1186 1147 
1210 1147 1186 1187 1148 
1211 1148 1187 1188 1149 
1212 1149 1188 1189 1150 
1213 1150 1189 1190 1151 
1214 1151 1190 1191 1152 
1215 1152 1191 1192 1153 
1216 1153 1192 1193 1154 
1217 1154 1193 1194 1155 
1218 1155 1194 1195 1156 
1219 1156 1195 1196 1157 
1220 1157 1196 1197 1158 
1221 1158 1197 1198 1159 
1222 1159 1198 1199 1160 
1223 1160 1199 1200 1161 
1224 1161 1200 1201 1162 
1225 1162 1201 1202 1163 
1226 1163 1202 1203 1164 
1227 1164 1203 1204 1165 
1228 1165 1204 1205 1166 
1229 1166 1205 1206 1167 
1230 1167 1206 1207 1168 
1231 1168 1207 1208 1169 
1232 1169 1208 1209 1170 
1233 1170 1209 1210 1171 
1234 1171 1210 1211 1172 
1235 1172 1211 1212 1173 
1236 1173 1212 1213 1174 
1237 1174 1213 1214 1175 
1238 1175 1214 1215 1176 
1239 1176 1215 1216 1177 
1240 1177 1216 218 219 
1241 28 29 1217 1178 
1242 1178 1217 1218 1179 
1243 1179 1218 1219 1180 
1244 1180 1219 1220 1181 
1245 1181 1220 1221 1182 
1246 1182 1221 1222 1183 
1247 1183 1222 1223 1184 
1248 1184 1223 1224 1185 
1249 1185 1224 1225 1186 
1250 1186 1225 1226 1187 
1251 1187 1226 1227 1188 
1252 1188 1227 1228 1189 
1253 1189 1228 1229 1190 
1254 1190 1229 1230 1191 
1255 1191 1230 1231 1192 
1256 1192 1231 1232 1193 
1257 1193 1232 1233 1194 
1258 1194 1233 1234 1195 
1259 1195 1234 1235 1196 
1260 1196 1235 1236 1197 
1261 1197 1236 1237 1198 
1262 1198 1237 1238 1199 
1263 1199 1238 1239 1200 
1264 1200 1239 1240 1201 
1265 1201 1240 1241 1202 
1266 1202 1241 1242 1203 
1267 1203 1242 1243 1204 
1268 1204 1243 1244 1205 
1269 1205 1244 1245 1206 
1270 1206 1245 1246 1207 
1271 1207 1246 1247 1208 
1272 1208 1247 1248 1209 
1273 1209 1248 1249 1210 
1274 1210 1249 1250 1211 
1275 1211 1250 1251 1212 
1276 1212 1251 1252 1213 
1277 1213 1252 1253 1214 
1278 1214 1253 1254 1215 
1279 1215 1254 1255 1216 
1280 1216 1255 217 218 
1281 29 30 1256 1217 
1282 1217 1256 1257 1218 
1283 1218 1257 1258 1219 
1284 1219 1258 1259 1220 
1285 1220 1259 1260 1221 
1286 1221 1260 1261 1222 
1287 1222 1261 1262 1223 
1288 1223 1262 1263 1224 
1289 1224 1263 1264 1225 
1290 1225 1264 1265 1226 
1291 1226 1265 1266 1227 
1292 1227 1266 1267 1228 
1293 1228 1267 1268 1229 
1294 1229 1268 1269 1230 
1295 1230 1269 1270 1231 
1296 1231 1270 1271 1232 
1297 1232 1271 1272 1233 
1298 1233 1272 1273 1234 
1299 1234 1273 1274 1235 
1300 1235 1274 1275 1236 
1301 1236 1275 1276 1237 
1302 1237 1276 1277 1238 
1303 1238 1277 1278 1239 
1304 1239 1278 1279 1240 
1305 1240 1279 1280 1241 
1306 1241 1280 1281 1242 
1307 1242 1281 1282 1243 
1308 1243 1282 1283 1244 
1309 1244 1283 1284 1245 
1310 1245 1284 1285 1246 
1311 1246 1285 1286 1247 
1312 1247 1286 1287 1248 
1313 1248 1287 1288 1249 
1314 1249 1288 1289 1250 
1315 1250 1289 1290 1251 
1316 1251 1290 1291 1252 
1317 1252 1291 1292 1253 
1318 1253 1292 1293 1254 
1319 1254 1293 1294 1255 
1320 1255 1294 216 217 
1321 30 31 1295 1256 
1322 1256 1295 1296 1257 
1323 1257 1296 1297 1258 
1324 1258 1297 1298 1259 
1325 1259 1298 1299 1260 
1326 1260 1299 1300 1261 
1327 1261 1300 1301 1262 
1328 1262 1301 1302 1263 
1329 1263 1302 1303 1264 
1330 1264 1303 1304 1265 
1331 1265 1304 1305 1266 
1332 1266 1305 1306 1267 
1333 1267 1306 1307 1268 
1334 1268 1307 1308 1269 
1335 1269 1308 1309 1270 
1336 1270 1309 1310 1271 
1337 1271 1310 1311 1272 
1338 1272 1311 1312 1273 
1339 1273 1312 1313 1274 
1340 1274 1313 1314 1275 
1341 1275 1314 1315 1276 
1342 1276 1315 1316 1277 
1343 1277 1316 1317 1278 
1344 1278 1317 1318 1279 
1345 1279 1318 1319 1280 
1346 1280 1319 1320 1281 
1347 1281 1320 1321 1282 
1348 1282 1321 1322 1283 
1349 1283 1322 1323 1284 
1350 1284 1323 1324 1285 
1351 1285 1324 1325 1286 
1352 1286 1325 1326 1287 
1353 1287 1326 1327 1288 
1354 1288 1327 1328 1289 
1355 1289 1328 1329 1290 
1356 1290 1329 1330 1291 
1357 1291 1330 1331 1292 
1358 1292 1331 1332 1293 
1359 1293 1332 1333 1294 
1360 1294 1333 215 216 
1361 31 32 1334 1295 
1362 1295 1334 1335 1296 
1363 1296 1335 1336 1297 
1364 1297 1336 1337 1298 
1365 1298 1337 1338 1299 
1366 1299 1338 1339 1300 
1367 1300 1339 1340 1301 
1368 1301 1340 1341 1302 
1369 1302 1341 1342 1303 
1370 1303 1342 1343 1304 
1371 1304 1343 1344 1305 
1372 1305 1344 1345 1306 
1373 1306 1345 1346 1307 
1374 1307 1346 1347 1308 
1375 1308 1347 1348 1309 
1376 1309 1348 1349 1310 
1377 1310 1349 1350 1311 
1378 1311 1350 1351 1312 
1379 1312 1351 1352 1313 
1380 1313 1352 1353 1314 
1381 1314 1353 1354 1315 
1382 1315 1354 1355 1316 
1383 1316 1355 1356 1317 
1384 1317 1356 1357 1318 
1385 1318 1357 1358 1319 
1386 1319 1358 1359 1320 
1387 1320 1359 1360 1321 
1388 1321 1360 1361 1322 
1389 1322 1361 1362 1323 
1390 1323 1362 1363 1324 
1391 1324 1363 1364 1325 
1392 1325 1364 1365 1326 
1393 1326 1365 1366 1327 
1394 1327 1366 1367 1328 
1395 1328 1367 1368 1329 
1396 1329 1368 1369 1330 
1397 1330 1369 1370 1331 
1398 1331 1370 1371 1332 
1399 1332 1371 1372 1333 
1400 1333 1372 214 215 
1401 32 33 1373 1334 
1402 1334 1373 1374 1335 
1403 1335 1374 1375 1336 
1404 1336 1375 1376 1337 
1405 1337 1376 1377 1338 
1406 1338 1377 1378 1339 
1407 1339 1378 1379 1340 
1408 1340 1379 1380 1341 
1409 1341 1380 1381 1342 
1410 1342 1381 1382 1343 
1411 1343 1382 1383 1344 
1412 1344 1383 1384 1345 
1413 1345 1384 1385 1346 
1414 1346 1385 1386 1347 
1415 1347 1386 1387 1348 
1416 1348 1387 1388 1349 
1417 1349 1388 1389 1350 
1418 1350 1389 1390 1351 
1419 1351 1390 1391 1352 
1420 1352 1391 1392 1353 
1421 1353 1392 1393 1354 
1422 1354 1393 1394 1355 
1423 1355 1394 1395 1356 
1424 1356 1395 1396 1357 
1425 1357 1396 1397 1358 
1426 1358 1397 1398 1359 
1427 1359 1398 1399 1360 
1428 1360 1399 1400 1361 
1429 1361 1400 1401 1362 
1430 1362 1401 1402 1363 
1431 1363 1402 1403 1364 
1432 1364 1403 1404 1365 
1433 1365 1404 1405 1366 
1434 1366 1405 1406 1367 
1435 1367 1406 1407 1368 
1436 1368 1407 1408 1369 
1437 1369 1408 1409 1370 
1438 1370 1409 1410 1371 
1439 1371 1410 1411 1372 
1440 1372 1411 213 214 
1441 33 34 1412 1373 
1442 1373 1412 1413 1374 
1443 1374 1413 1414 1375 
1444 1375 1414 1415 1376 
1445 1376 1415 1416 1377 
1446 1377 1416 1417 1378 
1447 1378 1417 1418 1379 
1448 1379 1418 1419 1380 
1449 1380 1419 1420 1381 
1450 1381 1420 1421 1382 
1451 1382 1421 1422 1383 
1452 1383 1422 1423 1384 
1453 1384 1423 1424 1385 
1454 1385 1424 1425 1386 
1455 1386 1425 1426 1387 
1456 1387 1426 1427 1388 
1457 1388 1427 1428 1389 
1458 1389 1428 1429 1390 
1459 1390 1429 1430 1391 
1460 1391 1430 1431 1392 
1461 1392 1431 1432 1393 
1462 1393 1432 1433 1394 
1463 1394 1433 1434 1395 
1464 1395 1434 1435 1396 
1465 1396 1435 1436 1397 
1466 1397 1436 1437 1398 
1467 1398 1437 1438 1399 
1468 1399 1438 1439 1400 
1469 1400 1439 1440 1401 
1470 1401 1440 1441 1402 
1471 1402 1441 1442 1403 
1472 1403 1442 1443 1404 
1473 1404 1443 1444 1405 
1474 1405 1444 1445 1406 
1475 1406 1445 1446 1407 
1476 1407 1446 1447 1408 
1477 1408 1447 1448 1409 
1478 1409 1448 1449 1410 
1479 1410 1449 1450 1411 
1480 1411 1450 212 213 
1481 34 35 1451 1412 
1482 1412 1451 1452 1413 
1483 1413 1452 1453 1414 
1484 1414 1453 1454 1415 
1485 1415 1454 1455 1416 
1486 1416 1455 1456 1417 
1487 1417 1456 1457 1418 
1488 1418 1457 1458 1419 
1489 1419 1458 1459 1420 
1490 1420 1459 1460 1421 
1491 1421 1460 1461 1422 
1492 1422 1461 1462 1423 
1493 1423 1462 1463 1424 
1494 1424 1463 1464 1425 
1495 1425 1464 1465 1426 
1496 1426 1465 1466 1427 
1497 1427 1466 1467 1428 
1498 1428 1467 1468 1429 
1499 1429 1468 1469 1430 
1500 1430 1469 1470 1431 
1501 1431 1470 1471 1432 
1502 1432 1471 1472 1433 
1503 1433 1472 1473 1434 
1504 1434 1473 1474 1435 
1505 1435 1474 1475 1436 
1506 1436 1475 1476 1437 
1507 1437 1476 1477 1438 
1508 1438 1477 1478 1439 
1509 1439 1478 1479 1440 
1510 1440 1479 1480 1441 
1511 1441 1480 1481 1442 
1512 1442 1481 1482 1443 
1513 1443 1482 1483 1444 
1514 1444 1483 1484 1445 
1515 1445 1484 1485 1446 
1516 1446 1485 1486 1447 
1517 1447 1486 1487 1448 
1518 1448 1487 1488 1449 
1519 1449 1488 1489 1450 
1520 1450 1489 211 212 
1521 35 36 1490 1451 
1522 1451 1490 1491 1452 
1523 1452 1491 1492 1453 
1524 1453 1492 1493 1454 
1525 1454 1493 1494 1455 
1526 1455 1494 1495 1456 
1527 1456 1495 1496 1457 
1528 1457 1496 1497 1458 
1529 1458 1497 1498 1459 
1530 1459 1498 1499 1460 
1531 1460 1499 1500 1461 
1532 1461 1500 1501 1462 
1533 1462 1501 1502 1463 
1534 1463 1502 1503 1464 
1535 1464 1503 1504 1465 
1536 1465 1504 1505 1466 
1537 1466 1505 1506 1467 
1538 1467 1506 1507 1468 
1539 1468 1507 1508 1469 
1540 1469 1508 1509 1470 
1541 1470 1509 1510 1471 
1542 1471 1510 1511 1472 
1543 1472 1511 1512 1473 
1544 1473 1512 1513 1474 
1545 1474 1513 1514 1475 
1546 1475 1514 1515 1476 
1547 1476 1515 1516 1477 
1548 1477 1516 1517 1478 
1549 1478 1517 1518 1479 
1550 1479 1518 1519 1480 
1551 1480 1519 1520 1481 
1552 1481 1520 1521 1482 
1553 1482 1521 1522 1483 
1554 1483 1522 1523 1484 
1555 1484 1523 1524 1485 
1556 1485 1524 1525 1486 
1557 1486 1525 1526 1487 
1558 1487 1526 1527 1488 
1559 1488 1527 1528 1489 
1560 1489 1528 210 211 
1561 36 37 1529 1490 
1562 1490 1529 1530 1491 
1563 1491 1530 1531 1492 
1564 1492 1531 1532 1493 
1565 1493 1532 1533 1494 
1566 1494 1533 1534 1495 
1567 1495 1534 1535 1496 
1568 1496 1535 1536 1497 
1569 1497 1536 1537 1498 
1570 1498 1537 1538 1499 
1571 1499 1538 1539 1500 
1572 1500 1539 1540 1501 
1573 1501 1540 1541 1502 
1574 1502 1541 1542 1503 
1575 1503 1542 1543 1504 
1576 1504 1543 1544 1505 
1577 1505 1544 1545 1506 
1578 1506 1545 1546 1507 
1579 1507 1546 1547 1508 
1580 1508 1547 1548 1509 
1581 1509 1548 1549 1510 
1582 1510 1549 1550 1511 
1583 1511 1550 1551 1512 
1584 1512 1551 1552 1513 
1585 1513 1552 1553 1514 
1586 1514 1553 1554 1515 
1587 1515 1554 1555 1516 
1588 1516 1555 1556 1517 
1589 1517 1556 1557 1518 
1590 1518 1557 1558 1519 
1591 1519 1558 1559 1520 
1592 1520 1559 1560 1521 
1593 1521 1560 1561 1522 
1594 1522 1561 1562 1523 
1595 1523 1562 1563 1524 
1596 1524 1563 1564 1525 
1597 1525 1564 1565 1526 
1598 1526 1565 1566 1527 
1599 1527 1566 1567 1528 
1600 1528 1567 209 210 
1601 37 38 1568 1529 
1602 1529 1568 1569 1530 
1603 1530 1569 1570 1531 
1604 1531 1570 1571 1532 
1605 1532 1571 1572 1533 
1606 1533 1572 1573 1534 
1607 1534 1573 1574 1535 
1608 1535 1574 1575 1536 
1609 1536 1575 1576 1537 
1610 1537 1576 1577 1538 
1611 1538 1577 1578 1539 
1612 1539 1578 1579 1540 
1613 1540 1579 1580 1541 
1614 1541 1580 1581 1542 
1615 1542 1581 1582 1543 
1616 1543 1582 1583 1544 
1617 1544 1583 1584 1545 
1618 1545 1584 1585 1546 
1619 1546 1585 1586 1547 
1620 1547 1586 1587 1548 
1621 1548 1587 1588 1549 
1622 1549 1588 1589 1550 
1623 1550 1589 1590 1551 
1624 1551 1590 1591 1552 
1625 1552 1591 1592 1553 
1626 1553 1592 1593 1554 
1627 1554 1593 1594 1555 
1628 1555 1594 1595 1556 
1629 1556 1595 1596 1557 
1630 1557 1596 1597 1558 
1631 1558 1597 1598 1559 
1632 1559 1598 1599 1560 
1633 1560 1599 1600 1561 
1634 1561 1600 1601 1562 
1635 1562 1601 1602 1563 
1636 1563 1602 1603 1564 
1637 1564 1603 1604 1565 
1638 1565 1604 1605 1566 
1639 1566 1605 1606 1567 
1640 1567 1606 208 209 
1641 38 39 1607 1568 
1642 1568 1607 1608 1569 
1643 1569 1608 1609 1570 
1644 1570 1609 1610 1571 
1645 1571 1610 1611 1572 
1646 1572 1611 1612 1573 
1647 1573 1612 1613 1574 
1648 1574 1613 1614 1575 
1649 1575 1614 1615 1576 
1650 1576 1615 1616 1577 
1651 1577 1616 1617 1578 
1652 1578 1617 1618 1579 
1653 1579 1618 1619 1580 
1654 1580 1619 1620 1581 
1655 1581 1620 1621 1582 
1656 1582 1621 1622 1583 
1657 1583 1622 1623 1584 
1658 1584 1623 1624 1585 
1659 1585 1624 1625 1586 
1660 1586 1625 1626 1587 
1661 1587 1626 1627 1588 
1662 1588 1627 1628 1589 
1663 1589 1628 1629 1590 
1664 1590 1629 1630 1591 
1665 1591 1630 1631 1592 
1666 1592 1631 1632 1593 
1667 1593 1632 1633 1594 
1668 1594 1633 1634 1595 
1669 1595 1634 1635 1596 
1670 1596 1635 1636 1597 
1671 1597 1636 1637 1598 
1672 1598 1637 1638 1599 
1673 1599 1638 1639 1600 
1674 1600 1639 1640 1601 
1675 1601 1640 1641 1602 
1676 1602 1641 1642 1603 
1677 1603 1642 1643 1604 
1678 1604 1643 1644 1605 
1679 1605 1644 1645 1606 
1680 1606 1645 207 208 
1681 39 40 1646 1607 
1682 1607 1646 1647 1608 
1683 1608 1647 1648 1609 
1684 1609 1648 1649 1610 
1685 1610 1649 1650 1611 
1686 1611 1650 1651 1612 
1687 1612 1651 1652 1613 
1688 1613 1652 1653 1614 
1689 1614 1653 1654 1615 
1690 1615 1654 1655 1616 
1691 1616 1655 1656 1617 
1692 1617 1656 1657 1618 
1693 1618 1657 1658 1619 
1694 1619 1658 1659 1620 
1695 1620 1659 1660 1621 
1696 1621 1660 1661 1622 
1697 1622 1661 1662 1623 
1698 1623 1662 1663 1624 
1699 1624 1663 1664 1625 
1700 1625 1664 1665 1626 
1701 1626 1665 1666 1627 
1702 1627 1666 1667 1628 
1703 1628 1667 1668 1629 
1704 1629 1668 1669 1630 
1705 1630 1669 1670 1631 
1706 1631 1670 1671 1632 
1707 1632 1671 1672 1633 
1708 1633 1672 1673 1634 
1709 1634 1673 1674 1635 
1710 1635 1674 1675 1636 
1711 1636 1675 1676 1637 
1712 1637 1676 1677 1638 
1713 1638 1677 1678 1639 
1714 1639 1678 1679 1640 
1715 1640 1679 1680 1641 
1716 1641 1680 1681 1642 
1717 1642 1681 1682 1643 
1718 1643 1682 1683 1644 
1719 1644 1683 1684 1645 
1720 1645 1684 206 207 
1721 40 41 1685 1646 
1722 1646 1685 1686 1647 
1723 1647 1686 1687 1648 
1724 1648 1687 1688 1649 
1725 1649 1688 1689 1650 
1726 1650 1689 1690 1651 
1727 1651 1690 1691 1652 
1728 1652 1691 1692 1653 
1729 1653 1692 1693 1654 
1730 1654 1693 1694 1655 
1731 1655 1694 1695 1656 
1732 1656 1695 1696 1657 
1733 1657 1696 1697 1658 
1734 1658 1697 1698 1659 
1735 1659 1698 1699 1660 
1736 1660 1699 1700 1661 
1737 1661 1700 1701 1662 
1738 1662 1701 1702 1663 
1739 1663 1702 1703 1664 
1740 1664 1703 1704 1665 
1741 1665 1704 1705 1666 
1742 1666 1705 1706 1667 
1743 1667 1706 1707 1668 
1744 1668 1707 1708 1669 
1745 1669 1708 1709 1670 
1746 1670 1709 1710 1671 
1747 1671 1710 1711 1672 
1748 1672 1711 1712 1673 
1749 1673 1712 1713 1674 
1750 1674 1713 1714 1675 
1751 1675 1714 1715 1676 
1752 1676 1715 1716 1677 
1753 1677 1716 1717 1678 
1754 1678 1717 1718 1679 
1755 1679 1718 1719 1680 
1756 1680 1719 1720 1681 
1757 1681 1720 1721 1682 
1758 1682 1721 1722 1683 
1759 1683 1722 1723 1684 
1760 1684 1723 205 206 
1761 41 42 1724 1685 
1762 1685 1724 1725 1686 
1763 1686 1725 1726 1687 
1764 1687 1726 1727 1688 
1765 1688 1727 1728 1689 
1766 1689 1728 1729 1690 
1767 1690 1729 1730 1691 
1768 1691 1730 1731 1692 
1769 1692 1731 1732 1693 
1770 1693 1732 1733 1694 
1771 1694 1733 1734 1695 
1772 1695 1734 1735 1696 
1773 1696 1735 1736 1697 
1774 1697 1736 1737 1698 
1775 1698 1737 1738 1699 
1776 1699 1738 1739 1700 
1777 1700 1739 1740 1701 
1778 1701 1740 1741 1702 
1779 1702 1741 1742 1703 
1780 1703 1742 1743 1704 
1781 1704 1743 1744 1705 
1782 1705 1744 1745 1706 
1783 1706 1745 1746 1707 
1784 1707 1746 1747 1708 
1785 1708 1747 1748 1709 
1786 1709 1748 1749 1710 
1787 1710 1749 1750 1711 
1788 1711 1750 1751 1712 
1789 1712 1751 1752 1713 
1790 1713 1752 1753 1714 
1791 1714 1753 1754 1715 
1792 1715 1754 1755 1716 
1793 1716 1755 1756 1717 
1794 1717 1756 1757 1718 
1795 1718 1757 1758 1719 
1796 1719 1758 1759 1720 
1797 1720 1759 1760 1721 
1798 1721 1760 1761 1722 
1799 1722 1761 1762 1723 
1800 1723 1762 204 205 
1801 42 43 1763 1724 
1802 1724 1763 1764 1725 
1803 1725 1764 1765 1726 
1804 1726 1765 1766 1727 
1805 1727 1766 1767 1728 
1806 1728 1767 1768 1729 
1807 1729 1768 1769 1730 
1808 1730 1769 1770 1731 
1809 1731 1770 1771 1732 
1810 1732 1771 1772 1733 
1811 1733 1772 1773 1734 
1812 1734 1773 1774 1735 
1813 1735 1774 1775 1736 
1814 1736 1775 1776 1737 
1815 1737 1776 1777 1738 
1816 1738 1777 1778 1739 
1817 1739 1778 1779 1740 
1818 1740 1779 1780 1741 
1819 1741 1780 1781 1742 
1820 1742 1781 1782 1743 
1821 1743 1782 1783 1744 
1822 1744 1783 1784 1745 
1823 1745 1784 1785 1746 
1824 1746 1785 1786 1747 
1825 1747 1786 1787 1748 
1826 1748 1787 1788 1749 
1827 1749 1788 1789 1750 
1828 1750 1789 1790 1751 
1829 1751 1790 1791 1752 
1830 1752 1791 1792 1753 
1831 1753 1792 1793 1754 
1832 1754 1793 1794 1755 
1833 1755 1794 1795 1756 
1834 1756 1795 1796 1757 
1835 1757 1796 1797 1758 
1836 1758 1797 1798 1759 
1837 1759 1798 1799 1760 
1838 1760 1799 1800 1761 
1839 1761 1800 1801 1762 
1840 1762 1801 203 204 
1841 43 44 1802 1763 
1842 1763 1802 1803 1764 
1843 1764 1803 1804 1765 
1844 1765 1804 1805 1766 
1845 1766 1805 1806 1767 
1846 1767 1806 1807 1768 
1847 1768 1807 1808 1769 
1848 1769 1808 1809 1770 
1849 1770 1809 1810 1771 
1850 1771 1810 1811 1772 
1851 1772 1811 1812 1773 
1852 1773 1812 1813 1774 
1853 1774 1813 1814 1775 
1854 1775 1814 1815 1776 
1855 1776 1815 1816 1777 
1856 1777 1816 1817 1778 
1857 1778 1817 1818 1779 
1858 1779 1818 1819 1780 
1859 1780 1819 1820 1781 
1860 1781 1820 1821 1782 
1861 1782 1821 1822 1783 
1862 1783 1822 1823 1784 
1863 1784 1823 1824 1785 
1864 1785 1824 1825 1786 
1865 1786 1825 1826 1787 
1866 1787 1826 1827 1788 
1867 1788 1827 1828 1789 
1868 1789 1828 1829 1790 
1869 1790 1829 1830 1791 
1870 1791 1830 1831 1792 
1871 1792 1831 1832 1793 
1872 1793 1832 1833 1794 
1873 1794 1833 1834 1795 
1874 1795 1834 1835 1796 
1875 1796 1835 1836 1797 
1876 1797 1836 1837 1798 
1877 1798 1837 1838 1799 
1878 1799 1838 1839 1800 
1879 1800 1839 1840 1801 
1880 1801 1840 202 203 
1881 44 45 1841 1802 
1882 1802 1841 1842 1803 
1883 1803 1842 1843 1804 
1884 1804 1843 1844 1805 
1885 1805 1844 1845 1806 
1886 1806 1845 1846 1807 
1887 1807 1846 1847 1808 
1888 1808 1847 1848 1809 
1889 1809 1848 1849 1810 
1890 1810 1849 1850 1811 
1891 1811 1850 1851 1812 
1892 1812 1851 1852 1813 
1893 1813 1852 1853 1814 
1894 1814 1853 1854 1815 
1895 1815 1854 1855 1816 
1896 1816 1855 1856 1817 
1897 1817 1856 1857 1818 
1898 1818 1857 1858 1819 
1899 1819 1858 1859 1820 
1900 1820 1859 1860 1821 
1901 1821 1860 1861 1822 
1902 1822 1861 1862 1823 
1903 1823 1862 1863 1824 
1904 1824 1863 1864 1825 
1905 1825 1864 1865 1826 
1906 1826 1865 1866 1827 
1907 1827 1866 1867 1828 
1908 1828 1867 1868 1829 
1909 1829 1868 1869 1830 
1910 1830 1869 1870 1831 
1911 1831 1870 1871 1832 
1912 1832 1871 1872 1833 
1913 1833 1872 1873 1834 
1914 1834 1873 1874 1835 
1915 1835 1874 1875 1836 
1916 1836 1875 1876 1837 
1917 1837 1876 1877 1838 
1918 1838 1877 1878 1839 
1919 1839 1878 1879 1840 
1920 1840 1879 201 202 
1921 45 46 1880 1841 
1922 1841 1880 1881 1842 
1923 1842 1881 1882 1843 
1924 1843 1882 1883 1844 
1925 1844 1883 1884 1845 
1926 1845 1884 1885 1846 
1927 1846 1885 1886 1847 
1928 1847 1886 1887 1848 
1929 1848 1887 1888 1849 
1930 1849 1888 1889 1850 
1931 1850 1889 1890 1851 
1932 1851 1890 1891 1852 
1933 1852 1891 1892 1853 
1934 1853 1892 1893 1854 
1935 1854 1893 1894 1855 
1936 1855 1894 1895 1856 
1937 1856 1895 1896 1857 
1938 1857 1896 1897 1858 
1939 1858 1897 1898 1859 
1940 1859 1898 1899 1860 
1941 1860 1899 1900 1861 
1942 1861 1900 1901 1862 
1943 1862 1901 1902 1863 
1944 1863 1902 1903 1864 
1945 1864 1903 1904 1865 
1946 1865 1904 1905 1866 
1947 1866 1905 1906 1867 
1948 1867 1906 1907 1868 
1949 1868 1907 1908 1869 
1950 1869 1908 1909 1870 
1951 1870 1909 1910 1871 
1952 1871 1910 1911 1872 
1953 1872 1911 1912 1873 
1954 1873 1912 1913 1874 
1955 1874 1913 1914 1875 
1956 1875 1914 1915 1876 
1957 1876 1915 1916 1877 
1958 1877 1916 1917 1878 
1959 1878 1917 1918 1879 
1960 1879 1918 200 201 
1961 46 47 1919 1880 
1962 1880 1919 1920 1881 
1963 1881 1920 1921 1882 
1964 1882 1921 1922 1883 
1965 1883 1922 1923 1884 
1966 1884 1923 1924 1885 
1967 1885 1924 1925 1886 
1968 1886 1925 1926 1887 
1969 1887 1926 1927 1888 
1970 1888 1927 1928 1889 
1971 1889 1928 1929 1890 
1972 1890 1929 1930 1891 
1973 1891 1930 1931 1892 
1974 1892 1931 1932 1893 
1975 1893 1932 1933 1894 
1976 1894 1933 1934 1895 
1977 1895 1934 1935 1896 
1978 1896 1935 1936 1897 
1979 1897 1936 1937 1898 
1980 1898 1937 1938 1899 
1981 1899 1938 1939 1900 
1982 1900 1939 1940 1901 
1983 1901 1940 1941 1902 
1984 1902 1941 1942 1903 
1985 1903 1942 1943 1904 
1986 1904 1943 1944 1905 
1987 1905 1944 1945 1906 
1988 1906 1945 1946 1907 
1989 1907 1946 1947 1908 
1990 1908 1947 1948 1909 
1991 1909 1948 1949 1910 
1992 1910 1949 1950 1911 
1993 1911 1950 1951 1912 
1994 1912 1951 1952 1913 
1995 1913 1952 1953 1914 
1996 1914 1953 1954 1915 
1997 1915 1954 1955 1916 
1998 1916 1955 1956 1917 
1999 1917 1956 1957 1918 
2000 1918 1957 199 200 
2001 47 48 1958 1919 
2002 1919 1958 1959 1920 
2003 1920 1959 1960 1921 
2004 1921 1960 1961 1922 
2005 1922 1961 1962 1923 
2006 1923 1962 1963 1924 
2007 1924 1963 1964 1925 
2008 1925 1964 1965 1926 
2009 1926 1965 1966 1927 
2010 1927 1966 1967 1928 
2011 1928 1967 1968 1929 
2012 1929 1968 1969 1930 
2013 1930 1969 1970 1931 
2014 1931 1970 1971 1932 
2015 1932 1971 1972 1933 
2016 1933 1972 1973 1934 
2017 1934 1973 1974 1935 
2018 1935 1974 1975 1936 
2019 1936 1975 1976 1937 
2020 1937 1976 1977 1938 
2021 1938 1977 1978 1939 
2022 1939 1978 1979 1940 
2023 1940 1979 1980 1941 
2024 1941 1980 1981 1942 
2025 1942 1981 1982 1943 
2026 1943 1982 1983 1944 
2027 1944 1983 1984 1945 
2028 1945 1984 1985 1946 
2029 1946 1985 1986 1947 
2030 1947 1986 1987 1948 
2031 1948 1987 1988 1949 
2032 1949 1988 1989 1950 
2033 1950 1989 1990 1951 
2034 1951 1990 1991 1952 
2035 1952 1991 1992 1953 
2036 1953 1992 1993 1954 
2037 1954 1993 1994 1955 
2038 1955 1994 1995 1956 
2039 1956 1995 1996 1957 
2040 1957 1996 198 199 
2041 48 49 1997 1958 
2042 1958 1997 1998 1959 
2043 1959 1998 1999 1960 
2044 1960 1999 2000 1961 
2045 1961 2000 2001 1962 
2046 1962 2001 2002 1963 
2047 1963 2002 2003 1964 
2048 1964 2003 2004 1965 
2049 1965 2004 2005 1966 
2050 1966 2005 2006 1967 
2051 1967 2006 2007 1968 
2052 1968 2007 2008 1969 
2053 1969 2008 2009 1970 
2054 1970 2009 2010 1971 
2055 1971 2010 2011 1972 
2056 1972 2011 2012 1973 
2057 1973 2012 2013 1974 
2058 1974 2013 2014 1975 
2059 1975 2014 2015 1976 
2060 1976 2015 2016 1977 
2061 1977 2016 2017 1978 
2062 1978 2017 2018 1979 
2063 1979 2018 2019 1980 
2064 1980 2019 2020 1981 
2065 1981 2020 2021 1982 
2066 1982 2021 2022 1983 
2067 1983 2022 2023 1984 
2068 1984 2023 2024 1985 
2069 1985 2024 2025 1986 
2070 1986 2025 2026 1987 
2071 1987 2026 2027 1988 
2072 1988 2027 2028 1989 
2073 1989 2028 2029 1990 
2074 1990 2029 2030 1991 
2075 1991 2030 2031 1992 
2076 1992 2031 2032 1993 
2077 1993 2032 2033 1994 
2078 1994 2033 2034 1995 
2079 1995 2034 2035 1996 
2080 1996 2035 197 198 
2081 49 50 2036 1997 
2082 1997 2036 2037 1998 
2083 1998 2037 2038 1999 
2084 1999 2038 2039 2000 
2085 2000 2039 2040 2001 
2086 2001 2040 2041 2002 
2087 2002 2041 2042 2003 
2088 2003 2042 2043 2004 
2089 2004 2043 2044 2005 
2090 2005 2044 2045 2006 
2091 2006 2045 2046 2007 
2092 2007 2046 2047 2008 
2093 2008 2047 2048 2009 
2094 2009 2048 2049 2010 
2095 2010 2049 2050 2011 
2096 2011 2050 2051 2012 
2097 2012 2051 2052 2013 
2098 2013 2052 2053 2014 
2099 2014 2053 2054 2015 
2100 2015 2054 2055 2016 
2101 2016 2055 2056 2017 
2102 2017 2056 2057 2018 
2103 2018 2057 2058 2019 
2104 2019 2058 2059 2020 
2105 2020 2059 2060 2021 
2106 2021 2060 2061 2022 
2107 2022 2061 2062 2023 
2108 2023 2062 2063 2024 
2109 2024 2063 2064 2025 
2110 2025 2064 2065 2026 
2111 2026 2065 2066 2027 
2112 2027 2066 2067 2028 
2113 2028 2067 2068 2029 
2114 2029 2068 2069 2030 
2115 2030 2069 2070 2031 
2116 2031 2070 2071 2032 
2117 2032 2071 2072 2033 
2118 2033 2072 2073 2034 
2119 2034 2073 2074 2035 
2120 2035 2074 196 197 
2121 50 51 2075 2036 
2122 2036 2075 2076 2037 
2123 2037 2076 2077 2038 
2124 2038 2077 2078 2039 
2125 2039 2078 2079 2040 
2126 2040 2079 2080 2041 
2127 2041 2080 2081 2042 
2128 2042 2081 2082 2043 
2129 2043 2082 2083 2044 
2130 2044 2083 2084 2045 
2131 2045 2084 2085 2046 
2132 2046 2085 2086 2047 
2133 2047 2086 2087 2048 
2134 2048 2087 2088 2049 
2135 2049 2088 2089 2050 
2136 2050 2089 2090 2051 
2137 2051 2090 2091 2052 
2138 2052 2091 2092 2053 
2139 2053 2092 2093 2054 
2140 2054 2093 2094 2055 
2141 2055 2094 2095 2056 
2142 2056 2095 2096 2057 
2143 2057 2096 2097 2058 
2144 2058 2097 2098 2059 
2145 2059 2098 2099 2060 
2146 2060 2099 2100 2061 
2147 2061 2100 2101 2062 
2148 2062 2101 2102 2063 
2149 2063 2102 2103 2064 
2150 2064 2103 2104 2065 
2151 2065 2104 2105 2066 
2152 2066 2105 2106 2067 
2153 2067 2106 2107 2068 
2154 2068 2107 2108 2069 
2155 2069 2108 2109 2070 
2156 2070 2109 2110 2071 
2157 2071 2110 2111 2072 
2158 2072 2111 2112 2073 
2159 2073 2112 2113 2074 
2160 2074 2113 195 196 
2161 51 52 2114 2075 
2162 2075 2114 2115 2076 
2163 2076 2115 2116 2077 
2164 2077 2116 2117 2078 
2165 2078 2117 2118 2079 
2166 2079 2118 2119 2080 
2167 2080 2119 2120 2081 
2168 2081 2120 2121 2082 
2169 2082 2121 2122 2083 
2170 2083 2122 2123 2084 
2171 2084 2123 2124 2085 
2172 2085 2124 2125 2086 
2173 2086 2125 2126 2087 
2174 2087 2126 2127 2088 
2175 2088 2127 2128 2089 
2176 2089 2128 2129 2090 
2177 2090 2129 2130 2091 
2178 2091 2130 2131 2092 
2179 2092 2131 2132 2093 
2180 2093 2132 2133 2094 
2181 2094 2133 2134 2095 
2182 2095 2134 2135 2096 
2183 2096 2135 2136 2097 
2184 2097 2136 2137 2098 
2185 2098 2137 2138 2099 
2186 2099 2138 2139 2100 
2187 2100 2139 2140 2101 
2188 2101 2140 2141 2102 
2189 2102 2141 2142 2103 
2190 2103 2142 2143 2104 
2191 2104 2143 2144 2105 
2192 2105 2144 2145 2106 
2193 2106 2145 2146 2107 
2194 2107 2146 2147 2108 
2195 2108 2147 2148 2109 
2196 2109 2148 2149 2110 
2197 2110 2149 2150 2111 
2198 2111 2150 2151 2112 
2199 2112 2151 2152 2113 
2200 2113 2152 194 195 
2201 52 53 2153 2114 
2202 2114 2153 2154 2115 
2203 2115 2154 2155 2116 
2204 2116 2155 2156 2117 
2205 2117 2156 2157 2118 
2206 2118 2157 2158 2119 
2207 2119 2158 2159 2120 
2208 2120 2159 2160 2121 
2209 2121 2160 2161 2122 
2210 2122 2161 2162 2123 
2211 2123 2162 2163 2124 
2212 2124 2163 2164 2125 
2213 2125 2164 2165 2126 
2214 2126 2165 2166 2127 
2215 2127 2166 2167 2128 
2216 2128 2167 2168 2129 
2217 2129 2168 2169 2130 
2218 2130 2169 2170 2131 
2219 2131 2170 2171 2132 
2220 2132 2171 2172 2133 
2221 2133 2172 2173 2134 
2222 2134 2173 2174 2135 
2223 2135 2174 2175 2136 
2224 2136 2175 2176 2137 
2225 2137 2176 2177 2138 
2226 2138 2177 2178 2139 
2227 2139 2178 2179 2140 
2228 2140 2179 2180 2141 
2229 2141 2180 2181 2142 
2230 2142 2181 2182 2143 
2231 2143 2182 2183 2144 
2232 2144 2183 2184 2145 
2233 2145 2184 2185 2146 
2234 2146 2185 2186 2147 
2235 2147 2186 2187 2148 
2236 2148 2187 2188 2149 
2237 2149 2188 2189 2150 
2238 2150 2189 2190 2151 
2239 2151 2190 2191 2152 
2240 2152 2191 193 194 
2241 53 54 2192 2153 
2242 2153 2192 2193 2154 
2243 2154 2193 2194 2155 
2244 2155 2194 2195 2156 
2245 2156 2195 2196 2157 
2246 2157 2196 2197 2158 
2247 2158 2197 2198 2159 
2248 2159 2198 2199 2160 
2249 2160 2199 2200 2161 
2250 2161 2200 2201 2162 
2251 2162 2201 2202 2163 
2252 2163 2202 2203 2164 
2253 2164 2203 2204 2165 
2254 2165 2204 2205 2166 
2255 2166 2205 2206 2167 
2256 2167 2206 2207 2168 
2257 2168 2207 2208 2169 
2258 2169 2208 2209 2170 
2259 2170 2209 2210 2171 
2260 2171 2210 2211 2172 
2261 2172 2211 2212 2173 
2262 2173 2212 2213 2174 
2263 2174 2213 2214 2175 
2264 2175 2214 2215 2176 
2265 2176 2215 2216 2177 
2266 2177 2216 2217 2178 
2267 2178 2217 2218 2179 
2268 2179 2218 2219 2180 
2269 2180 2219 2220 2181 
2270 2181 2220 2221 2182 
2271 2182 2221 2222 2183 
2272 2183 2222 2223 2184 
2273 2184 2223 2224 2185 
2274 2185 2224 2225 2186 
2275 2186 2225 2226 2187 
2276 2187 2226 2227 2188 
2277 2188 2227 2228 2189 
2278 2189 2228 2229 2190 
2279 2190 2229 2230 2191 
2280 2191 2230 192 193 
2281 54 55 2231 2192 
2282 2192 2231 2232 2193 
2283 2193 2232 2233 2194 
2284 2194 2233 2234 2195 
2285 2195 2234 2235 2196 
2286 2196 2235 2236 2197 
2287 2197 2236 2237 2198 
2288 2198 2237 2238 2199 
2289 2199 2238 2239 2200 
2290 2200 2239 2240 2201 
2291 2201 2240 2241 2202 
2292 2202 2241 2242 2203 
2293 2203 2242 2243 2204 
2294 2204 2243 2244 2205 
2295 2205 2244 2245 2206 
2296 2206 2245 2246 2207 
2297 2207 2246 2247 2208 
2298 2208 2247 2248 2209 
2299 2209 2248 2249 2210 
2300 2210 2249 2250 2211 
2301 2211 2250 2251 2212 
2302 2212 2251 2252 2213 
2303 2213 2252 2253 2214 
2304 2214 2253 2254 2215 
2305 2215 2254 2255 2216 
2306 2216 2255 2256 2217 
2307 2217 2256 2257 2218 
2308 2218 2257 2258 2219 
2309 2219 2258 2259 2220 
2310 2220 2259 2260 2221 
2311 2221 2260 2261 2222 
2312 2222 2261 2262 2223 
2313 2223 2262 2263 2224 
2314 2224 2263 2264 2225 
2315 2225 2264 2265 2226 
2316 2226 2265 2266 2227 
2317 2227 2266 2267 2228 
2318 2228 2267 2268 2229 
2319 2229 2268 2269 2230 
2320 2230 2269 191 192 
2321 55 56 2270 2231 
2322 2231 2270 2271 2232 
2323 2232 2271 2272 2233 
2324 2233 2272 2273 2234 
2325 2234 2273 2274 2235 
2326 2235 2274 2275 2236 
2327 2236 2275 2276 2237 
2328 2237 2276 2277 2238 
2329 2238 2277 2278 2239 
2330 2239 2278 2279 2240 
2331 2240 2279 2280 2241 
2332 2241 2280 2281 2242 
2333 2242 2281 2282 2243 
2334 2243 2282 2283 2244 
2335 2244 2283 2284 2245 
2336 2245 2284 2285 2246 
2337 2246 2285 2286 2247 
2338 2247 2286 2287 2248 
2339 2248 2287 2288 2249 
2340 2249 2288 2289 2250 
2341 2250 2289 2290 2251 
2342 2251 2290 2291 2252 
2343 2252 2291 2292 2253 
2344 2253 2292 2293 2254 
2345 2254 2293 2294 2255 
2346 2255 2294 2295 2256 
2347 2256 2295 2296 2257 
2348 2257 2296 2297 2258 
2349 2258 2297 2298 2259 
2350 2259 2298 2299 2260 
2351 2260 2299 2300 2261 
2352 2261 2300 2301 2262 
2353 2262 2301 2302 2263 
2354 2263 2302 2303 2264 
2355 2264 2303 2304 2265 
2356 2265 2304 2305 2266 
2357 2266 2305 2306 2267 
2358 2267 2306 2307 2268 
2359 2268 2307 2308 2269 
2360 2269 2308 190 191 
2361 56 57 2309 2270 
2362 2270 2309 2310 2271 
2363 2271 2310 2311 2272 
2364 2272 2311 2312 2273 
2365 2273 2312 2313 2274 
2366 2274 2313 2314 2275 
2367 2275 2314 2315 2276 
2368 2276 2315 2316 2277 
2369 2277 2316 2317 2278 
2370 2278 2317 2318 2279 
2371 2279 2318 2319 2280 
2372 2280 2319 2320 2281 
2373 2281 2320 2321 2282 
2374 2282 2321 2322 2283 
2375 2283 2322 2323 2284 
2376 2284 2323 2324 2285 
2377 2285 2324 2325 2286 
2378 2286 2325 2326 2287 
2379 2287 2326 2327 2288 
2380 2288 2327 2328 2289 
2381 2289 2328 2329 2290 
2382 2290 2329 2330 2291 
2383 2291 2330 2331 2292 
2384 2292 2331 2332 2293 
2385 2293 2332 2333 2294 
2386 2294 2333 2334 2295 
2387 2295 2334 2335 2296 
2388 2296 2335 2336 2297 
2389 2297 2336 2337 2298 
2390 2298 2337 2338 2299 
2391 2299 2338 2339 2300 
2392 2300 2339 2340 2301 
2393 2301 2340 2341 2302 
2394 2302 2341 2342 2303 
2395 2303 2342 2343 2304 
2396 2304 2343 2344 2305 
2397 2305 2344 2345 2306 
2398 2306 2345 2346 2307 
2399 2307 2346 2347 2308 
2400 2308 2347 189 190 
2401 57 58 2348 2309 
2402 2309 2348 2349 2310 
2403 2310 2349 2350 2311 
2404 2311 2350 2351 2312 
2405 2312 2351 2352 2313 
2406 2313 2352 2353 2314 
2407 2314 2353 2354 2315 
2408 2315 2354 2355 2316 
2409 2316 2355 2356 2317 
2410 2317 2356 2357 2318 
2411 2318 2357 2358 2319 
2412 2319 2358 2359 2320 
2413 2320 2359 2360 2321 
2414 2321 2360 2361 2322 
2415 2322 2361 2362 2323 
2416 2323 2362 2363 2324 
2417 2324 2363 2364 2325 
2418 2325 2364 2365 2326 
2419 2326 2365 2366 2327 
2420 2327 2366 2367 2328 
2421 2328 2367 2368 2329 
2422 2329 2368 2369 2330 
2423 2330 2369 2370 2331 
2424 2331 2370 2371 2332 
2425 2332 2371 2372 2333 
2426 2333 2372 2373 2334 
2427 2334 2373 2374 2335 
2428 2335 2374 2375 2336 
2429 2336 2375 2376 2337 
2430 2337 2376 2377 2338 
2431 2338 2377 2378 2339 
2432 2339 2378 2379 2340 
2433 2340 2379 2380 2341 
2434 2341 2380 2381 2342 
2435 2342 2381 2382 2343 
2436 2343 2382 2383 2344 
2437 2344 2383 2384 2345 
2438 2345 2384 2385 2346 
2439 2346 2385 2386 2347 
2440 2347 2386 188 189 
2441 58 59 2387 2348 
2442 2348 2387 2388 2349 
2443 2349 2388 2389 2350 
2444 2350 2389 2390 2351 
2445 2351 2390 2391 2352 
2446 2352 2391 2392 2353 
2447 2353 2392 2393 2354 
2448 2354 2393 2394 2355 
2449 2355 2394 2395 2356 
2450 2356 2395 2396 2357 
2451 2357 2396 2397 2358 
2452 2358 2397 2398 2359 
2453 2359 2398 2399 2360 
2454 2360 2399 2400 2361 
2455 2361 2400 2401 2362 
2456 2362 2401 2402 2363 
2457 2363 2402 2403 2364 
2458 2364 2403 2404 2365 
2459 2365 2404 2405 2366 
2460 2366 2405 2406 2367 
2461 2367 2406 2407 2368 
2462 2368 2407 2408 2369 
2463 2369 2408 2409 2370 
2464 2370 2409 2410 2371 
2465 2371 2410 2411 2372 
2466 2372 2411 2412 2373 
2467 2373 2412 2413 2374 
2468 2374 2413 2414 2375 
2469 2375 2414 2415 2376 
2470 2376 2415 2416 2377 
2471 2377 2416 2417 2378 
2472 2378 2417 2418 2379 
2473 2379 2418 2419 2380 
2474 2380 2419 2420 2381 
2475 2381 2420 2421 2382 
2476 2382 2421 2422 2383 
2477 2383 2422 2423 2384 
2478 2384 2423 2424 2385 
2479 2385 2424 2425 2386 
2480 2386 2425 187 188 
2481 59 60 2426 2387 
2482 2387 2426 2427 2388 
2483 2388 2427 2428 2389 
2484 2389 2428 2429 2390 
2485 2390 2429 2430 2391 
2486 2391 2430 2431 2392 
2487 2392 2431 2432 2393 
2488 2393 2432 2433 2394 
2489 2394 2433 2434 2395 
2490 2395 2434 2435 2396 
2491 2396 2435 2436 2397 
2492 2397 2436 2437 2398 
2493 2398 2437 2438 2399 
2494 2399 2438 2439 2400 
2495 2400 2439 2440 2401 
2496 2401 2440 2441 2402 
2497 2402 2441 2442 2403 
2498 2403 2442 2443 2404 
2499 2404 2443 2444 2405 
2500 2405 2444 2445 2406 
2501 2406 2445 2446 2407 
2502 2407 2446 2447 2408 
2503 2408 2447 2448 2409 
2504 2409 2448 2449 2410 
2505 2410 2449 2450 2411 
2506 2411 2450 2451 2412 
2507 2412 2451 2452 2413 
2508 2413 2452 2453 2414 
2509 2414 2453 2454 2415 
2510 2415 2454 2455 2416 
2511 2416 2455 2456 2417 
2512 2417 2456 2457 2418 
2513 2418 2457 2458 2419 
2514 2419 2458 2459 2420 
2515 2420 2459 2460 2421 
2516 2421 2460 2461 2422 
2517 2422 2461 2462 2423 
2518 2423 2462 2463 2424 
2519 2424 2463 2464 2425 
2520 2425 2464 186 187 
2521 60 61 2465 2426 
2522 2426 2465 2466 2427 
2523 2427 2466 2467 2428 
2524 2428 2467 2468 2429 
2525 2429 2468 2469 2430 
2526 2430 2469 2470 2431 
2527 2431 2470 2471 2432 
2528 2432 2471 2472 2433 
2529 2433 2472 2473 2434 
2530 2434 2473 2474 2435 
2531 2435 2474 2475 2436 
2532 2436 2475 2476 2437 
2533 2437 2476 2477 2438 
2534 2438 2477 2478 2439 
2535 2439 2478 2479 2440 
2536 2440 2479 2480 2441 
2537 2441 2480 2481 2442 
2538 2442 2481 2482 2443 
2539 2443 2482 2483 2444 
2540 2444 2483 2484 2445 
2541 2445 2484 2485 2446 
2542 2446 2485 2486 2447 
2543 2447 2486 2487 2448 
2544 2448 2487 2488 2449 
2545 2449 2488 2489 2450 
2546 2450 2489 2490 2451 
2547 2451 2490 2491 2452 
2548 2452 2491 2492 2453 
2549 2453 2492 2493 2454 
2550 2454 2493 2494 2455 
2551 2455 2494 2495 2456 
2552 2456 2495 2496 2457 
2553 2457 2496 2497 2458 
2554 2458 2497 2498 2459 
2555 2459 2498 2499 2460 
2556 2460 2499 2500 2461 
2557 2461 2500 2501 2462 
2558 2462 2501 2502 2463 
2559 2463 2502 2503 2464 
2560 2464 2503 185 186 
2561 61 62 2504 2465 
2562 2465 2504 2505 2466 
2563 2466 2505 2506 2467 
2564 2467 2506 2507 2468 
2565 2468 2507 2508 2469 
2566 2469 2508 2509 2470 
2567 2470 2509 2510 2471 
2568 2471 2510 2511 2472 
2569 2472 2511 2512 2473 
2570 2473 2512 2513 2474 
2571 2474 2513 2514 2475 
2572 2475 2514 2515 2476 
2573 2476 2515 2516 2477 
2574 2477 2516 2517 2478 
2575 2478 2517 2518 2479 
2576 2479 2518 2519 2480 
2577 2480 2519 2520 2481 
2578 2481 2520 2521 2482 
2579 2482 2521 2522 2483 
2580 2483 2522 2523 2484 
2581 2484 2523 2524 2485 
2582 2485 2524 2525 2486 
2583 2486 2525 2526 2487 
2584 2487 2526 2527 2488 
2585 2488 2527 2528 2489 
2586 2489 2528 2529 2490 
2587 2490 2529 2530 2491 
2588 2491 2530 2531 2492 
2589 2492 2531 2532 2493 
2590 2493 2532 2533 2494 
2591 2494 2533 2534 2495 
2592 2495 2534 2535 2496 
2593 2496 2535 2536 2497 
2594 2497 2536 2537 2498 
2595 2498 2537 2538 2499 
2596 2499 2538 2539 2500 
2597 2500 2539 2540 2501 
2598 2501 2540 2541 2502 
2599 2502 2541 2542 2503 
2600 2503 2542 184 185 
2601 62 63 2543 2504 
2602 2504 2543 2544 2505 
2603 2505 2544 2545 2506 
2604 2506 2545 2546 2507 
2605 2507 2546 2547 2508 
2606 2508 2547 2548 2509 
2607 2509 2548 2549 2510 
2608 2510 2549 2550 2511 
2609 2511 2550 2551 2512 
2610 2512 2551 2552 2513 
2611 2513 2552 2553 2514 
2612 2514 2553 2554 2515 
2613 2515 2554 2555 2516 
2614 2516 2555 2556 2517 
2615 2517 2556 2557 2518 
2616 2518 2557 2558 2519 
2617 2519 2558 2559 2520 
2618 2520 2559 2560 2521 
2619 2521 2560 2561 2522 
2620 2522 2561 2562 2523 
2621 2523 2562 2563 2524 
2622 2524 2563 2564 2525 
2623 2525 2564 2565 2526 
2624 2526 2565 2566 2527 
2625 2527 2566 2567 2528 
2626 2528 2567 2568 2529 
2627 2529 2568 2569 2530 
2628 2530 2569 2570 2531 
2629 2531 2570 2571 2532 
2630 2532 2571 2572 2533 
2631 2533 2572 2573 2534 
2632 2534 2573 2574 2535 
2633 2535 2574 2575 2536 
2634 2536 2575 2576 2537 
2635 2537 2576 2577 2538 
2636 2538 2577 2578 2539 
2637 2539 2578 2579 2540 
2638 2540 2579 2580 2541 
2639 2541 2580 2581 2542 
2640 2542 2581 183 184 
2641 63 64 2582 2543 
2642 2543 2582 2583 2544 
2643 2544 2583 2584 2545 
2644 2545 2584 2585 2546 
2645 2546 2585 2586 2547 
2646 2547 2586 2587 2548 
2647 2548 2587 2588 2549 
2648 2549 2588 2589 2550 
2649 2550 2589 2590 2551 
2650 2551 2590 2591 2552 
2651 2552 2591 2592 2553 
2652 2553 2592 2593 2554 
2653 2554 2593 2594 2555 
2654 2555 2594 2595 2556 
2655 2556 2595 2596 2557 
2656 2557 2596 2597 2558 
2657 2558 2597 2598 2559 
2658 2559 2598 2599 2560 
2659 2560 2599 2600 2561 
2660 2561 2600 2601 2562 
2661 2562 2601 2602 2563 
2662 2563 2602 2603 2564 
2663 2564 2603 2604 2565 
2664 2565 2604 2605 2566 
2665 2566 2605 2606 2567 
2666 2567 2606 2607 2568 
2667 2568 2607 2608 2569 
2668 2569 2608 2609 2570 
2669 2570 2609 2610 2571 
2670 2571 2610 2611 2572 
2671 2572 2611 2612 2573 
2672 2573 2612 2613 2574 
2673 2574 2613 2614 2575 
2674 2575 2614 2615 2576 
2675 2576 2615 2616 2577 
2676 2577 2616 2617 2578 
2677 2578 2617 2618 2579 
2678 2579 2618 2619 2580 
2679 2580 2619 2620 2581 
2680 2581 2620 182 183 
2681 64 65 2621 2582 
2682 2582 2621 2622 2583 
2683 2583 2622 2623 2584 
2684 2584 2623 2624 2585 
2685 2585 2624 2625 2586 
2686 2586 2625 2626 2587 
2687 2587 2626 2627 2588 
2688 2588 2627 2628 2589 
2689 2589 2628 2629 2590 
2690 2590 2629 2630 2591 
2691 2591 2630 2631 2592 
2692 2592 2631 2632 2593 
2693 2593 2632 2633 2594 
2694 2594 2633 2634 2595 
2695 2595 2634 2635 2596 
2696 2596 2635 2636 2597 
2697 2597 2636 2637 2598 
2698 2598 2637 2638 2599 
2699 2599 2638 2639 2600 
2700 2600 2639 2640 2601 
2701 2601 2640 2641 2602 
2702 2602 2641 2642 2603 
2703 2603 2642 2643 2604 
2704 2604 2643 2644 2605 
2705 2605 2644 2645 2606 
2706 2606 2645 2646 2607 
2707 2607 2646 2647 2608 
2708 2608 2647 2648 2609 
2709 2609 2648 2649 2610 
2710 2610 2649 2650 2611 
2711 2611 2650 2651 2612 
2712 2612 2651 2652 2613 
2713 2613 2652 2653 2614 
2714 2614 2653 2654 2615 
2715 2615 2654 2655 2616 
2716 2616 2655 2656 2617 
2717 2617 2656 2657 2618 
2718 2618 2657 2658 2619 
2719 2619 2658 2659 2620 
2720 2620 2659 181 182 
2721 65 66 2660 2621 
2722 2621 2660 2661 2622 
2723 2622 2661 2662 2623 
2724 2623 2662 2663 2624 
2725 2624 2663 2664 2625 
2726 2625 2664 2665 2626 
2727 2626 2665 2666 2627 
2728 2627 2666 2667 2628 
2729 2628 2667 2668 2629 
2730 2629 2668 2669 2630 
2731 2630 2669 2670 2631 
2732 2631 2670 2671 2632 
2733 2632 2671 2672 2633 
2734 2633 2672 2673 2634 
2735 2634 2673 2674 2635 
2736 2635 2674 2675 2636 
2737 2636 2675 2676 2637 
2738 2637 2676 2677 2638 
2739 2638 2677 2678 2639 
2740 2639 2678 2679 2640 
2741 2640 2679 2680 2641 
2742 2641 2680 2681 2642 
2743 2642 2681 2682 2643 
2744 2643 2682 2683 2644 
2745 2644 2683 2684 2645 
2746 2645 2684 2685 2646 
2747 2646 2685 2686 2647 
2748 2647 2686 2687 2648 
2749 2648 2687 2688 2649 
2750 2649 2688 2689 2650 
2751 2650 2689 2690 2651 
2752 2651 2690 2691 2652 
2753 2652 2691 2692 2653 
2754 2653 2692 2693 2654 
2755 2654 2693 2694 2655 
2756 2655 2694 2695 2656 
2757 2656 2695 2696 2657 
2758 2657 2696 2697 2658 
2759 2658 2697 2698 2659 
2760 2659 2698 180 181 
2761 66 67 2699 2660 
2762 2660 2699 2700 2661 
2763 2661 2700 2701 2662 
2764 2662 2701 2702 2663 
2765 2663 2702 2703 2664 
2766 2664 2703 2704 2665 
2767 2665 2704 2705 2666 
2768 2666 2705 2706 2667 
2769 2667 2706 2707 2668 
2770 2668 2707 2708 2669 
2771 2669 2708 2709 2670 
2772 2670 2709 2710 2671 
2773 2671 2710 2711 2672 
2774 2672 2711 2712 2673 
2775 2673 2712 2713 2674 
2776 2674 2713 2714 2675 
2777 2675 2714 2715 2676 
2778 2676 2715 2716 2677 
2779 2677 2716 2717 2678 
2780 2678 2717 2718 2679 
2781 2679 2718 2719 2680 
2782 2680 2719 2720 2681 
2783 2681 2720 2721 2682 
2784 2682 2721 2722 2683 
2785 2683 2722 2723 2684 
2786 2684 2723 2724 2685 
2787 2685 2724 2725 2686 
2788 2686 2725 2726 2687 
2789 2687 2726 2727 2688 
2790 2688 2727 2728 2689 
2791 2689 2728 2729 2690 
2792 2690 2729 2730 2691 
2793 2691 2730 2731 2692 
2794 2692 2731 2732 2693 
2795 2693 2732 2733 2694 
2796 2694 2733 2734 2695 
2797 2695 2734 2735 2696 
2798 2696 2735 2736 2697 
2799 2697 2736 2737 2698 
2800 2698 2737 179 180 
2801 67 68 2738 2699 
2802 2699 2738 2739 2700 
2803 2700 2739 2740 2701 
2804 2701 2740 2741 2702 
2805 2702 2741 2742 2703 
2806 2703 2742 2743 2704 
2807 2704 2743 2744 2705 
2808 2705 2744 2745 2706 
2809 2706 2745 2746 2707 
2810 2707 2746 2747 2708 
2811 2708 2747 2748 2709 
2812 2709 2748 2749 2710 
2813 2710 2749 2750 2711 
2814 2711 2750 2751 2712 
2815 2712 2751 2752 2713 
2816 2713 2752 2753 2714 
2817 2714 2753 2754 2715 
2818 2715 2754 2755 2716 
2819 2716 2755 2756 2717 
2820 2717 2756 2757 2718 
2821 2718 2757 2758 2719 
2822 2719 2758 2759 2720 
2823 2720 2759 2760 2721 
2824 2721 2760 2761 2722 
2825 2722 2761 2762 2723 
2826 2723 2762 2763 2724 
2827 2724 2763 2764 2725 
2828 2725 2764 2765 2726 
2829 2726 2765 2766 2727 
2830 2727 2766 2767 2728 
2831 2728 2767 2768 2729 
2832 2729 2768 2769 2730 
2833 2730 2769 2770 2731 
2834 2731 2770 2771 2732 
2835 2732 2771 2772 2733 
2836 2733 2772 2773 2734 
2837 2734 2773 2774 2735 
2838 2735 2774 2775 2736 
2839 2736 2775 2776 2737 
2840 2737 2776 178 179 
2841 68 69 2777 2738 
2842 2738 2777 2778 2739 
2843 2739 2778 2779 2740 
2844 2740 2779 2780 2741 
2845 2741 2780 2781 2742 
2846 2742 2781 2782 2743 
2847 2743 2782 2783 2744 
2848 2744 2783 2784 2745 
2849 2745 2784 2785 2746 
2850 2746 2785 2786 2747 
2851 2747 2786 2787 2748 
2852 2748 2787 2788 2749 
2853 2749 2788 2789 2750 
2854 2750 2789 2790 2751 
2855 2751 2790 2791 2752 
2856 2752 2791 2792 2753 
2857 2753 2792 2793 2754 
2858 2754 2793 2794 2755 
2859 2755 2794 2795 2756 
2860 2756 2795 2796 2757 
2861 2757 2796 2797 2758 
2862 2758 2797 2798 2759 
2863 2759 2798 2799 2760 
2864 2760 2799 2800 2761 
2865 2761 2800 2801 2762 
2866 2762 2801 2802 2763 
2867 2763 2802 2803 2764 
2868 2764 2803 2804 2765 
2869 2765 2804 2805 2766 
2870 2766 2805 2806 2767 
2871 2767 2806 2807 2768 
2872 2768 2807 2808 2769 
2873 2769 2808 2809 2770 
2874 2770 2809 2810 2771 
2875 2771 2810 2811 2772 
2876 2772 2811 2812 2773 
2877 2773 2812 2813 2774 
2878 2774 2813 2814 2775 
2879 2775 2814 2815 2776 
2880 2776 2815 177 178 
2881 69 70 2816 2777 
2882 2777 2816 2817 2778 
2883 2778 2817 2818 2779 
2884 2779 2818 2819 2780 
2885 2780 2819 2820 2781 
2886 2781 2820 2821 2782 
2887 2782 2821 2822 2783 
2888 2783 2822 2823 2784 
2889 2784 2823 2824 2785 
2890 2785 2824 2825 2786 
2891 2786 2825 2826 2787 
2892 2787 2826 2827 2788 
2893 2788 2827 2828 2789 
2894 2789 2828 2829 2790 
2895 2790 2829 2830 2791 
2896 2791 2830 2831 2792 
2897 2792 2831 2832 2793 
2898 2793 2832 2833 2794 
2899 2794 2833 2834 2795 
2900 2795 2834 2835 2796 
2901 2796 2835 2836 2797 
2902 2797 2836 2837 2798 
2903 2798 2837 2838 2799 
2904 2799 2838 2839 2800 
2905 2800 2839 2840 2801 
2906 2801 2840 2841 2802 
2907 2802 2841 2842 2803 
2908 2803 2842 2843 2804 
2909 2804 2843 2844 2805 
2910 2805 2844 2845 2806 
2911 2806 2845 2846 2807 
2912 2807 2846 2847 2808 
2913 2808 2847 2848 2809 
2914 2809 2848 2849 2810 
2915 2810 2849 2850 2811 
2916 2811 2850 2851 2812 
2917 2812 2851 2852 2813 
2918 2813 2852 2853 2814 
2919 2814 2853 2854 2815 
2920 2815 2854 176 177 
2921 70 71 2855 2816 
2922 2816 2855 2856 2817 
2923 2817 2856 2857 2818 
2924 2818 2857 2858 2819 
2925 2819 2858 2859 2820 
2926 2820 2859 2860 2821 
2927 2821 2860 2861 2822 
2928 2822 2861 2862 2823 
2929 2823 2862 2863 2824 
2930 2824 2863 2864 2825 
2931 2825 2864 2865 2826 
2932 2826 2865 2866 2827 
2933 2827 2866 2867 2828 
2934 2828 2867 2868 2829 
2935 2829 2868 2869 2830 
2936 2830 2869 2870 2831 
2937 2831 2870 2871 2832 
2938 2832 2871 2872 2833 
2939 2833 2872 2873 2834 
2940 2834 2873 2874 2835 
2941 2835 2874 2875 2836 
2942 2836 2875 2876 2837 
2943 2837 2876 2877 2838 
2944 2838 2877 2878 2839 
2945 2839 2878 2879 2840 
2946 2840 2879 2880 2841 
2947 2841 2880 2881 2842 
2948 2842 2881 2882 2843 
2949 2843 2882 2883 2844 
2950 2844 2883 2884 2845 
2951 2845 2884 2885 2846 
2952 2846 2885 2886 2847 
2953 2847 2886 2887 2848 
2954 2848 2887 2888 2849 
2955 2849 2888 2889 2850 
2956 2850 2889 2890 2851 
2957 2851 2890 2891 2852 
2958 2852 2891 2892 2853 
2959 2853 2892 2893 2854 
2960 2854 2893 175 176 
2961 71 72 2894 2855 
2962 2855 2894 2895 2856 
2963 2856 2895 2896 2857 
2964 2857 2896 2897 2858 
2965 2858 2897 2898 2859 
2966 2859 2898 2899 2860 
2967 2860 2899 2900 2861 
2968 2861 2900 2901 2862 
2969 2862 2901 2902 2863 
2970 2863 2902 2903 2864 
2971 2864 2903 2904 2865 
2972 2865 2904 2905 2866 
2973 2866 2905 2906 2867 
2974 2867 2906 2907 2868 
2975 2868 2907 2908 2869 
2976 2869 2908 2909 2870 
2977 2870 2909 2910 2871 
2978 2871 2910 2911 2872 
2979 2872 2911 2912 2873 
2980 2873 2912 2913 2874 
2981 2874 2913 2914 2875 
2982 2875 2914 2915 2876 
2983 2876 2915 2916 2877 
2984 2877 2916 2917 2878 
2985 2878 2917 2918 2879 
2986 2879 2918 2919 2880 
2987 2880 2919 2920 2881 
2988 2881 2920 2921 2882 
2989 2882 2921 2922 2883 
2990 2883 2922 2923 2884 
2991 2884 2923 2924 2885 
2992 2885 2924 2925 2886 
2993 2886 2925 2926 2887 
2994 2887 2926 2927 2888 
2995 2888 2927 2928 2889 
2996 2889 2928 2929 2890 
2997 2890 2929 2930 2891 
2998 2891 2930 2931 2892 
2999 2892 2931 2932 2893 
3000 2893 2932 174 175 
3001 72 73 2933 2894 
3002 2894 2933 2934 2895 
3003 2895 2934 2935 2896 
3004 2896 2935 2936 2897 
3005 2897 2936 2937 2898 
3006 2898 2937 2938 2899 
3007 2899 2938 2939 2900 
3008 2900 2939 2940 2901 
3009 2901 2940 2941 2902 
3010 2902 2941 2942 2903 
3011 2903 2942 2943 2904 
3012 2904 2943 2944 2905 
3013 2905 2944 2945 2906 
3014 2906 2945 2946 2907 
3015 2907 2946 2947 2908 
3016 2908 2947 2948 2909 
3017 2909 2948 2949 2910 
3018 2910 2949 2950 2911 
3019 2911 2950 2951 2912 
3020 2912 2951 2952 2913 
3021 2913 2952 2953 2914 
3022 2914 2953 2954 2915 
3023 2915 2954 2955 2916 
3024 2916 2955 2956 2917 
3025 2917 2956 2957 2918 
3026 2918 2957 2958 2919 
3027 2919 2958 2959 2920 
3028 2920 2959 2960 2921 
3029 2921 2960 2961 2922 
3030 2922 2961 2962 2923 
3031 2923 2962 2963 2924 
3032 2924 2963 2964 2925 
3033 2925 2964 2965 2926 
3034 2926 2965 2966 2927 
3035 2927 2966 2967 2928 
3036 2928 2967 2968 2929 
3037 2929 2968 2969 2930 
3038 2930 2969 2970 2931 
3039 2931 2970 2971 2932 
3040 2932 2971 173 174 
3041 73 74 2972 2933 
3042 2933 2972 2973 2934 
3043 2934 2973 2974 2935 
3044 2935 2974 2975 2936 
3045 2936 2975 2976 2937 
3046 2937 2976 2977 2938 
3047 2938 2977 2978 2939 
3048 2939 2978 2979 2940 
3049 2940 2979 2980 2941 
3050 2941 2980 2981 2942 
3051 2942 2981 2982 2943 
3052 2943 2982 2983 2944 
3053 2944 2983 2984 2945 
3054 2945 2984 2985 2946 
3055 2946 2985 2986 2947 
3056 2947 2986 2987 2948 
3057 2948 2987 2988 2949 
3058 2949 2988 2989 2950 
3059 2950 2989 2990 2951 
3060 2951 2990 2991 2952 
3061 2952 2991 2992 2953 
3062 2953 2992 2993 2954 
3063 2954 2993 2994 2955 
3064 2955 2994 2995 2956 
3065 2956 2995 2996 2957 
3066 2957 2996 2997 2958 
3067 2958 2997 2998 2959 
3068 2959 2998 2999 2960 
3069 2960 2999 3000 2961 
3070 2961 3000 3001 2962 
3071 2962 3001 3002 2963 
3072 2963 3002 3003 2964 
3073 2964 3003 3004 2965 
3074 2965 3004 3005 2966 
3075 2966 3005 3006 2967 
3076 2967 3006 3007 2968 
3077 2968 3007 3008 2969 
3078 2969 3008 3009 2970 
3079 2970 3009 3010 2971 
3080 2971 3010 172 173 
3081 74 75 3011 2972 
3082 2972 3011 3012 2973 
3083 2973 3012 3013 2974 
3084 2974 3013 3014 2975 
3085 2975 3014 3015 2976 
3086 2976 3015 3016 2977 
3087 2977 3016 3017 2978 
3088 2978 3017 3018 2979 
3089 2979 3018 3019 2980 
3090 2980 3019 3020 2981 
3091 2981 3020 3021 2982 
3092 2982 3021 3022 2983 
3093 2983 3022 3023 2984 
3094 2984 3023 3024 2985 
3095 2985 3024 3025 2986 
3096 2986 3025 3026 2987 
3097 2987 3026 3027 2988 
3098 2988 3027 3028 2989 
3099 2989 3028 3029 2990 
3100 2990 3029 3030 2991 
3101 2991 3030 3031 2992 
3102 2992 3031 3032 2993 
3103 2993 3032 3033 2994 
3104 2994 3033 3034 2995 
3105 2995 3034 3035 2996 
3106 2996 3035 3036 2997 
3107 2997 3036 3037 2998 
3108 2998 3037 3038 2999 
3109 2999 3038 3039 3000 
3110 3000 3039 3040 3001 
3111 3001 3040 3041 3002 
3112 3002 3041 3042 3003 
3113 3003 3042 3043 3004 
3114 3004 3043 3044 3005 
3115 3005 3044 3045 3006 
3116 3006 3045 3046 3007 
3117 3007 3046 3047 3008 
3118 3008 3047 3048 3009 
3119 3009 3048 3049 3010 
3120 3010 3049 171 172 
3121 75 76 3050 3011 
3122 3011 3050 3051 3012 
3123 3012 3051 3052 3013 
3124 3013 3052 3053 3014 
3125 3014 3053 3054 3015 
3126 3015 3054 3055 3016 
3127 3016 3055 3056 3017 
3128 3017 3056 3057 3018 
3129 3018 3057 3058 3019 
3130 3019 3058 3059 3020 
3131 3020 3059 3060 3021 
3132 3021 3060 3061 3022 
3133 3022 3061 3062 3023 
3134 3023 3062 3063 3024 
3135 3024 3063 3064 3025 
3136 3025 3064 3065 3026 
3137 3026 3065 3066 3027 
3138 3027 3066 3067 3028 
3139 3028 3067 3068 3029 
3140 3029 3068 3069 3030 
3141 3030 3069 3070 3031 
3142 3031 3070 3071 3032 
3143 3032 3071 3072 3033 
3144 3033 3072 3073 3034 
3145 3034 3073 3074 3035 
3146 3035 3074 3075 3036 
3147 3036 3075 3076 3037 
3148 3037 3076 3077 3038 
3149 3038 3077 3078 3039 
3150 3039 3078 3079 3040 
3151 3040 3079 3080 3041 
3152 3041 3080 3081 3042 
3153 3042 3081 3082 3043 
3154 3043 3082 3083 3044 
3155 3044 3083 3084 3045 
3156 3045 3084 3085 3046 
3157 3046 3085 3086 3047 
3158 3047 3086 3087 3048 
3159 3048 3087 3088 3049 
3160 3049 3088 170 171 
3161 76 77 3089 3050 
3162 3050 3089 3090 3051 
3163 3051 3090 3091 3052 
3164 3052 3091 3092 3053 
3165 3053 3092 3093 3054 
3166 3054 3093 3094 3055 
3167 3055 3094 3095 3056 
3168 3056 3095 3096 3057 
3169 3057 3096 3097 3058 
3170 3058 3097 3098 3059 
3171 3059 3098 3099 3060 
3172 3060 3099 3100 3061 
3173 3061 3100 3101 3062 
3174 3062 3101 3102 3063 
3175 3063 3102 3103 3064 
3176 3064 3103 3104 3065 
3177 3065 3104 3105 3066 
3178 3066 3105 3106 3067 
3179 3067 3106 3107 3068 
3180 3068 3107 3108 3069 
3181 3069 3108 3109 3070 
3182 3070 3109 3110 3071 
3183 3071 3110 3111 3072 
3184 3072 3111 3112 3073 
3185 3073 3112 3113 3074 
3186 3074 3113 3114 3075 
3187 3075 3114 3115 3076 
3188 3076 3115 3116 3077 
3189 3077 3116 3117 3078 
3190 3078 3117 3118 3079 
3191 3079 3118 3119 3080 
3192 3080 3119 3120 3081 
3193 3081 3120 3121 3082 
3194 3082 3121 3122 3083 
3195 3083 3122 3123 3084 
3196 3084 3123 3124 3085 
3197 3085 3124 3125 3086 
3198 3086 3125 3126 3087 
3199 3087 3126 3127 3088 
3200 3088 3127 169 170 
3201 77 78 3128 3089 
3202 3089 3128 3129 3090 
3203 3090 3129 3130 3091 
3204 3091 3130 3131 3092 
3205 3092 3131 3132 3093 
3206 3093 3132 3133 3094 
3207 3094 3133 3134 3095 
3208 3095 3134 3135 3096 
3209 3096 3135 3136 3097 
3210 3097 3136 3137 3098 
3211 3098 3137 3138 3099 
3212 3099 3138 3139 3100 
3213 3100 3139 3140 3101 
3214 3101 3140 3141 3102 
3215 3102 3141 3142 3103 
3216 3103 3142 3143 3104 
3217 3104 3143 3144 3105 
3218 3105 3144 3145 3106 
3219 3106 3145 3146 3107 
3220 3107 3146 3147 3108 
3221 3108 3147 3148 3109 
3222 3109 3148 3149 3110 
3223 3110 3149 3150 3111 
3224 3111 3150 3151 3112 
3225 3112 3151 3152 3113 
3226 3113 3152 3153 3114 
3227 3114 3153 3154 3115 
3228 3115 3154 3155 3116 
3229 3116 3155 3156 3117 
3230 3117 3156 3157 3118 
3231 3118 3157 3158 3119 
3232 3119 3158 3159 3120 
3233 3120 3159 3160 3121 
3234 3121 3160 3161 3122 
3235 3122 3161 3162 3123 
3236 3123 3162 3163 3124 
3237 3124 3163 3164 3125 
3238 3125 3164 3165 3126 
3239 3126 3165 3166 3127 
3240 3127 3166 168 169 
3241 78 79 3167 3128 
3242 3128 3167 3168 3129 
3243 3129 3168 3169 3130 
3244 3130 3169 3170 3131 
3245 3131 3170 3171 3132 
3246 3132 3171 3172 3133 
3247 3133 3172 3173 3134 
3248 3134 3173 3174 3135 
3249 3135 3174 3175 3136 
3250 3136 3175 3176 3137 
3251 3137 3176 3177 3138 
3252 3138 3177 3178 3139 
3253 3139 3178 3179 3140 
3254 3140 3179 3180 3141 
3255 3141 3180 3181 3142 
3256 3142 3181 3182 3143 
3257 3143 3182 3183 3144 
3258 3144 3183 3184 3145 
3259 3145 3184 3185 3146 
3260 3146 3185 3186 3147 
3261 3147 3186 3187 3148 
3262 3148 3187 3188 3149 
3263 3149 3188 3189 3150 
3264 3150 3189 3190 3151 
3265 3151 3190 3191 3152 
3266 3152 3191 3192 3153 
3267 3153 3192 3193 3154 
3268 3154 3193 3194 3155 
3269 3155 3194 3195 3156 
3270 3156 3195 3196 3157 
3271 3157 3196 3197 3158 
3272 3158 3197 3198 3159 
3273 3159 3198 3199 3160 
3274 3160 3199 3200 3161 
3275 3161 3200 3201 3162 
3276 3162 3201 3202 3163 
3277 3163 3202 3203 3164 
3278 3164 3203 3204 3165 
3279 3165 3204 3205 3166 
3280 3166 3205 167 168 
3281 79 80 3206 3167 
3282 3167 3206 3207 3168 
3283 3168 3207 3208 3169 
3284 3169 3208 3209 3170 
3285 3170 3209 3210 3171 
3286 3171 3210 3211 3172 
3287 3172 3211 3212 3173 
3288 3173 3212 3213 3174 
3289 3174 3213 3214 3175 
3290 3175 3214 3215 3176 
3291 3176 3215 3216 3177 
3292 3177 3216 3217 3178 
3293 3178 3217 3218 3179 
3294 3179 3218 3219 3180 
3295 3180 3219 3220 3181 
3296 3181 3220 3221 3182 
3297 3182 3221 3222 3183 
3298 3183 3222 3223 3184 
3299 3184 3223 3224 3185 
3300 3185 3224 3225 3186 
3301 3186 3225 3226 3187 
3302 3187 3226 3227 3188 
3303 3188 3227 3228 3189 
3304 3189 3228 3229 3190 
3305 3190 3229 3230 3191 
3306 3191 3230 3231 3192 
3307 3192 3231 3232 3193 
3308 3193 3232 3233 3194 
3309 3194 3233 3234 3195 
3310 3195 3234 3235 3196 
3311 3196 3235 3236 3197 
3312 3197 3236 3237 3198 
3313 3198 3237 3238 3199 
3314 3199 3238 3239 3200 
3315 3200 3239 3240 3201 
3316 3201 3240 3241 3202 
3317 3202 3241 3242 3203 
3318 3203 3242 3243 3204 
3319 3204 3243 3244 3205 
3320 3205 3244 166 167 
3321 80 81 3245 3206 
3322 3206 3245 3246 3207 
3323 3207 3246 3247 3208 
3324 3208 3247 3248 3209 
3325 3209 3248 3249 3210 
3326 3210 3249 3250 3211 
3327 3211 3250 3251 3212 
3328 3212 3251 3252 3213 
3329 3213 3252 3253 3214 
3330 3214 3253 3254 3215 
3331 3215 3254 3255 3216 
3332 3216 3255 3256 3217 
3333 3217 3256 3257 3218 
3334 3218 3257 3258 3219 
3335 3219 3258 3259 3220 
3336 3220 3259 3260 3221 
3337 3221 3260 3261 3222 
3338 3222 3261 3262 3223 
3339 3223 3262 3263 3224 
3340 3224 3263 3264 3225 
3341 3225 3264 3265 3226 
3342 3226 3265 3266 3227 
3343 3227 3266 3267 3228 
3344 3228 3267 3268 3229 
3345 3229 3268 3269 3230 
3346 3230 3269 3270 3231 
3347 3231 3270 3271 3232 
3348 3232 3271 3272 3233 
3349 3233 3272 3273 3234 
3350 3234 3273 3274 3235 
3351 3235 3274 3275 3236 
3352 3236 3275 3276 3237 
3353 3237 3276 3277 3238 
3354 3238 3277 3278 3239 
3355 3239 3278 3279 3240 
3356 3240 3279 3280 3241 
3357 3241 3280 3281 3242 
3358 3242 3281 3282 3243 
3359 3243 3282 3283 3244 
3360 3244 3283 165 166 
3361 81 82 3284 3245 
3362 3245 3284 3285 3246 
3363 3246 3285 3286 3247 
3364 3247 3286 3287 3248 
3365 3248 3287 3288 3249 
3366 3249 3288 3289 3250 
3367 3250 3289 3290 3251 
3368 3251 3290 3291 3252 
3369 3252 3291 3292 3253 
3370 3253 3292 3293 3254 
3371 3254 3293 3294 3255 
3372 3255 3294 3295 3256 
3373 3256 3295 3296 3257 
3374 3257 3296 3297 3258 
3375 3258 3297 3298 3259 
3376 3259 3298 3299 3260 
3377 3260 3299 3300 3261 
3378 3261 3300 3301 3262 
3379 3262 3301 3302 3263 
3380 3263 3302 3303 3264 
3381 3264 3303 3304 3265 
3382 3265 3304 3305 3266 
3383 3266 3305 3306 3267 
3384 3267 3306 3307 3268 
3385 3268 3307 3308 3269 
3386 3269 3308 3309 3270 
3387 3270 3309 3310 3271 
3388 3271 3310 3311 3272 
3389 3272 3311 3312 3273 
3390 3273 3312 3313 3274 
3391 3274 3313 3314 3275 
3392 3275 3314 3315 3276 
3393 3276 3315 3316 3277 
3394 3277 3316 3317 3278 
3395 3278 3317 3318 3279 
3396 3279 3318 3319 3280 
3397 3280 3319 3320 3281 
3398 3281 3320 3321 3282 
3399 3282 3321 3322 3283 
3400 3283 3322 164 165 
3401 82 83 3323 3284 
3402 3284 3323 3324 3285 
3403 3285 3324 3325 3286 
3404 3286 3325 3326 3287 
3405 3287 3326 3327 3288 
3406 3288 3327 3328 3289 
3407 3289 3328 3329 3290 
3408 3290 3329 3330 3291 
3409 3291 3330 3331 3292 
3410 3292 3331 3332 3293 
3411 3293 3332 3333 3294 
3412 3294 3333 3334 3295 
3413 3295 3334 3335 3296 
3414 3296 3335 3336 3297 
3415 3297 3336 3337 3298 
3416 3298 3337 3338 3299 
3417 3299 3338 3339 3300 
3418 3300 3339 3340 3301 
3419 3301 3340 3341 3302 
3420 3302 3341 3342 3303 
3421 3303 3342 3343 3304 
3422 3304 3343 3344 3305 
3423 3305 3344 3345 3306 
3424 3306 3345 3346 3307 
3425 3307 3346 3347 3308 
3426 3308 3347 3348 3309 
3427 3309 3348 3349 3310 
3428 3310 3349 3350 3311 
3429 3311 3350 3351 3312 
3430 3312 3351 3352 3313 
3431 3313 3352 3353 3314 
3432 3314 3353 3354 3315 
3433 3315 3354 3355 3316 
3434 3316 3355 3356 3317 
3435 3317 3356 3357 3318 
3436 3318 3357 3358 3319 
3437 3319 3358 3359 3320 
3438 3320 3359 3360 3321 
3439 3321 3360 3361 3322 
3440 3322 3361 163 164 
3441 83 84 3362 3323 
3442 3323 3362 3363 3324 
3443 3324 3363 3364 3325 
3444 3325 3364 3365 3326 
3445 3326 3365 3366 3327 
3446 3327 3366 3367 3328 
3447 3328 3367 3368 3329 
3448 3329 3368 3369 3330 
3449 3330 3369 3370 3331 
3450 3331 3370 3371 3332 
3451 3332 3371 3372 3333 
3452 3333 3372 3373 3334 
3453 3334 3373 3374 3335 
3454 3335 3374 3375 3336 
3455 3336 3375 3376 3337 
3456 3337 3376 3377 3338 
3457 3338 3377 3378 3339 
3458 3339 3378 3379 3340 
3459 3340 3379 3380 3341 
3460 3341 3380 3381 3342 
3461 3342 3381 3382 3343 
3462 3343 3382 3383 3344 
3463 3344 3383 3384 3345 
3464 3345 3384 3385 3346 
3465 3346 3385 3386 3347 
3466 3347 3386 3387 3348 
3467 3348 3387 3388 3349 
3468 3349 3388 3389 3350 
3469 3350 3389 3390 3351 
3470 3351 3390 3391 3352 
3471 3352 3391 3392 3353 
3472 3353 3392 3393 3354 
3473 3354 3393 3394 3355 
3474 3355 3394 3395 3356 
3475 3356 3395 3396 3357 
3476 3357 3396 3397 3358 
3477 3358 3397 3398 3359 
3478 3359 3398 3399 3360 
3479 3360 3399 3400 3361 
3480 3361 3400 162 163 
3481 84 85 3401 3362 
3482 3362 3401 3402 3363 
3483 3363 3402 3403 3364 
3484 3364 3403 3404 3365 
3485 3365 3404 3405 3366 
3486 3366 3405 3406 3367 
3487 3367 3406 3407 3368 
3488 3368 3407 3408 3369 
3489 3369 3408 3409 3370 
3490 3370 3409 3410 3371 
3491 3371 3410 3411 3372 
3492 3372 3411 3412 3373 
3493 3373 3412 3413 3374 
3494 3374 3413 3414 3375 
3495 3375 3414 3415 3376 
3496 3376 3415 3416 3377 
3497 3377 3416 3417 3378 
3498 3378 3417 3418 3379 
3499 3379 3418 3419 3380 
3500 3380 3419 3420 3381 
3501 3381 3420 3421 3382 
3502 3382 3421 3422 3383 
3503 3383 3422 3423 3384 
3504 3384 3423 3424 3385 
3505 3385 3424 3425 3386 
3506 3386 3425 3426 3387 
3507 3387 3426 3427 3388 
3508 3388 3427 3428 3389 
3509 3389 3428 3429 3390 
3510 3390 3429 3430 3391 
3511 3391 3430 3431 3392 
3512 3392 3431 3432 3393 
3513 3393 3432 3433 3394 
3514 3394 3433 3434 3395 
3515 3395 3434 3435 3396 
3516 3396 3435 3436 3397 
3517 3397 3436 3437 3398 
3518 3398 3437 3438 3399 
3519 3399 3438 3439 3400 
3520 3400 3439 161 162 
3521 85 86 3440 3401 
3522 3401 3440 3441 3402 
3523 3402 3441 3442 3403 
3524 3403 3442 3443 3404 
3525 3404 3443 3444 3405 
3526 3405 3444 3445 3406 
3527 3406 3445 3446 3407 
3528 3407 3446 3447 3408 
3529 3408 3447 3448 3409 
3530 3409 3448 3449 3410 
3531 3410 3449 3450 3411 
3532 3411 3450 3451 3412 
3533 3412 3451 3452 3413 
3534 3413 3452 3453 3414 
3535 3414 3453 3454 3415 
3536 3415 3454 3455 3416 
3537 3416 3455 3456 3417 
3538 3417 3456 3457 3418 
3539 3418 3457 3458 3419 
3540 3419 3458 3459 3420 
3541 3420 3459 3460 3421 
3542 3421 3460 3461 3422 
3543 3422 3461 3462 3423 
3544 3423 3462 3463 3424 
3545 3424 3463 3464 3425 
3546 3425 3464 3465 3426 
3547 3426 3465 3466 3427 
3548 3427 3466 3467 3428 
3549 3428 3467 3468 3429 
3550 3429 3468 3469 3430 
3551 3430 3469 3470 3431 
3552 3431 3470 3471 3432 
3553 3432 3471 3472 3433 
3554 3433 3472 3473 3434 
3555 3434 3473 3474 3435 
3556 3435 3474 3475 3436 
3557 3436 3475 3476 3437 
3558 3437 3476 3477 3438 
3559 3438 3477 3478 3439 
3560 3439 3478 160 161 
3561 86 87 3479 3440 
3562 3440 3479 3480 3441 
3563 3441 3480 3481 3442 
3564 3442 3481 3482 3443 
3565 3443 3482 3483 3444 
3566 3444 3483 3484 3445 
3567 3445 3484 3485 3446 
3568 3446 3485 3486 3447 
3569 3447 3486 3487 3448 
3570 3448 3487 3488 3449 
3571 3449 3488 3489 3450 
3572 3450 3489 3490 3451 
3573 3451 3490 3491 3452 
3574 3452 3491 3492 3453 
3575 3453 3492 3493 3454 
3576 3454 3493 3494 3455 
3577 3455 3494 3495 3456 
3578 3456 3495 3496 3457 
3579 3457 3496 3497 3458 
3580 3458 3497 3498 3459 
3581 3459 3498 3499 3460 
3582 3460 3499 3500 3461 
3583 3461 3500 3501 3462 
3584 3462 3501 3502 3463 
3585 3463 3502 3503 3464 
3586 3464 3503 3504 3465 
3587 3465 3504 3505 3466 
3588 3466 3505 3506 3467 
3589 3467 3506 3507 3468 
3590 3468 3507 3508 3469 
3591 3469 3508 3509 3470 
3592 3470 3509 3510 3471 
3593 3471 3510 3511 3472 
3594 3472 3511 3512 3473 
3595 3473 3512 3513 3474 
3596 3474 3513 3514 3475 
3597 3475 3514 3515 3476 
3598 3476 3515 3516 3477 
3599 3477 3516 3517 3478 
3600 3478 3517 159 160 
3601 87 88 3518 3479 
3602 3479 3518 3519 3480 
3603 3480 3519 3520 3481 
3604 3481 3520 3521 3482 
3605 3482 3521 3522 3483 
3606 3483 3522 3523 3484 
3607 3484 3523 3524 3485 
3608 3485 3524 3525 3486 
3609 3486 3525 3526 3487 
3610 3487 3526 3527 3488 
3611 3488 3527 3528 3489 
3612 3489 3528 3529 3490 
3613 3490 3529 3530 3491 
3614 3491 3530 3531 3492 
3615 3492 3531 3532 3493 
3616 3493 3532 3533 3494 
3617 3494 3533 3534 3495 
3618 3495 3534 3535 3496 
3619 3496 3535 3536 3497 
3620 3497 3536 3537 3498 
3621 3498 3537 3538 3499 
3622 3499 3538 3539 3500 
3623 3500 3539 3540 3501 
3624 3501 3540 3541 3502 
3625 3502 3541 3542 3503 
3626 3503 3542 3543 3504 
3627 3504 3543 3544 3505 
3628 3505 3544 3545 3506 
3629 3506 3545 3546 3507 
3630 3507 3546 3547 3508 
3631 3508 3547 3548 3509 
3632 3509 3548 3549 3510 
3633 3510 3549 3550 3511 
3634 3511 3550 3551 3512 
3635 3512 3551 3552 3513 
3636 3513 3552 3553 3514 
3637 3514 3553 3554 3515 
3638 3515 3554 3555 3516 
3639 3516 3555 3556 3517 
3640 3517 3556 158 159 
3641 88 89 3557 3518 
3642 3518 3557 3558 3519 
3643 3519 3558 3559 3520 
3644 3520 3559 3560 3521 
3645 3521 3560 3561 3522 
3646 3522 3561 3562 3523 
3647 3523 3562 3563 3524 
3648 3524 3563 3564 3525 
3649 3525 3564 3565 3526 
3650 3526 3565 3566 3527 
3651 3527 3566 3567 3528 
3652 3528 3567 3568 3529 
3653 3529 3568 3569 3530 
3654 3530 3569 3570 3531 
3655 3531 3570 3571 3532 
3656 3532 3571 3572 3533 
3657 3533 3572 3573 3534 
3658 3534 3573 3574 3535 
3659 3535 3574 3575 3536 
3660 3536 3575 3576 3537 
3661 3537 3576 3577 3538 
3662 3538 3577 3578 3539 
3663 3539 3578 3579 3540 
3664 3540 3579 3580 3541 
3665 3541 3580 3581 3542 
3666 3542 3581 3582 3543 
3667 3543 3582 3583 3544 
3668 3544 3583 3584 3545 
3669 3545 3584 3585 3546 
3670 3546 3585 3586 3547 
3671 3547 3586 3587 3548 
3672 3548 3587 3588 3549 
3673 3549 3588 3589 3550 
3674 3550 3589 3590 3551 
3675 3551 3590 3591 3552 
3676 3552 3591 3592 3553 
3677 3553 3592 3593 3554 
3678 3554 3593 3594 3555 
3679 3555 3594 3595 3556 
3680 3556 3595 157 158 
3681 89 90 3596 3557 
3682 3557 3596 3597 3558 
3683 3558 3597 3598 3559 
3684 3559 3598 3599 3560 
3685 3560 3599 3600 3561 
3686 3561 3600 3601 3562 
3687 3562 3601 3602 3563 
3688 3563 3602 3603 3564 
3689 3564 3603 3604 3565 
3690 3565 3604 3605 3566 
3691 3566 3605 3606 3567 
3692 3567 3606 3607 3568 
3693 3568 3607 3608 3569 
3694 3569 3608 3609 3570 
3695 3570 3609 3610 3571 
3696 3571 3610 3611 3572 
3697 3572 3611 3612 3573 
3698 3573 3612 3613 3574 
3699 3574 3613 3614 3575 
3700 3575 3614 3615 3576 
3701 3576 3615 3616 3577 
3702 3577 3616 3617 3578 
3703 3578 3617 3618 3579 
3704 3579 3618 3619 3580 
3705 3580 3619 3620 3581 
3706 3581 3620 3621 3582 
3707 3582 3621 3622 3583 
3708 3583 3622 3623 3584 
3709 3584 3623 3624 3585 
3710 3585 3624 3625 3586 
3711 3586 3625 3626 3587 
3712 3587 3626 3627 3588 
3713 3588 3627 3628 3589 
3714 3589 3628 3629 3590 
3715 3590 3629 3630 3591 
3716 3591 3630 3631 3592 
3717 3592 3631 3632 3593 
3718 3593 3632 3633 3594 
3719 3594 3633 3634 3595 
3720 3595 3634 156 157 
3721 90 91 3635 3596 
3722 3596 3635 3636 3597 
3723 3597 3636 3637 3598 
3724 3598 3637 3638 3599 
3725 3599 3638 3639 3600 
3726 3600 3639 3640 3601 
3727 3601 3640 3641 3602 
3728 3602 3641 3642 3603 
3729 3603 3642 3643 3604 
3730 3604 3643 3644 3605 
3731 3605 3644 3645 3606 
3732 3606 3645 3646 3607 
3733 3607 3646 3647 3608 
3734 3608 3647 3648 3609 
3735 3609 3648 3649 3610 
3736 3610 3649 3650 3611 
3737 3611 3650 3651 3612 
3738 3612 3651 3652 3613 
3739 3613 3652 3653 3614 
3740 3614 3653 3654 3615 
3741 3615 3654 3655 3616 
3742 3616 3655 3656 3617 
3743 3617 3656 3657 3618 
3744 3618 3657 3658 3619 
3745 3619 3658 3659 3620 
3746 3620 3659 3660 3621 
3747 3621 3660 3661 3622 
3748 3622 3661 3662 3623 
3749 3623 3662 3663 3624 
3750 3624 3663 3664 3625 
3751 3625 3664 3665 3626 
3752 3626 3665 3666 3627 
3753 3627 3666 3667 3628 
3754 3628 3667 3668 3629 
3755 3629 3668 3669 3630 
3756 3630 3669 3670 3631 
3757 3631 3670 3671 3632 
3758 3632 3671 3672 3633 
3759 3633 3672 3673 3634 
3760 3634 3673 155 156 
3761 91 92 3674 3635 
3762 3635 3674 3675 3636 
3763 3636 3675 3676 3637 
3764 3637 3676 3677 3638 
3765 3638 3677 3678 3639 
3766 3639 3678 3679 3640 
3767 3640 3679 3680 3641 
3768 3641 3680 3681 3642 
3769 3642 3681 3682 3643 
3770 3643 3682 3683 3644 
3771 3644 3683 3684 3645 
3772 3645 3684 3685 3646 
3773 3646 3685 3686 3647 
3774 3647 3686 3687 3648 
3775 3648 3687 3688 3649 
3776 3649 3688 3689 3650 
3777 3650 3689 3690 3651 
3778 3651 3690 3691 3652 
3779 3652 3691 3692 3653 
3780 3653 3692 3693 3654 
3781 3654 3693 3694 3655 
3782 3655 3694 3695 3656 
3783 3656 3695 3696 3657 
3784 3657 3696 3697 3658 
3785 3658 3697 3698 3659 
3786 3659 3698 3699 3660 
3787 3660 3699 3700 3661 
3788 3661 3700 3701 3662 
3789 3662 3701 3702 3663 
3790 3663 3702 3703 3664 
3791 3664 3703 3704 3665 
3792 3665 3704 3705 3666 
3793 3666 3705 3706 3667 
3794 3667 3706 3707 3668 
3795 3668 3707 3708 3669 
3796 3669 3708 3709 3670 
3797 3670 3709 3710 3671 
3798 3671 3710 3711 3672 
3799 3672 3711 3712 3673 
3800 3673 3712 154 155 
3801 92 93 3713 3674 
3802 3674 3713 3714 3675 
3803 3675 3714 3715 3676 
3804 3676 3715 3716 3677 
3805 3677 3716 3717 3678 
3806 3678 3717 3718 3679 
3807 3679 3718 3719 3680 
3808 3680 3719 3720 3681 
3809 3681 3720 3721 3682 
3810 3682 3721 3722 3683 
3811 3683 3722 3723 3684 
3812 3684 3723 3724 3685 
3813 3685 3724 3725 3686 
3814 3686 3725 3726 3687 
3815 3687 3726 3727 3688 
3816 3688 3727 3728 3689 
3817 3689 3728 3729 3690 
3818 3690 3729 3730 3691 
3819 3691 3730 3731 3692 
3820 3692 3731 3732 3693 
3821 3693 3732 3733 3694 
3822 3694 3733 3734 3695 
3823 3695 3734 3735 3696 
3824 3696 3735 3736 3697 
3825 3697 3736 3737 3698 
3826 3698 3737 3738 3699 
3827 3699 3738 3739 3700 
3828 3700 3739 3740 3701 
3829 3701 3740 3741 3702 
3830 3702 3741 3742 3703 
3831 3703 3742 3743 3704 
3832 3704 3743 3744 3705 
3833 3705 3744 3745 3706 
3834 3706 3745 3746 3707 
3835 3707 3746 3747 3708 
3836 3708 3747 3748 3709 
3837 3709 3748 3749 3710 
3838 3710 3749 3750 3711 
3839 3711 3750 3751 3712 
3840 3712 3751 153 154 
3841 93 94 3752 3713 
3842 3713 3752 3753 3714 
3843 3714 3753 3754 3715 
3844 3715 3754 3755 3716 
3845 3716 3755 3756 3717 
3846 3717 3756 3757 3718 
3847 3718 3757 3758 3719 
3848 3719 3758 3759 3720 
3849 3720 3759 3760 3721 
3850 3721 3760 3761 3722 
3851 3722 3761 3762 3723 
3852 3723 3762 3763 3724 
3853 3724 3763 3764 3725 
3854 3725 3764 3765 3726 
3855 3726 3765 3766 3727 
3856 3727 3766 3767 3728 
3857 3728 3767 3768 3729 
3858 3729 3768 3769 3730 
3859 3730 3769 3770 3731 
3860 3731 3770 3771 3732 
3861 3732 3771 3772 3733 
3862 3733 3772 3773 3734 
3863 3734 3773 3774 3735 
3864 3735 3774 3775 3736 
3865 3736 3775 3776 3737 
3866 3737 3776 3777 3738 
3867 3738 3777 3778 3739 
3868 3739 3778 3779 3740 
3869 3740 3779 3780 3741 
3870 3741 3780 3781 3742 
3871 3742 3781 3782 3743 
3872 3743 3782 3783 3744 
3873 3744 3783 3784 3745 
3874 3745 3784 3785 3746 
3875 3746 3785 3786 3747 
3876 3747 3786 3787 3748 
3877 3748 3787 3788 3749 
3878 3749 3788 3789 3750 
3879 3750 3789 3790 3751 
3880 3751 3790 152 153 
3881 94 95 3791 3752 
3882 3752 3791 3792 3753 
3883 3753 3792 3793 3754 
3884 3754 3793 3794 3755 
3885 3755 3794 3795 3756 
3886 3756 3795 3796 3757 
3887 3757 3796 3797 3758 
3888 3758 3797 3798 3759 
3889 3759 3798 3799 3760 
3890 3760 3799 3800 3761 
3891 3761 3800 3801 3762 
3892 3762 3801 3802 3763 
3893 3763 3802 3803 3764 
3894 3764 3803 3804 3765 
3895 3765 3804 3805 3766 
3896 3766 3805 3806 3767 
3897 3767 3806 3807 3768 
3898 3768 3807 3808 3769 
3899 3769 3808 3809 3770 
3900 3770 3809 3810 3771 
3901 3771 3810 3811 3772 
3902 3772 3811 3812 3773 
3903 3773 3812 3813 3774 
3904 3774 3813 3814 3775 
3905 3775 3814 3815 3776 
3906 3776 3815 3816 3777 
3907 3777 3816 3817 3778 
3908 3778 3817 3818 3779 
3909 3779 3818 3819 3780 
3910 3780 3819 3820 3781 
3911 3781 3820 3821 3782 
3912 3782 3821 3822 3783 
3913 3783 3822 3823 3784 
3914 3784 3823 3824 3785 
3915 3785 3824 3825 3786 
3916 3786 3825 3826 3787 
3917 3787 3826 3827 3788 
3918 3788 3827 3828 3789 
3919 3789 3828 3829 3790 
3920 3790 3829 151 152 
3921 95 96 3830 3791 
3922 3791 3830 3831 3792 
3923 3792 3831 3832 3793 
3924 3793 3832 3833 3794 
3925 3794 3833 3834 3795 
3926 3795 3834 3835 3796 
3927 3796 3835 3836 3797 
3928 3797 3836 3837 3798 
3929 3798 3837 3838 3799 
3930 3799 3838 3839 3800 
3931 3800 3839 3840 3801 
3932 3801 3840 3841 3802 
3933 3802 3841 3842 3803 
3934 3803 3842 3843 3804 
3935 3804 3843 3844 3805 
3936 3805 3844 3845 3806 
3937 3806 3845 3846 3807 
3938 3807 3846 3847 3808 
3939 3808 3847 3848 3809 
3940 3809 3848 3849 3810 
3941 3810 3849 3850 3811 
3942 3811 3850 3851 3812 
3943 3812 3851 3852 3813 
3944 3813 3852 3853 3814 
3945 3814 3853 3854 3815 
3946 3815 3854 3855 3816 
3947 3816 3855 3856 3817 
3948 3817 3856 3857 3818 
3949 3818 3857 3858 3819 
3950 3819 3858 3859 3820 
3951 3820 3859 3860 3821 
3952 3821 3860 3861 3822 
3953 3822 3861 3862 3823 
3954 3823 3862 3863 3824 
3955 3824 3863 3864 3825 
3956 3825 3864 3865 3826 
3957 3826 3865 3866 3827 
3958 3827 3866 3867 3828 
3959 3828 3867 3868 3829 
3960 3829 3868 150 151 
3961 96 97 3869 3830 
3962 3830 3869 3870 3831 
3963 3831 3870 3871 3832 
3964 3832 3871 3872 3833 
3965 3833 3872 3873 3834 
3966 3834 3873 3874 3835 
3967 3835 3874 3875 3836 
3968 3836 3875 3876 3837 
3969 3837 3876 3877 3838 
3970 3838 3877 3878 3839 
3971 3839 3878 3879 3840 
3972 3840 3879 3880 3841 
3973 3841 3880 3881 3842 
3974 3842 3881 3882 3843 
3975 3843 3882 3883 3844 
3976 3844 3883 3884 3845 
3977 3845 3884 3885 3846 
3978 3846 3885 3886 3847 
3979 3847 3886 3887 3848 
3980 3848 3887 3888 3849 
3981 3849 3888 3889 3850 
3982 3850 3889 3890 3851 
3983 3851 3890 3891 3852 
3984 3852 3891 3892 3853 
3985 3853 3892 3893 3854 
3986 3854 3893 3894 3855 
3987 3855 3894 3895 3856 
3988 3856 3895 3896 3857 
3989 3857 3896 3897 3858 
3990 3858 3897 3898 3859 
3991 3859 3898 3899 3860 
3992 3860 3899 3900 3861 
3993 3861 3900 3901 3862 
3994 3862 3901 3902 3863 
3995 3863 3902 3903 3864 
3996 3864 3903 3904 3865 
3997 3865 3904 3905 3866 
3998 3866 3905 3906 3867 
3999 3867 3906 3907 3868 
4000 3868 3907 149 150 
4001 97 98 3908 3869 
4002 3869 3908 3909 3870 
4003 3870 3909 3910 3871 
4004 3871 3910 3911 3872 
4005 3872 3911 3912 3873 
4006 3873 3912 3913 3874 
4007 3874 3913 3914 3875 
4008 3875 3914 3915 3876 
4009 3876 3915 3916 3877 
4010 3877 3916 3917 3878 
4011 3878 3917 3918 3879 
4012 3879 3918 3919 3880 
4013 3880 3919 3920 3881 
4014 3881 3920 3921 3882 
4015 3882 3921 3922 3883 
4016 3883 3922 3923 3884 
4017 3884 3923 3924 3885 
4018 3885 3924 3925 3886 
4019 3886 3925 3926 3887 
4020 3887 3926 3927 3888 
4021 3888 3927 3928 3889 
4022 3889 3928 3929 3890 
4023 3890 3929 3930 3891 
4024 3891 3930 3931 3892 
4025 3892 3931 3932 3893 
4026 3893 3932 3933 3894 
4027 3894 3933 3934 3895 
4028 3895 3934 3935 3896 
4029 3896 3935 3936 3897 
4030 3897 3936 3937 3898 
4031 3898 3937 3938 3899 
4032 3899 3938 3939 3900 
4033 3900 3939 3940 3901 
4034 3901 3940 3941 3902 
4035 3902 3941 3942 3903 
4036 3903 3942 3943 3904 
4037 3904 3943 3944 3905 
4038 3905 3944 3945 3906 
4039 3906 3945 3946 3907 
4040 3907 3946 148 149 
4041 98 99 3947 3908 
4042 3908 3947 3948 3909 
4043 3909 3948 3949 3910 
4044 3910 3949 3950 3911 
4045 3911 3950 3951 3912 
4046 3912 3951 3952 3913 
4047 3913 3952 3953 3914 
4048 3914 3953 3954 3915 
4049 3915 3954 3955 3916 
4050 3916 3955 3956 3917 
4051 3917 3956 3957 3918 
4052 3918 3957 3958 3919 
4053 3919 3958 3959 3920 
4054 3920 3959 3960 3921 
4055 3921 3960 3961 3922 
4056 3922 3961 3962 3923 
4057 3923 3962 3963 3924 
4058 3924 3963 3964 3925 
4059 3925 3964 3965 3926 
4060 3926 3965 3966 3927 
4061 3927 3966 3967 3928 
4062 3928 3967 3968 3929 
4063 3929 3968 3969 3930 
4064 3930 3969 3970 3931 
4065 3931 3970 3971 3932 
4066 3932 3971 3972 3933 
4067 3933 3972 3973 3934 
4068 3934 3973 3974 3935 
4069 3935 3974 3975 3936 
4070 3936 3975 3976 3937 
4071 3937 3976 3977 3938 
4072 3938 3977 3978 3939 
4073 3939 3978 3979 3940 
4074 3940 3979 3980 3941 
4075 3941 3980 3981 3942 
4076 3942 3981 3982 3943 
4077 3943 3982 3983 3944 
4078 3944 3983 3984 3945 
4079 3945 3984 3985 3946 
4080 3946 3985 147 148 
4081 99 100 3986 3947 
4082 3947 3986 3987 3948 
4083 3948 3987 3988 3949 
4084 3949 3988 3989 3950 
4085 3950 3989 3990 3951 
4086 3951 3990 3991 3952 
4087 3952 3991 3992 3953 
4088 3953 3992 3993 3954 
4089 3954 3993 3994 3955 
4090 3955 3994 3995 3956 
4091 3956 3995 3996 3957 
4092 3957 3996 3997 3958 
4093 3958 3997 3998 3959 
4094 3959 3998 3999 3960 
4095 3960 3999 4000 3961 
4096 3961 4000 4001 3962 
4097 3962 4001 4002 3963 
4098 3963 4002 4003 3964 
4099 3964 4003 4004 3965 
4100 3965 4004 4005 3966 
4101 3966 4005 4006 3967 
4102 3967 4006 4007 3968 
4103 3968 4007 4008 3969 
4104 3969 4008 4009 3970 
4105 3970 4009 4010 3971 
4106 3971 4010 4011 3972 
4107 3972 4011 4012 3973 
4108 3973 4012 4013 3974 
4109 3974 4013 4014 3975 
4110 3975 4014 4015 3976 
4111 3976 4015 4016 3977 
4112 3977 4016 4017 3978 
4113 3978 4017 4018 3979 
4114 3979 4018 4019 3980 
4115 3980 4019 4020 3981 
4116 3981 4020 4021 3982 
4117 3982 4021 4022 3983 
4118 3983 4022 4023 3984 
4119 3984 4023 4024 3985 
4120 3985 4024 146 147 
4121 100 101 4025 3986 
4122 3986 4025 4026 3987 
4123 3987 4026 4027 3988 
4124 3988 4027 4028 3989 
4125 3989 4028 4029 3990 
4126 3990 4029 4030 3991 
4127 3991 4030 4031 3992 
4128 3992 4031 4032 3993 
4129 3993 4032 4033 3994 
4130 3994 4033 4034 3995 
4131 3995 4034 4035 3996 
4132 3996 4035 4036 3997 
4133 3997 4036 4037 3998 
4134 3998 4037 4038 3999 
4135 3999 4038 4039 4000 
4136 4000 4039 4040 4001 
4137 4001 4040 4041 4002 
4138 4002 4041 4042 4003 
4139 4003 4042 4043 4004 
4140 4004 4043 4044 4005 
4141 4005 4044 4045 4006 
4142 4006 4045 4046 4007 
4143 4007 4046 4047 4008 
4144 4008 4047 4048 4009 
4145 4009 4048 4049 4010 
4146 4010 4049 4050 4011 
4147 4011 4050 4051 4012 
4148 4012 4051 4052 4013 
4149 4013 4052 4053 4014 
4150 4014 4053 4054 4015 
4151 4015 4054 4055 4016 
4152 4016 4055 4056 4017 
4153 4017 4056 4057 4018 
4154 4018 4057 4058 4019 
4155 4019 4058 4059 4020 
4156 4020 4059 4060 4021 
4157 4021 4060 4061 4022 
4158 4022 4061 4062 4023 
4159 4023 4062 4063 4024 
4160 4024 4063 145 146 
4161 101 102 4064 4025 
4162 4025 4064 4065 4026 
4163 4026 4065 4066 4027 
4164 4027 4066 4067 4028 
4165 4028 4067 4068 4029 
4166 4029 4068 4069 4030 
4167 4030 4069 4070 4031 
4168 4031 4070 4071 4032 
4169 4032 4071 4072 4033 
4170 4033 4072 4073 4034 
4171 4034 4073 4074 4035 
4172 4035 4074 4075 4036 
4173 4036 4075 4076 4037 
4174 4037 4076 4077 4038 
4175 4038 4077 4078 4039 
4176 4039 4078 4079 4040 
4177 4040 4079 4080 4041 
4178 4041 4080 4081 4042 
4179 4042 4081 4082 4043 
4180 4043 4082 4083 4044 
4181 4044 4083 4084 4045 
4182 4045 4084 4085 4046 
4183 4046 4085 4086 4047 
4184 4047 4086 4087 4048 
4185 4048 4087 4088 4049 
4186 4049 4088 4089 4050 
4187 4050 4089 4090 4051 
4188 4051 4090 4091 4052 
4189 4052 4091 4092 4053 
4190 4053 4092 4093 4054 
4191 4054 4093 4094 4055 
4192 4055 4094 4095 4056 
4193 4056 4095 4096 4057 
4194 4057 4096 4097 4058 
4195 4058 4097 4098 4059 
4196 4059 4098 4099 4060 
4197 4060 4099 4100 4061 
4198 4061 4100 4101 4062 
4199 4062 4101 4102 4063 
4200 4063 4102 144 145 
4201 102 103 4103 4064 
4202 4064 4103 4104 4065 
4203 4065 4104 4105 4066 
4204 4066 4105 4106 4067 
4205 4067 4106 4107 4068 
4206 4068 4107 4108 4069 
4207 4069 4108 4109 4070 
4208 4070 4109 4110 4071 
4209 4071 4110 4111 4072 
4210 4072 4111 4112 4073 
4211 4073 4112 4113 4074 
4212 4074 4113 4114 4075 
4213 4075 4114 4115 4076 
4214 4076 4115 4116 4077 
4215 4077 4116 4117 4078 
4216 4078 4117 4118 4079 
4217 4079 4118 4119 4080 
4218 4080 4119 4120 4081 
4219 4081 4120 4121 4082 
4220 4082 4121 4122 4083 
4221 4083 4122 4123 4084 
4222 4084 4123 4124 4085 
4223 4085 4124 4125 4086 
4224 4086 4125 4126 4087 
4225 4087 4126 4127 4088 
4226 4088 4127 4128 4089 
4227 4089 4128 4129 4090 
4228 4090 4129 4130 4091 
4229 4091 4130 4131 4092 
4230 4092 4131 4132 4093 
4231 4093 4132 4133 4094 
4232 4094 4133 4134 4095 
4233 4095 4134 4135 4096 
4234 4096 4135 4136 4097 
4235 4097 4136 4137 4098 
4236 4098 4137 4138 4099 
4237 4099 4138 4139 4100 
4238 4100 4139 4140 4101 
4239 4101 4140 4141 4102 
4240 4102 4141 143 144 
4241 103 3 104 4103 
4242 4103 104 105 4104 
4243 4104 105 106 4105 
4244 4105 106 107 4106 
4245 4106 107 108 4107 
4246 4107 108 109 4108 
4247 4108 109 110 4109 
4248 4109 110 111 4110 
4249 4110 111 112 4111 
4250 4111 112 113 4112 
4251 4112 113 114 4113 
4252 4113 114 115 4114 
4253 4114 115 116 4115 
4254 4115 116 117 4116 
4255 4116 117 118 4117 
4256 4117 118 119 4118 
4257 4118 119 120 4119 
4258 4119 120 121 4120 
4259 4120 121 122 4121 
4260 4121 122 123 4122 
4261 4122 123 124 4123 
4262 4123 124 125 4124 
4263 4124 125 126 4125 
4264 4125 126 127 4126 
4265 4126 127 128 4127 
4266 4127 128 129 4128 
4267 4128 129 130 4129 
4268 4129 130 131 4130 
4269 4130 131 132 4131 
4270 4131 132 133 4132 
4271 4132 133 134 4133 
4272 4133 134 135 4134 
4273 4134 135 136 4135 
4274 4135 136 137 4136 
4275 4136 137 138 4137 
4276 4137 138 139 4138 
4277 4138 139 140 4139 
4278 4139 140 141 4140 
4279 4140 141 142 4141 
4280 4141 142 2 143 
$EndElements
